{
    "Agent": {
        "total": 0.2787928000013835
    },
    "Env": {
        "apply_act": 0.5806129999990617,
        "observation_computation": 0.13261179999665273,
        "powerflow_computation": 0.10761550000108855,
        "total": 0.820840299996803
    },
    "total": 1.223473199999944
}