{
    "Agent": {
        "total": 0.02147760000048038
    },
    "Env": {
        "apply_act": 0.046588999999130465,
        "observation_computation": 0.00891660000002048,
        "powerflow_computation": 0.008615999999619817,
        "total": 0.06412159999877076
    },
    "total": 0.09432470000001558
}