{
    "Agent": {
        "total": 0.146699599979911
    },
    "Env": {
        "apply_act": 0.6067369999364018,
        "observation_computation": 0.13285059906775132,
        "powerflow_computation": 0.11731490003876388,
        "total": 0.856902499042917
    },
    "total": 1.1219249999849126
}