{
    "Agent": {
        "total": 0.346070600047824
    },
    "Env": {
        "apply_act": 0.9653193999620271,
        "observation_computation": 0.1644039001330384,
        "powerflow_computation": 0.14262669999880018,
        "total": 1.2723500000938657
    },
    "total": 1.7819201000020257
}