{
    "Agent": {
        "total": 0.039204099999210484
    },
    "Env": {
        "apply_act": 0.08061070000042037,
        "observation_computation": 0.018115199999783727,
        "powerflow_computation": 0.013955700001133664,
        "total": 0.11268160000133776
    },
    "total": 0.16813009999998485
}