{
    "Agent": {
        "total": 0.030214300146326423
    },
    "Env": {
        "apply_act": 0.08293030061759055,
        "observation_computation": 0.02305369870737195,
        "powerflow_computation": 0.020492800744250417,
        "total": 0.1264768000692129
    },
    "total": 0.17765500000678003
}