{
    "Agent": {
        "total": 0.10857610000016393
    },
    "Env": {
        "apply_act": 0.09670109999979104,
        "observation_computation": 0.05166260000123657,
        "powerflow_computation": 0.047729699996580166,
        "total": 0.19609339999760778
    },
    "total": 0.3543161999998574
}