{
    "Agent": {
        "total": 0.19524809999956005
    },
    "Env": {
        "apply_act": 0.45791740000009895,
        "observation_computation": 0.08316989999894986,
        "powerflow_computation": 0.07170620000010786,
        "total": 0.6127934999991567
    },
    "total": 0.8893378000000212
}