{
    "Agent": {
        "total": 0.2336855999965337
    },
    "Env": {
        "apply_act": 0.4503794000011112,
        "observation_computation": 0.07831520000308956,
        "powerflow_computation": 0.06329449999429926,
        "total": 0.5919890999985
    },
    "total": 0.9053382000001875
}