{
    "Agent": {
        "total": 0.004640100058168173
    },
    "Env": {
        "apply_act": 0.010027599986642599,
        "observation_computation": 0.0021035997197031975,
        "powerflow_computation": 0.0017875998746603727,
        "total": 0.01391879958100617
    },
    "total": 0.02256769989617169
}