{
    "Agent": {
        "total": 0.04366310000006024
    },
    "Env": {
        "apply_act": 0.4872788999995237,
        "observation_computation": 0.3451832000002639,
        "powerflow_computation": 0.29682740000038166,
        "total": 1.1292895000001693
    },
    "total": 1.4930334000000016
}