{
    "Agent": {
        "total": 0.6868036999921969
    },
    "Env": {
        "apply_act": 1.5509872999991785,
        "observation_computation": 0.25551490001089405,
        "powerflow_computation": 0.23050149999471614,
        "total": 2.0370037000047887
    },
    "total": 2.958744900000056
}