{
    "Agent": {
        "total": 0.08679269999936423
    },
    "Env": {
        "apply_act": 0.17732219999902554,
        "observation_computation": 0.033614400000146816,
        "powerflow_computation": 0.028952499999945758,
        "total": 0.23988909999911812
    },
    "total": 0.3607570000000351
}