{
    "Agent": {
        "total": 0.008773399999938647
    },
    "Env": {
        "apply_act": 0.01684160000013435,
        "observation_computation": 0.0033124000000270826,
        "powerflow_computation": 0.004340200000058303,
        "total": 0.024494200000219735
    },
    "total": 0.03652479999999514
}