{
    "Agent": {
        "total": 0.2986551002250053
    },
    "Env": {
        "apply_act": 0.6725492008845322,
        "observation_computation": 0.12115589954191819,
        "powerflow_computation": 0.113903300720267,
        "total": 0.9076084011467174
    },
    "total": 1.3230453000287525
}