{
    "Agent": {
        "total": 0.6207073000086893
    },
    "Env": {
        "apply_act": 0.534861500007537,
        "observation_computation": 0.22479730001396092,
        "powerflow_computation": 0.19779030000063358,
        "total": 0.9574491000221315
    },
    "total": 1.78755799999999
}