{
    "Agent": {
        "total": 0.20814810204319656
    },
    "Env": {
        "apply_act": 0.4002272025682032,
        "observation_computation": 0.10618459852412343,
        "powerflow_computation": 0.09316640207543969,
        "total": 0.5995782031677663
    },
    "total": 0.9085999000817537
}