{
    "Agent": {
        "total": 0.09255359999995605
    },
    "Env": {
        "apply_act": 0.9208599000000106,
        "observation_computation": 0.6543577999998433,
        "powerflow_computation": 0.662256000000081,
        "total": 2.237473699999935
    },
    "total": 2.9550233000000006
}