{
    "Agent": {
        "total": 0.10927059990353882
    },
    "Env": {
        "apply_act": 0.36673670122399926,
        "observation_computation": 0.07904510130174458,
        "powerflow_computation": 0.06828479864634573,
        "total": 0.5140666011720896
    },
    "total": 0.6988038000417873
}