{
    "Agent": {
        "total": 0.2152805997757241
    },
    "Env": {
        "apply_act": 0.59494030312635,
        "observation_computation": 0.10467619902919978,
        "powerflow_computation": 0.08779490110464394,
        "total": 0.7874114032601938
    },
    "total": 1.1038015000522137
}