{
    "Agent": {
        "total": 0.040094099938869476
    },
    "Env": {
        "apply_act": 0.15991510031744838,
        "observation_computation": 0.02715739980340004,
        "powerflow_computation": 0.02603309997357428,
        "total": 0.2131056000944227
    },
    "total": 0.2791516000870615
}