{
    "Agent": {
        "total": 0.0630514994263649
    },
    "Env": {
        "apply_act": 0.4620758006349206,
        "observation_computation": 0.04616240062750876,
        "powerflow_computation": 0.04355830035638064,
        "total": 0.55179650161881
    },
    "total": 0.6591336000710726
}