{
    "Agent": {
        "total": 0.06807550112716854
    },
    "Env": {
        "apply_act": 0.1498532989062369,
        "observation_computation": 0.03360740118660033,
        "powerflow_computation": 0.03228529682382941,
        "total": 0.21574599691666663
    },
    "total": 0.31631399993784726
}