{
    "Agent": {
        "total": 0.09083620039746165
    },
    "Env": {
        "apply_act": 0.3221683007432148,
        "observation_computation": 0.06871050025802106,
        "powerflow_computation": 0.05826010089367628,
        "total": 0.4491389018949121
    },
    "total": 0.6048368000192568
}