{
    "Agent": {
        "total": 0.3256695999994008
    },
    "Env": {
        "apply_act": 0.3825336000004427,
        "observation_computation": 0.21414240000399332,
        "powerflow_computation": 0.1780982000007043,
        "total": 0.7747742000051403
    },
    "total": 1.2920317999999043
}