{
    "Agent": {
        "total": 0.014366899999913585
    },
    "Env": {
        "apply_act": 0.012274700000261873,
        "observation_computation": 0.0069554000001517124,
        "powerflow_computation": 0.006545600000322338,
        "total": 0.025775700000735924
    },
    "total": 0.04712419999998474
}