{
    "Agent": {
        "total": 0.08358849999967788
    },
    "Env": {
        "apply_act": 0.11014659999932519,
        "observation_computation": 0.040252899998677094,
        "powerflow_computation": 0.03687830000035319,
        "total": 0.18727779999835548
    },
    "total": 0.3096646999999848
}