{
    "Agent": {
        "total": 0.13725190000104703
    },
    "Env": {
        "apply_act": 0.4760584999992261,
        "observation_computation": 0.09793809999996483,
        "powerflow_computation": 0.08461679999845728,
        "total": 0.6586133999976482
    },
    "total": 0.8902396999999382
}