{
    "Agent": {
        "total": 0.07514660000026652
    },
    "Env": {
        "apply_act": 0.185034200000473,
        "observation_computation": 0.03844299999991563,
        "powerflow_computation": 0.03262860000029377,
        "total": 0.2561058000006824
    },
    "total": 0.36924020000003566
}