{
    "Agent": {
        "total": 0.27165479958057404
    },
    "Env": {
        "apply_act": 0.7361933001957368,
        "observation_computation": 0.1268614001746755,
        "powerflow_computation": 0.1129979999968782,
        "total": 0.9760527003672905
    },
    "total": 1.371060999983456
}