{
    "Agent": {
        "total": 0.06625609993352555
    },
    "Env": {
        "apply_act": 0.15930319993640296,
        "observation_computation": 0.029199899960076436,
        "powerflow_computation": 0.025172099994961172,
        "total": 0.21367519989144057
    },
    "total": 0.30869480001274496
}