{
    "Agent": {
        "total": 0.03569530002278043
    },
    "Env": {
        "apply_act": 0.10098389998893254,
        "observation_computation": 0.017609500020626,
        "powerflow_computation": 0.015510600016568787,
        "total": 0.13410400002612732
    },
    "total": 0.18787909999809926
}