{
    "Agent": {
        "total": 0.07970480062067509
    },
    "Env": {
        "apply_act": 0.24517010163981467,
        "observation_computation": 0.05710350046865642,
        "powerflow_computation": 0.054904699441976845,
        "total": 0.35717830155044794
    },
    "total": 0.4909940001089126
}