{
    "Agent": {
        "total": 0.02034570067189634
    },
    "Env": {
        "apply_act": 0.06161909946240485,
        "observation_computation": 0.013793299905955791,
        "powerflow_computation": 0.014882300980389118,
        "total": 0.09029470034874976
    },
    "total": 0.12466390011832118
}