{
    "Agent": {
        "total": 0.01336499999995766
    },
    "Env": {
        "apply_act": 0.15229919999991637,
        "observation_computation": 0.10974169999979466,
        "powerflow_computation": 0.09063679999997021,
        "total": 0.35267769999968124
    },
    "total": 0.4701385999999985
}