{
    "Agent": {
        "total": 0.04342130047734827
    },
    "Env": {
        "apply_act": 0.11101780086755753,
        "observation_computation": 0.021426999825052917,
        "powerflow_computation": 0.020657999673858285,
        "total": 0.15310280036646873
    },
    "total": 0.21777739992830902
}