{
    "Agent": {
        "total": 0.0026014000006853166
    },
    "Env": {
        "apply_act": 0.0057110000000193395,
        "observation_computation": 0.001594099999692844,
        "powerflow_computation": 0.0022281999995357182,
        "total": 0.009533299999247902
    },
    "total": 0.013747099999818602
}