{
    "Agent": {
        "total": 0.036297599999443264
    },
    "Env": {
        "apply_act": 0.06223280000062914,
        "observation_computation": 0.012979799999811803,
        "powerflow_computation": 0.013540699998657146,
        "total": 0.08875329999909809
    },
    "total": 0.14030000000002474
}