{
    "Agent": {
        "total": 0.20499400107655674
    },
    "Env": {
        "apply_act": 0.7561049995711073,
        "observation_computation": 0.13980860030278563,
        "powerflow_computation": 0.1280449009500444,
        "total": 1.0239585008239374
    },
    "total": 1.3641634000232443
}