{
    "Agent": {
        "total": 0.20645139878615737
    },
    "Env": {
        "apply_act": 0.5849763019941747,
        "observation_computation": 0.10013129946310073,
        "powerflow_computation": 0.08966289856471121,
        "total": 0.7747705000219867
    },
    "total": 1.0764584999997169
}