{
    "Agent": {
        "total": 0.05737370000269948
    },
    "Env": {
        "apply_act": 0.1646414999991066,
        "observation_computation": 0.0245071000003918,
        "powerflow_computation": 0.02188289999821791,
        "total": 0.2110314999977163
    },
    "total": 0.29317109999965396
}