{
    "Agent": {
        "total": 0.035414700001638266
    },
    "Env": {
        "apply_act": 0.10764340000150696,
        "observation_computation": 0.025389099998164966,
        "powerflow_computation": 0.021854599998505364,
        "total": 0.1548870999981773
    },
    "total": 0.21516040000005887
}