{
    "Agent": {
        "total": 0.09583990000555787
    },
    "Env": {
        "apply_act": 0.5719601999994666,
        "observation_computation": 0.09489820000135296,
        "powerflow_computation": 0.08088170000701211,
        "total": 0.7477401000078316
    },
    "total": 0.9276508999996622
}