{
    "Agent": {
        "total": 0.05889329995989101
    },
    "Env": {
        "apply_act": 0.17672740001580678,
        "observation_computation": 0.028428900011931546,
        "powerflow_computation": 0.0243343999463832,
        "total": 0.22949069997412153
    },
    "total": 0.31639150000410154
}