{
    "Agent": {
        "total": 0.06509659999846917
    },
    "Env": {
        "apply_act": 0.27340249999951993,
        "observation_computation": 0.0637313000006543,
        "powerflow_computation": 0.0556256999989273,
        "total": 0.39275949999910154
    },
    "total": 0.5137982999999622
}