{
    "Agent": {
        "total": 0.16562210001575295
    },
    "Env": {
        "apply_act": 0.903179500150145,
        "observation_computation": 0.15306700015207753,
        "powerflow_computation": 0.13441400004376192,
        "total": 1.1906605003459845
    },
    "total": 1.4930902999913087
}