{
    "Agent": {
        "total": 0.6091044000002057
    },
    "Env": {
        "apply_act": 2.014670799999749,
        "observation_computation": 0.31923529999949096,
        "powerflow_computation": 0.27977499999724387,
        "total": 2.6136810999964837
    },
    "total": 3.5165514999999914
}