{
    "Agent": {
        "total": 0.01440119999460876
    },
    "Env": {
        "apply_act": 0.05165130039677024,
        "observation_computation": 0.01040919974911958,
        "powerflow_computation": 0.009610199951566756,
        "total": 0.07167070009745657
    },
    "total": 0.09624069998972118
}