{
    "Agent": {
        "total": 0.02607999963220209
    },
    "Env": {
        "apply_act": 0.05911829974502325,
        "observation_computation": 0.019015100202523172,
        "powerflow_computation": 0.0161433998728171,
        "total": 0.09427679982036352
    },
    "total": 0.13931929995305836
}