{
    "Agent": {
        "total": 0.6211099000047398
    },
    "Env": {
        "apply_act": 2.9809616999918944,
        "observation_computation": 0.43821399999865207,
        "powerflow_computation": 0.4044052999961423,
        "total": 3.8235809999866888
    },
    "total": 4.8634598999999525
}