{
    "Agent": {
        "total": 0.010647099999914644
    },
    "Env": {
        "apply_act": 0.11470659999977784,
        "observation_computation": 0.08560260000001563,
        "powerflow_computation": 0.07189310000001115,
        "total": 0.2722022999998046
    },
    "total": 0.3629220999999916
}