{
    "Agent": {
        "total": 0.0014224000042304397
    },
    "Env": {
        "apply_act": 0.0,
        "observation_computation": 0.0,
        "powerflow_computation": 0.0,
        "total": 0.0
    },
    "total": 0.0025881000328809023
}