{
    "Agent": {
        "total": 0.011083500000268032
    },
    "Env": {
        "apply_act": 0.12994309999962184,
        "observation_computation": 0.09416710000010653,
        "powerflow_computation": 0.07571409999977163,
        "total": 0.2998242999995
    },
    "total": 0.3998411000000033
}