{
    "Agent": {
        "total": 0.10537390000354208
    },
    "Env": {
        "apply_act": 0.20849450000150682,
        "observation_computation": 0.04850399999941146,
        "powerflow_computation": 0.04309319999811123,
        "total": 0.3000916999990295
    },
    "total": 0.4498899000000165
}