{
    "Agent": {
        "total": 0.25340840010903776
    },
    "Env": {
        "apply_act": 0.8734658991452307,
        "observation_computation": 0.18468379881232977,
        "powerflow_computation": 0.16507369850296527,
        "total": 1.2232233964605257
    },
    "total": 1.6523313000798225
}