{
    "Agent": {
        "total": 0.0543077998154331
    },
    "Env": {
        "apply_act": 0.13373519998276606,
        "observation_computation": 0.023967400135006756,
        "powerflow_computation": 0.02183870002045296,
        "total": 0.17954130013822578
    },
    "total": 0.25721040001371875
}