{
    "Agent": {
        "total": 0.027972000185400248
    },
    "Env": {
        "apply_act": 0.052376299630850554,
        "observation_computation": 0.010140800150111318,
        "powerflow_computation": 0.009884799597784877,
        "total": 0.07240189937874675
    },
    "total": 0.1107290000654757
}