{
    "Agent": {
        "total": 0.9698337999946034
    },
    "Env": {
        "apply_act": 1.3386970999954428,
        "observation_computation": 0.6295771999984936,
        "powerflow_computation": 0.5393168000005062,
        "total": 2.5075910999944426
    },
    "total": 4.029333100000031
}