{
    "Agent": {
        "total": 0.23320960067212582
    },
    "Env": {
        "apply_act": 0.8267674008384347,
        "observation_computation": 0.17338489857502282,
        "powerflow_computation": 0.15328869759105146,
        "total": 1.153440997004509
    },
    "total": 1.5509632001630962
}