{
    "Agent": {
        "total": 0.09497300000202813
    },
    "Env": {
        "apply_act": 0.34100980000084746,
        "observation_computation": 0.05542600000080711,
        "powerflow_computation": 0.04728789999489891,
        "total": 0.4437236999965535
    },
    "total": 0.5902398000002904
}