{
    "Agent": {
        "total": 0.0011297999999158037
    },
    "Env": {
        "apply_act": 0.012767699999983506,
        "observation_computation": 0.008832000000012385,
        "powerflow_computation": 0.007506299999931798,
        "total": 0.02910599999992769
    },
    "total": 0.03857519999999681
}