{
    "Agent": {
        "total": 0.08874399960041046
    },
    "Env": {
        "apply_act": 0.21114760031923652,
        "observation_computation": 0.03252710017841309,
        "powerflow_computation": 0.027834599022753537,
        "total": 0.27150929952040315
    },
    "total": 0.39234399993438274
}