{
    "Agent": {
        "total": 0.26435469649732113
    },
    "Env": {
        "apply_act": 0.5160139962099493,
        "observation_computation": 0.1331996964290738,
        "powerflow_computation": 0.11808829987421632,
        "total": 0.7673019925132394
    },
    "total": 1.15754729998298
}