{
    "Agent": {
        "total": 0.0026860999998348234
    },
    "Env": {
        "apply_act": 0.03524489999972502,
        "observation_computation": 0.024420299999803774,
        "powerflow_computation": 0.020346900000390633,
        "total": 0.08001209999991943
    },
    "total": 0.10340389999998933
}