{
    "Agent": {
        "total": 0.15809799847193062
    },
    "Env": {
        "apply_act": 0.4266001000069082,
        "observation_computation": 0.09694570186547935,
        "powerflow_computation": 0.08331949939019978,
        "total": 0.6068653012625873
    },
    "total": 0.8515845001675189
}