{
    "Agent": {
        "total": 0.045648799999909784
    },
    "Env": {
        "apply_act": 0.4554842999995259,
        "observation_computation": 0.31397929999974394,
        "powerflow_computation": 0.2595126999999309,
        "total": 1.0289762999992007
    },
    "total": 1.360510099999999
}