{
    "Agent": {
        "total": 0.23904539983777795
    },
    "Env": {
        "apply_act": 1.0629054002201883,
        "observation_computation": 0.2278336997551378,
        "powerflow_computation": 0.22040010021009948,
        "total": 1.5111392001854256
    },
    "total": 1.9477855000004638
}