{
    "Agent": {
        "total": 0.14868919970467687
    },
    "Env": {
        "apply_act": 0.38689730095211416,
        "observation_computation": 0.06649219885002822,
        "powerflow_computation": 0.058625800418667495,
        "total": 0.5120153002208099
    },
    "total": 0.721367200021632
}