{
    "Agent": {
        "total": 0.10780249992967583
    },
    "Env": {
        "apply_act": 0.022818100056611,
        "observation_computation": 0.009854600037215278,
        "powerflow_computation": 0.009686500008683652,
        "total": 0.04235920010250993
    },
    "total": 0.16014259998337366
}