{
    "Agent": {
        "total": 0.03419099995517172
    },
    "Env": {
        "apply_act": 0.006878900021547452,
        "observation_computation": 0.0026202000153716654,
        "powerflow_computation": 0.0026279000157956034,
        "total": 0.01212700005271472
    },
    "total": 0.04979690001346171
}