{
    "Agent": {
        "total": 0.07414679999953933
    },
    "Env": {
        "apply_act": 0.7638112000004185,
        "observation_computation": 0.5218438999999933,
        "powerflow_computation": 0.5636652999999114,
        "total": 1.8493204000003232
    },
    "total": 2.3935943999999836
}