{
    "Agent": {
        "total": 0.019381499999781227
    },
    "Env": {
        "apply_act": 0.028801300000054653,
        "observation_computation": 0.008086999999932232,
        "powerflow_computation": 0.009597900000017034,
        "total": 0.04648620000000392
    },
    "total": 0.07325959999991483
}