{
    "Agent": {
        "total": 0.04773640003986657
    },
    "Env": {
        "apply_act": 0.14025330002914416,
        "observation_computation": 0.023085099972377066,
        "powerflow_computation": 0.01968379991740221,
        "total": 0.18302219991892343
    },
    "total": 0.2536294000019552
}