{
    "Agent": {
        "total": 0.06003939954098314
    },
    "Env": {
        "apply_act": 0.15181019983720034,
        "observation_computation": 0.03603649989236146,
        "powerflow_computation": 0.032514000427909195,
        "total": 0.220360700157471
    },
    "total": 0.3138044999213889
}