{
    "Agent": {
        "total": 0.01258200000074794
    },
    "Env": {
        "apply_act": 0.1423698999996077,
        "observation_computation": 0.10258220000031315,
        "powerflow_computation": 0.08910209999891094,
        "total": 0.3340541999988318
    },
    "total": 0.4399161000000049
}