{
    "Agent": {
        "total": 0.0010920999999370906
    },
    "Env": {
        "apply_act": 0.0,
        "observation_computation": 0.0,
        "powerflow_computation": 0.0,
        "total": 0.0
    },
    "total": 0.003513500000053682
}