{
    "Agent": {
        "total": 0.040835098596289754
    },
    "Env": {
        "apply_act": 0.1123006003908813,
        "observation_computation": 0.027281299699097872,
        "powerflow_computation": 0.023954398930072784,
        "total": 0.16353629902005196
    },
    "total": 0.23071149992756546
}