{
    "Agent": {
        "total": 0.17787639997550286
    },
    "Env": {
        "apply_act": 0.03911430001608096,
        "observation_computation": 0.014926300093065947,
        "powerflow_computation": 0.014535100024659187,
        "total": 0.0685757001338061
    },
    "total": 0.26318690000334755
}