{
    "Agent": {
        "total": 0.24803759646601975
    },
    "Env": {
        "apply_act": 0.4714237004518509,
        "observation_computation": 0.12266650167293847,
        "powerflow_computation": 0.10591249982826412,
        "total": 0.7000027019530535
    },
    "total": 1.0650569000281394
}