{
    "Agent": {
        "total": 0.0009308999869972467
    },
    "Env": {
        "apply_act": 0.0,
        "observation_computation": 0.0,
        "powerflow_computation": 0.0,
        "total": 0.0
    },
    "total": 0.0022695001680403948
}