{
    "Agent": {
        "total": 0.630875000206288
    },
    "Env": {
        "apply_act": 2.1280791992903687,
        "observation_computation": 0.37088009939179756,
        "powerflow_computation": 0.3204869999026414,
        "total": 2.8194462985848077
    },
    "total": 3.784692900022492
}