{
    "Agent": {
        "total": 0.01912709977477789
    },
    "Env": {
        "apply_act": 0.05048819980584085,
        "observation_computation": 0.00880480045452714,
        "powerflow_computation": 0.007481599925085902,
        "total": 0.06677460018545389
    },
    "total": 0.09519479982554913
}