{
    "Agent": {
        "total": 0.1002656992059201
    },
    "Env": {
        "apply_act": 0.25834680045954883,
        "observation_computation": 0.05767630005721003,
        "powerflow_computation": 0.05038309982046485,
        "total": 0.3664062003372237
    },
    "total": 0.5184004000620916
}