{
    "Agent": {
        "total": 0.0023131000000091717
    },
    "Env": {
        "apply_act": 0.026174199999985603,
        "observation_computation": 0.018235799999956726,
        "powerflow_computation": 0.017088099999796214,
        "total": 0.06149809999973854
    },
    "total": 0.08087059999999724
}