{
    "Agent": {
        "total": 0.11720899830106646
    },
    "Env": {
        "apply_act": 0.4208663007011637,
        "observation_computation": 0.07984219922218472,
        "powerflow_computation": 0.06793609901797026,
        "total": 0.5686445989413187
    },
    "total": 0.7633130999747664
}