{
    "Agent": {
        "total": 0.03386980015784502
    },
    "Env": {
        "apply_act": 0.07258229982107878,
        "observation_computation": 0.016693899407982826,
        "powerflow_computation": 0.014665101421996951,
        "total": 0.10394130065105855
    },
    "total": 0.1537663999479264
}