{
    "Agent": {
        "total": 0.0873998001916334
    },
    "Env": {
        "apply_act": 0.3112016002414748,
        "observation_computation": 0.06414940033573657,
        "powerflow_computation": 0.059739599586464465,
        "total": 0.43509060016367584
    },
    "total": 0.5836490000365302
}