{
    "Agent": {
        "total": 0.09075369999982286
    },
    "Env": {
        "apply_act": 0.1997914999999466,
        "observation_computation": 0.03695739999994885,
        "powerflow_computation": 0.03055019999965225,
        "total": 0.2672990999995477
    },
    "total": 0.39435439999999744
}