{
    "Agent": {
        "total": 0.11094789975322783
    },
    "Env": {
        "apply_act": 0.3633043940644711,
        "observation_computation": 0.07939250068739057,
        "powerflow_computation": 0.06804459961131215,
        "total": 0.5107414943631738
    },
    "total": 0.6982519999146461
}