{
    "Agent": {
        "total": 0.025821800000358053
    },
    "Env": {
        "apply_act": 0.28555749999952695,
        "observation_computation": 0.19382370000028004,
        "powerflow_computation": 0.159510399999931,
        "total": 0.638891599999738
    },
    "total": 0.8418877000000293
}