{
    "Agent": {
        "total": 0.49412340000344557
    },
    "Env": {
        "apply_act": 0.5309015000013915,
        "observation_computation": 0.3187331999995422,
        "powerflow_computation": 0.27022009999996044,
        "total": 1.119854800000894
    },
    "total": 1.897704900000008
}