{
    "Agent": {
        "total": 0.008144700026605278
    },
    "Env": {
        "apply_act": 0.018421800021314994,
        "observation_computation": 0.004015700047602877,
        "powerflow_computation": 0.00671180002973415,
        "total": 0.02914930009865202
    },
    "total": 0.041426199983106926
}