{
    "Agent": {
        "total": 0.427569799995581
    },
    "Env": {
        "apply_act": 0.97081370000069,
        "observation_computation": 0.14451320000716805,
        "powerflow_computation": 0.11813909999636962,
        "total": 1.2334660000042277
    },
    "total": 1.8109732000002623
}