{
    "Agent": {
        "total": 0.018066300000270985
    },
    "Env": {
        "apply_act": 0.1952571000006742,
        "observation_computation": 0.1366465000010635,
        "powerflow_computation": 0.10940460000006169,
        "total": 0.4413082000017994
    },
    "total": 0.582642299999975
}