{
    "Agent": {
        "total": 0.08279520000041884
    },
    "Env": {
        "apply_act": 0.09295990000077836,
        "observation_computation": 0.057820100000299135,
        "powerflow_computation": 0.04972579999844129,
        "total": 0.20050579999951879
    },
    "total": 0.33393870000008974
}