{
    "Agent": {
        "total": 0.13861559913493693
    },
    "Env": {
        "apply_act": 0.5758114997297525,
        "observation_computation": 0.099172099144198,
        "powerflow_computation": 0.08358860178850591,
        "total": 0.7585722006624565
    },
    "total": 0.9912778000580147
}