{
    "Agent": {
        "total": 0.004878699999864011
    },
    "Env": {
        "apply_act": 0.05488819999992245,
        "observation_computation": 0.14100549999984935,
        "powerflow_computation": 0.03232940000012263,
        "total": 0.22822309999989443
    },
    "total": 0.2697603000000015
}