{
    "Agent": {
        "total": 0.41459729708731174
    },
    "Env": {
        "apply_act": 0.6124753938056529,
        "observation_computation": 0.20623060245998204,
        "powerflow_computation": 0.1794086981099099,
        "total": 0.9981146943755448
    },
    "total": 1.6077320999465883
}