{
    "Agent": {
        "total": 0.029834899999741538
    },
    "Env": {
        "apply_act": 0.10188730000049873,
        "observation_computation": 0.016550199999755932,
        "powerflow_computation": 0.013973199999782082,
        "total": 0.13241070000003674
    },
    "total": 0.179600300000061
}