{
    "Agent": {
        "total": 0.14473329985048622
    },
    "Env": {
        "apply_act": 0.3973398999078199,
        "observation_computation": 0.09525869996286929,
        "powerflow_computation": 0.08850079914554954,
        "total": 0.5810993990162387
    },
    "total": 0.8105174000374973
}