{
    "Agent": {
        "total": 0.11082709999863027
    },
    "Env": {
        "apply_act": 1.198519099998805,
        "observation_computation": 0.9493299000014304,
        "powerflow_computation": 0.6898478999995632,
        "total": 2.8376968999997985
    },
    "total": 3.6991424999999936
}