{
    "Agent": {
        "total": 0.0435497999992549
    },
    "Env": {
        "apply_act": 0.046776100000897713,
        "observation_computation": 0.027849699998569122,
        "powerflow_computation": 0.024438400001599803,
        "total": 0.09906420000106664
    },
    "total": 0.16791710000006788
}