{
    "Agent": {
        "total": 0.8342135000013968
    },
    "Env": {
        "apply_act": 0.9433645000026445,
        "observation_computation": 0.5816409999986263,
        "powerflow_computation": 0.47625300000095194,
        "total": 2.0012585000022227
    },
    "total": 3.6647508999999445
}