{
    "Agent": {
        "total": 0.15525560000514815
    },
    "Env": {
        "apply_act": 0.7127629999940837,
        "observation_computation": 0.11663979998775176,
        "powerflow_computation": 0.11339819999557221,
        "total": 0.9428009999774076
    },
    "total": 1.2014483000002656
}