{
    "Agent": {
        "total": 0.3289862999993147
    },
    "Env": {
        "apply_act": 0.40480120000188435,
        "observation_computation": 0.21599729999775263,
        "powerflow_computation": 0.1907921000031365,
        "total": 0.8115906000027735
    },
    "total": 1.3301647999999204
}