{
    "Agent": {
        "total": 0.10114510002313182
    },
    "Env": {
        "apply_act": 0.23499740000261227,
        "observation_computation": 0.0399924000739702,
        "powerflow_computation": 0.04008399998565437,
        "total": 0.31507380006223684
    },
    "total": 0.45588860000134446
}