{
    "Agent": {
        "total": 0.014692200000524736
    },
    "Env": {
        "apply_act": 0.2977078000004951,
        "observation_computation": 0.10887480000013738,
        "powerflow_computation": 0.09295930000106978,
        "total": 0.4995419000017023
    },
    "total": 0.6163243999999963
}