{
    "Agent": {
        "total": 0.05425739986822009
    },
    "Env": {
        "apply_act": 0.12869940081145614,
        "observation_computation": 0.02249629993457347,
        "powerflow_computation": 0.02018839993979782,
        "total": 0.17138410068582743
    },
    "total": 0.24764049996156245
}