{
    "Agent": {
        "total": 0.07198590000052718
    },
    "Env": {
        "apply_act": 0.19203330000073038,
        "observation_computation": 0.03032160000066142,
        "powerflow_computation": 0.025738999998793588,
        "total": 0.24809390000018539
    },
    "total": 0.35104249999994863
}