{
    "Agent": {
        "total": 0.5372480999985783
    },
    "Env": {
        "apply_act": 1.5642503000026409,
        "observation_computation": 0.34196119999933217,
        "powerflow_computation": 0.30133740000201215,
        "total": 2.207548900003985
    },
    "total": 3.048633599999903
}