{
    "Agent": {
        "total": 0.1905612014234066
    },
    "Env": {
        "apply_act": 0.4985433000838384,
        "observation_computation": 0.08331889903638512,
        "powerflow_computation": 0.0698030999628827,
        "total": 0.6516652990831062
    },
    "total": 0.9263703000033274
}