{
    "Agent": {
        "total": 0.14997539999785658
    },
    "Env": {
        "apply_act": 0.2782114000006004,
        "observation_computation": 0.06414659999973082,
        "powerflow_computation": 0.05366429999799038,
        "total": 0.3960222999983216
    },
    "total": 0.6107495999999628
}