{
    "Agent": {
        "total": 0.093057899999053
    },
    "Env": {
        "apply_act": 0.2540518999995811,
        "observation_computation": 0.047956500000282176,
        "powerflow_computation": 0.0405463000004147,
        "total": 0.342554700000278
    },
    "total": 0.48302349999994476
}