{
    "Agent": {
        "total": 0.10861650021979585
    },
    "Env": {
        "apply_act": 0.4170291001209989,
        "observation_computation": 0.09442360000684857,
        "powerflow_computation": 0.08811170008266345,
        "total": 0.5995644002105109
    },
    "total": 0.7900217000278644
}