{
    "Agent": {
        "total": 0.03362119999937363
    },
    "Env": {
        "apply_act": 0.3757934999995882,
        "observation_computation": 0.26845239999894943,
        "powerflow_computation": 0.23176110000014205,
        "total": 0.8760069999986797
    },
    "total": 1.1625721999999996
}