{
    "Agent": {
        "total": 0.0010689001064747572
    },
    "Env": {
        "apply_act": 0.0,
        "observation_computation": 0.0,
        "powerflow_computation": 0.0,
        "total": 0.0
    },
    "total": 0.0028527999529615045
}