{
    "Agent": {
        "total": 0.36684329999980037
    },
    "Env": {
        "apply_act": 0.26834240000050613,
        "observation_computation": 0.10444419999964794,
        "powerflow_computation": 0.09492329999977756,
        "total": 0.4677098999999316
    },
    "total": 0.9336488000000145
}