{
    "Agent": {
        "total": 0.015613199793733656
    },
    "Env": {
        "apply_act": 0.04249610018450767,
        "observation_computation": 0.010312599944882095,
        "powerflow_computation": 0.010159799829125404,
        "total": 0.06296849995851517
    },
    "total": 0.08852870005648583
}