{
    "Agent": {
        "total": 0.17828030000043782
    },
    "Env": {
        "apply_act": 0.4972619999998642,
        "observation_computation": 0.09109439999963342,
        "powerflow_computation": 0.08440399999994952,
        "total": 0.6727603999994471
    },
    "total": 0.9353687000000264
}