{
    "Agent": {
        "total": 0.01601970000001529
    },
    "Env": {
        "apply_act": 0.07045850000258724,
        "observation_computation": 0.014840799999092269,
        "powerflow_computation": 0.013924100002441264,
        "total": 0.09922340000412078
    },
    "total": 0.12881089999973483
}