{
    "Agent": {
        "total": 0.0640644992236048
    },
    "Env": {
        "apply_act": 0.07339869998395443,
        "observation_computation": 0.03328500175848603,
        "powerflow_computation": 0.03099180036224425,
        "total": 0.1376755021046847
    },
    "total": 0.23281530011445284
}