{
    "Agent": {
        "total": 0.20705840061418712
    },
    "Env": {
        "apply_act": 0.4978126990608871,
        "observation_computation": 0.11146739847026765,
        "powerflow_computation": 0.09622349892742932,
        "total": 0.7055035964585841
    },
    "total": 1.0138726998120546
}