{
    "Agent": {
        "total": 0.3143531000002895
    },
    "Env": {
        "apply_act": 0.3403080999960366,
        "observation_computation": 0.15979479999623436,
        "powerflow_computation": 0.13105600000017148,
        "total": 0.6311588999924425
    },
    "total": 1.099333599999909
}