{
    "Agent": {
        "total": 0.017850699999797826
    },
    "Env": {
        "apply_act": 0.1992180000005419,
        "observation_computation": 0.14357600000030857,
        "powerflow_computation": 0.1231201999995335,
        "total": 0.46591420000038397
    },
    "total": 0.6178244000000177
}