{
    "Agent": {
        "total": 0.03858600079547614
    },
    "Env": {
        "apply_act": 0.1277389999013394,
        "observation_computation": 0.026158600114285946,
        "powerflow_computation": 0.022933999891392887,
        "total": 0.17683159990701824
    },
    "total": 0.24021690001245588
}