{
    "Agent": {
        "total": 0.0036293999999088555
    },
    "Env": {
        "apply_act": 0.0023937999999361637,
        "observation_computation": 0.0008911999998417741,
        "powerflow_computation": 0.001448900000013964,
        "total": 0.004733899999791902
    },
    "total": 0.009595099999842205
}