{
    "Agent": {
        "total": 0.6730603999997129
    },
    "Env": {
        "apply_act": 0.45161709999979394,
        "observation_computation": 0.1602363000013156,
        "powerflow_computation": 0.13941349999845443,
        "total": 0.751266899999564
    },
    "total": 1.582521399999905
}