{
    "Agent": {
        "total": 0.12249240186065435
    },
    "Env": {
        "apply_act": 0.3270501010119915,
        "observation_computation": 0.07387109892442822,
        "powerflow_computation": 0.07067919941619039,
        "total": 0.4716003993526101
    },
    "total": 0.6607008001301438
}