{
    "Agent": {
        "total": 0.09184199897572398
    },
    "Env": {
        "apply_act": 0.19370679976418614,
        "observation_computation": 0.030250499374233186,
        "powerflow_computation": 0.027868399629369378,
        "total": 0.2518256987677887
    },
    "total": 0.3730582999996841
}