{
    "Agent": {
        "total": 0.007496000000003278
    },
    "Env": {
        "apply_act": 0.0835093999999117,
        "observation_computation": 0.05744419999967931,
        "powerflow_computation": 0.0466339999998695,
        "total": 0.1875875999994605
    },
    "total": 0.24690689999999904
}