{
    "Agent": {
        "total": 0.42589849999603757
    },
    "Env": {
        "apply_act": 0.8609011000012288,
        "observation_computation": 0.146699399994759,
        "powerflow_computation": 0.14535460000161038,
        "total": 1.1529550999975982
    },
    "total": 1.7188294000002315
}