{
    "Agent": {
        "total": 0.029468000000250072
    },
    "Env": {
        "apply_act": 0.324171899999925,
        "observation_computation": 0.21649739999996598,
        "powerflow_computation": 0.17865150000011454,
        "total": 0.7193208000000055
    },
    "total": 0.9471737999999874
}