{
    "Agent": {
        "total": 0.05520679987967014
    },
    "Env": {
        "apply_act": 0.11297189979813993,
        "observation_computation": 0.028084998717531562,
        "powerflow_computation": 0.02433949802070856,
        "total": 0.16539639653638005
    },
    "total": 0.24736210005357862
}