{
    "Agent": {
        "total": 0.07706639999878462
    },
    "Env": {
        "apply_act": 0.20859109999946668,
        "observation_computation": 0.0333276999976988,
        "powerflow_computation": 0.028675599995040102,
        "total": 0.2705943999922056
    },
    "total": 0.3807782999997471
}