{
    "Agent": {
        "total": 0.01835780020337552
    },
    "Env": {
        "apply_act": 0.055771900340914726,
        "observation_computation": 0.010886899661272764,
        "powerflow_computation": 0.011038700002245605,
        "total": 0.0776975000044331
    },
    "total": 0.10812949994578958
}