{
    "Agent": {
        "total": 0.06985830000027704
    },
    "Env": {
        "apply_act": 0.7668018000010477,
        "observation_computation": 0.6686852000007377,
        "powerflow_computation": 0.4725953000009042,
        "total": 1.9080823000026896
    },
    "total": 2.493926000000016
}