{
    "Agent": {
        "total": 0.04616730037378147
    },
    "Env": {
        "apply_act": 0.09714339999482036,
        "observation_computation": 0.018306399986613542,
        "powerflow_computation": 0.016643299662973732,
        "total": 0.13209309964440763
    },
    "total": 0.1964199000503868
}