{
    "Agent": {
        "total": 0.024107200000486273
    },
    "Env": {
        "apply_act": 0.2533431999998186,
        "observation_computation": 0.1857106000000499,
        "powerflow_computation": 0.160307199999977,
        "total": 0.5993609999998455
    },
    "total": 0.7939387000000124
}