{
    "Agent": {
        "total": 0.08176359999924898
    },
    "Env": {
        "apply_act": 0.26367869740352035,
        "observation_computation": 0.058635201305150986,
        "powerflow_computation": 0.05199569882825017,
        "total": 0.3743095975369215
    },
    "total": 0.5120954001322389
}