{
    "Agent": {
        "total": 0.047035198425874114
    },
    "Env": {
        "apply_act": 0.08518009912222624,
        "observation_computation": 0.0171742991078645,
        "powerflow_computation": 0.015606900677084923,
        "total": 0.11796129890717566
    },
    "total": 0.1833633000496775
}