{
    "Agent": {
        "total": 0.14503420027904212
    },
    "Env": {
        "apply_act": 0.3879531971178949,
        "observation_computation": 0.08726950082927942,
        "powerflow_computation": 0.07833989965729415,
        "total": 0.5535625976044685
    },
    "total": 0.7777794001158327
}