{
    "Agent": {
        "total": 0.015963000594638288
    },
    "Env": {
        "apply_act": 0.0447289003059268,
        "observation_computation": 0.007668500184081495,
        "powerflow_computation": 0.007237099693156779,
        "total": 0.05963450018316507
    },
    "total": 0.08319180004764348
}