{
    "Agent": {
        "total": 2.696184800937772
    },
    "Env": {
        "apply_act": 0.7920351008651778,
        "observation_computation": 0.21419919922482222,
        "powerflow_computation": 0.19815260090399534,
        "total": 1.2043869009939954
    },
    "total": 4.0415546000003815
}