{
    "Agent": {
        "total": 0.010946500001409731
    },
    "Env": {
        "apply_act": 0.0557943000007981,
        "observation_computation": 0.010023799999999028,
        "powerflow_computation": 0.009947399999873596,
        "total": 0.07576550000067073
    },
    "total": 0.0959141999996973
}