{
    "Agent": {
        "total": 0.0008198000000447792
    },
    "Env": {
        "apply_act": 0.0,
        "observation_computation": 0.0,
        "powerflow_computation": 0.0,
        "total": 0.0
    },
    "total": 0.00193530000001374
}