{
    "Agent": {
        "total": 0.01782540000012034
    },
    "Env": {
        "apply_act": 0.20297799999988797,
        "observation_computation": 0.14009989999986772,
        "powerflow_computation": 0.11964569999986452,
        "total": 0.4627235999996202
    },
    "total": 0.6099816999999916
}