{
    "Agent": {
        "total": 0.26224350000120467
    },
    "Env": {
        "apply_act": 0.5649631999976918,
        "observation_computation": 0.08211550000942225,
        "powerflow_computation": 0.07155420000071899,
        "total": 0.7186329000078331
    },
    "total": 1.0750123999996504
}