{
    "Agent": {
        "total": 0.0028204000002460816
    },
    "Env": {
        "apply_act": 0.027103600000259576,
        "observation_computation": 0.01931099999990238,
        "powerflow_computation": 0.019155199999715933,
        "total": 0.06556979999987789
    },
    "total": 0.08617199999997638
}