{
    "Agent": {
        "total": 0.08396609999863358
    },
    "Env": {
        "apply_act": 0.2324363000025187,
        "observation_computation": 0.03637520000029326,
        "powerflow_computation": 0.03367560000060621,
        "total": 0.30248710000341816
    },
    "total": 0.42235900000014226
}