{
    "Agent": {
        "total": 0.5285542999992003
    },
    "Env": {
        "apply_act": 1.7640007999996214,
        "observation_computation": 0.28418629999839595,
        "powerflow_computation": 0.24120559999983016,
        "total": 2.2893926999978476
    },
    "total": 3.0827597999999625
}