{
    "Agent": {
        "total": 0.0008006999269127846
    },
    "Env": {
        "apply_act": 0.0,
        "observation_computation": 0.0,
        "powerflow_computation": 0.0,
        "total": 0.0
    },
    "total": 0.0019406999927014112
}