{
    "Agent": {
        "total": 0.38834540000289053
    },
    "Env": {
        "apply_act": 0.7537967999976445,
        "observation_computation": 0.1772333000042181,
        "powerflow_computation": 0.1849406000003455,
        "total": 1.115970700002208
    },
    "total": 1.6808897999999317
}