{
    "Agent": {
        "total": 0.15580220000106237
    },
    "Env": {
        "apply_act": 0.36065889999974843,
        "observation_computation": 0.07240390000026764,
        "powerflow_computation": 0.06547790000047371,
        "total": 0.4985407000004898
    },
    "total": 0.7225363999999672
}