{
    "Agent": {
        "total": 0.09256080000068323
    },
    "Env": {
        "apply_act": 0.2708632999989504,
        "observation_computation": 0.04951979999998457,
        "powerflow_computation": 0.04844230000014704,
        "total": 0.36882539999908204
    },
    "total": 0.5099620999999388
}