{
    "Agent": {
        "total": 0.1631255003158003
    },
    "Env": {
        "apply_act": 0.4591298990417272,
        "observation_computation": 0.07324240042362362,
        "powerflow_computation": 0.06424359930679202,
        "total": 0.5966158987721428
    },
    "total": 0.8312672000611201
}