{
    "Agent": {
        "total": 0.10745280000014645
    },
    "Env": {
        "apply_act": 0.13193010000259164,
        "observation_computation": 0.06907669999873178,
        "powerflow_computation": 0.0596960000020772,
        "total": 0.2607028000034006
    },
    "total": 0.429442999999992
}