{
    "Agent": {
        "total": 0.0009731000000101631
    },
    "Env": {
        "apply_act": 0.0,
        "observation_computation": 0.0,
        "powerflow_computation": 0.0,
        "total": 0.0
    },
    "total": 0.002057099999944967
}