{
    "Agent": {
        "total": 0.1396903998684138
    },
    "Env": {
        "apply_act": 0.3740992012899369,
        "observation_computation": 0.08628150168806314,
        "powerflow_computation": 0.07448280113749206,
        "total": 0.5348635041154921
    },
    "total": 0.7529683001339436
}