{
    "Agent": {
        "total": 0.0346452999997382
    },
    "Env": {
        "apply_act": 0.10484600000063438,
        "observation_computation": 0.01925829999936468,
        "powerflow_computation": 0.016662699997596064,
        "total": 0.14076699999759512
    },
    "total": 0.19344189999992523
}