{
    "Agent": {
        "total": 0.000807599999973263
    },
    "Env": {
        "apply_act": 0.0,
        "observation_computation": 0.0,
        "powerflow_computation": 0.0,
        "total": 0.0
    },
    "total": 0.0018985000000384389
}