{
    "Agent": {
        "total": 0.04713690000005499
    },
    "Env": {
        "apply_act": 0.03653610000037588,
        "observation_computation": 0.021798699999862947,
        "powerflow_computation": 0.02049360000080469,
        "total": 0.07882840000104352
    },
    "total": 0.14717980000000352
}