{
    "Agent": {
        "total": 0.04310379968956113
    },
    "Env": {
        "apply_act": 0.048516200855374336,
        "observation_computation": 0.028514899546280503,
        "powerflow_computation": 0.0265557998791337,
        "total": 0.10358690028078854
    },
    "total": 0.17244899994693696
}