{
    "Agent": {
        "total": 0.09024560000034398
    },
    "Env": {
        "apply_act": 0.17327399999999216,
        "observation_computation": 0.039587900000469745,
        "powerflow_computation": 0.036748200001966325,
        "total": 0.24961010000242823
    },
    "total": 0.3779895000000124
}