{
    "Agent": {
        "total": 0.007114299340173602
    },
    "Env": {
        "apply_act": 0.016563099110499024,
        "observation_computation": 0.003412999678403139,
        "powerflow_computation": 0.003381500020623207,
        "total": 0.02335759880952537
    },
    "total": 0.03400369989685714
}