{
    "Agent": {
        "total": 0.4412111000000323
    },
    "Env": {
        "apply_act": 0.9095628000000033,
        "observation_computation": 0.19306280000262177,
        "powerflow_computation": 0.1713612000004332,
        "total": 1.2739868000030583
    },
    "total": 1.9007447000000184
}