{
    "Agent": {
        "total": 0.02114069999988999
    },
    "Env": {
        "apply_act": 0.3467973000002331,
        "observation_computation": 0.170491300000009,
        "powerflow_computation": 0.13684600000010505,
        "total": 0.6541346000003472
    },
    "total": 0.8308482000000055
}