{
    "Agent": {
        "total": 0.04490159999926391
    },
    "Env": {
        "apply_act": 0.5030043000019759,
        "observation_computation": 0.3394410999998172,
        "powerflow_computation": 0.29485440000058816,
        "total": 1.1372998000023813
    },
    "total": 1.4940809999999942
}