{
    "Agent": {
        "total": 0.0010555000000067594
    },
    "Env": {
        "apply_act": 0.0,
        "observation_computation": 0.0,
        "powerflow_computation": 0.0,
        "total": 0.0
    },
    "total": 0.003353800000013507
}