{
    "Agent": {
        "total": 0.0013356999999274421
    },
    "Env": {
        "apply_act": 0.01471639999999752,
        "observation_computation": 0.009512199999974769,
        "powerflow_computation": 0.008613399999958915,
        "total": 0.032841999999931204
    },
    "total": 0.044217400000007956
}