{
    "Agent": {
        "total": 0.1963736992329359
    },
    "Env": {
        "apply_act": 0.3885855011176318,
        "observation_computation": 0.0979485996067524,
        "powerflow_computation": 0.08756430028006434,
        "total": 0.5740984010044485
    },
    "total": 0.8651918999385089
}