{
    "Agent": {
        "total": 0.38880869990680367
    },
    "Env": {
        "apply_act": 1.0101451004156843,
        "observation_computation": 0.24227239785250276,
        "powerflow_computation": 0.21842750196810812,
        "total": 1.4708450002362952
    },
    "total": 2.0760986000532284
}