{
    "Agent": {
        "total": 0.019622300000037285
    },
    "Env": {
        "apply_act": 0.017114699999979166,
        "observation_computation": 0.012527600000453276,
        "powerflow_computation": 0.009882799999786585,
        "total": 0.03952510000021903
    },
    "total": 0.07032100000003538
}