{
    "Agent": {
        "total": 0.1264826999968136
    },
    "Env": {
        "apply_act": 0.4201135000002978,
        "observation_computation": 0.06838839999636548,
        "powerflow_computation": 0.061159200001384306,
        "total": 0.5496610999980476
    },
    "total": 0.7435586000001422
}