{
    "Agent": {
        "total": 0.053993600653484464
    },
    "Env": {
        "apply_act": 0.13884480006527156,
        "observation_computation": 0.02100059948861599,
        "powerflow_computation": 0.01747039973270148,
        "total": 0.17731579928658903
    },
    "total": 0.25256910000462085
}