{
    "Agent": {
        "total": 0.1272530000023835
    },
    "Env": {
        "apply_act": 0.38935680000031425,
        "observation_computation": 0.06263800000169795,
        "powerflow_computation": 0.05542160000413787,
        "total": 0.5074164000061501
    },
    "total": 0.6958017000001746
}