{
    "Agent": {
        "total": 0.23116729999765084
    },
    "Env": {
        "apply_act": 0.5874382999973022,
        "observation_computation": 0.12419959999897401,
        "powerflow_computation": 0.09100320000470674,
        "total": 0.802641100000983
    },
    "total": 1.1389923999995517
}