{
    "Agent": {
        "total": 0.3095691995113157
    },
    "Env": {
        "apply_act": 1.5949041995918378,
        "observation_computation": 0.27499740046914667,
        "powerflow_computation": 0.2335658990778029,
        "total": 2.1034674991387874
    },
    "total": 2.657541399996262
}