{
    "Agent": {
        "total": 0.014773800000057236
    },
    "Env": {
        "apply_act": 0.05782089999911477,
        "observation_computation": 0.01411440000129005,
        "powerflow_computation": 0.0122082999992017,
        "total": 0.08414359999960652
    },
    "total": 0.11317879999978686
}