{
    "Agent": {
        "total": 0.029418699559755623
    },
    "Env": {
        "apply_act": 0.060937299858778715,
        "observation_computation": 0.013610100373625755,
        "powerflow_computation": 0.011760399560444057,
        "total": 0.08630779979284853
    },
    "total": 0.12953550007659942
}