{
    "Agent": {
        "total": 0.04050629970151931
    },
    "Env": {
        "apply_act": 0.09374869987368584,
        "observation_computation": 0.01730209996458143,
        "powerflow_computation": 0.016473900410346687,
        "total": 0.12752470024861395
    },
    "total": 0.1861163000576198
}