{
    "Agent": {
        "total": 0.0067573999998558065
    },
    "Env": {
        "apply_act": 0.07148579999966387,
        "observation_computation": 0.04910069999982625,
        "powerflow_computation": 0.04291589999996859,
        "total": 0.1635023999994587
    },
    "total": 0.21740039999997407
}