{
    "Agent": {
        "total": 0.04403179999985696
    },
    "Env": {
        "apply_act": 0.05933119999997416,
        "observation_computation": 0.022090299999263152,
        "powerflow_computation": 0.019467100000383653,
        "total": 0.10088859999962096
    },
    "total": 0.16679160000001048
}