{
    "Agent": {
        "total": 0.0010635999999522028
    },
    "Env": {
        "apply_act": 0.0,
        "observation_computation": 0.0,
        "powerflow_computation": 0.0,
        "total": 0.0
    },
    "total": 0.003456400000004578
}