{
    "Agent": {
        "total": 0.04443379957228899
    },
    "Env": {
        "apply_act": 0.11068790103308856,
        "observation_computation": 0.01786449970677495,
        "powerflow_computation": 0.021315497811883688,
        "total": 0.1498678985517472
    },
    "total": 0.21275510010309517
}