{
    "Agent": {
        "total": 0.004721399978734553
    },
    "Env": {
        "apply_act": 0.01291080008377321,
        "observation_computation": 0.0025378000282216817,
        "powerflow_computation": 0.0036752000160049647,
        "total": 0.019123800127999857
    },
    "total": 0.026543300016783178
}