{
    "Agent": {
        "total": 0.00022479999998381572
    },
    "Env": {
        "apply_act": 0.002777699999995775,
        "observation_computation": 0.0014038999999996804,
        "powerflow_computation": 0.0020624999999512283,
        "total": 0.006244099999946684
    },
    "total": 0.008324599999994575
}