{
    "Agent": {
        "total": 0.19274860000120952
    },
    "Env": {
        "apply_act": 0.4747409000005973,
        "observation_computation": 0.09297230000026957,
        "powerflow_computation": 0.07481449999909273,
        "total": 0.6425276999999596
    },
    "total": 0.9182970000000523
}