{
    "Agent": {
        "total": 0.0012384999998289459
    },
    "Env": {
        "apply_act": 0.013498099999878832,
        "observation_computation": 0.008812400000067555,
        "powerflow_computation": 0.008250600000280883,
        "total": 0.03056110000022727
    },
    "total": 0.04072919999998703
}