{
    "Agent": {
        "total": 0.004119300516322255
    },
    "Env": {
        "apply_act": 0.004837699932977557,
        "observation_computation": 0.002625599969178438,
        "powerflow_computation": 0.0028299998957663774,
        "total": 0.010293299797922373
    },
    "total": 0.017059900099411607
}