{
    "Agent": {
        "total": 0.1686838996829465
    },
    "Env": {
        "apply_act": 0.5111251985654235,
        "observation_computation": 0.10298620036337525,
        "powerflow_computation": 0.09259149932768196,
        "total": 0.7067028982564807
    },
    "total": 0.9688560999929905
}