{
    "Agent": {
        "total": 0.04504340005223639
    },
    "Env": {
        "apply_act": 0.009691600018413737,
        "observation_computation": 0.003365200012922287,
        "powerflow_computation": 0.004000500019174069,
        "total": 0.017057300050510094
    },
    "total": 0.0665277999942191
}