{
    "Agent": {
        "total": 0.023842699360102415
    },
    "Env": {
        "apply_act": 0.06253260024823248,
        "observation_computation": 0.014578300062566996,
        "powerflow_computation": 0.012361699948087335,
        "total": 0.08947260025888681
    },
    "total": 0.12821750005241483
}