{
    "Agent": {
        "total": 0.6390011999922081
    },
    "Env": {
        "apply_act": 0.8683057999999164,
        "observation_computation": 0.31073870000477655,
        "powerflow_computation": 0.26169020000270393,
        "total": 1.440734700007397
    },
    "total": 2.371262900000147
}