{
    "Agent": {
        "total": 0.15018499999905544
    },
    "Env": {
        "apply_act": 0.1601687999996102,
        "observation_computation": 0.09852390000037303,
        "powerflow_computation": 0.08360629999936009,
        "total": 0.3422989999993433
    },
    "total": 0.5801251999999977
}