{
    "Agent": {
        "total": 0.003190499999845997
    },
    "Env": {
        "apply_act": 0.03514519999987442,
        "observation_computation": 0.025067200000421508,
        "powerflow_computation": 0.02144619999984343,
        "total": 0.08165860000013936
    },
    "total": 0.10876909999996087
}