{
    "Agent": {
        "total": 0.6118163999972239
    },
    "Env": {
        "apply_act": 0.6411249999973734,
        "observation_computation": 0.3952058000068064,
        "powerflow_computation": 0.32602600000109305,
        "total": 1.3623568000052728
    },
    "total": 2.322039499999846
}