{
    "Agent": {
        "total": 0.10630309983389452
    },
    "Env": {
        "apply_act": 0.23186689987778664,
        "observation_computation": 0.04246330010937527,
        "powerflow_computation": 0.037026200676336884,
        "total": 0.3113564006634988
    },
    "total": 0.46118729998124763
}