{
    "Agent": {
        "total": 0.6775920000001179
    },
    "Env": {
        "apply_act": 0.7112887000009778,
        "observation_computation": 0.44239090000087344,
        "powerflow_computation": 0.37449710000419145,
        "total": 1.5281767000060427
    },
    "total": 2.593965400000002
}