{
    "Agent": {
        "total": 0.25556830017012544
    },
    "Env": {
        "apply_act": 0.6481996996735688,
        "observation_computation": 0.12114060003659688,
        "powerflow_computation": 0.10775469997315668,
        "total": 0.8770949996833224
    },
    "total": 1.2527880000125151
}