{
    "Agent": {
        "total": 0.2686982000000171
    },
    "Env": {
        "apply_act": 0.4101938000030714,
        "observation_computation": 0.17385950000061712,
        "powerflow_computation": 0.1455332999989878,
        "total": 0.7295866000026763
    },
    "total": 1.1528759999998783
}