{
    "Agent": {
        "total": 0.06588110025040805
    },
    "Env": {
        "apply_act": 0.1724257991882041,
        "observation_computation": 0.026865999680012465,
        "powerflow_computation": 0.027973699383437634,
        "total": 0.2272654982516542
    },
    "total": 0.31933379999827594
}