{
    "Agent": {
        "total": 0.2444437999965885
    },
    "Env": {
        "apply_act": 0.4996964999972988,
        "observation_computation": 0.10565690000021277,
        "powerflow_computation": 0.09189110000625078,
        "total": 0.6972445000037624
    },
    "total": 1.0443587999998272
}