{
    "Agent": {
        "total": 0.07612300000005234
    },
    "Env": {
        "apply_act": 0.11077860000034434,
        "observation_computation": 0.052002499999844076,
        "powerflow_computation": 0.04411830000015016,
        "total": 0.20689940000033857
    },
    "total": 0.32925030000001243
}