{
    "Agent": {
        "total": 0.0006565999999565975
    },
    "Env": {
        "apply_act": 0.0,
        "observation_computation": 0.0,
        "powerflow_computation": 0.0,
        "total": 0.0
    },
    "total": 0.0017741000000341955
}