{
    "Agent": {
        "total": 0.07251540082506835
    },
    "Env": {
        "apply_act": 0.16520809940993786,
        "observation_computation": 0.03846110054291785,
        "powerflow_computation": 0.03751130064483732,
        "total": 0.24118050059769303
    },
    "total": 0.3500204998999834
}