{
    "Agent": {
        "total": 0.002963900000054309
    },
    "Env": {
        "apply_act": 0.040596500000020797,
        "observation_computation": 0.024790499999923554,
        "powerflow_computation": 0.02977949999994678,
        "total": 0.09516649999989113
    },
    "total": 0.12198379999999531
}