{
    "Agent": {
        "total": 0.020125700160861015
    },
    "Env": {
        "apply_act": 0.06188789987936616,
        "observation_computation": 0.011108500184491277,
        "powerflow_computation": 0.010534401051700115,
        "total": 0.08353080111555755
    },
    "total": 0.11448650015518069
}