{
    "Agent": {
        "total": 0.07779149999987567
    },
    "Env": {
        "apply_act": 0.8415720999996665,
        "observation_computation": 0.5727905999999479,
        "powerflow_computation": 0.47526240000033226,
        "total": 1.8896250999999467
    },
    "total": 2.492167100000003
}