{
    "Agent": {
        "total": 0.07532349999996768
    },
    "Env": {
        "apply_act": 0.17154639999972687,
        "observation_computation": 0.030548999999950865,
        "powerflow_computation": 0.02396089999990636,
        "total": 0.2260562999995841
    },
    "total": 0.33096010000002707
}