{
    "Agent": {
        "total": 0.040587001014500856
    },
    "Env": {
        "apply_act": 0.12743410002440214,
        "observation_computation": 0.028719200752675533,
        "powerflow_computation": 0.028725400334224105,
        "total": 0.18487870111130178
    },
    "total": 0.25249550002627075
}