{
    "Agent": {
        "total": 0.02853349910583347
    },
    "Env": {
        "apply_act": 0.1029516999842599,
        "observation_computation": 0.02156010048929602,
        "powerflow_computation": 0.021296899300068617,
        "total": 0.14580869977362454
    },
    "total": 0.19465810002293438
}