{
    "Agent": {
        "total": 0.7430845000044428
    },
    "Env": {
        "apply_act": 0.32130909997613344,
        "observation_computation": 0.20686110002498026,
        "powerflow_computation": 0.19019080000725808,
        "total": 0.7183610000083718
    },
    "total": 1.655700400000569
}