{
    "Agent": {
        "total": 0.3162280999995346
    },
    "Env": {
        "apply_act": 0.5323094000019637,
        "observation_computation": 0.16437510000116617,
        "powerflow_computation": 0.1522082000010414,
        "total": 0.8488927000041713
    },
    "total": 1.321166299999959
}