{
    "Agent": {
        "total": 0.013063699999690925
    },
    "Env": {
        "apply_act": 0.14696929999996655,
        "observation_computation": 0.10535600000005729,
        "powerflow_computation": 0.0938399999998012,
        "total": 0.34616529999982504
    },
    "total": 0.4594371000000024
}