{
    "Agent": {
        "total": 0.17132729999991625
    },
    "Env": {
        "apply_act": 0.5943425999998908,
        "observation_computation": 0.08624130000021069,
        "powerflow_computation": 0.07217090000000326,
        "total": 0.7527548000001048
    },
    "total": 1.0062714000000028
}