{
    "Agent": {
        "total": 0.16011420000086218
    },
    "Env": {
        "apply_act": 0.35890259999916907,
        "observation_computation": 0.07588650000047892,
        "powerflow_computation": 0.0664035999996031,
        "total": 0.5011926999992511
    },
    "total": 0.7316285999999081
}