{
    "Agent": {
        "total": 0.48235840000370445
    },
    "Env": {
        "apply_act": 0.9405904000020655,
        "observation_computation": 0.20671739999988858,
        "powerflow_computation": 0.1937796000004255,
        "total": 1.3410874000023796
    },
    "total": 2.037665500000003
}