{
    "Agent": {
        "total": 0.13005549999252253
    },
    "Env": {
        "apply_act": 0.44983329999831767,
        "observation_computation": 0.06476239999847166,
        "powerflow_computation": 0.059076599995933066,
        "total": 0.5736722999927224
    },
    "total": 0.7666183999999703
}