{
    "Agent": {
        "total": 0.048140499740839005
    },
    "Env": {
        "apply_act": 0.14898130053188652,
        "observation_computation": 0.03343160101212561,
        "powerflow_computation": 0.0311293990816921,
        "total": 0.21354230062570423
    },
    "total": 0.2953547000652179
}