{
    "Agent": {
        "total": 0.013979599999856873
    },
    "Env": {
        "apply_act": 0.02417560000009189,
        "observation_computation": 0.0062976000000958265,
        "powerflow_computation": 0.004595500000107222,
        "total": 0.03506870000029494
    },
    "total": 0.05584920000001148
}