{
    "Agent": {
        "total": 0.026846600230783224
    },
    "Env": {
        "apply_act": 0.10455870069563389,
        "observation_computation": 0.018547300016507506,
        "powerflow_computation": 0.019854898331686854,
        "total": 0.14296089904382825
    },
    "total": 0.18738250015303493
}