{
    "Agent": {
        "total": 0.9703837000024578
    },
    "Env": {
        "apply_act": 2.3142240000061065,
        "observation_computation": 0.34847520000403165,
        "powerflow_computation": 0.2865719000064928,
        "total": 2.949271100016631
    },
    "total": 4.2082550999994055
}