{
    "Agent": {
        "total": 0.03107029999935662
    },
    "Env": {
        "apply_act": 0.35338960000092356,
        "observation_computation": 0.25083080000021596,
        "powerflow_computation": 0.21873590000024024,
        "total": 0.8229563000013798
    },
    "total": 1.0881128999999987
}