{
    "Agent": {
        "total": 0.5734197999962589
    },
    "Env": {
        "apply_act": 0.7440047999990611,
        "observation_computation": 0.29987470000094163,
        "powerflow_computation": 0.26653650000025664,
        "total": 1.3104160000002594
    },
    "total": 2.1799338999999236
}