{
    "Agent": {
        "total": 0.07573139999999512
    },
    "Env": {
        "apply_act": 0.2545333999983086,
        "observation_computation": 0.05504350000251179,
        "powerflow_computation": 0.04939889999877778,
        "total": 0.35897579999959817
    },
    "total": 0.48763789999998153
}