{
    "Agent": {
        "total": 0.039986099349334836
    },
    "Env": {
        "apply_act": 0.12308040168136358,
        "observation_computation": 0.027977101039141417,
        "powerflow_computation": 0.024039301089942455,
        "total": 0.17509680381044745
    },
    "total": 0.24202769994735718
}