{
    "Agent": {
        "total": 0.012154199999855564
    },
    "Env": {
        "apply_act": 0.15843029999987834,
        "observation_computation": 0.2741846999998643,
        "powerflow_computation": 0.07417050000020708,
        "total": 0.5067854999999497
    },
    "total": 0.6054731000000118
}