{
    "Agent": {
        "total": 0.28286919978563674
    },
    "Env": {
        "apply_act": 1.1325601001444738,
        "observation_computation": 0.1637810998945497,
        "powerflow_computation": 0.14223659990238957,
        "total": 1.438577799941413
    },
    "total": 1.8710630999994464
}