{
    "Agent": {
        "total": 0.030860699999720964
    },
    "Env": {
        "apply_act": 0.06350929999996424,
        "observation_computation": 0.01153689999995322,
        "powerflow_computation": 0.01026359999974602,
        "total": 0.08530979999966348
    },
    "total": 0.12967009999999846
}