{
    "Agent": {
        "total": 0.024883000645786524
    },
    "Env": {
        "apply_act": 0.05436720093712211,
        "observation_computation": 0.018852900131605566,
        "powerflow_computation": 0.015464899828657508,
        "total": 0.08868500089738518
    },
    "total": 0.13216579996515065
}