{
    "Agent": {
        "total": 0.009584199986420572
    },
    "Env": {
        "apply_act": 0.02478089986834675,
        "observation_computation": 0.006381899700500071,
        "powerflow_computation": 0.0061647004913538694,
        "total": 0.03732750006020069
    },
    "total": 0.05302069999743253
}