{
    "Agent": {
        "total": 0.4707498999946438
    },
    "Env": {
        "apply_act": 1.384145499999704,
        "observation_computation": 0.2819600999928298,
        "powerflow_computation": 0.25023000000419415,
        "total": 1.916335599996728
    },
    "total": 2.6395400999999765
}