{
    "Agent": {
        "total": 0.3544078000022637
    },
    "Env": {
        "apply_act": 0.5769943000018429,
        "observation_computation": 0.226529200001778,
        "powerflow_computation": 0.1920669999999518,
        "total": 0.9955905000035727
    },
    "total": 1.5506010999999944
}