{
    "Agent": {
        "total": 0.31326780000108556
    },
    "Env": {
        "apply_act": 0.8913703999978679,
        "observation_computation": 0.13739499999883265,
        "powerflow_computation": 0.1296980999986772,
        "total": 1.1584634999953778
    },
    "total": 1.6060732000000826
}