{
    "Agent": {
        "total": 0.29346750000786415
    },
    "Env": {
        "apply_act": 1.633269999996628,
        "observation_computation": 0.29171330000326634,
        "powerflow_computation": 0.2449146999988443,
        "total": 2.1698979999987387
    },
    "total": 2.7191241999998965
}