{
    "Agent": {
        "total": 0.0709086000000525
    },
    "Env": {
        "apply_act": 0.15105090000008659,
        "observation_computation": 0.030814300000145067,
        "powerflow_computation": 0.02282520000005661,
        "total": 0.20469040000028826
    },
    "total": 0.30445809999997664
}