{
    "Agent": {
        "total": 0.0012726999999586042
    },
    "Env": {
        "apply_act": 0.0,
        "observation_computation": 0.0,
        "powerflow_computation": 0.0,
        "total": 0.0
    },
    "total": 0.002868699999908131
}