{
    "Agent": {
        "total": 0.08193639997625723
    },
    "Env": {
        "apply_act": 0.01820429999497719,
        "observation_computation": 0.006753999943612143,
        "powerflow_computation": 0.007372400024905801,
        "total": 0.032330699963495135
    },
    "total": 0.12257169999065809
}