{
    "Agent": {
        "total": 1.005636300002152
    },
    "Env": {
        "apply_act": 2.4390985999964414,
        "observation_computation": 0.7059475000085058,
        "powerflow_computation": 0.5812541999985115,
        "total": 3.7263003000034587
    },
    "total": 5.3506609999999455
}