{
    "Agent": {
        "total": 0.31479279993800446
    },
    "Env": {
        "apply_act": 0.6434585001552477,
        "observation_computation": 0.11785499996040016,
        "powerflow_computation": 0.10421460028737783,
        "total": 0.8655281004030257
    },
    "total": 1.2983185999910347
}