{
    "Agent": {
        "total": 0.2069965000555385
    },
    "Env": {
        "apply_act": 1.1706613000569632,
        "observation_computation": 0.19113679994188715,
        "powerflow_computation": 0.17475999996531755,
        "total": 1.536558099964168
    },
    "total": 1.912842299992917
}