{
    "Agent": {
        "total": 0.8938715994590893
    },
    "Env": {
        "apply_act": 2.733996599679813,
        "observation_computation": 0.540950499009341,
        "powerflow_computation": 0.46491149940993637,
        "total": 3.73985859809909
    },
    "total": 5.122030499973334
}