{
    "Agent": {
        "total": 0.03905430000031629
    },
    "Env": {
        "apply_act": 0.044673300000567906,
        "observation_computation": 0.026724000000967862,
        "powerflow_computation": 0.024229000000332235,
        "total": 0.095626300001868
    },
    "total": 0.15875180000011824
}