{
    "Agent": {
        "total": 0.2015044000013404
    },
    "Env": {
        "apply_act": 0.505468199999541,
        "observation_computation": 0.09607810000125028,
        "powerflow_computation": 0.0779306000026736,
        "total": 0.6794769000034648
    },
    "total": 0.962093300000106
}