{
    "Agent": {
        "total": 0.007712300401180983
    },
    "Env": {
        "apply_act": 0.016494200099259615,
        "observation_computation": 0.003172700060531497,
        "powerflow_computation": 0.003338100155815482,
        "total": 0.023005000315606594
    },
    "total": 0.03444000007584691
}