{
    "Agent": {
        "total": 0.19052879998343997
    },
    "Env": {
        "apply_act": 0.5000010999356164,
        "observation_computation": 0.08344020006188657,
        "powerflow_computation": 0.07084389997180551,
        "total": 0.6542851999693085
    },
    "total": 0.9271111999987625
}