{
    "Agent": {
        "total": 0.0069293000000172356
    },
    "Env": {
        "apply_act": 0.08007809999993754,
        "observation_computation": 0.05594149999998166,
        "powerflow_computation": 0.04958720000001193,
        "total": 0.18560679999993113
    },
    "total": 0.24353550000000013
}