{
    "Agent": {
        "total": 0.07724029999963022
    },
    "Env": {
        "apply_act": 0.1686147999997729,
        "observation_computation": 0.03259730000002037,
        "powerflow_computation": 0.031169300000044586,
        "total": 0.23238139999983787
    },
    "total": 0.3406222000000412
}