{
    "Agent": {
        "total": 0.007106400094926357
    },
    "Env": {
        "apply_act": 0.016428600531071424,
        "observation_computation": 0.003219200996682048,
        "powerflow_computation": 0.0031720998231321573,
        "total": 0.02281990135088563
    },
    "total": 0.033144099870696664
}