{
    "Agent": {
        "total": 0.03130220000002737
    },
    "Env": {
        "apply_act": 0.18961080000008224,
        "observation_computation": 0.03213120000054914,
        "powerflow_computation": 0.02953560000014477,
        "total": 0.25127760000077615
    },
    "total": 0.3108228999999483
}