{
    "Agent": {
        "total": 0.04047999999875174
    },
    "Env": {
        "apply_act": 0.12690639999959785,
        "observation_computation": 0.029064700000844823,
        "powerflow_computation": 0.02510430000074848,
        "total": 0.18107540000119116
    },
    "total": 0.2489044000001286
}