{
    "Agent": {
        "total": 0.19851429970003664
    },
    "Env": {
        "apply_act": 0.4945005000627134,
        "observation_computation": 0.08247860029223375,
        "powerflow_computation": 0.07001749955816194,
        "total": 0.6469965999131091
    },
    "total": 0.926780100009637
}