{
    "Agent": {
        "total": 0.03282809990923852
    },
    "Env": {
        "apply_act": 0.11401949939318001,
        "observation_computation": 0.024977599387057126,
        "powerflow_computation": 0.02152139972895384,
        "total": 0.16051849850919098
    },
    "total": 0.21802270004991442
}