{
    "Agent": {
        "total": 0.043256999999357504
    },
    "Env": {
        "apply_act": 0.07715550000102667,
        "observation_computation": 0.021605099998851074,
        "powerflow_computation": 0.014386500000000524,
        "total": 0.11314709999987826
    },
    "total": 0.1750161999998454
}