{
    "Agent": {
        "total": 0.5571268999970016
    },
    "Env": {
        "apply_act": 0.5745776999984855,
        "observation_computation": 0.3584084000007124,
        "powerflow_computation": 0.2964646000002631,
        "total": 1.229450699999461
    },
    "total": 2.1013556000000335
}