{
    "Agent": {
        "total": 0.006556100212037563
    },
    "Env": {
        "apply_act": 0.014078300213441253,
        "observation_computation": 0.0034091996494680643,
        "powerflow_computation": 0.003281700424849987,
        "total": 0.020769200287759304
    },
    "total": 0.030635999981313944
}