{
    "Agent": {
        "total": 0.22449699975550175
    },
    "Env": {
        "apply_act": 0.8922676000220235,
        "observation_computation": 0.13310809980612248,
        "powerflow_computation": 0.1324503996875137,
        "total": 1.1578260995156597
    },
    "total": 1.5020997000101488
}