{
    "Agent": {
        "total": 0.7931538999978329
    },
    "Env": {
        "apply_act": 0.6271031999997376,
        "observation_computation": 0.33191889999534396,
        "powerflow_computation": 0.2940313000015067,
        "total": 1.2530533999965883
    },
    "total": 2.3425892999998723
}