{
    "Agent": {
        "total": 0.47869779999973616
    },
    "Env": {
        "apply_act": 0.654180400000314,
        "observation_computation": 0.21636150000244925,
        "powerflow_computation": 0.19170249999524458,
        "total": 1.0622443999980078
    },
    "total": 1.747425499999963
}