{
    "Agent": {
        "total": 0.08631569999852218
    },
    "Env": {
        "apply_act": 0.2371040000011817,
        "observation_computation": 0.037946200000078534,
        "powerflow_computation": 0.03317669999978534,
        "total": 0.3082269000010456
    },
    "total": 0.4296383999999307
}