{
    "Agent": {
        "total": 0.2308570998138748
    },
    "Env": {
        "apply_act": 1.060238899779506,
        "observation_computation": 0.2157145999954082,
        "powerflow_computation": 0.18649339984403923,
        "total": 1.4624468996189535
    },
    "total": 1.8817395000369288
}