{
    "Agent": {
        "total": 0.0011369000421836972
    },
    "Env": {
        "apply_act": 0.0,
        "observation_computation": 0.0,
        "powerflow_computation": 0.0,
        "total": 0.0
    },
    "total": 0.003965500043705106
}