{
    "Agent": {
        "total": 0.0993372998200357
    },
    "Env": {
        "apply_act": 0.32933060312643647,
        "observation_computation": 0.07452220190316439,
        "powerflow_computation": 0.07016749680042267,
        "total": 0.4740203018300235
    },
    "total": 0.6433476998936385
}