{
    "Agent": {
        "total": 0.04238480003550649
    },
    "Env": {
        "apply_act": 0.07838559988886118,
        "observation_computation": 0.019369300338439643,
        "powerflow_computation": 0.016731999698095024,
        "total": 0.11448689992539585
    },
    "total": 0.1762720999540761
}