{
    "Agent": {
        "total": 0.09781859999748121
    },
    "Env": {
        "apply_act": 0.3270994000004066,
        "observation_computation": 0.050868000003902125,
        "powerflow_computation": 0.04245859999809909,
        "total": 0.4204260000024078
    },
    "total": 0.5676408999997875
}