{
    "Agent": {
        "total": 0.10623229992052075
    },
    "Env": {
        "apply_act": 0.4975493001547875,
        "observation_computation": 0.09407830021518748,
        "powerflow_computation": 0.08073809991765302,
        "total": 0.672365700287628
    },
    "total": 0.8619229000032647
}