{
    "Agent": {
        "total": 0.09620459983125329
    },
    "Env": {
        "apply_act": 0.20861989993136376,
        "observation_computation": 0.047531998716294765,
        "powerflow_computation": 0.046479601063765585,
        "total": 0.3026314997114241
    },
    "total": 0.44507599994540215
}