{
    "Agent": {
        "total": 0.5378841983620077
    },
    "Env": {
        "apply_act": 1.4905059006996453,
        "observation_computation": 0.35841609991621226,
        "powerflow_computation": 0.3029206999344751,
        "total": 2.1518427005503327
    },
    "total": 3.0159506000345573
}