{
    "Agent": {
        "total": 0.9035595999994257
    },
    "Env": {
        "apply_act": 1.4576239999978498,
        "observation_computation": 0.582931800001802,
        "powerflow_computation": 0.5045779999989009,
        "total": 2.5451337999985526
    },
    "total": 3.9623428999999533
}