{
    "Agent": {
        "total": 0.10709590012265835
    },
    "Env": {
        "apply_act": 0.46802419997402467,
        "observation_computation": 0.09989739998127334,
        "powerflow_computation": 0.08976339998480398,
        "total": 0.657684999940102
    },
    "total": 0.8510188000072958
}