{
    "Agent": {
        "total": 0.002051000017672777
    },
    "Env": {
        "apply_act": 0.003001999924890697,
        "observation_computation": 0.0004860000917688012,
        "powerflow_computation": 0.00039389997255057096,
        "total": 0.003881899989210069
    },
    "total": 0.007430400000885129
}