{
    "Agent": {
        "total": 0.0010431999107822776
    },
    "Env": {
        "apply_act": 0.0,
        "observation_computation": 0.0,
        "powerflow_computation": 0.0,
        "total": 0.0
    },
    "total": 0.002098000026308
}