{
    "Agent": {
        "total": 0.6499892999991062
    },
    "Env": {
        "apply_act": 1.017259599995441,
        "observation_computation": 0.41559459999325554,
        "powerflow_computation": 0.3549476000005143,
        "total": 1.7878017999892108
    },
    "total": 2.804335300000048
}