{
    "Agent": {
        "total": 0.037478999999393636
    },
    "Env": {
        "apply_act": 0.11993770000231052,
        "observation_computation": 0.026627200000120865,
        "powerflow_computation": 0.022756200000685567,
        "total": 0.16932110000311695
    },
    "total": 0.23257439999997587
}