{
    "Agent": {
        "total": 0.014702300000408286
    },
    "Env": {
        "apply_act": 0.05928439999888724,
        "observation_computation": 0.013737199999923178,
        "powerflow_computation": 0.011490599999888218,
        "total": 0.08451219999869863
    },
    "total": 0.11324579999973139
}