{
    "Agent": {
        "total": 0.5490854999982275
    },
    "Env": {
        "apply_act": 0.5694065999994109,
        "observation_computation": 0.24908449999929871,
        "powerflow_computation": 0.22549959999844305,
        "total": 1.0439906999971527
    },
    "total": 1.8434182000000874
}