{
    "Agent": {
        "total": 0.06308409990742803
    },
    "Env": {
        "apply_act": 0.18780649825930595,
        "observation_computation": 0.041267097694799304,
        "powerflow_computation": 0.03608720120973885,
        "total": 0.2651607971638441
    },
    "total": 0.3680686999578029
}