{
    "Agent": {
        "total": 0.17364230000066527
    },
    "Env": {
        "apply_act": 0.4996598999987327,
        "observation_computation": 0.08696839999993244,
        "powerflow_computation": 0.07046029999992243,
        "total": 0.6570885999985876
    },
    "total": 0.9125527999999576
}