{
    "Agent": {
        "total": 0.07297950000065612
    },
    "Env": {
        "apply_act": 0.21800250000001142,
        "observation_computation": 0.03747589999966294,
        "powerflow_computation": 0.0338467999997647,
        "total": 0.28932519999943906
    },
    "total": 0.3974014000000352
}