{
    "Agent": {
        "total": 0.28242120000004434
    },
    "Env": {
        "apply_act": 1.1649499000006927,
        "observation_computation": 0.20443530000011378,
        "powerflow_computation": 0.18747259999872767,
        "total": 1.556857799999534
    },
    "total": 2.036379100000204
}