{
    "Agent": {
        "total": 0.08788689988432452
    },
    "Env": {
        "apply_act": 0.19016520003788173,
        "observation_computation": 0.03517439973074943,
        "powerflow_computation": 0.030671700253151357,
        "total": 0.2560113000217825
    },
    "total": 0.3794876000029035
}