{
    "Agent": {
        "total": 0.018387599998732185
    },
    "Env": {
        "apply_act": 0.07939820000046893,
        "observation_computation": 0.018144100002245978,
        "powerflow_computation": 0.016695900001195696,
        "total": 0.1142382000039106
    },
    "total": 0.1488022000003184
}