{
    "Agent": {
        "total": 0.014749599999504426
    },
    "Env": {
        "apply_act": 0.05018970000060108,
        "observation_computation": 0.010901300000796255,
        "powerflow_computation": 0.009925400000383888,
        "total": 0.07101640000178122
    },
    "total": 0.09610099999986232
}