{
    "Agent": {
        "total": 0.009760700006154366
    },
    "Env": {
        "apply_act": 0.021687700020265765,
        "observation_computation": 0.004395799995108973,
        "powerflow_computation": 0.004356299999926705,
        "total": 0.030439800015301444
    },
    "total": 0.044725699997798074
}