{
    "Agent": {
        "total": 0.5071998999810603
    },
    "Env": {
        "apply_act": 1.0103055000054155,
        "observation_computation": 0.18386839999038784,
        "powerflow_computation": 0.1572745999947074,
        "total": 1.3514484999905108
    },
    "total": 2.018004500000643
}