{
    "Agent": {
        "total": 0.05016609999967159
    },
    "Env": {
        "apply_act": 0.5740724999998292,
        "observation_computation": 0.38672149999945304,
        "powerflow_computation": 0.3218748000010123,
        "total": 1.2826688000002946
    },
    "total": 1.6814196999999922
}