{
    "Agent": {
        "total": 0.06583719999995097
    },
    "Env": {
        "apply_act": 0.6703956999999612,
        "observation_computation": 0.6200793000000218,
        "powerflow_computation": 0.4112618999999391,
        "total": 1.701736899999922
    },
    "total": 2.232742000000002
}