{
    "Agent": {
        "total": 0.08550819984520786
    },
    "Env": {
        "apply_act": 0.23804310002014972,
        "observation_computation": 0.041425000032177195,
        "powerflow_computation": 0.03952619980555028,
        "total": 0.3189942998578772
    },
    "total": 0.4437235000077635
}