{
    "Agent": {
        "total": 0.015655900000069778
    },
    "Env": {
        "apply_act": 0.058522799999764175,
        "observation_computation": 0.008460000000013679,
        "powerflow_computation": 0.007108999999900334,
        "total": 0.07409179999967819
    },
    "total": 0.09946590000004107
}