{
    "Agent": {
        "total": 0.09043900000006033
    },
    "Env": {
        "apply_act": 0.17522769999959564,
        "observation_computation": 0.03282939999974133,
        "powerflow_computation": 0.030757000000221524,
        "total": 0.2388140999995585
    },
    "total": 0.364028200000007
}