{
    "Agent": {
        "total": 0.004045299999916097
    },
    "Env": {
        "apply_act": 0.004802900000413501,
        "observation_computation": 0.0021388000000115426,
        "powerflow_computation": 0.003268699999580349,
        "total": 0.010210400000005393
    },
    "total": 0.01660819999983687
}