{
    "Agent": {
        "total": 0.02693750022444874
    },
    "Env": {
        "apply_act": 0.13285749987699091,
        "observation_computation": 0.018582699936814606,
        "powerflow_computation": 0.019630500115454197,
        "total": 0.17107069992925972
    },
    "total": 0.2160384999588132
}