{
    "Agent": {
        "total": 0.0472831999995833
    },
    "Env": {
        "apply_act": 0.520751499998596,
        "observation_computation": 0.35882109999977274,
        "powerflow_computation": 0.2884902999999781,
        "total": 1.168062899998347
    },
    "total": 1.5447689999999739
}