{
    "Agent": {
        "total": 0.040667600000375614
    },
    "Env": {
        "apply_act": 0.44536360000006425,
        "observation_computation": 0.3019688999997925,
        "powerflow_computation": 0.24284810000014545,
        "total": 0.9901806000000022
    },
    "total": 1.3041149000000019
}