{
    "Agent": {
        "total": 0.4464158999949177
    },
    "Env": {
        "apply_act": 0.48333100000331797,
        "observation_computation": 0.2910994999970171,
        "powerflow_computation": 0.2543821000003845,
        "total": 1.0288126000007196
    },
    "total": 1.7318665000000237
}