{
    "Agent": {
        "total": 0.06373760034330189
    },
    "Env": {
        "apply_act": 0.16421170008834451,
        "observation_computation": 0.03803229983896017,
        "powerflow_computation": 0.03187689988408238,
        "total": 0.23412089981138706
    },
    "total": 0.3341925999848172
}