{
    "Agent": {
        "total": 0.0007814000127837062
    },
    "Env": {
        "apply_act": 0.0,
        "observation_computation": 0.0,
        "powerflow_computation": 0.0,
        "total": 0.0
    },
    "total": 0.001851300010457635
}