{
    "Agent": {
        "total": 0.03153179994842503
    },
    "Env": {
        "apply_act": 0.10791449999669567,
        "observation_computation": 0.027135299969813786,
        "powerflow_computation": 0.024672799976542592,
        "total": 0.15972259994305205
    },
    "total": 0.21562429999175947
}