{
    "Agent": {
        "total": 0.36238169999933234
    },
    "Env": {
        "apply_act": 0.730545800003938,
        "observation_computation": 0.18097809999903802,
        "powerflow_computation": 0.18311280000034458,
        "total": 1.0946367000033206
    },
    "total": 1.6260794999998325
}