{
    "Agent": {
        "total": 0.0009214999154210091
    },
    "Env": {
        "apply_act": 0.0,
        "observation_computation": 0.0,
        "powerflow_computation": 0.0,
        "total": 0.0
    },
    "total": 0.00209650001488626
}