{
    "Agent": {
        "total": 0.45380990000114707
    },
    "Env": {
        "apply_act": 0.377469900000051,
        "observation_computation": 0.22386409999967327,
        "powerflow_computation": 0.19801290000032168,
        "total": 0.7993469000000459
    },
    "total": 1.4646966000000248
}