{
    "Agent": {
        "total": 0.16089649905916303
    },
    "Env": {
        "apply_act": 0.48193430027458817,
        "observation_computation": 0.07796609832439572,
        "powerflow_computation": 0.06707580049987882,
        "total": 0.6269761990988627
    },
    "total": 0.868521900032647
}