{
    "Agent": {
        "total": 0.3421152002410963
    },
    "Env": {
        "apply_act": 1.6552578000409994,
        "observation_computation": 0.3325759999570437,
        "powerflow_computation": 0.30960829998366535,
        "total": 2.2974420999817085
    },
    "total": 2.9287268000043696
}