{
    "Agent": {
        "total": 0.08923320012399927
    },
    "Env": {
        "apply_act": 0.25110129950917326,
        "observation_computation": 0.04333960000076331,
        "powerflow_computation": 0.04004630006966181,
        "total": 0.3344871995795984
    },
    "total": 0.4653330000001006
}