{
    "Agent": {
        "total": 0.13906140000267442
    },
    "Env": {
        "apply_act": 0.4009207999999944,
        "observation_computation": 0.08476239999799873,
        "powerflow_computation": 0.07372189999955481,
        "total": 0.559405099997548
    },
    "total": 0.7802281000001585
}