{
    "Agent": {
        "total": 0.09540489999926649
    },
    "Env": {
        "apply_act": 0.3592324000201188,
        "observation_computation": 0.057115099974907935,
        "powerflow_computation": 0.048802100092871115,
        "total": 0.46514960008789785
    },
    "total": 0.6135159000114072
}