{
    "Agent": {
        "total": 0.02114069999993262
    },
    "Env": {
        "apply_act": 0.024047999999311287,
        "observation_computation": 0.014106399999946007,
        "powerflow_computation": 0.012568499999815685,
        "total": 0.05072289999907298
    },
    "total": 0.0847779000000628
}