{
    "Agent": {
        "total": 0.014731299999141356
    },
    "Env": {
        "apply_act": 0.1638232999997058,
        "observation_computation": 0.12134350000116001,
        "powerflow_computation": 0.10031579999883888,
        "total": 0.3854825999997047
    },
    "total": 0.511656099999982
}