{
    "Agent": {
        "total": 0.03954090000098631
    },
    "Env": {
        "apply_act": 0.43794870000041897,
        "observation_computation": 0.3168407000006539,
        "powerflow_computation": 0.27002669999990303,
        "total": 1.024816100000976
    },
    "total": 1.3616928000000144
}