{
    "Agent": {
        "total": 0.012132500065490603
    },
    "Env": {
        "apply_act": 0.021792099811136723,
        "observation_computation": 0.0045631000539287925,
        "powerflow_computation": 0.004424900165759027,
        "total": 0.030780100030824542
    },
    "total": 0.04753169999457896
}