{
    "Agent": {
        "total": 0.03774350000004745
    },
    "Env": {
        "apply_act": 0.4269979000001314,
        "observation_computation": 0.2883272999999633,
        "powerflow_computation": 0.2432575999999429,
        "total": 0.9585828000000376
    },
    "total": 1.264221599999999
}