{
    "Agent": {
        "total": 0.07057789991085883
    },
    "Env": {
        "apply_act": 0.27579199998581316,
        "observation_computation": 0.06286500008718576,
        "powerflow_computation": 0.05923750007059425,
        "total": 0.3978945001435932
    },
    "total": 0.5237245999887818
}