{
    "Agent": {
        "total": 0.00403790024574846
    },
    "Env": {
        "apply_act": 0.008869599783793092,
        "observation_computation": 0.0011716000735759735,
        "powerflow_computation": 0.0010572001338005066,
        "total": 0.011098399991169572
    },
    "total": 0.01718950003851205
}