{
    "Agent": {
        "total": 0.20385060110129416
    },
    "Env": {
        "apply_act": 0.7472200015326962,
        "observation_computation": 0.14642809960059822,
        "powerflow_computation": 0.14550220023375005,
        "total": 1.0391503013670444
    },
    "total": 1.3827003999613225
}