{
    "Agent": {
        "total": 0.016232899999991446
    },
    "Env": {
        "apply_act": 0.17599350000000769,
        "observation_computation": 0.12732230000002787,
        "powerflow_computation": 0.10882899999999296,
        "total": 0.4121448000000285
    },
    "total": 0.5509188999999992
}