{
    "Agent": {
        "total": 0.044601900000998285
    },
    "Env": {
        "apply_act": 0.1227124999991247,
        "observation_computation": 0.019532000000253902,
        "powerflow_computation": 0.015897999999197054,
        "total": 0.15814249999857566
    },
    "total": 0.2225404000000708
}