{
    "Agent": {
        "total": 0.005562099860981107
    },
    "Env": {
        "apply_act": 0.013231900054961443,
        "observation_computation": 0.00258120009675622,
        "powerflow_computation": 0.0027182993944734335,
        "total": 0.018531399546191096
    },
    "total": 0.027203300036489964
}