{
    "Agent": {
        "total": 0.005588000058196485
    },
    "Env": {
        "apply_act": 0.011889299843460321,
        "observation_computation": 0.0019757000263780355,
        "powerflow_computation": 0.0024369002785533667,
        "total": 0.016301900148391724
    },
    "total": 0.02404809999279678
}