{
    "Agent": {
        "total": 0.017643000232055783
    },
    "Env": {
        "apply_act": 0.05663029965944588,
        "observation_computation": 0.013292098417878151,
        "powerflow_computation": 0.011350400280207396,
        "total": 0.08127279835753143
    },
    "total": 0.11215590010397136
}