{
    "Agent": {
        "total": 0.12112960000013118
    },
    "Env": {
        "apply_act": 0.23895489999802066,
        "observation_computation": 0.055855299999507224,
        "powerflow_computation": 0.053180400000997,
        "total": 0.3479905999985249
    },
    "total": 0.5221625000000358
}