{
    "Agent": {
        "total": 0.06316169999945487
    },
    "Env": {
        "apply_act": 0.05825940000022456,
        "observation_computation": 0.03250840000077915,
        "powerflow_computation": 0.03526580000038848,
        "total": 0.1260336000013922
    },
    "total": 0.2208212000000458
}