{
    "Agent": {
        "total": 0.05293479922693223
    },
    "Env": {
        "apply_act": 0.15419430029578507,
        "observation_computation": 0.03825320000760257,
        "powerflow_computation": 0.03263370005879551,
        "total": 0.22508120036218315
    },
    "total": 0.3148873000172898
}