{
    "Agent": {
        "total": 0.18021479318849742
    },
    "Env": {
        "apply_act": 0.6427332984749228,
        "observation_computation": 0.1320607978850603,
        "powerflow_computation": 0.12472870014607906,
        "total": 0.8995227965060622
    },
    "total": 1.2063267999328673
}