{
    "Agent": {
        "total": 0.10366760147735476
    },
    "Env": {
        "apply_act": 0.20888990070670843,
        "observation_computation": 0.0530015011318028,
        "powerflow_computation": 0.04759319929871708,
        "total": 0.3094846011372283
    },
    "total": 0.4640233999816701
}