{
    "Agent": {
        "total": 0.04493040032684803
    },
    "Env": {
        "apply_act": 0.15161390020512044,
        "observation_computation": 0.029799399781040847,
        "powerflow_computation": 0.02545889955945313,
        "total": 0.20687219954561442
    },
    "total": 0.28176990000065416
}