{
    "Agent": {
        "total": 0.09895189828239381
    },
    "Env": {
        "apply_act": 0.5283553989138454,
        "observation_computation": 0.07226730044931173,
        "powerflow_computation": 0.06310310051776469,
        "total": 0.6637257998809218
    },
    "total": 0.8313353999983519
}