{
    "Agent": {
        "total": 0.001126000000112981
    },
    "Env": {
        "apply_act": 0.0,
        "observation_computation": 0.0,
        "powerflow_computation": 0.0,
        "total": 0.0
    },
    "total": 0.0034617000000025655
}