{
    "Agent": {
        "total": 0.0007900999999037595
    },
    "Env": {
        "apply_act": 0.0,
        "observation_computation": 0.0,
        "powerflow_computation": 0.0,
        "total": 0.0
    },
    "total": 0.001923399999668618
}