{
    "Agent": {
        "total": 0.018502600025385618
    },
    "Env": {
        "apply_act": 0.06338159926235676,
        "observation_computation": 0.012328900629654527,
        "powerflow_computation": 0.011146598728373647,
        "total": 0.08685709862038493
    },
    "total": 0.11758340010419488
}