{
    "Agent": {
        "total": 0.05839349969755858
    },
    "Env": {
        "apply_act": 0.2594329008134082,
        "observation_computation": 0.04302450001705438,
        "powerflow_computation": 0.038524499628692865,
        "total": 0.34098190045915544
    },
    "total": 0.4395510000176728
}