{
    "Agent": {
        "total": 0.06653710006503388
    },
    "Env": {
        "apply_act": 0.1497386997216381,
        "observation_computation": 0.024872200097888708,
        "powerflow_computation": 0.022166800044942647,
        "total": 0.19677769986446947
    },
    "total": 0.2879049999755807
}