{
    "Agent": {
        "total": 0.4522314984933473
    },
    "Env": {
        "apply_act": 1.665000000037253,
        "observation_computation": 0.41499579866649583,
        "powerflow_computation": 0.35819879930932075,
        "total": 2.4381945980130695
    },
    "total": 3.261200100008864
}