{
    "Agent": {
        "total": 0.034118899999356245
    },
    "Env": {
        "apply_act": 0.3799624999997775,
        "observation_computation": 0.2805898999993417,
        "powerflow_computation": 0.23189700000023095,
        "total": 0.8924493999993501
    },
    "total": 1.1894987999999955
}