{
    "Agent": {
        "total": 0.037571899592876434
    },
    "Env": {
        "apply_act": 0.12480820005293936,
        "observation_computation": 0.028210200369358063,
        "powerflow_computation": 0.02560019923839718,
        "total": 0.1786185996606946
    },
    "total": 0.24283030000515282
}