{
    "Agent": {
        "total": 0.11709599965251982
    },
    "Env": {
        "apply_act": 0.30188849940896034,
        "observation_computation": 0.0696190008893609,
        "powerflow_computation": 0.06538979918695986,
        "total": 0.4368972994852811
    },
    "total": 0.616177000105381
}