{
    "Agent": {
        "total": 0.03252339999994547
    },
    "Env": {
        "apply_act": 0.09560410000153752,
        "observation_computation": 0.02364989999955469,
        "powerflow_computation": 0.02115820000176427,
        "total": 0.14041220000285648
    },
    "total": 0.19572809999999663
}