{
    "Agent": {
        "total": 0.3301170999995975
    },
    "Env": {
        "apply_act": 0.3996947999994518,
        "observation_computation": 0.21743709999805105,
        "powerflow_computation": 0.1897927999982585,
        "total": 0.8069246999957613
    },
    "total": 1.3282689000000119
}