{
    "Agent": {
        "total": 0.252758999929938
    },
    "Env": {
        "apply_act": 0.709193400136428,
        "observation_computation": 0.12603079995460575,
        "powerflow_computation": 0.12294810009916546,
        "total": 0.9581723001901992
    },
    "total": 1.3324189000049955
}