{
    "Agent": {
        "total": 0.04209300200454891
    },
    "Env": {
        "apply_act": 0.0798388016410172,
        "observation_computation": 0.020801497623324394,
        "powerflow_computation": 0.018700501415878534,
        "total": 0.11934080068022013
    },
    "total": 0.180950699839741
}