{
    "Agent": {
        "total": 0.08724820311181247
    },
    "Env": {
        "apply_act": 0.173311201389879,
        "observation_computation": 0.05749339936301112,
        "powerflow_computation": 0.05310290073975921,
        "total": 0.2839075014926493
    },
    "total": 0.4228145000524819
}