{
    "Agent": {
        "total": 0.0385425987187773
    },
    "Env": {
        "apply_act": 0.08383619994856417,
        "observation_computation": 0.01478040055371821,
        "powerflow_computation": 0.012591400649398565,
        "total": 0.11120800115168095
    },
    "total": 0.16478079999797046
}