{
    "Agent": {
        "total": 0.6300321000016993
    },
    "Env": {
        "apply_act": 1.614828199992644,
        "observation_computation": 0.30272799999784183,
        "powerflow_computation": 0.23805299999594354,
        "total": 2.1556091999864293
    },
    "total": 3.0395401999999194
}