{
    "Agent": {
        "total": 0.023514400000749447
    },
    "Env": {
        "apply_act": 0.07370599999921978,
        "observation_computation": 0.017020900000261463,
        "powerflow_computation": 0.014542200001642414,
        "total": 0.10526910000112366
    },
    "total": 0.14531669999996666
}