{
    "Agent": {
        "total": 0.0480442000012431
    },
    "Env": {
        "apply_act": 0.5159099000001106,
        "observation_computation": 0.487177499999234,
        "powerflow_computation": 0.29206129999982977,
        "total": 1.2951486999991744
    },
    "total": 1.6712128000000348
}