{
    "Agent": {
        "total": 0.3118195999966247
    },
    "Env": {
        "apply_act": 0.5581562999989274,
        "observation_computation": 0.1997880000017176,
        "powerflow_computation": 0.17403289999970184,
        "total": 0.9319772000003468
    },
    "total": 1.4226673000000574
}