{
    "Agent": {
        "total": 0.3803818002343178
    },
    "Env": {
        "apply_act": 1.5192492007627152,
        "observation_computation": 0.3429324993630871,
        "powerflow_computation": 0.30379180080490187,
        "total": 2.165973500930704
    },
    "total": 2.850116799992975
}