{
    "Agent": {
        "total": 0.009026200001244433
    },
    "Env": {
        "apply_act": 0.009970299999622512,
        "observation_computation": 0.005365099999380618,
        "powerflow_computation": 0.005886899999495654,
        "total": 0.021222299998498784
    },
    "total": 0.03531090000024051
}