{
    "Agent": {
        "total": 0.12353879999636774
    },
    "Env": {
        "apply_act": 0.40750100000104794,
        "observation_computation": 0.09950600000911436,
        "powerflow_computation": 0.08988489999956073,
        "total": 0.596891900009723
    },
    "total": 0.811749399999826
}