{
    "Agent": {
        "total": 0.3499562999963928
    },
    "Env": {
        "apply_act": 0.4154891000000589,
        "observation_computation": 0.23657669999988684,
        "powerflow_computation": 0.18896400000426183,
        "total": 0.8410298000042076
    },
    "total": 1.3918059000000085
}