{
    "Agent": {
        "total": 0.009126199999940354
    },
    "Env": {
        "apply_act": 0.10501129999997261,
        "observation_computation": 0.07586569999966741,
        "powerflow_computation": 0.06549299999974778,
        "total": 0.2463699999993878
    },
    "total": 0.3255734999999902
}