{
    "Agent": {
        "total": 0.016938800001753407
    },
    "Env": {
        "apply_act": 0.03885439999794471,
        "observation_computation": 0.016746600000260514,
        "powerflow_computation": 0.016176199999790697,
        "total": 0.07177719999799592
    },
    "total": 0.1036405999998351
}