{
    "Agent": {
        "total": 0.6350939999992988
    },
    "Env": {
        "apply_act": 1.3938259999958973,
        "observation_computation": 0.25750919999518374,
        "powerflow_computation": 0.2438328999960504,
        "total": 1.8951680999871314
    },
    "total": 2.750378699999601
}