{
    "Agent": {
        "total": 0.44533560000604666
    },
    "Env": {
        "apply_act": 0.620501999992257,
        "observation_computation": 0.22458169999640631,
        "powerflow_computation": 0.1971308999957273,
        "total": 1.0422145999843906
    },
    "total": 1.7006897000001118
}