{
    "Agent": {
        "total": 0.0036105000000077325
    },
    "Env": {
        "apply_act": 0.04349989999988679,
        "observation_computation": 0.03010999999997921,
        "powerflow_computation": 0.027161399999982905,
        "total": 0.1007712999998489
    },
    "total": 0.13129890000001865
}