{
    "Agent": {
        "total": 0.08905569987837225
    },
    "Env": {
        "apply_act": 0.025907499948516488,
        "observation_computation": 0.005885399878025055,
        "powerflow_computation": 0.005884299986064434,
        "total": 0.03767719981260598
    },
    "total": 0.13232450000941753
}