{
    "Agent": {
        "total": 0.14554120000138937
    },
    "Env": {
        "apply_act": 0.7438716000001477,
        "observation_computation": 0.14709450000236757,
        "powerflow_computation": 0.1299662000024,
        "total": 1.0209323000049153
    },
    "total": 1.2946573999997781
}