{
    "Agent": {
        "total": 0.2711020999993252
    },
    "Env": {
        "apply_act": 0.6027726000000939,
        "observation_computation": 0.12964890000148444,
        "powerflow_computation": 0.1170076000021254,
        "total": 0.8494291000037038
    },
    "total": 1.2442246000000523
}