{
    "Agent": {
        "total": 0.061742299963952973
    },
    "Env": {
        "apply_act": 0.15144359995611012,
        "observation_computation": 0.02835629996843636,
        "powerflow_computation": 0.024943599972175434,
        "total": 0.20474349989672191
    },
    "total": 0.2948174999910407
}