{
    "Agent": {
        "total": 0.023017399999872623
    },
    "Env": {
        "apply_act": 0.26015209999994227,
        "observation_computation": 0.3194767000004788,
        "powerflow_computation": 0.15807129999998892,
        "total": 0.73770010000041
    },
    "total": 0.9382545999999934
}