{
    "Agent": {
        "total": 0.21208320000641834
    },
    "Env": {
        "apply_act": 0.12720509999780916,
        "observation_computation": 0.08178130000578676,
        "powerflow_computation": 0.07481279999865365,
        "total": 0.28379920000224956
    },
    "total": 0.5736016999999265
}