{
    "Agent": {
        "total": 0.04549379996024072
    },
    "Env": {
        "apply_act": 0.16802509734407067,
        "observation_computation": 0.033138100523501635,
        "powerflow_computation": 0.0290265001822263,
        "total": 0.2301896980497986
    },
    "total": 0.3072971999645233
}