{
    "Agent": {
        "total": 0.12883480000164127
    },
    "Env": {
        "apply_act": 0.3866399000016827,
        "observation_computation": 0.06484209999780433,
        "powerflow_computation": 0.05980900000122347,
        "total": 0.5112910000007105
    },
    "total": 0.7021930000000793
}