{
    "Agent": {
        "total": 0.6547205000042595
    },
    "Env": {
        "apply_act": 0.7566016000037052,
        "observation_computation": 0.46205110000096283,
        "powerflow_computation": 0.39213779999977305,
        "total": 1.6107905000044411
    },
    "total": 2.6774467000000186
}