{
    "Agent": {
        "total": 0.1102004999993369
    },
    "Env": {
        "apply_act": 0.3504793000029167,
        "observation_computation": 0.05953890000910178,
        "powerflow_computation": 0.05474870000489318,
        "total": 0.4647669000169117
    },
    "total": 0.6327916000000187
}