{
    "Agent": {
        "total": 0.19397210000124687
    },
    "Env": {
        "apply_act": 0.20933490000288657,
        "observation_computation": 0.09839759999886155,
        "powerflow_computation": 0.08394059999932324,
        "total": 0.39167310000107136
    },
    "total": 0.6815845000000991
}