{
    "Agent": {
        "total": 0.09868090064264834
    },
    "Env": {
        "apply_act": 0.4179508974775672,
        "observation_computation": 0.07581010181456804,
        "powerflow_computation": 0.07076349761337042,
        "total": 0.5645244969055057
    },
    "total": 0.7337511000223458
}