{
    "Agent": {
        "total": 0.27293939984519966
    },
    "Env": {
        "apply_act": 1.100887699809391,
        "observation_computation": 0.16319929994642735,
        "powerflow_computation": 0.13895440008491278,
        "total": 1.4030413998407312
    },
    "total": 1.8250711000000592
}