{
    "Agent": {
        "total": 0.14672549979877658
    },
    "Env": {
        "apply_act": 0.3615299998782575,
        "observation_computation": 0.06347990021458827,
        "powerflow_computation": 0.05429300040123053,
        "total": 0.4793029004940763
    },
    "total": 0.6884489000076428
}