{
    "Agent": {
        "total": 0.24482630000056815
    },
    "Env": {
        "apply_act": 0.3752945000018144,
        "observation_computation": 0.10431570000105239,
        "powerflow_computation": 0.09884209999893301,
        "total": 0.5784523000017998
    },
    "total": 0.9276793000000225
}