{
    "Agent": {
        "total": 0.4252451991196722
    },
    "Env": {
        "apply_act": 0.9017720007104799,
        "observation_computation": 0.2071081988979131,
        "powerflow_computation": 0.18259620014578104,
        "total": 1.291476399754174
    },
    "total": 1.9221401999238878
}