{
    "Agent": {
        "total": 0.21143380692228675
    },
    "Env": {
        "apply_act": 0.7331917039118707,
        "observation_computation": 0.15964939934201539,
        "powerflow_computation": 0.14694400178268552,
        "total": 1.0397851050365716
    },
    "total": 1.4005619999952614
}