{
    "Agent": {
        "total": 0.02692680002655834
    },
    "Env": {
        "apply_act": 0.037477599922567606,
        "observation_computation": 0.006664800341241062,
        "powerflow_computation": 0.006379199912771583,
        "total": 0.05052160017658025
    },
    "total": 0.08419309998862445
}