{
    "Agent": {
        "total": 0.08788729999969291
    },
    "Env": {
        "apply_act": 0.36627330000328584,
        "observation_computation": 0.08752849999928003,
        "powerflow_computation": 0.07414169999947262,
        "total": 0.5279435000020385
    },
    "total": 0.6929420000001301
}