{
    "Agent": {
        "total": 0.10386640089564025
    },
    "Env": {
        "apply_act": 0.2776445001363754,
        "observation_computation": 0.06312929699197412,
        "powerflow_computation": 0.05908369901590049,
        "total": 0.39985749614425004
    },
    "total": 0.560441300040111
}