{
    "Agent": {
        "total": 0.45163609890732914
    },
    "Env": {
        "apply_act": 0.9266935988562182,
        "observation_computation": 0.22534319863189012,
        "powerflow_computation": 0.20250600087456405,
        "total": 1.3545427983626723
    },
    "total": 2.031176200020127
}