{
    "Agent": {
        "total": 0.049996799090877175
    },
    "Env": {
        "apply_act": 0.16618290008045733,
        "observation_computation": 0.032660200260579586,
        "powerflow_computation": 0.02798889926634729,
        "total": 0.2268319996073842
    },
    "total": 0.30957359995227307
}