{
    "Agent": {
        "total": 0.07032219999996414
    },
    "Env": {
        "apply_act": 0.1457402999999431,
        "observation_computation": 0.03247449999969376,
        "powerflow_computation": 0.02735629999995126,
        "total": 0.2055710999995881
    },
    "total": 0.30688469999995505
}