{
    "Agent": {
        "total": 0.000283400000085976
    },
    "Env": {
        "apply_act": 0.003394900000103007,
        "observation_computation": 0.0019171999999798572,
        "powerflow_computation": 0.0031702999999652093,
        "total": 0.008482400000048074
    },
    "total": 0.010784099999995078
}