{
    "Agent": {
        "total": 0.0011085999999522755
    },
    "Env": {
        "apply_act": 0.0,
        "observation_computation": 0.0,
        "powerflow_computation": 0.0,
        "total": 0.0
    },
    "total": 0.0034180999999762207
}