{
    "Agent": {
        "total": 0.014275600000161148
    },
    "Env": {
        "apply_act": 0.169580600000387,
        "observation_computation": 0.12183579999967264,
        "powerflow_computation": 0.10865020000025538,
        "total": 0.400066600000315
    },
    "total": 0.5259585999999956
}