{
    "Agent": {
        "total": 0.34568409999519645
    },
    "Env": {
        "apply_act": 0.4690313999990394,
        "observation_computation": 0.17857010000216178,
        "powerflow_computation": 0.1567403000012746,
        "total": 0.8043418000024758
    },
    "total": 1.3185373000001164
}