{
    "Agent": {
        "total": 0.4519854999866766
    },
    "Env": {
        "apply_act": 2.163857399999415,
        "observation_computation": 0.45190790000242487,
        "powerflow_computation": 0.38996050000241667,
        "total": 3.0057258000042566
    },
    "total": 3.8551762000001872
}