{
    "Agent": {
        "total": 0.13003369999842107
    },
    "Env": {
        "apply_act": 0.22326999999950203,
        "observation_computation": 0.04662870000447583,
        "powerflow_computation": 0.0441283000036492,
        "total": 0.31402700000762707
    },
    "total": 0.4916960000000472
}