{
    "Agent": {
        "total": 0.25360519999912867
    },
    "Env": {
        "apply_act": 0.5315429000006588,
        "observation_computation": 0.08491630000253281,
        "powerflow_computation": 0.07316140000057203,
        "total": 0.6896206000037637
    },
    "total": 1.0249539000001278
}