{
    "Agent": {
        "total": 0.010949300000191897
    },
    "Env": {
        "apply_act": 0.12621010000000865,
        "observation_computation": 0.08958219999976791,
        "powerflow_computation": 0.07800049999995906,
        "total": 0.2937927999997356
    },
    "total": 0.3900017999999932
}