{
    "Agent": {
        "total": 0.4681481012958102
    },
    "Env": {
        "apply_act": 0.9645387007039972,
        "observation_computation": 0.17725860059726983,
        "powerflow_computation": 0.1634811005787924,
        "total": 1.3052784018800594
    },
    "total": 1.9520072999875993
}