{
    "Agent": {
        "total": 0.060548700001163525
    },
    "Env": {
        "apply_act": 0.035858999996889906,
        "observation_computation": 0.022234899998693436,
        "powerflow_computation": 0.020648500003517256,
        "total": 0.0787423999991006
    },
    "total": 0.1609785999999076
}