{
    "Agent": {
        "total": 0.015184199999850989
    },
    "Env": {
        "apply_act": 0.1756734999994478,
        "observation_computation": 0.11102279999971643,
        "powerflow_computation": 0.10492060000035508,
        "total": 0.3916168999995193
    },
    "total": 0.508510699999988
}