{
    "Agent": {
        "total": 0.2992386003606953
    },
    "Env": {
        "apply_act": 1.2423907001502812,
        "observation_computation": 0.1865572000388056,
        "powerflow_computation": 0.16035529991495423,
        "total": 1.589303200104041
    },
    "total": 2.055920499988133
}