{
    "Agent": {
        "total": 0.01437030000033701
    },
    "Env": {
        "apply_act": 0.055546999998568936,
        "observation_computation": 0.013178199998492346,
        "powerflow_computation": 0.011014300000624644,
        "total": 0.07973949999768593
    },
    "total": 0.10789110000041546
}