{
    "Agent": {
        "total": 0.08827300000052674
    },
    "Env": {
        "apply_act": 0.16233279999846673,
        "observation_computation": 0.03420199999845863,
        "powerflow_computation": 0.03347100000064529,
        "total": 0.23000579999757065
    },
    "total": 0.3555005999999139
}