{
    "Agent": {
        "total": 0.008080099476501346
    },
    "Env": {
        "apply_act": 0.01793289976194501,
        "observation_computation": 0.0033754997421056032,
        "powerflow_computation": 0.0036452999338507652,
        "total": 0.024953699437901378
    },
    "total": 0.03656650008633733
}