{
    "Agent": {
        "total": 0.2836584000056064
    },
    "Env": {
        "apply_act": 0.7245395000040844,
        "observation_computation": 0.1588041000022713,
        "powerflow_computation": 0.12515509999775531,
        "total": 1.008498700004111
    },
    "total": 1.432644800000162
}