{
    "Agent": {
        "total": 0.07179779999933089
    },
    "Env": {
        "apply_act": 0.14681170000028487,
        "observation_computation": 0.0267890999998599,
        "powerflow_computation": 0.022812400000816524,
        "total": 0.1964132000009613
    },
    "total": 0.2936427999999296
}