{
    "Agent": {
        "total": 0.04364479990908876
    },
    "Env": {
        "apply_act": 0.18099860001530033,
        "observation_computation": 0.03998820007836912,
        "powerflow_computation": 0.03699359996244311,
        "total": 0.25798040005611256
    },
    "total": 0.33790050000243355
}