{
    "Agent": {
        "total": 0.11542419967008755
    },
    "Env": {
        "apply_act": 0.23433349991682917,
        "observation_computation": 0.04697849997319281,
        "powerflow_computation": 0.04238370031816885,
        "total": 0.32369570020819083
    },
    "total": 0.4846681000199169
}