{
    "Agent": {
        "total": 0.005919399999356756
    },
    "Env": {
        "apply_act": 0.01904510000076698,
        "observation_computation": 0.0038635000007616327,
        "powerflow_computation": 0.004157699999950637,
        "total": 0.02706630000147925
    },
    "total": 0.03687480000007781
}