{
    "Agent": {
        "total": 0.03912090137600899
    },
    "Env": {
        "apply_act": 0.08701869891956449,
        "observation_computation": 0.017323400592431426,
        "powerflow_computation": 0.01557909999974072,
        "total": 0.11992119951173663
    },
    "total": 0.17651310004293919
}