{
    "Agent": {
        "total": 0.007184500000079197
    },
    "Env": {
        "apply_act": 0.08422870000005389,
        "observation_computation": 0.05880800000005593,
        "powerflow_computation": 0.05058929999992756,
        "total": 0.19362600000003738
    },
    "total": 0.2560451999999884
}