{
    "Agent": {
        "total": 0.05378939999997101
    },
    "Env": {
        "apply_act": 0.13004870000014535,
        "observation_computation": 0.024423799999397033,
        "powerflow_computation": 0.02161930000005441,
        "total": 0.1760917999995968
    },
    "total": 0.2537510000000225
}