{
    "Agent": {
        "total": 0.14676130000498233
    },
    "Env": {
        "apply_act": 0.32740190000095026,
        "observation_computation": 0.052370899999004905,
        "powerflow_computation": 0.04792960000304447,
        "total": 0.42770240000299964
    },
    "total": 0.6198324999995748
}