{
    "Agent": {
        "total": 0.01902700000027835
    },
    "Env": {
        "apply_act": 0.09286040000188223,
        "observation_computation": 0.019726100000752922,
        "powerflow_computation": 0.018347099998663907,
        "total": 0.13093360000129906
    },
    "total": 0.16756030000033206
}