{
    "Agent": {
        "total": 0.07465629966463894
    },
    "Env": {
        "apply_act": 0.3162259990349412,
        "observation_computation": 0.05337970075197518,
        "powerflow_computation": 0.045937799965031445,
        "total": 0.4155434997519478
    },
    "total": 0.5413318999344483
}