{
    "Agent": {
        "total": 0.007300500000098964
    },
    "Env": {
        "apply_act": 0.0804235000001654,
        "observation_computation": 0.055206299999895236,
        "powerflow_computation": 0.04547189999999546,
        "total": 0.1811017000000561
    },
    "total": 0.23904659999999467
}