{
    "Agent": {
        "total": 0.428829700003007
    },
    "Env": {
        "apply_act": 1.444316900002832,
        "observation_computation": 0.23011299999825496,
        "powerflow_computation": 0.19574680000005173,
        "total": 1.8701767000011387
    },
    "total": 2.5156872000002295
}