{
    "Agent": {
        "total": 0.012048600000298393
    },
    "Env": {
        "apply_act": 0.0335591999994449,
        "observation_computation": 0.008312400000704656,
        "powerflow_computation": 0.006806999999298569,
        "total": 0.048678599999448124
    },
    "total": 0.06939639999995961
}