{
    "Agent": {
        "total": 0.47053180000125394
    },
    "Env": {
        "apply_act": 0.8138277000009566,
        "observation_computation": 0.29809610000415887,
        "powerflow_computation": 0.2711877999952321,
        "total": 1.3831116000003476
    },
    "total": 2.1179996000000756
}