{
    "Agent": {
        "total": 0.009171099999974786
    },
    "Env": {
        "apply_act": 0.10546650000006252,
        "observation_computation": 0.1894615999999587,
        "powerflow_computation": 0.0649124999997639,
        "total": 0.3598405999997851
    },
    "total": 0.4399122000000091
}