{
    "Agent": {
        "total": 0.002715200000025675
    },
    "Env": {
        "apply_act": 0.030336199999993596,
        "observation_computation": 0.01978800000001968,
        "powerflow_computation": 0.017548500000032163,
        "total": 0.06767270000004544
    },
    "total": 0.08880940000000237
}