{
    "Agent": {
        "total": 0.0074394999998617095
    },
    "Env": {
        "apply_act": 0.08534800000023779,
        "observation_computation": 0.055254300000228795,
        "powerflow_computation": 0.046002799999769195,
        "total": 0.18660510000023578
    },
    "total": 0.2649511999999845
}