{
    "Agent": {
        "total": 0.016915200161747634
    },
    "Env": {
        "apply_act": 0.05926290003117174,
        "observation_computation": 0.011829099501483142,
        "powerflow_computation": 0.009976099827326834,
        "total": 0.08106809935998172
    },
    "total": 0.11099070007912815
}