{
    "Agent": {
        "total": 0.026615400000025602
    },
    "Env": {
        "apply_act": 0.3175366999996925,
        "observation_computation": 0.21412140000026625,
        "powerflow_computation": 0.19749490000000947,
        "total": 0.7291529999999682
    },
    "total": 0.958315099999993
}