{
    "Agent": {
        "total": 0.0948888985440135
    },
    "Env": {
        "apply_act": 0.28259220079053193,
        "observation_computation": 0.04384949989616871,
        "powerflow_computation": 0.04011310078203678,
        "total": 0.3665548014687374
    },
    "total": 0.503699199995026
}