{
    "Agent": {
        "total": 0.20352999935857952
    },
    "Env": {
        "apply_act": 0.49570560071151704,
        "observation_computation": 0.08261209912598133,
        "powerflow_computation": 0.07366160000674427,
        "total": 0.6519792998442426
    },
    "total": 0.9353447000030428
}