{
    "Agent": {
        "total": 0.014307199860922992
    },
    "Env": {
        "apply_act": 0.02835500065702945,
        "observation_computation": 0.009961699484847486,
        "powerflow_computation": 0.008204999496228993,
        "total": 0.04652169963810593
    },
    "total": 0.07198549993336201
}