{
    "Agent": {
        "total": 0.003393900115042925
    },
    "Env": {
        "apply_act": 0.004117200383916497,
        "observation_computation": 0.0021478000562638044,
        "powerflow_computation": 0.0032270001247525215,
        "total": 0.009492000564932823
    },
    "total": 0.015081399818882346
}