{
    "Agent": {
        "total": 0.12209209999855375
    },
    "Env": {
        "apply_act": 0.2195555999987846,
        "observation_computation": 0.053179800000634714,
        "powerflow_computation": 0.046875200000613404,
        "total": 0.3196106000000327
    },
    "total": 0.49669559999983903
}