{
    "Agent": {
        "total": 0.06032859953120351
    },
    "Env": {
        "apply_act": 0.13614060077816248,
        "observation_computation": 0.03032499924302101,
        "powerflow_computation": 0.03307379805482924,
        "total": 0.19953939807601273
    },
    "total": 0.28922090004198253
}