{
    "Agent": {
        "total": 0.004858699999964244
    },
    "Env": {
        "apply_act": 0.0553501000000125,
        "observation_computation": 0.04038140000002244,
        "powerflow_computation": 0.033875700000059794,
        "total": 0.12960720000009474
    },
    "total": 0.1714078999999984
}