{
    "Agent": {
        "total": 0.10959229932632297
    },
    "Env": {
        "apply_act": 0.3463804010534659,
        "observation_computation": 0.07805129862390459,
        "powerflow_computation": 0.06823840003926307,
        "total": 0.49267009971663356
    },
    "total": 0.6768997000763193
}