{
    "Agent": {
        "total": 0.01576610000023493
    },
    "Env": {
        "apply_act": 0.030385599999817714,
        "observation_computation": 0.006022600000164857,
        "powerflow_computation": 0.006062900000131322,
        "total": 0.04247110000011389
    },
    "total": 0.06546099999997068
}