{
    "Agent": {
        "total": 0.19481469994934741
    },
    "Env": {
        "apply_act": 0.525593900027161,
        "observation_computation": 0.0841329000031692,
        "powerflow_computation": 0.0790671999566257,
        "total": 0.6887939999869559
    },
    "total": 0.9652247000049101
}