{
    "Agent": {
        "total": 0.002668699999858859
    },
    "Env": {
        "apply_act": 0.03008680000000652,
        "observation_computation": 0.020677500000118698,
        "powerflow_computation": 0.019298100000000318,
        "total": 0.07006240000012554
    },
    "total": 0.09232919999999467
}