{
    "Agent": {
        "total": 0.04589670058339834
    },
    "Env": {
        "apply_act": 0.12040470005013049,
        "observation_computation": 0.03122810006607324,
        "powerflow_computation": 0.0265849995194003,
        "total": 0.17821779963560402
    },
    "total": 0.254530799924396
}