{
    "Agent": {
        "total": 0.03441570000723004
    },
    "Env": {
        "apply_act": 0.09272140054963529,
        "observation_computation": 0.015332801965996623,
        "powerflow_computation": 0.01311130216345191,
        "total": 0.12116550467908382
    },
    "total": 0.17112069996073842
}