{
    "Agent": {
        "total": 0.2981077000104051
    },
    "Env": {
        "apply_act": 0.7554344999989553,
        "observation_computation": 0.13121140000203013,
        "powerflow_computation": 0.10798029999841674,
        "total": 0.9946261999994022
    },
    "total": 1.4035492000002705
}