{
    "Agent": {
        "total": 0.04595980004523881
    },
    "Env": {
        "apply_act": 0.009711399994557723,
        "observation_computation": 0.0034770000202115625,
        "powerflow_computation": 0.0044077999773435295,
        "total": 0.017596199992112815
    },
    "total": 0.06769769999664277
}