{
    "Agent": {
        "total": 0.2479118998744525
    },
    "Env": {
        "apply_act": 0.752466300073138,
        "observation_computation": 0.11451440005475888,
        "powerflow_computation": 0.0984992000303464,
        "total": 0.9654799001582433
    },
    "total": 1.3227561000021524
}