{
    "Agent": {
        "total": 0.30212210000058803
    },
    "Env": {
        "apply_act": 0.4406265999982679,
        "observation_computation": 0.19637840000063989,
        "powerflow_computation": 0.1730275000002166,
        "total": 0.8100324999991244
    },
    "total": 1.2863906000000043
}