{
    "Agent": {
        "total": 0.006893999999988409
    },
    "Env": {
        "apply_act": 0.10925740000010364,
        "observation_computation": 0.05627280000044266,
        "powerflow_computation": 0.05234119999988707,
        "total": 0.21787140000043337
    },
    "total": 0.2791804999999954
}