{
    "Agent": {
        "total": 0.11134999999467254
    },
    "Env": {
        "apply_act": 0.4735086999935447,
        "observation_computation": 0.1107001999998829,
        "powerflow_computation": 0.09376399999791829,
        "total": 0.6779728999913459
    },
    "total": 0.8867506999999932
}