{
    "Agent": {
        "total": 0.0018232000000182325
    },
    "Env": {
        "apply_act": 0.023683500000103663,
        "observation_computation": 0.0164696999998597,
        "powerflow_computation": 0.014158899999955565,
        "total": 0.05431209999991893
    },
    "total": 0.07083010000000911
}