{
    "Agent": {
        "total": 0.2966572000004817
    },
    "Env": {
        "apply_act": 1.3265386000039143,
        "observation_computation": 0.22209339999335498,
        "powerflow_computation": 0.21664580001106515,
        "total": 1.7652778000083345
    },
    "total": 2.2613836000000447
}