{
    "Agent": {
        "total": 0.00904139999971676
    },
    "Env": {
        "apply_act": 0.105480300000238,
        "observation_computation": 0.06720719999987068,
        "powerflow_computation": 0.06241730000033385,
        "total": 0.23510480000044254
    },
    "total": 0.30789579999998296
}