{
    "Agent": {
        "total": 0.006483700000075032
    },
    "Env": {
        "apply_act": 0.07555240000010599,
        "observation_computation": 0.055712099999993825,
        "powerflow_computation": 0.04653080000034038,
        "total": 0.1777953000004402
    },
    "total": 0.235923200000002
}