{
    "Agent": {
        "total": 0.10681100015062839
    },
    "Env": {
        "apply_act": 0.4290667995810509,
        "observation_computation": 0.07959599909372628,
        "powerflow_computation": 0.07638310070615262,
        "total": 0.5850458993809298
    },
    "total": 0.7677140000741929
}