{
    "Agent": {
        "total": 0.04155679999962558
    },
    "Env": {
        "apply_act": 0.14111659999912263,
        "observation_computation": 0.030117099998278718,
        "powerflow_computation": 0.02644910000026357,
        "total": 0.19768279999766492
    },
    "total": 0.26813259999994443
}