{
    "Agent": {
        "total": 0.029581800219602883
    },
    "Env": {
        "apply_act": 0.0885058999992907,
        "observation_computation": 0.021798799163661897,
        "powerflow_computation": 0.01875290006864816,
        "total": 0.12905759923160076
    },
    "total": 0.17933100007940084
}