{
    "Agent": {
        "total": 0.026168500000068207
    },
    "Env": {
        "apply_act": 0.27255429999951275,
        "observation_computation": 0.39706950000018537,
        "powerflow_computation": 0.16941399999998907,
        "total": 0.8390377999996872
    },
    "total": 1.0508249000000092
}