{
    "Agent": {
        "total": 0.1140243000263581
    },
    "Env": {
        "apply_act": 0.5780402999662329,
        "observation_computation": 0.10533560007752385,
        "powerflow_computation": 0.09256329991330858,
        "total": 0.7759391999570653
    },
    "total": 0.9824649000074714
}