{
    "Agent": {
        "total": 0.13972400047350675
    },
    "Env": {
        "apply_act": 0.2960064000217244,
        "observation_computation": 0.074252700782381,
        "powerflow_computation": 0.06347559974528849,
        "total": 0.4337347005493939
    },
    "total": 0.6431671999162063
}