{
    "Agent": {
        "total": 0.4783473999968919
    },
    "Env": {
        "apply_act": 2.438694299997678,
        "observation_computation": 0.4685254000014538,
        "powerflow_computation": 0.39658120000103736,
        "total": 3.3038009000001693
    },
    "total": 4.1931595999999445
}