{
    "Agent": {
        "total": 0.18442600000048515
    },
    "Env": {
        "apply_act": 0.1926535999996304,
        "observation_computation": 0.11895710000112558,
        "powerflow_computation": 0.09783549999929164,
        "total": 0.4094462000000476
    },
    "total": 0.69870590000005
}