{
    "Agent": {
        "total": 0.023470500018447638
    },
    "Env": {
        "apply_act": 0.10027200002514292,
        "observation_computation": 0.02258839993737638,
        "powerflow_computation": 0.020774800039362162,
        "total": 0.14363520000188146
    },
    "total": 0.1870615999941947
}