{
    "Agent": {
        "total": 0.0007471999851986766
    },
    "Env": {
        "apply_act": 0.0,
        "observation_computation": 0.0,
        "powerflow_computation": 0.0,
        "total": 0.0
    },
    "total": 0.001812300062738359
}