{
    "Agent": {
        "total": 0.16677660000061678
    },
    "Env": {
        "apply_act": 0.2846125999999458,
        "observation_computation": 0.1154513999995288,
        "powerflow_computation": 0.09501529999954528,
        "total": 0.4950792999990199
    },
    "total": 0.7641550000000734
}