{
    "Agent": {
        "total": 0.3239436000085334
    },
    "Env": {
        "apply_act": 0.7144904000024326,
        "observation_computation": 0.15708250000534463,
        "powerflow_computation": 0.12394689999837283,
        "total": 0.99551980000615
    },
    "total": 1.4503001000002769
}