{
    "Agent": {
        "total": 0.2051479034125805
    },
    "Env": {
        "apply_act": 0.7817977978847921,
        "observation_computation": 0.1490472995210439,
        "powerflow_computation": 0.1316119022667408,
        "total": 1.0624569996725768
    },
    "total": 1.4101777999894693
}