{
    "Agent": {
        "total": 0.2003575999999221
    },
    "Env": {
        "apply_act": 0.8254121999999384,
        "observation_computation": 0.5603349999999914,
        "powerflow_computation": 0.4627083999999435,
        "total": 1.8484555999998733
    },
    "total": 2.564290200000002
}