{
    "Agent": {
        "total": 0.2095275999995465
    },
    "Env": {
        "apply_act": 0.19596460000116167,
        "observation_computation": 0.10132530000237239,
        "powerflow_computation": 0.09061039999937748,
        "total": 0.38790030000291154
    },
    "total": 0.6942230000001928
}