{
    "Agent": {
        "total": 0.08212649999995847
    },
    "Env": {
        "apply_act": 0.17808860000008053,
        "observation_computation": 0.031836099999623,
        "powerflow_computation": 0.028844200000435194,
        "total": 0.23876890000013873
    },
    "total": 0.35322009999998727
}