{
    "Agent": {
        "total": 0.10259310000162714
    },
    "Env": {
        "apply_act": 1.1411711999998033,
        "observation_computation": 0.775084199999867,
        "powerflow_computation": 0.6816472000016347,
        "total": 2.597902600001305
    },
    "total": 3.4185644000000366
}