{
    "Agent": {
        "total": 1.1897481000087282
    },
    "Env": {
        "apply_act": 0.8560690000003888,
        "observation_computation": 0.4397472000000562,
        "powerflow_computation": 0.37509690001297713,
        "total": 1.670913100013422
    },
    "total": 3.275007100000039
}