{
    "Agent": {
        "total": 0.00957029964774847
    },
    "Env": {
        "apply_act": 0.018530399771407247,
        "observation_computation": 0.0042481995187699795,
        "powerflow_computation": 0.003956300439313054,
        "total": 0.02673489972949028
    },
    "total": 0.04045119998045266
}