{
    "Agent": {
        "total": 0.07352639999817256
    },
    "Env": {
        "apply_act": 0.22059690000151022,
        "observation_computation": 0.04905449999932898,
        "powerflow_computation": 0.04090280000173152,
        "total": 0.3105542000025707
    },
    "total": 0.43047870000009425
}