{
    "Agent": {
        "total": 5.5921745999980885
    },
    "Env": {
        "apply_act": 10.145018399996161,
        "observation_computation": 2.451011899996729,
        "powerflow_computation": 2.1343676000026335,
        "total": 14.730397899995523
    },
    "total": 22.753378100000077
}