{
    "Agent": {
        "total": 0.029392400028882548
    },
    "Env": {
        "apply_act": 0.006431899993913248,
        "observation_computation": 0.0019190000020898879,
        "powerflow_computation": 0.0033306999830529094,
        "total": 0.011681599979056045
    },
    "total": 0.04360389997600578
}