{
    "Agent": {
        "total": 0.21153140091337264
    },
    "Env": {
        "apply_act": 0.8184165997663513,
        "observation_computation": 0.16198630328290164,
        "powerflow_computation": 0.14139259792864323,
        "total": 1.1217955009778962
    },
    "total": 1.4848986000288278
}