{
    "Agent": {
        "total": 0.03675910003948957
    },
    "Env": {
        "apply_act": 0.11287189938593656,
        "observation_computation": 0.019174099899828434,
        "powerflow_computation": 0.016622300841845572,
        "total": 0.14866830012761056
    },
    "total": 0.2047753999941051
}