{
    "Agent": {
        "total": 0.056058600661344826
    },
    "Env": {
        "apply_act": 0.1133880007546395,
        "observation_computation": 0.026667799917049706,
        "powerflow_computation": 0.022766100126318634,
        "total": 0.16282190079800785
    },
    "total": 0.2452332000248134
}