{
    "Agent": {
        "total": 0.25307540000142126
    },
    "Env": {
        "apply_act": 0.38582730000041465,
        "observation_computation": 0.17529350000074828,
        "powerflow_computation": 0.14742980000028183,
        "total": 0.7085506000014448
    },
    "total": 1.1179243999999926
}