{
    "Agent": {
        "total": 0.011244099999885293
    },
    "Env": {
        "apply_act": 0.12290160000000583,
        "observation_computation": 0.0824184000000372,
        "powerflow_computation": 0.07084350000019413,
        "total": 0.27616350000023715
    },
    "total": 0.3630767000000077
}