{
    "Agent": {
        "total": 0.017884200000011674
    },
    "Env": {
        "apply_act": 0.20383829999988023,
        "observation_computation": 0.14647300000005714,
        "powerflow_computation": 0.1315964000000065,
        "total": 0.4819076999999439
    },
    "total": 0.6390862000000013
}