{
    "Agent": {
        "total": 0.4969430999983615
    },
    "Env": {
        "apply_act": 0.4591314000001603,
        "observation_computation": 0.2587076000003208,
        "powerflow_computation": 0.23418530000253668,
        "total": 0.9520243000030177
    },
    "total": 1.6933197000000746
}