{
    "Agent": {
        "total": 0.027336699999921166
    },
    "Env": {
        "apply_act": 0.3167932000006317,
        "observation_computation": 0.21012850000028038,
        "powerflow_computation": 0.18186029999981201,
        "total": 0.7087820000007241
    },
    "total": 0.9288279999999531
}