{
    "Agent": {
        "total": 0.41630579996854067
    },
    "Env": {
        "apply_act": 1.0149286000523716,
        "observation_computation": 0.18526270016445778,
        "powerflow_computation": 0.1548104002722539,
        "total": 1.3550017004890833
    },
    "total": 1.95372329998645
}