{
    "Agent": {
        "total": 0.048349799995776266
    },
    "Env": {
        "apply_act": 0.18774759996449575,
        "observation_computation": 0.04254339997714851,
        "powerflow_computation": 0.03635180006676819,
        "total": 0.26664280000841245
    },
    "total": 0.3554491999966558
}