{
    "Agent": {
        "total": 0.05555729940533638
    },
    "Env": {
        "apply_act": 0.14596279989928007,
        "observation_computation": 0.03367939998861402,
        "powerflow_computation": 0.028880500234663486,
        "total": 0.20852270012255758
    },
    "total": 0.2968569000950083
}