{
    "Agent": {
        "total": 0.01897299976553768
    },
    "Env": {
        "apply_act": 0.0611237995326519,
        "observation_computation": 0.013417399837635458,
        "powerflow_computation": 0.011415400076657534,
        "total": 0.08595659944694489
    },
    "total": 0.11867009999696165
}