{
    "Agent": {
        "total": 0.08488920000013422
    },
    "Env": {
        "apply_act": 0.19416700000050469,
        "observation_computation": 0.0344759999999269,
        "powerflow_computation": 0.0375611000000049,
        "total": 0.2662041000004365
    },
    "total": 0.38877970000004325
}