{
    "Agent": {
        "total": 0.05133290000009083
    },
    "Env": {
        "apply_act": 0.11703279999977667,
        "observation_computation": 0.0218007000002558,
        "powerflow_computation": 0.02007669999989048,
        "total": 0.15891019999992295
    },
    "total": 0.23274070000002212
}