{
    "Agent": {
        "total": 0.05914360000315355
    },
    "Env": {
        "apply_act": 0.17446229999768548,
        "observation_computation": 0.028793199962819926,
        "powerflow_computation": 0.023976700118510053,
        "total": 0.22723220007901546
    },
    "total": 0.3163974999988568
}