{
    "Agent": {
        "total": 0.46548120000352355
    },
    "Env": {
        "apply_act": 1.5118313999901147,
        "observation_computation": 0.22630639998624247,
        "powerflow_computation": 0.20400550000340445,
        "total": 1.9421432999797617
    },
    "total": 2.621522299999924
}