{
    "Agent": {
        "total": 0.01432269999941127
    },
    "Env": {
        "apply_act": 0.06277050000062445,
        "observation_computation": 0.014072399998440233,
        "powerflow_computation": 0.012110999997730687,
        "total": 0.08895389999679537
    },
    "total": 0.11754830000018046
}