{
    "Agent": {
        "total": 0.12775170017266646
    },
    "Env": {
        "apply_act": 0.26050680020125583,
        "observation_computation": 0.044895400234963745,
        "powerflow_computation": 0.04006489977473393,
        "total": 0.3454671002109535
    },
    "total": 0.5185337000293657
}