{
    "Agent": {
        "total": 0.004785099999821796
    },
    "Env": {
        "apply_act": 0.014872900000113987,
        "observation_computation": 0.002155199999947399,
        "powerflow_computation": 0.0018655000001217559,
        "total": 0.01889360000018314
    },
    "total": 0.027898400000026413
}