{
    "Agent": {
        "total": 0.11676920000195423
    },
    "Env": {
        "apply_act": 0.16661269999895012,
        "observation_computation": 0.05577009999865368,
        "powerflow_computation": 0.04512659999886637,
        "total": 0.26750939999647017
    },
    "total": 0.43849100000011276
}