{
    "Agent": {
        "total": 0.27585269999860884
    },
    "Env": {
        "apply_act": 0.5983996999993906,
        "observation_computation": 0.1318595999993022,
        "powerflow_computation": 0.12207269999782966,
        "total": 0.8523319999965224
    },
    "total": 1.2559059000000161
}