{
    "Agent": {
        "total": 0.005648900056257844
    },
    "Env": {
        "apply_act": 0.01638169982470572,
        "observation_computation": 0.0035550000611692667,
        "powerflow_computation": 0.0035879001952707767,
        "total": 0.023524600081145763
    },
    "total": 0.03279109997674823
}