{
    "Agent": {
        "total": 0.058086599688977
    },
    "Env": {
        "apply_act": 0.13661899976432323,
        "observation_computation": 0.024572900380007923,
        "powerflow_computation": 0.020391899859532714,
        "total": 0.18158380000386387
    },
    "total": 0.264357200008817
}