{
    "Agent": {
        "total": 0.14589969965163618
    },
    "Env": {
        "apply_act": 0.17683729890268296,
        "observation_computation": 0.09204880020115525,
        "powerflow_computation": 0.08656799944583327,
        "total": 0.35545409854967147
    },
    "total": 0.5836521000601351
}