{
    "Agent": {
        "total": 0.23348220018669963
    },
    "Env": {
        "apply_act": 0.4404081979300827,
        "observation_computation": 0.1134645992424339,
        "powerflow_computation": 0.09809570177458227,
        "total": 0.6519684989470989
    },
    "total": 0.999512700131163
}