{
    "Agent": {
        "total": 0.04566990000012083
    },
    "Env": {
        "apply_act": 0.10626699999909306,
        "observation_computation": 0.019707100000346145,
        "powerflow_computation": 0.01689859999987675,
        "total": 0.14287269999931596
    },
    "total": 0.20792849999997998
}