{
    "Agent": {
        "total": 0.2832938992069103
    },
    "Env": {
        "apply_act": 0.5703567995806225,
        "observation_computation": 0.10236539976904169,
        "powerflow_computation": 0.09157580079045147,
        "total": 0.7642980001401156
    },
    "total": 1.1503242999897338
}