{
    "Agent": {
        "total": 0.37405429999603257
    },
    "Env": {
        "apply_act": 0.4177479000022686,
        "observation_computation": 0.1767723000004935,
        "powerflow_computation": 0.15249800000015057,
        "total": 0.7470182000029126
    },
    "total": 1.2868343999998615
}