{
    "Agent": {
        "total": 0.13068939999629947
    },
    "Env": {
        "apply_act": 0.18897409999954107,
        "observation_computation": 0.06387760000188791,
        "powerflow_computation": 0.05974150000224654,
        "total": 0.3125932000036755
    },
    "total": 0.5023985000000266
}