{
    "Agent": {
        "total": 0.055094400000371024
    },
    "Env": {
        "apply_act": 0.16478979999806143,
        "observation_computation": 0.03889089999870521,
        "powerflow_computation": 0.03421549999825402,
        "total": 0.23789619999502065
    },
    "total": 0.3302460999998402
}