{
    "Agent": {
        "total": 0.03778049999914401
    },
    "Env": {
        "apply_act": 0.1178897999984656,
        "observation_computation": 0.027390300000433854,
        "powerflow_computation": 0.023837499998762723,
        "total": 0.16911759999766218
    },
    "total": 0.23239390000003368
}