{
    "Agent": {
        "total": 0.3356313966214657
    },
    "Env": {
        "apply_act": 0.6236867965199053,
        "observation_computation": 0.15720060071907938,
        "powerflow_computation": 0.14164160192012787,
        "total": 0.9225289991591126
    },
    "total": 1.4092194000259042
}