{
    "Agent": {
        "total": 0.20589409999911368
    },
    "Env": {
        "apply_act": 0.2962965000008353,
        "observation_computation": 0.13336660000072698,
        "powerflow_computation": 0.1185115999998061,
        "total": 0.5481747000013684
    },
    "total": 0.8704555999999002
}