{
    "Agent": {
        "total": 0.14018009999927017
    },
    "Env": {
        "apply_act": 0.08223300000099698,
        "observation_computation": 0.05140990000018064,
        "powerflow_computation": 0.045389400002932234,
        "total": 0.17903230000410986
    },
    "total": 0.3694783999999345
}