{
    "Agent": {
        "total": 0.13486839999927724
    },
    "Env": {
        "apply_act": 0.3950097000006281,
        "observation_computation": 0.0955051999983425,
        "powerflow_computation": 0.08466890000090643,
        "total": 0.575183799999877
    },
    "total": 0.792441800000006
}