{
    "Agent": {
        "total": 0.15674770204350352
    },
    "Env": {
        "apply_act": 0.38162849796935916,
        "observation_computation": 0.07298179809004068,
        "powerflow_computation": 0.06529169948771596,
        "total": 0.5199019955471158
    },
    "total": 0.7522020998876542
}