{
    "Agent": {
        "total": 0.10345809994032606
    },
    "Env": {
        "apply_act": 0.28158349997829646,
        "observation_computation": 0.04702129992074333,
        "powerflow_computation": 0.04052999964915216,
        "total": 0.36913479954819195
    },
    "total": 0.5183454000216443
}