{
    "Agent": {
        "total": 0.08522879821248353
    },
    "Env": {
        "apply_act": 0.16731800325214863,
        "observation_computation": 0.04345569876022637,
        "powerflow_computation": 0.03679360169917345,
        "total": 0.24756730371154845
    },
    "total": 0.37394289998337626
}