{
    "Agent": {
        "total": 0.17231320000246342
    },
    "Env": {
        "apply_act": 0.09754209999755403,
        "observation_computation": 0.06414999999651627,
        "powerflow_computation": 0.056172399996285094,
        "total": 0.2178644999903554
    },
    "total": 0.45120720000068104
}