{
    "Agent": {
        "total": 0.019820499999241292
    },
    "Env": {
        "apply_act": 0.06227139999873543,
        "observation_computation": 0.014765199999146716,
        "powerflow_computation": 0.015044899999793415,
        "total": 0.09208149999767556
    },
    "total": 0.12670319999983803
}