{
    "Agent": {
        "total": 0.8110440999951152
    },
    "Env": {
        "apply_act": 0.9750497999948493,
        "observation_computation": 0.386266400001432,
        "powerflow_computation": 0.34677430000169807,
        "total": 1.7080904999979794
    },
    "total": 2.8871513999999934
}