{
    "Agent": {
        "total": 0.4492250000112108
    },
    "Env": {
        "apply_act": 0.2601832999926046,
        "observation_computation": 0.16146790001221234,
        "powerflow_computation": 0.1450318999868614,
        "total": 0.5666830999916783
    },
    "total": 1.1698218000001361
}