{
    "Agent": {
        "total": 0.2926445000016429
    },
    "Env": {
        "apply_act": 0.8206946999962383,
        "observation_computation": 0.13880790000303023,
        "powerflow_computation": 0.14085740000336955,
        "total": 1.1003600000026381
    },
    "total": 1.526439499999924
}