{
    "Agent": {
        "total": 0.19296230000782089
    },
    "Env": {
        "apply_act": 0.6174722000132533,
        "observation_computation": 0.0907050999940111,
        "powerflow_computation": 0.07789859999957116,
        "total": 0.7860759000068356
    },
    "total": 1.0673919000000751
}