{
    "Agent": {
        "total": 0.03839969999947357
    },
    "Env": {
        "apply_act": 0.41819349999957467,
        "observation_computation": 0.309247100000249,
        "powerflow_computation": 0.26475390000004495,
        "total": 0.9921944999998686
    },
    "total": 1.3183622999999898
}