{
    "Agent": {
        "total": 0.02565179999990619
    },
    "Env": {
        "apply_act": 0.27827130000059697,
        "observation_computation": 0.20449849999994285,
        "powerflow_computation": 0.17154850000042643,
        "total": 0.6543183000009662
    },
    "total": 0.869430699999981
}