{
    "Agent": {
        "total": 0.11504369994509034
    },
    "Env": {
        "apply_act": 0.0235130000510253,
        "observation_computation": 0.010014899948146194,
        "powerflow_computation": 0.00941400000010617,
        "total": 0.042941899999277666
    },
    "total": 0.16883129999041557
}