{
    "Agent": {
        "total": 0.003267800000060106
    },
    "Env": {
        "apply_act": 0.03597049999999058,
        "observation_computation": 0.025843600000001743,
        "powerflow_computation": 0.022304899999994632,
        "total": 0.08411899999998695
    },
    "total": 0.11248900000001072
}