{
    "Agent": {
        "total": 0.5060163997113705
    },
    "Env": {
        "apply_act": 1.1260717005934566,
        "observation_computation": 0.30323980026878417,
        "powerflow_computation": 0.25541079859249294,
        "total": 1.6847222994547337
    },
    "total": 2.463326899916865
}