{
    "Agent": {
        "total": 0.053261099790688604
    },
    "Env": {
        "apply_act": 0.11273919994710013,
        "observation_computation": 0.021194100088905543,
        "powerflow_computation": 0.020878300012554973,
        "total": 0.15481160004856065
    },
    "total": 0.23030449997168034
}