{
    "Agent": {
        "total": 0.6750422000013714
    },
    "Env": {
        "apply_act": 0.7800797999987026,
        "observation_computation": 0.47577979999982745,
        "powerflow_computation": 0.4080051000025833,
        "total": 1.6638647000011133
    },
    "total": 2.7511687999999594
}