{
    "Agent": {
        "total": 0.19015300000069146
    },
    "Env": {
        "apply_act": 0.3760531000004903,
        "observation_computation": 0.08436069999993379,
        "powerflow_computation": 0.08041210000055798,
        "total": 0.5408259000009821
    },
    "total": 0.8194664000000103
}