{
    "Agent": {
        "total": 0.00668439999981274
    },
    "Env": {
        "apply_act": 0.037444399999458255,
        "observation_computation": 0.006001799999921786,
        "powerflow_computation": 0.007643200000075012,
        "total": 0.051089399999455054
    },
    "total": 0.06345470000042042
}