{
    "Agent": {
        "total": 0.055346199999689816
    },
    "Env": {
        "apply_act": 0.11155740000026526,
        "observation_computation": 0.023653600000557162,
        "powerflow_computation": 0.021209400000770984,
        "total": 0.1564204000015934
    },
    "total": 0.23503969999990204
}