{
    "Agent": {
        "total": 0.1448258993914351
    },
    "Env": {
        "apply_act": 0.17965719965286553,
        "observation_computation": 0.10079179971944541,
        "powerflow_computation": 0.09541070042178035,
        "total": 0.3758596997940913
    },
    "total": 0.609402900096029
}