{
    "Agent": {
        "total": 0.09379709884524345
    },
    "Env": {
        "apply_act": 0.39263790019322187,
        "observation_computation": 0.06869990029372275,
        "powerflow_computation": 0.05861029925290495,
        "total": 0.5199480997398496
    },
    "total": 0.6781494000460953
}