{
    "Agent": {
        "total": 0.11823200000048928
    },
    "Env": {
        "apply_act": 0.10291850000157865,
        "observation_computation": 0.05844399999887173,
        "powerflow_computation": 0.053207500002145025,
        "total": 0.2145700000025954
    },
    "total": 0.38580799999999726
}