{
    "Agent": {
        "total": 0.013465900000031894
    },
    "Env": {
        "apply_act": 0.1531124000000048,
        "observation_computation": 0.11292890000001776,
        "powerflow_computation": 0.09556940000002356,
        "total": 0.36161070000004614
    },
    "total": 0.4792069000000012
}