{
    "Agent": {
        "total": 0.44151650000458176
    },
    "Env": {
        "apply_act": 1.123456799993619,
        "observation_computation": 0.16423290000784618,
        "powerflow_computation": 0.15209989999857498,
        "total": 1.43978960000004
    },
    "total": 2.0326391999997213
}