{
    "Agent": {
        "total": 0.1205055988393724
    },
    "Env": {
        "apply_act": 0.42430620011873543,
        "observation_computation": 0.0858959008473903,
        "powerflow_computation": 0.07608279935084283,
        "total": 0.5862849003169686
    },
    "total": 0.7879790000151843
}