{
    "Agent": {
        "total": 0.024913900000456124
    },
    "Env": {
        "apply_act": 0.05337340000016866,
        "observation_computation": 0.011742000000253938,
        "powerflow_computation": 0.01153510000017377,
        "total": 0.07665050000059637
    },
    "total": 0.11302309999996396
}