{
    "Agent": {
        "total": 0.6940777000854723
    },
    "Env": {
        "apply_act": 1.927903099131072,
        "observation_computation": 0.32549320059479214,
        "powerflow_computation": 0.2827954999229405,
        "total": 2.5361917996488046
    },
    "total": 3.5416743000096176
}