{
    "Agent": {
        "total": 0.008157399999930703
    },
    "Env": {
        "apply_act": 0.09071139999997513,
        "observation_computation": 0.06339580000000922,
        "powerflow_computation": 0.051561199999994756,
        "total": 0.2056683999999791
    },
    "total": 0.2789199999999994
}