{
    "Agent": {
        "total": 0.12042629989446141
    },
    "Env": {
        "apply_act": 0.3490965998789761,
        "observation_computation": 0.05405790009535849,
        "powerflow_computation": 0.04689659990253858,
        "total": 0.4500510998768732
    },
    "total": 0.6226610999729019
}