{
    "Agent": {
        "total": 0.03805679999973677
    },
    "Env": {
        "apply_act": 0.3928769999998565,
        "observation_computation": 0.4093820999997888,
        "powerflow_computation": 0.24547190000006935,
        "total": 1.0477309999997146
    },
    "total": 1.35145159999999
}