{
    "Agent": {
        "total": 0.08625540044158697
    },
    "Env": {
        "apply_act": 0.15656390006188303,
        "observation_computation": 0.02738209895323962,
        "powerflow_computation": 0.02328200067859143,
        "total": 0.20722799969371408
    },
    "total": 0.3205226000864059
}