{
    "Agent": {
        "total": 0.04075829964131117
    },
    "Env": {
        "apply_act": 0.1200678002787754,
        "observation_computation": 0.02072170004248619,
        "powerflow_computation": 0.01749659946653992,
        "total": 0.1582860997878015
    },
    "total": 0.2194642999675125
}