{
    "Agent": {
        "total": 0.018837600000296106
    },
    "Env": {
        "apply_act": 0.19854959999960897,
        "observation_computation": 0.14384639999977367,
        "powerflow_computation": 0.12723400000015772,
        "total": 0.46962999999954036
    },
    "total": 0.6264260000000093
}