{
    "Agent": {
        "total": 0.013058899999691675
    },
    "Env": {
        "apply_act": 0.14683270000040238,
        "observation_computation": 0.10114680000020826,
        "powerflow_computation": 0.08253849999942986,
        "total": 0.3305180000000405
    },
    "total": 0.4358818000000042
}