{
    "Agent": {
        "total": 0.21424410154577345
    },
    "Env": {
        "apply_act": 0.777746400795877,
        "observation_computation": 0.14417029940523207,
        "powerflow_computation": 0.12956020038109273,
        "total": 1.0514769005822018
    },
    "total": 1.40600469999481
}