{
    "Agent": {
        "total": 0.039236799999571303
    },
    "Env": {
        "apply_act": 0.078605100000118,
        "observation_computation": 0.020721199999911732,
        "powerflow_computation": 0.01607390000003761,
        "total": 0.11540020000006734
    },
    "total": 0.17485759999999573
}