{
    "Agent": {
        "total": 0.07084909999980482
    },
    "Env": {
        "apply_act": 0.13808870000059414,
        "observation_computation": 0.02930870000000141,
        "powerflow_computation": 0.027145099999643207,
        "total": 0.19454250000023876
    },
    "total": 0.29800520000003416
}