{
    "Agent": {
        "total": 0.01545439999864584
    },
    "Env": {
        "apply_act": 0.1712969000008684,
        "observation_computation": 0.13037220000018124,
        "powerflow_computation": 0.10566470000020445,
        "total": 0.4073338000012541
    },
    "total": 0.5390103000000295
}