{
    "Agent": {
        "total": 0.3803224971052259
    },
    "Env": {
        "apply_act": 0.7857034986373037,
        "observation_computation": 0.18446860159747303,
        "powerflow_computation": 0.15767969854641706,
        "total": 1.1278517987811938
    },
    "total": 1.6880790999857709
}