{
    "Agent": {
        "total": 0.3157303004991263
    },
    "Env": {
        "apply_act": 0.9342308000195771,
        "observation_computation": 0.15204850083682686,
        "powerflow_computation": 0.14040900010149926,
        "total": 1.2266883009579033
    },
    "total": 1.687898900010623
}