{
    "Agent": {
        "total": 0.1142759989015758
    },
    "Env": {
        "apply_act": 0.34799349890090525,
        "observation_computation": 0.08044579951092601,
        "powerflow_computation": 0.07253609807230532,
        "total": 0.5009753964841366
    },
    "total": 0.6907877000048757
}