{
    "Agent": {
        "total": 0.01125190022867173
    },
    "Env": {
        "apply_act": 0.027763999882154167,
        "observation_computation": 0.003952499944716692,
        "powerflow_computation": 0.003423799993470311,
        "total": 0.03514029982034117
    },
    "total": 0.05123740003909916
}