{
    "Agent": {
        "total": 0.05538590019568801
    },
    "Env": {
        "apply_act": 0.22432679892517626,
        "observation_computation": 0.042976999771781266,
        "powerflow_computation": 0.04149970004800707,
        "total": 0.3088034987449646
    },
    "total": 0.40448769996874034
}