{
    "Agent": {
        "total": 0.07295350029016845
    },
    "Env": {
        "apply_act": 0.17828990006819367,
        "observation_computation": 0.035415900114458054,
        "powerflow_computation": 0.03148229999351315,
        "total": 0.24518810017616488
    },
    "total": 0.35262849999708124
}