{
    "Agent": {
        "total": 0.23520060011651367
    },
    "Env": {
        "apply_act": 0.6679747012676671,
        "observation_computation": 0.14826489996630698,
        "powerflow_computation": 0.1330224002012983,
        "total": 0.9492620014352724
    },
    "total": 1.3153751000063494
}