{
    "Agent": {
        "total": 0.06417309946846217
    },
    "Env": {
        "apply_act": 0.13105929945595562,
        "observation_computation": 0.019512299448251724,
        "powerflow_computation": 0.017482399474829435,
        "total": 0.16805399837903678
    },
    "total": 0.2507862999336794
}