{
    "Agent": {
        "total": 0.054097700000511395
    },
    "Env": {
        "apply_act": 0.5979566999997417,
        "observation_computation": 0.4193368999997915,
        "powerflow_computation": 0.3379901000004395,
        "total": 1.3552836999999727
    },
    "total": 1.786253400000021
}