{
    "Agent": {
        "total": 0.07612500037066638
    },
    "Env": {
        "apply_act": 0.18509350041858852,
        "observation_computation": 0.033169600064866245,
        "powerflow_computation": 0.029830600251443684,
        "total": 0.24809370073489845
    },
    "total": 0.35761900001671165
}