{
    "Agent": {
        "total": 0.07151650000020027
    },
    "Env": {
        "apply_act": 0.16804100000047129,
        "observation_computation": 0.029491999999777363,
        "powerflow_computation": 0.026339199999654284,
        "total": 0.22387219999990293
    },
    "total": 0.32373789999996916
}