{
    "Agent": {
        "total": 0.04951409995555878
    },
    "Env": {
        "apply_act": 0.19772429740987718,
        "observation_computation": 0.03428799891844392,
        "powerflow_computation": 0.030283101368695498,
        "total": 0.2622953976970166
    },
    "total": 0.34409460006281734
}