{
    "Agent": {
        "total": 0.3530605999999352
    },
    "Env": {
        "apply_act": 0.31528449999746044,
        "observation_computation": 0.1701376000005439,
        "powerflow_computation": 0.13927159999821015,
        "total": 0.6246936999962145
    },
    "total": 1.1380061000002115
}