{
    "Agent": {
        "total": 0.3134869999998955
    },
    "Env": {
        "apply_act": 1.7406564999946568,
        "observation_computation": 0.31380239999543846,
        "powerflow_computation": 0.2679438999998638,
        "total": 2.322402799989959
    },
    "total": 2.9112033000001247
}