{
    "Agent": {
        "total": 0.38035529999854134
    },
    "Env": {
        "apply_act": 1.2736474000010958,
        "observation_computation": 0.20342850000110957,
        "powerflow_computation": 0.186573899998848,
        "total": 1.6636498000010533
    },
    "total": 2.2327216999999564
}