{
    "Agent": {
        "total": 0.05684980000114592
    },
    "Env": {
        "apply_act": 0.20827379999991535,
        "observation_computation": 0.033995300003425655,
        "powerflow_computation": 0.03640759999871079,
        "total": 0.2786767000020518
    },
    "total": 0.36656200000015815
}