{
    "Agent": {
        "total": 0.03586600092239678
    },
    "Env": {
        "apply_act": 0.11686959979124367,
        "observation_computation": 0.023452300112694502,
        "powerflow_computation": 0.028960800729691982,
        "total": 0.16928270063363016
    },
    "total": 0.2294602000620216
}