{
    "Agent": {
        "total": 0.07668809999904624
    },
    "Env": {
        "apply_act": 0.2829693000003317,
        "observation_computation": 0.045116600000710605,
        "powerflow_computation": 0.03990930000327353,
        "total": 0.36799520000431585
    },
    "total": 0.4863238000002639
}