{
    "Agent": {
        "total": 0.08342949976213276
    },
    "Env": {
        "apply_act": 0.17355579929426312,
        "observation_computation": 0.05169090104755014,
        "powerflow_computation": 0.049408499733544886,
        "total": 0.27465520007535815
    },
    "total": 0.4043517999816686
}