{
    "Agent": {
        "total": 0.048062999999956446
    },
    "Env": {
        "apply_act": 0.11835310000105892,
        "observation_computation": 0.01992740000082449,
        "powerflow_computation": 0.01710540000021865,
        "total": 0.15538590000210206
    },
    "total": 0.22442320000004656
}