{
    "Agent": {
        "total": 0.0018053001258522272
    },
    "Env": {
        "apply_act": 0.0,
        "observation_computation": 0.0,
        "powerflow_computation": 0.0,
        "total": 0.0
    },
    "total": 0.002986299805343151
}