{
    "Agent": {
        "total": 0.08907670027110726
    },
    "Env": {
        "apply_act": 0.1640135997440666,
        "observation_computation": 0.030964199570007622,
        "powerflow_computation": 0.026422100025229156,
        "total": 0.22139989933930337
    },
    "total": 0.3427547999890521
}