{
    "Agent": {
        "total": 0.18199619953520596
    },
    "Env": {
        "apply_act": 0.47084480011835694,
        "observation_computation": 0.10331500018946826,
        "powerflow_computation": 0.08840099954977632,
        "total": 0.6625607998576015
    },
    "total": 0.937336300034076
}