{
    "Agent": {
        "total": 0.0011491000186651945
    },
    "Env": {
        "apply_act": 0.0,
        "observation_computation": 0.0,
        "powerflow_computation": 0.0,
        "total": 0.0
    },
    "total": 0.003467800095677376
}