{
    "Agent": {
        "total": 0.13501960271969438
    },
    "Env": {
        "apply_act": 0.41317369940225035,
        "observation_computation": 0.09171160054393113,
        "powerflow_computation": 0.08864829922094941,
        "total": 0.5935335991671309
    },
    "total": 0.8160304999910295
}