{
    "Agent": {
        "total": 0.22061839999469157
    },
    "Env": {
        "apply_act": 0.2553957000018272,
        "observation_computation": 0.15638559999797508,
        "powerflow_computation": 0.1325854000037907,
        "total": 0.544366700003593
    },
    "total": 0.9023182000000816
}