{
    "Agent": {
        "total": 0.027011899976059794
    },
    "Env": {
        "apply_act": 0.05934300029184669,
        "observation_computation": 0.01976349949836731,
        "powerflow_computation": 0.016830999520607293,
        "total": 0.0959374993108213
    },
    "total": 0.1423123999265954
}