{
    "Agent": {
        "total": 0.03342970000062451
    },
    "Env": {
        "apply_act": 0.11348839999959637,
        "observation_computation": 0.022344999999859283,
        "powerflow_computation": 0.022892600001569008,
        "total": 0.15872600000102466
    },
    "total": 0.21385739999982434
}