{
    "Agent": {
        "total": 0.08567790000961395
    },
    "Env": {
        "apply_act": 0.23517010002251482,
        "observation_computation": 0.040802500006975606,
        "powerflow_computation": 0.03568160006398102,
        "total": 0.31165420009347145
    },
    "total": 0.4373240000059013
}