{
    "Agent": {
        "total": 0.016884999999831507
    },
    "Env": {
        "apply_act": 0.1875035000001617,
        "observation_computation": 0.12764529999952856,
        "powerflow_computation": 0.10745170000024018,
        "total": 0.42260049999993043
    },
    "total": 0.5578200999999581
}