{
    "Agent": {
        "total": 0.4230310000039026
    },
    "Env": {
        "apply_act": 0.4760524000030273,
        "observation_computation": 0.29699879999452605,
        "powerflow_computation": 0.24120149999725982,
        "total": 1.0142526999948132
    },
    "total": 1.70068880000008
}