{
    "Agent": {
        "total": 0.012073899999961668
    },
    "Env": {
        "apply_act": 0.13860179999957722,
        "observation_computation": 0.08965990000010038,
        "powerflow_computation": 0.0795879000000923,
        "total": 0.3078495999997699
    },
    "total": 0.4034172000000069
}