{
    "Agent": {
        "total": 0.3692481000036878
    },
    "Env": {
        "apply_act": 0.40968119999888586,
        "observation_computation": 0.18477579999898808,
        "powerflow_computation": 0.1684014999982537,
        "total": 0.7628584999961276
    },
    "total": 1.309012100000018
}