{
    "Agent": {
        "total": 0.12414469919167459
    },
    "Env": {
        "apply_act": 0.24403659789822996,
        "observation_computation": 0.06269919802434742,
        "powerflow_computation": 0.059548996621742845,
        "total": 0.3662847925443202
    },
    "total": 0.550279599847272
}