{
    "Agent": {
        "total": 0.43406250001862645
    },
    "Env": {
        "apply_act": 1.2229228991782293,
        "observation_computation": 0.19748250395059586,
        "powerflow_computation": 0.17677500005811453,
        "total": 1.5971804031869397
    },
    "total": 2.219519600039348
}