{
    "Agent": {
        "total": 0.10186419798992574
    },
    "Env": {
        "apply_act": 0.18878069729544222,
        "observation_computation": 0.06712210038676858,
        "powerflow_computation": 0.06378780025988817,
        "total": 0.319690597942099
    },
    "total": 0.48048170004040003
}