{
    "Agent": {
        "total": 0.6700101008173078
    },
    "Env": {
        "apply_act": 0.5256470940075815,
        "observation_computation": 0.24993080156855285,
        "powerflow_computation": 0.2203840024303645,
        "total": 0.9959618980064988
    },
    "total": 1.9045617999508977
}