{
    "Agent": {
        "total": 0.693230900004437
    },
    "Env": {
        "apply_act": 0.7604925000011917,
        "observation_computation": 0.44706119999932525,
        "powerflow_computation": 0.38839779999807433,
        "total": 1.5959514999985913
    },
    "total": 2.686536100000012
}