{
    "Agent": {
        "total": 0.1824161999984426
    },
    "Env": {
        "apply_act": 0.3585038999972312,
        "observation_computation": 0.07123510000474198,
        "powerflow_computation": 0.0616680999937671,
        "total": 0.4914070999957403
    },
    "total": 0.7556847999994716
}