{
    "Agent": {
        "total": 0.11816679837647825
    },
    "Env": {
        "apply_act": 0.4183840008918196,
        "observation_computation": 0.07810380053706467,
        "powerflow_computation": 0.06745079974643886,
        "total": 0.5639386011753231
    },
    "total": 0.7590607999591157
}