{
    "Agent": {
        "total": 0.36928719945717603
    },
    "Env": {
        "apply_act": 1.0426940004108474,
        "observation_computation": 0.2355196023127064,
        "powerflow_computation": 0.21288569911848754,
        "total": 1.4910993018420413
    },
    "total": 2.071013200096786
}