{
    "Agent": {
        "total": 0.0632740000010017
    },
    "Env": {
        "apply_act": 0.04675500000098509,
        "observation_computation": 0.027077600001121027,
        "powerflow_computation": 0.024581199998920056,
        "total": 0.09841380000102617
    },
    "total": 0.18859819999988758
}