{
    "Agent": {
        "total": 0.0999627998098731
    },
    "Env": {
        "apply_act": 0.27579140034504235,
        "observation_computation": 0.06454079900868237,
        "powerflow_computation": 0.05964450049214065,
        "total": 0.39997669984586537
    },
    "total": 0.5587661999743432
}