{
    "Agent": {
        "total": 0.003686399999878631
    },
    "Env": {
        "apply_act": 0.04086239999958252,
        "observation_computation": 0.028949299999908362,
        "powerflow_computation": 0.024586699999645134,
        "total": 0.09439839999913602
    },
    "total": 0.12607299999996258
}