{
    "Agent": {
        "total": 0.03168229999914729
    },
    "Env": {
        "apply_act": 0.36634900000086645,
        "observation_computation": 0.24535710000048994,
        "powerflow_computation": 0.21170639999974128,
        "total": 0.8234125000010977
    },
    "total": 1.0733634000000052
}