{
    "Agent": {
        "total": 0.17211830000223927
    },
    "Env": {
        "apply_act": 0.4896239000008791,
        "observation_computation": 0.07463109999889639,
        "powerflow_computation": 0.0710801000018364,
        "total": 0.6353351000016119
    },
    "total": 0.878991699999915
}