{
    "Agent": {
        "total": 0.03574920003302395
    },
    "Env": {
        "apply_act": 0.11476849974133074,
        "observation_computation": 0.027738400036469102,
        "powerflow_computation": 0.023886800045147538,
        "total": 0.16639369982294738
    },
    "total": 0.22815670003183186
}