{
    "Agent": {
        "total": 0.0595821000019896
    },
    "Env": {
        "apply_act": 0.16813090000414377,
        "observation_computation": 0.025313300004199846,
        "powerflow_computation": 0.023072200000115117,
        "total": 0.21651640000845873
    },
    "total": 0.3015102000003935
}