{
    "Agent": {
        "total": 0.05064310086891055
    },
    "Env": {
        "apply_act": 0.15755170048214495,
        "observation_computation": 0.033285199548117816,
        "powerflow_computation": 0.029154700343497097,
        "total": 0.21999160037375987
    },
    "total": 0.3036877999547869
}