{
    "Agent": {
        "total": 0.022408899999390997
    },
    "Env": {
        "apply_act": 0.06445250000183478,
        "observation_computation": 0.015051299998958712,
        "powerflow_computation": 0.013887400000157868,
        "total": 0.09339120000095136
    },
    "total": 0.13050599999996848
}