{
    "Agent": {
        "total": 0.013941199999990772
    },
    "Env": {
        "apply_act": 0.1479513999999682,
        "observation_computation": 0.10928589999996063,
        "powerflow_computation": 0.08558539999980042,
        "total": 0.34282269999972925
    },
    "total": 0.45582720000000165
}