{
    "Agent": {
        "total": 0.05211999999994532
    },
    "Env": {
        "apply_act": 0.13382289999987051,
        "observation_computation": 0.022338499999762007,
        "powerflow_computation": 0.01980800000040972,
        "total": 0.17596940000004224
    },
    "total": 0.2498768000000382
}