{
    "Agent": {
        "total": 0.10411619837395847
    },
    "Env": {
        "apply_act": 0.5085185003699735,
        "observation_computation": 0.04924439929891378,
        "powerflow_computation": 0.044765701168216765,
        "total": 0.602528600837104
    },
    "total": 0.7545541001018137
}