{
    "Agent": {
        "total": 0.3551184007083066
    },
    "Env": {
        "apply_act": 1.9446519001503475,
        "observation_computation": 0.32047770061763003,
        "powerflow_computation": 0.283900199807249,
        "total": 2.5490298005752265
    },
    "total": 3.193248499999754
}