{
    "Agent": {
        "total": 0.0010725000001912122
    },
    "Env": {
        "apply_act": 0.0,
        "observation_computation": 0.0,
        "powerflow_computation": 0.0,
        "total": 0.0
    },
    "total": 0.003424899999572517
}