{
    "Agent": {
        "total": 0.22115769947413355
    },
    "Env": {
        "apply_act": 0.9888333002454601,
        "observation_computation": 0.19955789984669536,
        "powerflow_computation": 0.17776200122898445,
        "total": 1.36615320132114
    },
    "total": 1.766371399979107
}