{
    "Agent": {
        "total": 0.16550700075458735
    },
    "Env": {
        "apply_act": 0.3041358011541888,
        "observation_computation": 0.0775529001839459,
        "powerflow_computation": 0.06696859886869788,
        "total": 0.4486573002068326
    },
    "total": 0.6888940000208095
}