{
    "Agent": {
        "total": 0.03076700000076471
    },
    "Env": {
        "apply_act": 0.3403590000013992,
        "observation_computation": 0.23885820000094782,
        "powerflow_computation": 0.3009841999994478,
        "total": 0.8802014000017948
    },
    "total": 1.1394372999999973
}