{
    "Agent": {
        "total": 0.03975329999911992
    },
    "Env": {
        "apply_act": 0.0687437999993108,
        "observation_computation": 0.015189100000043254,
        "powerflow_computation": 0.013011199999482415,
        "total": 0.09694409999883646
    },
    "total": 0.15269449999982498
}