{
    "Agent": {
        "total": 0.12406689929775894
    },
    "Env": {
        "apply_act": 0.3375602002488449,
        "observation_computation": 0.07409909996204078,
        "powerflow_computation": 0.06995460030157119,
        "total": 0.4816139005124569
    },
    "total": 0.6744950000429526
}