{
    "Agent": {
        "total": 0.011014200001682184
    },
    "Env": {
        "apply_act": 0.030786799999987124,
        "observation_computation": 0.007912500000657019,
        "powerflow_computation": 0.007168000000547181,
        "total": 0.045867300001191325
    },
    "total": 0.06463629999961995
}