{
    "Agent": {
        "total": 0.057596999453380704
    },
    "Env": {
        "apply_act": 0.1310262995539233,
        "observation_computation": 0.025519700371660292,
        "powerflow_computation": 0.02717850008048117,
        "total": 0.18372450000606477
    },
    "total": 0.26688239991199225
}