{
    "Agent": {
        "total": 0.0017760000000066611
    },
    "Env": {
        "apply_act": 0.01933770000002255,
        "observation_computation": 0.013804100000044173,
        "powerflow_computation": 0.012211599999957912,
        "total": 0.045353400000024635
    },
    "total": 0.060601300000001856
}