{
    "Agent": {
        "total": 0.0478263006079942
    },
    "Env": {
        "apply_act": 0.1271999985910952,
        "observation_computation": 0.02222130075097084,
        "powerflow_computation": 0.02077660127542913,
        "total": 0.17019790061749518
    },
    "total": 0.24039920000359416
}