{
    "Agent": {
        "total": 0.5027537999990273
    },
    "Env": {
        "apply_act": 0.32202110000071116,
        "observation_computation": 0.13744369999949413,
        "powerflow_computation": 0.11270289999970373,
        "total": 0.572167699999909
    },
    "total": 1.1953980999999203
}