{
    "Agent": {
        "total": 0.005402000388130546
    },
    "Env": {
        "apply_act": 0.010100099723786116,
        "observation_computation": 0.002235900145024061,
        "powerflow_computation": 0.003175199730321765,
        "total": 0.015511199599131942
    },
    "total": 0.02317379997111857
}