{
    "Agent": {
        "total": 0.006232399999817062
    },
    "Env": {
        "apply_act": 0.01765069999987645,
        "observation_computation": 0.0029069999998228013,
        "powerflow_computation": 0.0025223999999752778,
        "total": 0.02308009999967453
    },
    "total": 0.033969500000011976
}