{
    "Agent": {
        "total": 0.047456899999986035
    },
    "Env": {
        "apply_act": 0.5059639999996364,
        "observation_computation": 0.347790899999751,
        "powerflow_computation": 0.2838875000001906,
        "total": 1.137642399999578
    },
    "total": 1.4949404999999842
}