{
    "Agent": {
        "total": 0.36200050023035146
    },
    "Env": {
        "apply_act": 1.3208695003413595,
        "observation_computation": 0.20278489965130575,
        "powerflow_computation": 0.18066810027812608,
        "total": 1.7043225002707914
    },
    "total": 2.251025000005029
}