{
    "Agent": {
        "total": 0.1713408999994499
    },
    "Env": {
        "apply_act": 0.2387333000028775,
        "observation_computation": 0.07538320000116983,
        "powerflow_computation": 0.06780040000307963,
        "total": 0.38191690000712697
    },
    "total": 0.6344834999999875
}