{
    "Agent": {
        "total": 0.18339380098041147
    },
    "Env": {
        "apply_act": 0.39896860194858164,
        "observation_computation": 0.08759880100842565,
        "powerflow_computation": 0.07488409953657538,
        "total": 0.5614515024935827
    },
    "total": 0.8296537999995053
}