{
    "Agent": {
        "total": 0.7452329999989615
    },
    "Env": {
        "apply_act": 0.8396376999996846,
        "observation_computation": 0.5288752000049044,
        "powerflow_computation": 0.4325425999993513,
        "total": 1.8010555000039403
    },
    "total": 3.0116517000001295
}