{
    "Agent": {
        "total": 0.006696300000157862
    },
    "Env": {
        "apply_act": 0.020334500000444677,
        "observation_computation": 0.004605500000707252,
        "powerflow_computation": 0.004637000000002445,
        "total": 0.029577000001154374
    },
    "total": 0.04076929999996537
}