{
    "Agent": {
        "total": 0.0013597000000800108
    },
    "Env": {
        "apply_act": 0.015104099999973641,
        "observation_computation": 0.009728200000012066,
        "powerflow_computation": 0.008827900000056843,
        "total": 0.03366020000004255
    },
    "total": 0.04447060000001102
}