{
    "Agent": {
        "total": 0.10324630129616708
    },
    "Env": {
        "apply_act": 0.588952801306732,
        "observation_computation": 0.07245490059722215,
        "powerflow_computation": 0.06352279928978533,
        "total": 0.7249305011937395
    },
    "total": 0.8975505999987945
}