{
    "Agent": {
        "total": 0.035512200091034174
    },
    "Env": {
        "apply_act": 0.13430009980220348,
        "observation_computation": 0.026957899564877152,
        "powerflow_computation": 0.02762009995058179,
        "total": 0.18887809931766242
    },
    "total": 0.25054730009287596
}