{
    "Agent": {
        "total": 0.037426199999686105
    },
    "Env": {
        "apply_act": 0.10068519999890668,
        "observation_computation": 0.025780699999927492,
        "powerflow_computation": 0.022786800000403673,
        "total": 0.14925269999923785
    },
    "total": 0.209666900000002
}