{
    "Agent": {
        "total": 0.05911800000126277
    },
    "Env": {
        "apply_act": 0.20300749999910295,
        "observation_computation": 0.0419883000010941,
        "powerflow_computation": 0.039291499999990265,
        "total": 0.2842873000001873
    },
    "total": 0.38443710000001374
}