{
    "Agent": {
        "total": 0.03433940000832081
    },
    "Env": {
        "apply_act": 0.10907629947178066,
        "observation_computation": 0.023831199621781707,
        "powerflow_computation": 0.02435569977387786,
        "total": 0.15726319886744022
    },
    "total": 0.21427150000818074
}