{
    "Agent": {
        "total": 0.016033099999958722
    },
    "Env": {
        "apply_act": 0.03544370000014396,
        "observation_computation": 0.006799299999897812,
        "powerflow_computation": 0.006017699999972592,
        "total": 0.04826070000001437
    },
    "total": 0.0717663000000357
}