{
    "Agent": {
        "total": 0.08028310000031524
    },
    "Env": {
        "apply_act": 0.1741516999995838,
        "observation_computation": 0.03162030000009963,
        "powerflow_computation": 0.02756520000036744,
        "total": 0.23333720000005087
    },
    "total": 0.348013999999921
}