{
    "Agent": {
        "total": 0.0331499999974767
    },
    "Env": {
        "apply_act": 0.02101750000292668,
        "observation_computation": 0.01319479999892792,
        "powerflow_computation": 0.011297099999865168,
        "total": 0.04550940000171977
    },
    "total": 0.09155159999954776
}