{
    "Agent": {
        "total": 0.12181149999946683
    },
    "Env": {
        "apply_act": 0.4455973000031008,
        "observation_computation": 0.0887331000001268,
        "powerflow_computation": 0.08330749999845466,
        "total": 0.6176379000016823
    },
    "total": 0.8242757000000438
}