{
    "Agent": {
        "total": 0.10884910181630403
    },
    "Env": {
        "apply_act": 0.3719853999791667,
        "observation_computation": 0.07839689985848963,
        "powerflow_computation": 0.0708261999534443,
        "total": 0.5212084997911006
    },
    "total": 0.7048670999938622
}