{
    "Agent": {
        "total": 0.39070489999994606
    },
    "Env": {
        "apply_act": 1.182422999999858,
        "observation_computation": 0.20177520000027016,
        "powerflow_computation": 0.1793735999990531,
        "total": 1.5635717999991812
    },
    "total": 2.139895900000056
}