{
    "Agent": {
        "total": 0.061481600743718445
    },
    "Env": {
        "apply_act": 0.1303780998568982,
        "observation_computation": 0.02501889958512038,
        "powerflow_computation": 0.025402600993402302,
        "total": 0.18079960043542087
    },
    "total": 0.26786079991143197
}