{
    "Agent": {
        "total": 0.35566020000078424
    },
    "Env": {
        "apply_act": 0.35918469999978697,
        "observation_computation": 0.173775900002056,
        "powerflow_computation": 0.1440528999983144,
        "total": 0.6770135000001574
    },
    "total": 1.1945169000000533
}