{
    "Agent": {
        "total": 0.2544645997695625
    },
    "Env": {
        "apply_act": 0.663250900368439,
        "observation_computation": 0.11623029969632626,
        "powerflow_computation": 0.10026049977750517,
        "total": 0.8797416998422705
    },
    "total": 1.247464599990053
}