{
    "Agent": {
        "total": 0.27995820000523963
    },
    "Env": {
        "apply_act": 0.9146144999913304,
        "observation_computation": 0.14113020000149845,
        "powerflow_computation": 0.12002019998908509,
        "total": 1.175764899981914
    },
    "total": 1.589666799999577
}