{
    "Agent": {
        "total": 0.6821810000053574
    },
    "Env": {
        "apply_act": 0.7852099999986422,
        "observation_computation": 0.4798941000024115,
        "powerflow_computation": 0.4021748000041043,
        "total": 1.667278900005158
    },
    "total": 2.7704807999998593
}