{
    "Agent": {
        "total": 0.07391140019171871
    },
    "Env": {
        "apply_act": 0.19761410006321967,
        "observation_computation": 0.032708199869375676,
        "powerflow_computation": 0.027971499803243205,
        "total": 0.25829379973583855
    },
    "total": 0.36507160001201555
}