{
    "Agent": {
        "total": 0.18336549999673935
    },
    "Env": {
        "apply_act": 0.1685402999969483,
        "observation_computation": 0.09662420000120164,
        "powerflow_computation": 0.08329150000008667,
        "total": 0.3484559999982366
    },
    "total": 0.6257594999999583
}