{
    "Agent": {
        "total": 0.6494783000039206
    },
    "Env": {
        "apply_act": 1.6028212000010171,
        "observation_computation": 0.3166568999968149,
        "powerflow_computation": 0.2786035000049196,
        "total": 2.1980816000027517
    },
    "total": 3.119097799999963
}