{
    "Agent": {
        "total": 0.011064000000033047
    },
    "Env": {
        "apply_act": 0.12618939999960332,
        "observation_computation": 0.215080399999934,
        "powerflow_computation": 0.07512049999986914,
        "total": 0.41639029999940647
    },
    "total": 0.5127336000000042
}