{
    "Agent": {
        "total": 0.09895600000004379
    },
    "Env": {
        "apply_act": 0.2170559000005028,
        "observation_computation": 0.040198599999826,
        "powerflow_computation": 0.03145660000041062,
        "total": 0.2887111000007394
    },
    "total": 0.42595779999999195
}