{
    "Agent": {
        "total": 0.872631398611702
    },
    "Env": {
        "apply_act": 1.8494083061814308,
        "observation_computation": 0.42445679544471204,
        "powerflow_computation": 0.3851397009566426,
        "total": 2.6590048025827855
    },
    "total": 3.9456010999856517
}