{
    "Agent": {
        "total": 0.04752159956842661
    },
    "Env": {
        "apply_act": 0.1609358002897352,
        "observation_computation": 0.031938600237481296,
        "powerflow_computation": 0.028455199906602502,
        "total": 0.221329600433819
    },
    "total": 0.3003471000120044
}