{
    "Agent": {
        "total": 0.05630130076315254
    },
    "Env": {
        "apply_act": 0.2021231004036963,
        "observation_computation": 0.040891499258577824,
        "powerflow_computation": 0.03690990002360195,
        "total": 0.27992449968587607
    },
    "total": 0.3757518999045715
}