{
    "Agent": {
        "total": 0.316471700000875
    },
    "Env": {
        "apply_act": 1.3668534999974327,
        "observation_computation": 0.3157401000016762,
        "powerflow_computation": 0.2721403999953509,
        "total": 1.9547339999944597
    },
    "total": 2.5475016999998843
}