{
    "Agent": {
        "total": 0.014344700000020083
    },
    "Env": {
        "apply_act": 0.16826870000001826,
        "observation_computation": 0.1196478000000365,
        "powerflow_computation": 0.10235389999999533,
        "total": 0.3902704000000501
    },
    "total": 0.5180120000000006
}