{
    "Agent": {
        "total": 0.0818487000017285
    },
    "Env": {
        "apply_act": 0.07351109999910932,
        "observation_computation": 0.04293000000041047,
        "powerflow_computation": 0.0369376999991573,
        "total": 0.1533787999986771
    },
    "total": 0.2776525000000447
}