{
    "Agent": {
        "total": 0.04014010040555149
    },
    "Env": {
        "apply_act": 0.10071030049584806,
        "observation_computation": 0.030936899362131953,
        "powerflow_computation": 0.028137399815022945,
        "total": 0.15978459967300296
    },
    "total": 0.22909909998998046
}