{
    "Agent": {
        "total": 0.0036993000000222764
    },
    "Env": {
        "apply_act": 0.04002029999986689,
        "observation_computation": 0.029188300000015488,
        "powerflow_computation": 0.023902800000044522,
        "total": 0.0931113999999269
    },
    "total": 0.12418099999999299
}