{
    "Agent": {
        "total": 0.29454189999796654
    },
    "Env": {
        "apply_act": 0.7283492000092338,
        "observation_computation": 0.12406950000104189,
        "powerflow_computation": 0.1082825999974375,
        "total": 0.9607013000077131
    },
    "total": 1.3671473999997943
}