{
    "Agent": {
        "total": 0.0659345998428762
    },
    "Env": {
        "apply_act": 0.18972630007192492,
        "observation_computation": 0.032064799102954566,
        "powerflow_computation": 0.02791040064767003,
        "total": 0.24970149982254952
    },
    "total": 0.34676430001854897
}