{
    "Agent": {
        "total": 0.10990760009735823
    },
    "Env": {
        "apply_act": 0.4010474006063305,
        "observation_computation": 0.10167309991084039,
        "powerflow_computation": 0.09187300055054948,
        "total": 0.5945935010677204
    },
    "total": 0.7945353999966756
}