{
    "Agent": {
        "total": 0.012066000000004351
    },
    "Env": {
        "apply_act": 0.13533990000004792,
        "observation_computation": 0.08899360000000911,
        "powerflow_computation": 0.07880739999993125,
        "total": 0.3031408999999883
    },
    "total": 0.3976043000000118
}