{
    "Agent": {
        "total": 0.22851540000021942
    },
    "Env": {
        "apply_act": 0.22487070000022413,
        "observation_computation": 0.13866979999852447,
        "powerflow_computation": 0.11659950000137087,
        "total": 0.48014000000011947
    },
    "total": 0.8338846999999987
}