{
    "Agent": {
        "total": 0.03864640009123832
    },
    "Env": {
        "apply_act": 0.11656610004138201,
        "observation_computation": 0.026274800533428788,
        "powerflow_computation": 0.022896699490956962,
        "total": 0.16573760006576777
    },
    "total": 0.2306391999591142
}