{
    "Agent": {
        "total": 0.36093099834397435
    },
    "Env": {
        "apply_act": 0.6950284976046532,
        "observation_computation": 0.18054579989984632,
        "powerflow_computation": 0.15671850414946675,
        "total": 1.0322928016539663
    },
    "total": 1.56841959990561
}