{
    "Agent": {
        "total": 0.8323842000008881
    },
    "Env": {
        "apply_act": 1.4918856000053893,
        "observation_computation": 0.2701816999983748,
        "powerflow_computation": 0.24273189999985334,
        "total": 2.0047992000036174
    },
    "total": 3.0906168000001344
}