{
    "Agent": {
        "total": 0.06222920000209342
    },
    "Env": {
        "apply_act": 0.06168380000099205,
        "observation_computation": 0.03251299999874391,
        "powerflow_computation": 0.02988329999925554,
        "total": 0.1240800999989915
    },
    "total": 0.2165385000000697
}