{
    "Agent": {
        "total": 0.21315940178465098
    },
    "Env": {
        "apply_act": 0.6959985010325909,
        "observation_computation": 0.15579099929891527,
        "powerflow_computation": 0.14729319990146905,
        "total": 0.9990827002329752
    },
    "total": 1.358400100027211
}