{
    "Agent": {
        "total": 0.06129340030020103
    },
    "Env": {
        "apply_act": 0.12848409969592467,
        "observation_computation": 0.02355009992606938,
        "powerflow_computation": 0.020149900461547077,
        "total": 0.17218410008354113
    },
    "total": 0.2578326999791898
}