{
    "Agent": {
        "total": 0.00646039999995196
    },
    "Env": {
        "apply_act": 0.07099200000001815,
        "observation_computation": 0.04813080000005243,
        "powerflow_computation": 0.03946940000017207,
        "total": 0.15859220000024266
    },
    "total": 0.2085006000000078
}