{
    "Agent": {
        "total": 0.3226358009269461
    },
    "Env": {
        "apply_act": 1.2896581996465102,
        "observation_computation": 0.2373942018020898,
        "powerflow_computation": 0.20755240018479526,
        "total": 1.7346048016333953
    },
    "total": 2.2797757999505848
}