{
    "Agent": {
        "total": 0.06272330000092552
    },
    "Env": {
        "apply_act": 0.17703930000152468,
        "observation_computation": 0.02835540000387482,
        "powerflow_computation": 0.023613599999407597,
        "total": 0.2290083000048071
    },
    "total": 0.31956159999981537
}