{
    "Agent": {
        "total": 0.08458559999974113
    },
    "Env": {
        "apply_act": 0.3916786999997157,
        "observation_computation": 0.04316869999991013,
        "powerflow_computation": 0.04069999999921947,
        "total": 0.4755473999988453
    },
    "total": 0.6004331999999977
}