{
    "Agent": {
        "total": 0.0008833000000549873
    },
    "Env": {
        "apply_act": 0.0,
        "observation_computation": 0.0,
        "powerflow_computation": 0.0,
        "total": 0.0
    },
    "total": 0.0024291000000289387
}