{
    "Agent": {
        "total": 0.023544900001070346
    },
    "Env": {
        "apply_act": 0.0796169999994163,
        "observation_computation": 0.011968299999352894,
        "powerflow_computation": 0.012164300001131778,
        "total": 0.10374959999990097
    },
    "total": 0.13864809999995487
}