{
    "Agent": {
        "total": 0.2712254000016401
    },
    "Env": {
        "apply_act": 0.22343920000162143,
        "observation_computation": 0.12447730000235424,
        "powerflow_computation": 0.11217040000087763,
        "total": 0.4600869000048533
    },
    "total": 0.8506001999999171
}