{
    "Agent": {
        "total": 0.4563412000009066
    },
    "Env": {
        "apply_act": 0.5388489000013124,
        "observation_computation": 0.3017881999946894,
        "powerflow_computation": 0.24338940000370712,
        "total": 1.084026499999709
    },
    "total": 1.806173299999955
}