{
    "Agent": {
        "total": 0.02569979999680072
    },
    "Env": {
        "apply_act": 0.09068329993169755,
        "observation_computation": 0.018803199171088636,
        "powerflow_computation": 0.01575149968266487,
        "total": 0.12523799878545105
    },
    "total": 0.16958889993838966
}