{
    "Agent": {
        "total": 0.4168186993920244
    },
    "Env": {
        "apply_act": 0.9032329006586224,
        "observation_computation": 0.16147909930441529,
        "powerflow_computation": 0.1429364007199183,
        "total": 1.207648400682956
    },
    "total": 1.7876926999888383
}