{
    "Agent": {
        "total": 0.40634859999590844
    },
    "Env": {
        "apply_act": 0.8146926999984316,
        "observation_computation": 0.14684169999827645,
        "powerflow_computation": 0.14377590000094642,
        "total": 1.1053102999976545
    },
    "total": 1.634786399999939
}