{
    "Agent": {
        "total": 0.18305319995852187
    },
    "Env": {
        "apply_act": 0.8173673998680897,
        "observation_computation": 0.16862689924892038,
        "powerflow_computation": 0.15453939978033304,
        "total": 1.1405336988973431
    },
    "total": 1.4748227000236511
}