{
    "Agent": {
        "total": 0.0036601000000331396
    },
    "Env": {
        "apply_act": 0.0423223999999891,
        "observation_computation": 0.029636099999976295,
        "powerflow_computation": 0.02608989999998812,
        "total": 0.09804839999995352
    },
    "total": 0.12966980000000206
}