{
    "Agent": {
        "total": 0.22904800000424075
    },
    "Env": {
        "apply_act": 0.3377633999994032,
        "observation_computation": 0.14614100000380859,
        "powerflow_computation": 0.12803850000273087,
        "total": 0.6119429000059426
    },
    "total": 0.9702348999999231
}