{
    "Agent": {
        "total": 0.31716949999827193
    },
    "Env": {
        "apply_act": 1.5272495999970488,
        "observation_computation": 0.30804890000536034,
        "powerflow_computation": 0.26626270000133445,
        "total": 2.1015612000037436
    },
    "total": 2.6940693999999894
}