{
    "Agent": {
        "total": 0.13120600045658648
    },
    "Env": {
        "apply_act": 0.5121221999870613,
        "observation_computation": 0.10381150257308036,
        "powerflow_computation": 0.1072165995137766,
        "total": 0.7231503020739183
    },
    "total": 0.949048800044693
}