{
    "Agent": {
        "total": 0.04684330022428185
    },
    "Env": {
        "apply_act": 0.1080137004610151,
        "observation_computation": 0.024030300322920084,
        "powerflow_computation": 0.021212399704381824,
        "total": 0.153256400488317
    },
    "total": 0.2231289999326691
}