{
    "Agent": {
        "total": 0.020229699999902095
    },
    "Env": {
        "apply_act": 0.22705770000015946,
        "observation_computation": 0.15622359999952096,
        "powerflow_computation": 0.12594499999960362,
        "total": 0.509226299999284
    },
    "total": 0.6720492000000036
}