{
    "Agent": {
        "total": 0.008606600342318416
    },
    "Env": {
        "apply_act": 0.020754000172019005,
        "observation_computation": 0.005534399300813675,
        "powerflow_computation": 0.004680600017309189,
        "total": 0.03096899949014187
    },
    "total": 0.046275699976831675
}