{
    "Agent": {
        "total": 0.01113869994878769
    },
    "Env": {
        "apply_act": 0.023506999714300036,
        "observation_computation": 0.005170600023120642,
        "powerflow_computation": 0.004943100502714515,
        "total": 0.03362070024013519
    },
    "total": 0.04982610000297427
}