{
    "Agent": {
        "total": 0.05535509856417775
    },
    "Env": {
        "apply_act": 0.21024970058351755,
        "observation_computation": 0.04128839890472591,
        "powerflow_computation": 0.04003689787350595,
        "total": 0.2915749973617494
    },
    "total": 0.38573990017175674
}