{
    "Agent": {
        "total": 0.06519199999962666
    },
    "Env": {
        "apply_act": 0.7155709999998408,
        "observation_computation": 0.4781284999997979,
        "powerflow_computation": 0.41991060000026437,
        "total": 1.613610099999903
    },
    "total": 2.1145021999999756
}