{
    "Agent": {
        "total": 0.22066869999980554
    },
    "Env": {
        "apply_act": 0.048762000020360574,
        "observation_computation": 0.019399200013140216,
        "powerflow_computation": 0.01969509999617003,
        "total": 0.08785630002967082
    },
    "total": 0.33017249999102205
}