{
    "Agent": {
        "total": 0.007145399926230311
    },
    "Env": {
        "apply_act": 0.019780000438913703,
        "observation_computation": 0.004353599157184362,
        "powerflow_computation": 0.00370299955829978,
        "total": 0.027836599154397845
    },
    "total": 0.040125499945133924
}