{
    "Agent": {
        "total": 0.11536750011146069
    },
    "Env": {
        "apply_act": 0.3039371012710035,
        "observation_computation": 0.06952510122209787,
        "powerflow_computation": 0.06315219984389842,
        "total": 0.4366144023369998
    },
    "total": 0.6172531999181956
}