{
    "Agent": {
        "total": 0.006535499999998251
    },
    "Env": {
        "apply_act": 0.07349700000010273,
        "observation_computation": 0.05090540000006172,
        "powerflow_computation": 0.04300130000008551,
        "total": 0.16740370000024996
    },
    "total": 0.22347609999999918
}