{
    "Agent": {
        "total": 0.013426499999980024
    },
    "Env": {
        "apply_act": 0.15447310000050152,
        "observation_computation": 0.11100860000041735,
        "powerflow_computation": 0.09411740000035707,
        "total": 0.35959910000127593
    },
    "total": 0.47849429999999415
}