{
    "Agent": {
        "total": 0.29078199999992194
    },
    "Env": {
        "apply_act": 0.9499604999994062,
        "observation_computation": 0.15391510000040398,
        "powerflow_computation": 0.1329289999990806,
        "total": 1.2368045999988908
    },
    "total": 1.672066700000073
}