{
    "Agent": {
        "total": 0.017228400000064426
    },
    "Env": {
        "apply_act": 0.19147749999986274,
        "observation_computation": 0.139060600000235,
        "powerflow_computation": 0.12010109999989993,
        "total": 0.4506391999999977
    },
    "total": 0.5963551000000109
}