{
    "Agent": {
        "total": 0.10890529933385551
    },
    "Env": {
        "apply_act": 0.5392611989518628,
        "observation_computation": 0.07995230203960091,
        "powerflow_computation": 0.0669250002829358,
        "total": 0.6861385012743995
    },
    "total": 0.8719364000717178
}