{
    "Agent": {
        "total": 0.3099400999990394
    },
    "Env": {
        "apply_act": 0.5671542000000045,
        "observation_computation": 0.09696040000153516,
        "powerflow_computation": 0.09088200000223878,
        "total": 0.7549966000037784
    },
    "total": 1.1561940000001414
}