{
    "Agent": {
        "total": 0.14244549989234656
    },
    "Env": {
        "apply_act": 0.5045161000452936,
        "observation_computation": 0.09910160035360605,
        "powerflow_computation": 0.08614770066924393,
        "total": 0.6897654010681435
    },
    "total": 0.9265765000600368
}