{
    "Agent": {
        "total": 0.10940000007394701
    },
    "Env": {
        "apply_act": 0.21453829982783645,
        "observation_computation": 0.05813739949371666,
        "powerflow_computation": 0.0498369000852108,
        "total": 0.3225125994067639
    },
    "total": 0.48808979999739677
}