{
    "Agent": {
        "total": 0.10040830000230017
    },
    "Env": {
        "apply_act": 0.3923352000012983,
        "observation_computation": 0.07204309999929137,
        "powerflow_computation": 0.0657060000007732,
        "total": 0.5300843000013629
    },
    "total": 0.7004051999999774
}