{
    "Agent": {
        "total": 1.4044617999993534
    },
    "Env": {
        "apply_act": 1.2567797999972754,
        "observation_computation": 0.7341325999958599,
        "powerflow_computation": 0.6573948000013843,
        "total": 2.6483071999945196
    },
    "total": 4.750010999999972
}