{
    "Agent": {
        "total": 0.007778499741107225
    },
    "Env": {
        "apply_act": 0.020826600026339293,
        "observation_computation": 0.0028379001887515187,
        "powerflow_computation": 0.0025572001468390226,
        "total": 0.026221700361929834
    },
    "total": 0.037673500017262995
}