{
    "Agent": {
        "total": 0.0009197001345455647
    },
    "Env": {
        "apply_act": 0.0,
        "observation_computation": 0.0,
        "powerflow_computation": 0.0,
        "total": 0.0
    },
    "total": 0.002117800060659647
}