{
    "Agent": {
        "total": 0.41701689988258295
    },
    "Env": {
        "apply_act": 1.3167771999796969,
        "observation_computation": 0.2044421999817132,
        "powerflow_computation": 0.18157549996249145,
        "total": 1.7027948999239015
    },
    "total": 2.3196607999998378
}