{
    "Agent": {
        "total": 0.0011657000000013795
    },
    "Env": {
        "apply_act": 0.0,
        "observation_computation": 0.0,
        "powerflow_computation": 0.0,
        "total": 0.0
    },
    "total": 0.0036370000000260916
}