{
    "Agent": {
        "total": 0.001162499999963984
    },
    "Env": {
        "apply_act": 0.0,
        "observation_computation": 0.0,
        "powerflow_computation": 0.0,
        "total": 0.0
    },
    "total": 0.0024918999999954394
}