{
    "Agent": {
        "total": 0.020104799999444367
    },
    "Env": {
        "apply_act": 0.05777189999935217,
        "observation_computation": 0.013852899999619694,
        "powerflow_computation": 0.011515399999098008,
        "total": 0.08314019999806987
    },
    "total": 0.11756229999991774
}