{
    "Agent": {
        "total": 0.3491858982015401
    },
    "Env": {
        "apply_act": 0.6524464024696499,
        "observation_computation": 0.22331879858393222,
        "powerflow_computation": 0.19652079895604402,
        "total": 1.0722860000096262
    },
    "total": 1.619911800022237
}