{
    "Agent": {
        "total": 0.19745890144258738
    },
    "Env": {
        "apply_act": 0.5658110005315393,
        "observation_computation": 0.08453050069510937,
        "powerflow_computation": 0.08177619951311499,
        "total": 0.7321177007397637
    },
    "total": 1.0102287998888642
}