{
    "Agent": {
        "total": 0.03856240001914557
    },
    "Env": {
        "apply_act": 0.14381979992322158,
        "observation_computation": 0.03314889995090198,
        "powerflow_computation": 0.034470200043870136,
        "total": 0.2114388999179937
    },
    "total": 0.2815781999961473
}