{
    "Agent": {
        "total": 0.024735300336033106
    },
    "Env": {
        "apply_act": 0.12089070060756058,
        "observation_computation": 0.01734680007211864,
        "powerflow_computation": 0.01530939934309572,
        "total": 0.15354690002277493
    },
    "total": 0.19530149991624057
}