{
    "Agent": {
        "total": 0.11540510063059628
    },
    "Env": {
        "apply_act": 0.38766420166939497,
        "observation_computation": 0.08367259986698627,
        "powerflow_computation": 0.07556450029369444,
        "total": 0.5469013018300757
    },
    "total": 0.7414828999899328
}