{
    "Agent": {
        "total": 0.03120869999952447
    },
    "Env": {
        "apply_act": 0.06118519999972705,
        "observation_computation": 0.015801499999270163,
        "powerflow_computation": 0.012542799999437193,
        "total": 0.0895294999984344
    },
    "total": 0.13496090000012373
}