{
    "Agent": {
        "total": 0.030885800000760355
    },
    "Env": {
        "apply_act": 0.10089080000170725,
        "observation_computation": 0.02181700000096498,
        "powerflow_computation": 0.018343499999446067,
        "total": 0.1410513000021183
    },
    "total": 0.19313160000001517
}