{
    "Agent": {
        "total": 0.03657410001324024
    },
    "Env": {
        "apply_act": 0.1749814000359038,
        "observation_computation": 0.03338189996429719,
        "powerflow_computation": 0.03335629997309297,
        "total": 0.24171959997329395
    },
    "total": 0.309853300001123
}