{
    "Agent": {
        "total": 0.4021665000473149
    },
    "Env": {
        "apply_act": 1.7737320003216155,
        "observation_computation": 0.35981760057620704,
        "powerflow_computation": 0.30877820000750944,
        "total": 2.442327800905332
    },
    "total": 3.1606967999832705
}