{
    "Agent": {
        "total": 1.1932584999594837
    },
    "Env": {
        "apply_act": 0.33306040067691356,
        "observation_computation": 0.10071199899539351,
        "powerflow_computation": 0.057524399482645094,
        "total": 0.49129679915495217
    },
    "total": 1.745786500046961
}