{
    "Agent": {
        "total": 0.0010621999999784748
    },
    "Env": {
        "apply_act": 0.0,
        "observation_computation": 0.0,
        "powerflow_computation": 0.0,
        "total": 0.0
    },
    "total": 0.003263400000037109
}