{
    "Agent": {
        "total": 0.12616699998034164
    },
    "Env": {
        "apply_act": 0.28370369964977726,
        "observation_computation": 0.05004479951458052,
        "powerflow_computation": 0.0432182993972674,
        "total": 0.3769667985616252
    },
    "total": 0.5524831000366248
}