{
    "Agent": {
        "total": 0.1560833003895823
    },
    "Env": {
        "apply_act": 0.36787500040372834,
        "observation_computation": 0.06087700024363585,
        "powerflow_computation": 0.054995499667711556,
        "total": 0.48374750031507574
    },
    "total": 0.7000839000102133
}