{
    "Agent": {
        "total": 0.02759100019466132
    },
    "Env": {
        "apply_act": 0.05976830027066171,
        "observation_computation": 0.014639100176282227,
        "powerflow_computation": 0.013085099984891713,
        "total": 0.08749250043183565
    },
    "total": 0.12886769999749959
}