{
    "Agent": {
        "total": 0.22601489955559373
    },
    "Env": {
        "apply_act": 0.4637093002675101,
        "observation_computation": 0.07857379934284836,
        "powerflow_computation": 0.07719429954886436,
        "total": 0.6194773991592228
    },
    "total": 0.9209458000259474
}