{
    "Agent": {
        "total": 0.1972581990994513
    },
    "Env": {
        "apply_act": 0.6419046993833035,
        "observation_computation": 0.1355054033920169,
        "powerflow_computation": 0.1201959983445704,
        "total": 0.8976061011198908
    },
    "total": 1.225308399880305
}