{
    "Agent": {
        "total": 0.015407999998387822
    },
    "Env": {
        "apply_act": 0.05226120000043011,
        "observation_computation": 0.008559700000660087,
        "powerflow_computation": 0.009674400002495531,
        "total": 0.07049530000358573
    },
    "total": 0.09411839999984295
}