{
    "Agent": {
        "total": 0.4092393000028096
    },
    "Env": {
        "apply_act": 0.22823950000474724,
        "observation_computation": 0.14893340000344324,
        "powerflow_computation": 0.12887990000126592,
        "total": 0.5060528000094564
    },
    "total": 1.0586648999997124
}