{
    "Agent": {
        "total": 0.3628742993460037
    },
    "Env": {
        "apply_act": 1.7639491005102172,
        "observation_computation": 0.31067350012017414,
        "powerflow_computation": 0.26614180085016415,
        "total": 2.3407644014805555
    },
    "total": 2.981946900021285
}