{
    "Agent": {
        "total": 0.065238900000395
    },
    "Env": {
        "apply_act": 0.13615900000024794,
        "observation_computation": 0.029327300000431933,
        "powerflow_computation": 0.025728499999445376,
        "total": 0.19121480000012525
    },
    "total": 0.2857642000000169
}