{
    "Agent": {
        "total": 0.2768848000030175
    },
    "Env": {
        "apply_act": 0.8371795999969436,
        "observation_computation": 0.16433210000218423,
        "powerflow_computation": 0.1446495000025152,
        "total": 1.146161200001643
    },
    "total": 1.5706850999999915
}