{
    "Agent": {
        "total": 0.03127309994306415
    },
    "Env": {
        "apply_act": 0.061044099973514676,
        "observation_computation": 0.013537899940274656,
        "powerflow_computation": 0.011970099993050098,
        "total": 0.08655209990683943
    },
    "total": 0.13122909993398935
}