{
    "Agent": {
        "total": 0.0765925999997421
    },
    "Env": {
        "apply_act": 0.15867559999986725,
        "observation_computation": 0.029424399999697926,
        "powerflow_computation": 0.026717500000188465,
        "total": 0.21481749999975364
    },
    "total": 0.32101939999995466
}