{
    "Agent": {
        "total": 0.11748070095200092
    },
    "Env": {
        "apply_act": 0.4074677008902654,
        "observation_computation": 0.0851595007115975,
        "powerflow_computation": 0.07325529854279011,
        "total": 0.565882500144653
    },
    "total": 0.7645160999381915
}