{
    "Agent": {
        "total": 0.09104650000006131
    },
    "Env": {
        "apply_act": 0.18160549999987552,
        "observation_computation": 0.03363660000013624,
        "powerflow_computation": 0.027662100000156897,
        "total": 0.24290420000016866
    },
    "total": 0.3710583000000156
}