{
    "Agent": {
        "total": 0.010284800000022187
    },
    "Env": {
        "apply_act": 0.11229030000016849,
        "observation_computation": 0.07959530000015036,
        "powerflow_computation": 0.07537619999999379,
        "total": 0.26726180000031263
    },
    "total": 0.3515225999999956
}