{
    "Agent": {
        "total": 0.1349323990289122
    },
    "Env": {
        "apply_act": 0.5197241988498718,
        "observation_computation": 0.09932160016614944,
        "powerflow_computation": 0.08925980085041374,
        "total": 0.7083055998664349
    },
    "total": 0.9401153000071645
}