{
    "Agent": {
        "total": 0.02035459945909679
    },
    "Env": {
        "apply_act": 0.038910299772396684,
        "observation_computation": 0.008788000326603651,
        "powerflow_computation": 0.007954399799928069,
        "total": 0.055652699898928404
    },
    "total": 0.08482529991306365
}