{
    "Agent": {
        "total": 0.04881519999958073
    },
    "Env": {
        "apply_act": 0.0527117000015096,
        "observation_computation": 0.03196300000058727,
        "powerflow_computation": 0.02826730000083444,
        "total": 0.11294200000293131
    },
    "total": 0.19027889999983927
}