{
    "Agent": {
        "total": 0.03872620011679828
    },
    "Env": {
        "apply_act": 0.0712274006800726,
        "observation_computation": 0.01804939960129559,
        "powerflow_computation": 0.017335099633783102,
        "total": 0.1066118999151513
    },
    "total": 0.1632168999640271
}