{
    "Agent": {
        "total": 0.009812699999997676
    },
    "Env": {
        "apply_act": 0.03703150000012556,
        "observation_computation": 0.005076800000210824,
        "powerflow_computation": 0.004251299999964431,
        "total": 0.046359600000300816
    },
    "total": 0.06298470000001544
}