{
    "Agent": {
        "total": 0.2889825999986897
    },
    "Env": {
        "apply_act": 0.5009741999974722,
        "observation_computation": 0.08133180000277207,
        "powerflow_computation": 0.06702919999725054,
        "total": 0.6493351999974948
    },
    "total": 1.0111912000002121
}