{
    "Agent": {
        "total": 0.061541600007331
    },
    "Env": {
        "apply_act": 0.013494999962858856,
        "observation_computation": 0.004839399975026026,
        "powerflow_computation": 0.006223600008524954,
        "total": 0.024557999946409836
    },
    "total": 0.0916438999993261
}