{
    "Agent": {
        "total": 0.010688999784179032
    },
    "Env": {
        "apply_act": 0.04389040032401681,
        "observation_computation": 0.008196700480766594,
        "powerflow_computation": 0.007650500279851258,
        "total": 0.05973760108463466
    },
    "total": 0.07836520008277148
}