{
    "Agent": {
        "total": 0.0672725000003993
    },
    "Env": {
        "apply_act": 0.24430219999703695,
        "observation_computation": 0.03878970000278059,
        "powerflow_computation": 0.03332210000098712,
        "total": 0.31641400000080466
    },
    "total": 0.41981780000014624
}