{
    "Agent": {
        "total": 0.11843440122902393
    },
    "Env": {
        "apply_act": 0.12077829986810684,
        "observation_computation": 0.05741469655185938,
        "powerflow_computation": 0.04956690198741853,
        "total": 0.22775989840738475
    },
    "total": 0.40209579980000854
}