{
    "Agent": {
        "total": 0.05066050018649548
    },
    "Env": {
        "apply_act": 0.13820109982043505,
        "observation_computation": 0.02577639976516366,
        "powerflow_computation": 0.02805419999640435,
        "total": 0.19203169958200306
    },
    "total": 0.26803579996339977
}