{
    "Agent": {
        "total": 0.06554399995366111
    },
    "Env": {
        "apply_act": 0.15810389994294383,
        "observation_computation": 0.030743799841729924,
        "powerflow_computation": 0.025761900207726285,
        "total": 0.21460959999240004
    },
    "total": 0.31002990002161823
}