{
    "Agent": {
        "total": 0.047695699998257624
    },
    "Env": {
        "apply_act": 0.170050300002913,
        "observation_computation": 0.03350500000306056,
        "powerflow_computation": 0.02911979999498726,
        "total": 0.2326751000009608
    },
    "total": 0.31134320000001026
}