{
    "Agent": {
        "total": 0.02539099999995642
    },
    "Env": {
        "apply_act": 0.2845472000006737,
        "observation_computation": 0.20976600000005874,
        "powerflow_computation": 0.17357199999997874,
        "total": 0.6678852000007112
    },
    "total": 0.8877939000000197
}