{
    "Agent": {
        "total": 0.021125199855305254
    },
    "Env": {
        "apply_act": 0.056440799933625385,
        "observation_computation": 0.008660299994517118,
        "powerflow_computation": 0.009649100044043735,
        "total": 0.07475019997218624
    },
    "total": 0.10457560000941157
}