{
    "Agent": {
        "total": 0.08799809999663921
    },
    "Env": {
        "apply_act": 0.2949253000028875,
        "observation_computation": 0.04843399999936082,
        "powerflow_computation": 0.049474699999336735,
        "total": 0.3928340000015851
    },
    "total": 0.5281866000000264
}