{
    "Agent": {
        "total": 0.3463328000216279
    },
    "Env": {
        "apply_act": 0.07855450009810738,
        "observation_computation": 0.0296517001115717,
        "powerflow_computation": 0.031205799896270037,
        "total": 0.13941200010594912
    },
    "total": 0.5197062999941409
}