{
    "Agent": {
        "total": 0.023536399588920176
    },
    "Env": {
        "apply_act": 0.0509526003152132,
        "observation_computation": 0.011809199815616012,
        "powerflow_computation": 0.011222700006328523,
        "total": 0.07398450013715774
    },
    "total": 0.10881020000670105
}