{
    "Agent": {
        "total": 0.2819143999981861
    },
    "Env": {
        "apply_act": 0.40470470000036585,
        "observation_computation": 0.13488850000385355,
        "powerflow_computation": 0.12101809999808211,
        "total": 0.6606113000023015
    },
    "total": 1.075563799999827
}