{
    "Agent": {
        "total": 0.3443067999978666
    },
    "Env": {
        "apply_act": 0.7643816000081642,
        "observation_computation": 0.17379120000350667,
        "powerflow_computation": 0.13714629999503813,
        "total": 1.075319100006709
    },
    "total": 1.5663603000002695
}