{
    "Agent": {
        "total": 0.0012648999691009521
    },
    "Env": {
        "apply_act": 0.0,
        "observation_computation": 0.0,
        "powerflow_computation": 0.0,
        "total": 0.0
    },
    "total": 0.002480600029230118
}