{
    "Agent": {
        "total": 0.10371870140079409
    },
    "Env": {
        "apply_act": 0.3316243999870494,
        "observation_computation": 0.069479999714531,
        "powerflow_computation": 0.06182069983333349,
        "total": 0.4629250995349139
    },
    "total": 0.6278155000181869
}