{
    "Agent": {
        "total": 0.03891450085211545
    },
    "Env": {
        "apply_act": 0.10597119969315827,
        "observation_computation": 0.025614099111407995,
        "powerflow_computation": 0.021526600350625813,
        "total": 0.15311189915519208
    },
    "total": 0.2182025999063626
}