{
    "Agent": {
        "total": 0.04421599942725152
    },
    "Env": {
        "apply_act": 0.12560320005286485,
        "observation_computation": 0.03230900061316788,
        "powerflow_computation": 0.02838379959575832,
        "total": 0.18629600026179105
    },
    "total": 0.2620115999598056
}