{
    "Agent": {
        "total": 0.006832599872723222
    },
    "Env": {
        "apply_act": 0.015325400279834867,
        "observation_computation": 0.003086399519816041,
        "powerflow_computation": 0.00309599912725389,
        "total": 0.021507798926904798
    },
    "total": 0.03163080010563135
}