{
    "Agent": {
        "total": 0.13743139943107963
    },
    "Env": {
        "apply_act": 0.5049159014597535,
        "observation_computation": 0.09756280016154051,
        "powerflow_computation": 0.08960569906048477,
        "total": 0.6920844006817788
    },
    "total": 0.9214945000130683
}