{
    "Agent": {
        "total": 0.0592480999999907
    },
    "Env": {
        "apply_act": 0.21727479999947263,
        "observation_computation": 0.030681600000434628,
        "powerflow_computation": 0.03164620000075047,
        "total": 0.27960260000065773
    },
    "total": 0.3684397000000672
}