{
    "Agent": {
        "total": 0.0025460999999609157
    },
    "Env": {
        "apply_act": 0.028697399999884965,
        "observation_computation": 0.01989750000012691,
        "powerflow_computation": 0.01964879999979985,
        "total": 0.06824369999981172
    },
    "total": 0.0902533999999946
}