{
    "Agent": {
        "total": 0.061041600070893764
    },
    "Env": {
        "apply_act": 0.22671950014773756,
        "observation_computation": 0.04435820004437119,
        "powerflow_computation": 0.040252699167467654,
        "total": 0.3113303993595764
    },
    "total": 0.4141958999680355
}