{
    "Agent": {
        "total": 0.0042345000000381106
    },
    "Env": {
        "apply_act": 0.04628799999997568,
        "observation_computation": 0.0332304000000363,
        "powerflow_computation": 0.027606299999916928,
        "total": 0.10712469999992891
    },
    "total": 0.1429899999999975
}