{
    "Agent": {
        "total": 0.04369899979792535
    },
    "Env": {
        "apply_act": 0.0991588996257633,
        "observation_computation": 0.0181763987056911,
        "powerflow_computation": 0.015317799523472786,
        "total": 0.13265309785492718
    },
    "total": 0.19479930005036294
}