{
    "Agent": {
        "total": 0.043302399999902264
    },
    "Env": {
        "apply_act": 0.2515523000010944,
        "observation_computation": 0.04234070000029533,
        "powerflow_computation": 0.03668169999946258,
        "total": 0.3305747000008523
    },
    "total": 0.41190180000012333
}