{
    "Agent": {
        "total": 0.030135800247080624
    },
    "Env": {
        "apply_act": 0.07741970010101795,
        "observation_computation": 0.02154250128660351,
        "powerflow_computation": 0.01914130023214966,
        "total": 0.11810350161977112
    },
    "total": 0.16881189995910972
}