{
    "Agent": {
        "total": 0.08525360096246004
    },
    "Env": {
        "apply_act": 0.1914124998729676,
        "observation_computation": 0.039548900444060564,
        "powerflow_computation": 0.030498198699206114,
        "total": 0.2614595990162343
    },
    "total": 0.38590079988352954
}