{
    "Agent": {
        "total": 0.009576599972206168
    },
    "Env": {
        "apply_act": 0.03851379995467141,
        "observation_computation": 0.008413500021561049,
        "powerflow_computation": 0.009912499983329326,
        "total": 0.05683979995956179
    },
    "total": 0.07415689999470487
}