{
    "Agent": {
        "total": 0.7105530000035287
    },
    "Env": {
        "apply_act": 0.6626405999979852,
        "observation_computation": 0.33209980000606265,
        "powerflow_computation": 0.29341510000563176,
        "total": 1.2881555000096796
    },
    "total": 2.3278384999998707
}