{
    "Agent": {
        "total": 0.03382249999913256
    },
    "Env": {
        "apply_act": 0.15675530000180515,
        "observation_computation": 0.032031799999913346,
        "powerflow_computation": 0.027704600001015933,
        "total": 0.21649170000273443
    },
    "total": 0.27893379999977697
}