{
    "Agent": {
        "total": 0.04773840000063956
    },
    "Env": {
        "apply_act": 0.09742579999988266,
        "observation_computation": 0.01679339999975582,
        "powerflow_computation": 0.016748000000234242,
        "total": 0.13096719999987272
    },
    "total": 0.1949557000000368
}