{
    "Agent": {
        "total": 0.024826900335028768
    },
    "Env": {
        "apply_act": 0.06179880001582205,
        "observation_computation": 0.009513700264506042,
        "powerflow_computation": 0.009485699702054262,
        "total": 0.08079819998238236
    },
    "total": 0.11529169999994338
}