{
    "Agent": {
        "total": 0.025396300000005922
    },
    "Env": {
        "apply_act": 0.27200059999998594,
        "observation_computation": 0.19663390000002323,
        "powerflow_computation": 0.16473350000000408,
        "total": 0.6333680000000133
    },
    "total": 0.8435156999999993
}