{
    "Agent": {
        "total": 0.0605824000008397
    },
    "Env": {
        "apply_act": 0.06542889999946055,
        "observation_computation": 0.03054019999990487,
        "powerflow_computation": 0.02931079999962094,
        "total": 0.12527989999898637
    },
    "total": 0.2180677999999716
}