{
    "Agent": {
        "total": 0.10720309993484989
    },
    "Env": {
        "apply_act": 0.748492499900749,
        "observation_computation": 0.06438109988812357,
        "powerflow_computation": 0.05933610018109903,
        "total": 0.8722096999699716
    },
    "total": 1.0368238000082783
}