{
    "Agent": {
        "total": 0.2878917995840311
    },
    "Env": {
        "apply_act": 0.5715407008538023,
        "observation_computation": 0.13590889726765454,
        "powerflow_computation": 0.11595370061695576,
        "total": 0.8234032987384126
    },
    "total": 1.2428359999321401
}