{
    "Agent": {
        "total": 0.013652900117449462
    },
    "Env": {
        "apply_act": 0.03659370040986687,
        "observation_computation": 0.00630799971986562,
        "powerflow_computation": 0.006181299570016563,
        "total": 0.04908299969974905
    },
    "total": 0.06882779998704791
}