{
    "Agent": {
        "total": 0.09306539979297668
    },
    "Env": {
        "apply_act": 0.19984220043988898,
        "observation_computation": 0.035143500252161175,
        "powerflow_computation": 0.03247980010928586,
        "total": 0.267465500801336
    },
    "total": 0.3953410999965854
}