{
    "Agent": {
        "total": 0.012097799946786836
    },
    "Env": {
        "apply_act": 0.045071599932271056,
        "observation_computation": 0.010275499953422695,
        "powerflow_computation": 0.010437600023578852,
        "total": 0.0657846999092726
    },
    "total": 0.0876021000003675
}