{
    "Agent": {
        "total": 0.9045910000022559
    },
    "Env": {
        "apply_act": 0.6605240000046706,
        "observation_computation": 0.4107111000025725,
        "powerflow_computation": 0.33456830000227455,
        "total": 1.4058034000095176
    },
    "total": 2.676757899999984
}