{
    "Agent": {
        "total": 0.16448990000026242
    },
    "Env": {
        "apply_act": 0.7839219000088633,
        "observation_computation": 0.07492090000232565,
        "powerflow_computation": 0.06841739999981655,
        "total": 0.9272602000110055
    },
    "total": 1.165180899999541
}