{
    "Agent": {
        "total": 0.09177250100765377
    },
    "Env": {
        "apply_act": 0.2683559996075928,
        "observation_computation": 0.044356000144034624,
        "powerflow_computation": 0.039270599954761565,
        "total": 0.351982599706389
    },
    "total": 0.48594439995940775
}