{
    "Agent": {
        "total": 0.061215499648824334
    },
    "Env": {
        "apply_act": 0.1679988990072161,
        "observation_computation": 0.02791739976964891,
        "powerflow_computation": 0.02629040100146085,
        "total": 0.22220669977832586
    },
    "total": 0.3104932999704033
}