{
    "Agent": {
        "total": 1.7541253000022152
    },
    "Env": {
        "apply_act": 2.4864484999982324,
        "observation_computation": 0.8127959000046303,
        "powerflow_computation": 0.7197420000004513,
        "total": 4.018986400003314
    },
    "total": 6.542793999999958
}