{
    "Agent": {
        "total": 0.006652200128883123
    },
    "Env": {
        "apply_act": 0.014554299879819155,
        "observation_computation": 0.002952100709080696,
        "powerflow_computation": 0.0027793997433036566,
        "total": 0.020285800332203507
    },
    "total": 0.029981600120663643
}