{
    "Agent": {
        "total": 0.11320529936347157
    },
    "Env": {
        "apply_act": 0.4280606016982347,
        "observation_computation": 0.08298689941875637,
        "powerflow_computation": 0.08360729983542114,
        "total": 0.5946548009524122
    },
    "total": 0.7873037999961525
}