{
    "Agent": {
        "total": 0.02335350000021208
    },
    "Env": {
        "apply_act": 0.10328749999916909,
        "observation_computation": 0.024002599999221275,
        "powerflow_computation": 0.023971899999651214,
        "total": 0.15126199999804157
    },
    "total": 0.19785989999991216
}