{
    "Agent": {
        "total": 0.022441200001139805
    },
    "Env": {
        "apply_act": 0.08013470000059897,
        "observation_computation": 0.012705499998446612,
        "powerflow_computation": 0.011619300000802468,
        "total": 0.10445949999984805
    },
    "total": 0.1390281999997569
}