{
    "Agent": {
        "total": 0.09290630009490997
    },
    "Env": {
        "apply_act": 0.20000180043280125,
        "observation_computation": 0.04663069860544056,
        "powerflow_computation": 0.042069301242008805,
        "total": 0.2887018002802506
    },
    "total": 0.4266046000411734
}