{
    "Agent": {
        "total": 0.036078299628570676
    },
    "Env": {
        "apply_act": 0.10659840074367821,
        "observation_computation": 0.025321598746813834,
        "powerflow_computation": 0.022076700464822352,
        "total": 0.1539966999553144
    },
    "total": 0.2154478000011295
}