{
    "Agent": {
        "total": 0.0007571999999527179
    },
    "Env": {
        "apply_act": 0.0,
        "observation_computation": 0.0,
        "powerflow_computation": 0.0,
        "total": 0.0
    },
    "total": 0.00185179999994034
}