{
    "Agent": {
        "total": 0.8581156996078789
    },
    "Env": {
        "apply_act": 2.031303501687944,
        "observation_computation": 0.41189679806120694,
        "powerflow_computation": 0.37118460005149245,
        "total": 2.8143848998006433
    },
    "total": 4.075898200040683
}