{
    "Agent": {
        "total": 0.06741860000056477
    },
    "Env": {
        "apply_act": 0.18646319999925254,
        "observation_computation": 0.028286300001582276,
        "powerflow_computation": 0.024174000001494278,
        "total": 0.2389235000023291
    },
    "total": 0.33439079999971
}