{
    "Agent": {
        "total": 0.1375150001840666
    },
    "Env": {
        "apply_act": 0.30070989951491356,
        "observation_computation": 0.05467959999805316,
        "powerflow_computation": 0.0485926991677843,
        "total": 0.403982198680751
    },
    "total": 0.5965115999570116
}