{
    "Agent": {
        "total": 0.051824800902977586
    },
    "Env": {
        "apply_act": 0.1844885975588113,
        "observation_computation": 0.038407199550420046,
        "powerflow_computation": 0.03252850077114999,
        "total": 0.25542429788038135
    },
    "total": 0.3458595001138747
}