{
    "Agent": {
        "total": 0.04495939999924303
    },
    "Env": {
        "apply_act": 0.12909059999765304,
        "observation_computation": 0.022378200004823157,
        "powerflow_computation": 0.02066200000081153,
        "total": 0.17213080000328773
    },
    "total": 0.23840959999961342
}