{
    "Agent": {
        "total": 0.05409319999876061
    },
    "Env": {
        "apply_act": 0.10469250000005559,
        "observation_computation": 0.037997399999085246,
        "powerflow_computation": 0.03320620000181407,
        "total": 0.1758961000009549
    },
    "total": 0.2676472999999078
}