{
    "Agent": {
        "total": 0.09918769996147603
    },
    "Env": {
        "apply_act": 0.5587281006155536,
        "observation_computation": 0.06462679989635944,
        "powerflow_computation": 0.05864589905831963,
        "total": 0.6820007995702326
    },
    "total": 0.8443917999975383
}