{
    "Agent": {
        "total": 0.03769450000049801
    },
    "Env": {
        "apply_act": 0.10779169999932492,
        "observation_computation": 0.024077799999531635,
        "powerflow_computation": 0.02055449999988923,
        "total": 0.15242399999874578
    },
    "total": 0.21169109999982538
}