{
    "Agent": {
        "total": 0.01300280000003795
    },
    "Env": {
        "apply_act": 0.14120770000022276,
        "observation_computation": 0.10280009999968343,
        "powerflow_computation": 0.09243309999985172,
        "total": 0.3364408999997579
    },
    "total": 0.4459476000000109
}