{
    "Agent": {
        "total": 0.04044860000010431
    },
    "Env": {
        "apply_act": 0.44508240000006083,
        "observation_computation": 0.29429490000001124,
        "powerflow_computation": 0.25294999999988477,
        "total": 0.9923272999999568
    },
    "total": 1.3053859000000045
}