{
    "Agent": {
        "total": 0.12250700000413417
    },
    "Env": {
        "apply_act": 0.2005325999998604,
        "observation_computation": 0.07729430000154025,
        "powerflow_computation": 0.06641500000068845,
        "total": 0.3442419000020891
    },
    "total": 0.5342344000000594
}