{
    "Agent": {
        "total": 0.06685070000013127
    },
    "Env": {
        "apply_act": 0.8196037999998964,
        "observation_computation": 0.5120247000001967,
        "powerflow_computation": 0.41581389999979024,
        "total": 1.7474423999998834
    },
    "total": 2.281688399999993
}