{
    "Agent": {
        "total": 0.09724469999998853
    },
    "Env": {
        "apply_act": 1.0577421999999341,
        "observation_computation": 0.7158640000000052,
        "powerflow_computation": 0.6102418000000043,
        "total": 2.3838479999999436
    },
    "total": 3.1344526000000013
}