{
    "Agent": {
        "total": 0.04252840089611709
    },
    "Env": {
        "apply_act": 0.08692200086079538,
        "observation_computation": 0.021248200442641973,
        "powerflow_computation": 0.019939597696065903,
        "total": 0.12810979899950325
    },
    "total": 0.19190269988030195
}