{
    "Agent": {
        "total": 0.0008764999220147729
    },
    "Env": {
        "apply_act": 0.0,
        "observation_computation": 0.0,
        "powerflow_computation": 0.0,
        "total": 0.0
    },
    "total": 0.002700299955904484
}