{
    "Agent": {
        "total": 0.03674820000060208
    },
    "Env": {
        "apply_act": 0.03945389999944382,
        "observation_computation": 0.023251700000173514,
        "powerflow_computation": 0.021462599998812948,
        "total": 0.08416819999843028
    },
    "total": 0.1416486000000532
}