{
    "Agent": {
        "total": 0.22064020007383078
    },
    "Env": {
        "apply_act": 0.4408779995283112,
        "observation_computation": 0.1047107003396377,
        "powerflow_computation": 0.09880199958570302,
        "total": 0.6443906994536519
    },
    "total": 0.9654484000056982
}