{
    "Agent": {
        "total": 0.05459210032131523
    },
    "Env": {
        "apply_act": 0.12186110066249967,
        "observation_computation": 0.02864730020519346,
        "powerflow_computation": 0.025733200134709477,
        "total": 0.1762416010024026
    },
    "total": 0.2581602999707684
}