{
    "Agent": {
        "total": 0.017885899998191235
    },
    "Env": {
        "apply_act": 0.05416539999919223,
        "observation_computation": 0.012415900000860347,
        "powerflow_computation": 0.010756599999467653,
        "total": 0.07733789999952023
    },
    "total": 0.10715879999997924
}