{
    "Agent": {
        "total": 0.050733200274407864
    },
    "Env": {
        "apply_act": 0.0987300998531282,
        "observation_computation": 0.018497099867090583,
        "powerflow_computation": 0.017678200267255306,
        "total": 0.13490539998747408
    },
    "total": 0.20411709998734295
}