{
    "Agent": {
        "total": 0.029748998815193772
    },
    "Env": {
        "apply_act": 0.07013179990462959,
        "observation_computation": 0.013096000766381621,
        "powerflow_computation": 0.012448800960555673,
        "total": 0.09567660163156688
    },
    "total": 0.1391855999827385
}