{
    "Agent": {
        "total": 0.0010352999670431018
    },
    "Env": {
        "apply_act": 0.0,
        "observation_computation": 0.0,
        "powerflow_computation": 0.0,
        "total": 0.0
    },
    "total": 0.002612199983559549
}