{
    "Agent": {
        "total": 0.08552889999964464
    },
    "Env": {
        "apply_act": 0.3545610000001034,
        "observation_computation": 0.06603650000170092,
        "powerflow_computation": 0.06696799999645009,
        "total": 0.4875654999982544
    },
    "total": 0.6311421000000337
}