{
    "Agent": {
        "total": 0.09678959999905601
    },
    "Env": {
        "apply_act": 0.16129810000143152,
        "observation_computation": 0.04163859999880515,
        "powerflow_computation": 0.04100220000009358,
        "total": 0.24393890000033025
    },
    "total": 0.38322630000016034
}