{
    "Agent": {
        "total": 0.14097389962989837
    },
    "Env": {
        "apply_act": 0.5794513014843687,
        "observation_computation": 0.10546949901618063,
        "powerflow_computation": 0.09271379967685789,
        "total": 0.7776346001774073
    },
    "total": 1.0172447999939322
}