{
    "Agent": {
        "total": 0.7401184000032117
    },
    "Env": {
        "apply_act": 1.1205037000047469,
        "observation_computation": 0.3425266000017473,
        "powerflow_computation": 0.29831769999918833,
        "total": 1.7613480000056825
    },
    "total": 2.834658900000022
}