{
    "Agent": {
        "total": 0.03374030045233667
    },
    "Env": {
        "apply_act": 0.07547239912673831,
        "observation_computation": 0.017607699381187558,
        "powerflow_computation": 0.016149100963957608,
        "total": 0.10922919947188348
    },
    "total": 0.15954270004294813
}