{
    "Agent": {
        "total": 0.009892800000272928
    },
    "Env": {
        "apply_act": 0.10959490000010419,
        "observation_computation": 0.07442929999999137,
        "powerflow_computation": 0.06278569999983574,
        "total": 0.2468098999999313
    },
    "total": 0.32682260000001406
}