{
    "Agent": {
        "total": 0.10916510000026847
    },
    "Env": {
        "apply_act": 0.206303299999945,
        "observation_computation": 0.03549659999993082,
        "powerflow_computation": 0.031228900000542126,
        "total": 0.27302880000041796
    },
    "total": 0.4167572000000064
}