{
    "Agent": {
        "total": 0.19666630000210716
    },
    "Env": {
        "apply_act": 0.31149360000449633,
        "observation_computation": 0.09990970000058041,
        "powerflow_computation": 0.09238419999951475,
        "total": 0.5037875000045915
    },
    "total": 0.7953574999999091
}