{
    "Agent": {
        "total": 0.0008620999287813902
    },
    "Env": {
        "apply_act": 0.0,
        "observation_computation": 0.0,
        "powerflow_computation": 0.0,
        "total": 0.0
    },
    "total": 0.001988499891012907
}