{
    "Agent": {
        "total": 0.01265149999977666
    },
    "Env": {
        "apply_act": 0.134216399999616,
        "observation_computation": 0.0962002999997651,
        "powerflow_computation": 0.08852930000031733,
        "total": 0.3189459999996984
    },
    "total": 0.42093189999999936
}