{
    "Agent": {
        "total": 0.08300529999860373
    },
    "Env": {
        "apply_act": 0.31493650000288653,
        "observation_computation": 0.06031939999866154,
        "powerflow_computation": 0.051591400000688736,
        "total": 0.4268473000022368
    },
    "total": 0.5662979999999607
}