{
    "Agent": {
        "total": 0.02098089992068708
    },
    "Env": {
        "apply_act": 0.08644970005843788,
        "observation_computation": 0.014241499826312065,
        "powerflow_computation": 0.012858500005677342,
        "total": 0.11354969989042729
    },
    "total": 0.14842159999534488
}