{
    "Agent": {
        "total": 0.5755466999994496
    },
    "Env": {
        "apply_act": 0.6622791999957371,
        "observation_computation": 0.4117704999976013,
        "powerflow_computation": 0.3402998999936244,
        "total": 1.4143495999869629
    },
    "total": 2.3601111000002675
}