{
    "Agent": {
        "total": 0.036470199999655506
    },
    "Env": {
        "apply_act": 0.5265854999998396,
        "observation_computation": 0.26724129999979596,
        "powerflow_computation": 0.21882080000017368,
        "total": 1.0126475999998092
    },
    "total": 1.2972864999999985
}