{
    "Agent": {
        "total": 0.07363940065260977
    },
    "Env": {
        "apply_act": 0.16489620076026767,
        "observation_computation": 0.03820979979354888,
        "powerflow_computation": 0.03598120040260255,
        "total": 0.2390872009564191
    },
    "total": 0.34902730002067983
}