{
    "Agent": {
        "total": 0.06469760000021552
    },
    "Env": {
        "apply_act": 0.15602909999989834,
        "observation_computation": 0.027863000000081684,
        "powerflow_computation": 0.02698300000048448,
        "total": 0.2108751000004645
    },
    "total": 0.30421519999998736
}