{
    "Agent": {
        "total": 0.0010476999450474977
    },
    "Env": {
        "apply_act": 0.0,
        "observation_computation": 0.0,
        "powerflow_computation": 0.0,
        "total": 0.0
    },
    "total": 0.0021623000502586365
}