{
    "Agent": {
        "total": 0.09329839935526252
    },
    "Env": {
        "apply_act": 0.1876173010095954,
        "observation_computation": 0.04553109977860004,
        "powerflow_computation": 0.04279219883028418,
        "total": 0.2759405996184796
    },
    "total": 0.41333669994492084
}