{
    "Agent": {
        "total": 0.2530160997994244
    },
    "Env": {
        "apply_act": 0.10097999987192452,
        "observation_computation": 0.014165100059472024,
        "powerflow_computation": 0.012135099852457643,
        "total": 0.1272801997838542
    },
    "total": 0.39585600001737475
}