{
    "Agent": {
        "total": 1.0990437997388653
    },
    "Env": {
        "apply_act": 0.23875679980847053,
        "observation_computation": 0.0945853000448551,
        "powerflow_computation": 0.09157669995329343,
        "total": 0.42491879980661906
    },
    "total": 1.6287180999934208
}