{
    "Agent": {
        "total": 0.03346889989916235
    },
    "Env": {
        "apply_act": 0.08277109975460917,
        "observation_computation": 0.020591399748809636,
        "powerflow_computation": 0.018907999736256897,
        "total": 0.1222704992396757
    },
    "total": 0.17457310005556792
}