{
    "Agent": {
        "total": 0.06518289996893145
    },
    "Env": {
        "apply_act": 0.4924790999648394,
        "observation_computation": 0.058749299932969734,
        "powerflow_computation": 0.05164800006605219,
        "total": 0.6028763999638613
    },
    "total": 0.721325499995146
}