{
    "Agent": {
        "total": 0.06207190116401762
    },
    "Env": {
        "apply_act": 0.10933420085348189,
        "observation_computation": 0.029389699804596603,
        "powerflow_computation": 0.02593379933387041,
        "total": 0.1646576999919489
    },
    "total": 0.25512919994071126
}