{
    "Agent": {
        "total": 0.17507170000499173
    },
    "Env": {
        "apply_act": 0.3657850999979928,
        "observation_computation": 0.06209759999910602,
        "powerflow_computation": 0.05847929999617918,
        "total": 0.486361999993278
    },
    "total": 0.7287924000002022
}