{
    "Agent": {
        "total": 0.031513899797573686
    },
    "Env": {
        "apply_act": 0.10392320051323622,
        "observation_computation": 0.023748499806970358,
        "powerflow_computation": 0.020389799610711634,
        "total": 0.14806149993091822
    },
    "total": 0.2016642999369651
}