{
    "Agent": {
        "total": 0.1887335999967945
    },
    "Env": {
        "apply_act": 0.792467699998042,
        "observation_computation": 0.13682110000149805,
        "powerflow_computation": 0.12670319999870117,
        "total": 1.0559919999982412
    },
    "total": 1.3758808000000045
}