{
    "Agent": {
        "total": 0.04868400259874761
    },
    "Env": {
        "apply_act": 0.14164970046840608,
        "observation_computation": 0.03540110099129379,
        "powerflow_computation": 0.0320989980828017,
        "total": 0.20914979954250157
    },
    "total": 0.291458300082013
}