{
    "Agent": {
        "total": 0.016885100000422426
    },
    "Env": {
        "apply_act": 0.19550010000148177,
        "observation_computation": 0.13782809999986512,
        "powerflow_computation": 0.12436559999991914,
        "total": 0.457693800001266
    },
    "total": 0.605442499999981
}