{
    "Agent": {
        "total": 0.04110760078765452
    },
    "Env": {
        "apply_act": 0.040009100921452045,
        "observation_computation": 0.02389470092020929,
        "powerflow_computation": 0.021418501622974873,
        "total": 0.0853223034646362
    },
    "total": 0.14790320000611246
}