{
    "Agent": {
        "total": 0.29706059999932677
    },
    "Env": {
        "apply_act": 0.8140709999994442,
        "observation_computation": 0.20632549999925232,
        "powerflow_computation": 0.18399560000170823,
        "total": 1.2043921000004048
    },
    "total": 1.6844148999999788
}