{
    "Agent": {
        "total": 0.1255438000000595
    },
    "Env": {
        "apply_act": 0.14192020000245975,
        "observation_computation": 0.08810860000153298,
        "powerflow_computation": 0.07358910000061769,
        "total": 0.3036179000046104
    },
    "total": 0.5060684999998557
}