{
    "Agent": {
        "total": 0.02003209968097508
    },
    "Env": {
        "apply_act": 0.04403660062234849,
        "observation_computation": 0.00993129936978221,
        "powerflow_computation": 0.009056099923327565,
        "total": 0.06302399991545826
    },
    "total": 0.09273160004522651
}