{
    "Agent": {
        "total": 0.028770900215022266
    },
    "Env": {
        "apply_act": 0.1165404999628663,
        "observation_computation": 0.021441799588501453,
        "powerflow_computation": 0.018909300677478313,
        "total": 0.15689160022884607
    },
    "total": 0.2064638000447303
}