{
    "Agent": {
        "total": 0.08419519999955583
    },
    "Env": {
        "apply_act": 0.193795800000089,
        "observation_computation": 0.03629769999997734,
        "powerflow_computation": 0.03089389999990999,
        "total": 0.26098739999997633
    },
    "total": 0.37841930000001867
}