{
    "Agent": {
        "total": 0.03078690000037909
    },
    "Env": {
        "apply_act": 0.349999899999915,
        "observation_computation": 0.3847171000006995,
        "powerflow_computation": 0.2032806999991692,
        "total": 0.9379976999997837
    },
    "total": 1.1969057999999961
}