{
    "Agent": {
        "total": 0.05686869891360402
    },
    "Env": {
        "apply_act": 0.1254492001608014,
        "observation_computation": 0.029259401373565197,
        "powerflow_computation": 0.025985598796978593,
        "total": 0.1806942003313452
    },
    "total": 0.2652558998670429
}