{
    "Agent": {
        "total": 0.2931617008289322
    },
    "Env": {
        "apply_act": 0.8408242998411879,
        "observation_computation": 0.14030039811041206,
        "powerflow_computation": 0.12633149966131896,
        "total": 1.107456197612919
    },
    "total": 1.5368592999875546
}