{
    "Agent": {
        "total": 0.01329239999952847
    },
    "Env": {
        "apply_act": 0.15382490000047255,
        "observation_computation": 0.11097809999972696,
        "powerflow_computation": 0.0979234000003828,
        "total": 0.3627264000005823
    },
    "total": 0.4788020999999958
}