{
    "Agent": {
        "total": 0.07705989999954
    },
    "Env": {
        "apply_act": 0.08748420000051738,
        "observation_computation": 0.03781819999858271,
        "powerflow_computation": 0.030317899999090514,
        "total": 0.1556202999981906
    },
    "total": 0.26824869999995826
}