{
    "Agent": {
        "total": 0.0785415000013927
    },
    "Env": {
        "apply_act": 0.2843111000029239,
        "observation_computation": 0.04629729999760457,
        "powerflow_computation": 0.03837640000028841,
        "total": 0.3689848000008169
    },
    "total": 0.4923868999999286
}