{
    "Agent": {
        "total": 0.11997659876942635
    },
    "Env": {
        "apply_act": 0.48725260118953884,
        "observation_computation": 0.08981260098516941,
        "powerflow_computation": 0.07785939949098974,
        "total": 0.654924601665698
    },
    "total": 0.8602054000366479
}