{
    "Agent": {
        "total": 0.0011142999865114689
    },
    "Env": {
        "apply_act": 0.0,
        "observation_computation": 0.0,
        "powerflow_computation": 0.0,
        "total": 0.0
    },
    "total": 0.003395299892872572
}