{
    "Agent": {
        "total": 0.12629850013763644
    },
    "Env": {
        "apply_act": 0.30630739984917454,
        "observation_computation": 0.05651989989564754,
        "powerflow_computation": 0.04905140018672682,
        "total": 0.4118786999315489
    },
    "total": 0.5928470999933779
}