{
    "Agent": {
        "total": 0.019903100444935262
    },
    "Env": {
        "apply_act": 0.02221230010036379,
        "observation_computation": 0.009891800000332296,
        "powerflow_computation": 0.008953500306233764,
        "total": 0.04105760040692985
    },
    "total": 0.07038219994865358
}