{
    "Agent": {
        "total": 0.5535034999999198
    },
    "Env": {
        "apply_act": 1.0521188000004713,
        "observation_computation": 0.2525359999987131,
        "powerflow_computation": 0.2103579999993599,
        "total": 1.5150127999985443
    },
    "total": 2.312005699999986
}