{
    "Agent": {
        "total": 0.058865499682724476
    },
    "Env": {
        "apply_act": 0.22106560040265322,
        "observation_computation": 0.04162789904512465,
        "powerflow_computation": 0.04368370003066957,
        "total": 0.30637719947844744
    },
    "total": 0.405695499968715
}