{
    "Agent": {
        "total": 0.014970000000261052
    },
    "Env": {
        "apply_act": 0.1676986999998462,
        "observation_computation": 0.11605849999992301,
        "powerflow_computation": 0.10362670000034768,
        "total": 0.3873839000001169
    },
    "total": 0.5135701000000097
}