{
    "Agent": {
        "total": 0.33161050000035175
    },
    "Env": {
        "apply_act": 0.63998249999986,
        "observation_computation": 0.13799459999700048,
        "powerflow_computation": 0.1255455999962578,
        "total": 0.9035226999931183
    },
    "total": 1.362085300000217
}