{
    "Agent": {
        "total": 0.010823400001754635
    },
    "Env": {
        "apply_act": 0.023414200000843266,
        "observation_computation": 0.004801499999302905,
        "powerflow_computation": 0.005717000000004191,
        "total": 0.03393270000015036
    },
    "total": 0.04950909999934083
}