{
    "Agent": {
        "total": 0.1897821001475677
    },
    "Env": {
        "apply_act": 0.4944546998012811,
        "observation_computation": 0.08464850089512765,
        "powerflow_computation": 0.06935019965749234,
        "total": 0.6484534003539011
    },
    "total": 0.9280618999619037
}