{
    "Agent": {
        "total": 0.014531800000298745
    },
    "Env": {
        "apply_act": 0.1704348999997194,
        "observation_computation": 0.11527459999985012,
        "powerflow_computation": 0.10329420000016398,
        "total": 0.3890036999997335
    },
    "total": 0.5128679000000034
}