{
    "Agent": {
        "total": 0.07921880000020565
    },
    "Env": {
        "apply_act": 0.16718060000005153,
        "observation_computation": 0.02920499999987669,
        "powerflow_computation": 0.02452839999978096,
        "total": 0.22091399999970918
    },
    "total": 0.329094600000019
}