{
    "Agent": {
        "total": 0.07252779999930681
    },
    "Env": {
        "apply_act": 0.0968588000012005,
        "observation_computation": 0.04707049999819901,
        "powerflow_computation": 0.05391440000084913,
        "total": 0.19784370000024865
    },
    "total": 0.31219880000003286
}