{
    "Agent": {
        "total": 0.07766150000043126
    },
    "Env": {
        "apply_act": 0.47131500000068627,
        "observation_computation": 0.07652679999910106,
        "powerflow_computation": 0.06596220000210451,
        "total": 0.6138040000018918
    },
    "total": 0.7585487999999714
}