{
    "Agent": {
        "total": 0.06643060047645122
    },
    "Env": {
        "apply_act": 0.25347510061692446,
        "observation_computation": 0.04617769946344197,
        "powerflow_computation": 0.04052299936302006,
        "total": 0.3401757994433865
    },
    "total": 0.4508359000319615
}