{
    "Agent": {
        "total": 0.35121939971577376
    },
    "Env": {
        "apply_act": 0.9111241999780759,
        "observation_computation": 0.16366240024217404,
        "powerflow_computation": 0.1387128998467233,
        "total": 1.2134995000669733
    },
    "total": 1.7204739000007976
}