{
    "Agent": {
        "total": 0.13674359999822627
    },
    "Env": {
        "apply_act": 0.738609099999394,
        "observation_computation": 0.13642590000154087,
        "powerflow_computation": 0.11682870000458934,
        "total": 0.9918637000055242
    },
    "total": 1.248842599999989
}