{
    "Agent": {
        "total": 0.026952700000016705
    },
    "Env": {
        "apply_act": 0.30464670000000993,
        "observation_computation": 0.20459840000004803,
        "powerflow_computation": 0.17963400000001073,
        "total": 0.6888791000000687
    },
    "total": 0.9034336999999972
}