{
    "Agent": {
        "total": 0.007503599999949984
    },
    "Env": {
        "apply_act": 0.07345840000022008,
        "observation_computation": 0.05507639999990488,
        "powerflow_computation": 0.04631760000052054,
        "total": 0.1748524000006455
    },
    "total": 0.23201660000000857
}