{
    "Agent": {
        "total": 0.007393400417640805
    },
    "Env": {
        "apply_act": 0.021275600418448448,
        "observation_computation": 0.005693300627171993,
        "powerflow_computation": 0.004885799949988723,
        "total": 0.031854700995609164
    },
    "total": 0.04559039999730885
}