{
    "Agent": {
        "total": 0.038316400023177266
    },
    "Env": {
        "apply_act": 0.00848660003975965,
        "observation_computation": 0.0028853000258095562,
        "powerflow_computation": 0.004541699949186295,
        "total": 0.015913600014755502
    },
    "total": 0.057827700016787276
}