{
    "Agent": {
        "total": 0.1625044000102207
    },
    "Env": {
        "apply_act": 0.4718785990262404,
        "observation_computation": 0.07805670099332929,
        "powerflow_computation": 0.06637790019158274,
        "total": 0.6163132002111524
    },
    "total": 0.8668091000290588
}