{
    "Agent": {
        "total": 0.03858870000027537
    },
    "Env": {
        "apply_act": 0.38876990000011347,
        "observation_computation": 0.2853827999999794,
        "powerflow_computation": 0.23325200000024893,
        "total": 0.9074047000003418
    },
    "total": 1.2127219999999852
}