{
    "Agent": {
        "total": 0.07548689900431782
    },
    "Env": {
        "apply_act": 0.25048209994565696,
        "observation_computation": 0.05085779959335923,
        "powerflow_computation": 0.04901700047776103,
        "total": 0.3503569000167772
    },
    "total": 0.475337199983187
}