{
    "Agent": {
        "total": 0.004812600000349221
    },
    "Env": {
        "apply_act": 0.05164909999993483,
        "observation_computation": 0.036565299999892886,
        "powerflow_computation": 0.03114779999992834,
        "total": 0.11936219999975606
    },
    "total": 0.15885679999999525
}