{
    "Agent": {
        "total": 0.0030284998938441277
    },
    "Env": {
        "apply_act": 0.005735500133596361,
        "observation_computation": 0.000851999968290329,
        "powerflow_computation": 0.002052700030617416,
        "total": 0.008640200132504106
    },
    "total": 0.012703499989584088
}