{
    "Agent": {
        "total": 0.3994369999977607
    },
    "Env": {
        "apply_act": 0.5774830000025304,
        "observation_computation": 0.1740679999998065,
        "powerflow_computation": 0.16709090000108517,
        "total": 0.918641900003422
    },
    "total": 1.4834066999999322
}