{
    "Agent": {
        "total": 0.15556609999475768
    },
    "Env": {
        "apply_act": 0.07889600000362407,
        "observation_computation": 0.051148400007150485,
        "powerflow_computation": 0.04641300000002957,
        "total": 0.17645740001080412
    },
    "total": 0.38186080000014044
}