{
    "Agent": {
        "total": 0.014862400000311027
    },
    "Env": {
        "apply_act": 0.008213199999772769,
        "observation_computation": 0.005198699997890799,
        "powerflow_computation": 0.005430900000646943,
        "total": 0.01884279999831051
    },
    "total": 0.038943900000049325
}