{
    "Agent": {
        "total": 0.019551200000478275
    },
    "Env": {
        "apply_act": 0.07048179999992499,
        "observation_computation": 0.010950699999284552,
        "powerflow_computation": 0.01030700000046636,
        "total": 0.0917394999996759
    },
    "total": 0.12176010000030146
}