{
    "Agent": {
        "total": 0.07169769999973141
    },
    "Env": {
        "apply_act": 0.15861349999977392,
        "observation_computation": 0.02785949999974946,
        "powerflow_computation": 0.023182600000268394,
        "total": 0.20965559999979178
    },
    "total": 0.309457499999894
}