{
    "Agent": {
        "total": 0.07102509999958784
    },
    "Env": {
        "apply_act": 0.1438183000001345,
        "observation_computation": 0.03165499999920485,
        "powerflow_computation": 0.028782300000784744,
        "total": 0.2042556000001241
    },
    "total": 0.307090799999969
}