{
    "Agent": {
        "total": 0.14112320053391159
    },
    "Env": {
        "apply_act": 0.37037460040301085,
        "observation_computation": 0.062245201552286744,
        "powerflow_computation": 0.05293509899638593,
        "total": 0.4855549009516835
    },
    "total": 0.6951970999361947
}