{
    "Agent": {
        "total": 0.13756590127013624
    },
    "Env": {
        "apply_act": 0.3552632994251326,
        "observation_computation": 0.06420489924494177,
        "powerflow_computation": 0.057922300533391535,
        "total": 0.4773904992034659
    },
    "total": 0.6760935999918729
}