{
    "Agent": {
        "total": 0.3698658999946929
    },
    "Env": {
        "apply_act": 0.9092980000159514,
        "observation_computation": 0.144372800000383,
        "powerflow_computation": 0.11468479999257397,
        "total": 1.1683556000089084
    },
    "total": 1.6726353000003655
}