{
    "Agent": {
        "total": 0.14529300000003786
    },
    "Env": {
        "apply_act": 0.37434220000011464,
        "observation_computation": 0.06772660000035557,
        "powerflow_computation": 0.055696100000091064,
        "total": 0.4977649000005613
    },
    "total": 0.7079815999999255
}