{
    "Agent": {
        "total": 0.07412359999852924
    },
    "Env": {
        "apply_act": 0.21443250000356784,
        "observation_computation": 0.03209709999828192,
        "powerflow_computation": 0.029226700003619044,
        "total": 0.2757563000054688
    },
    "total": 0.38226350000013554
}