{
    "Agent": {
        "total": 0.02915799943730235
    },
    "Env": {
        "apply_act": 0.06272740010172129,
        "observation_computation": 0.014586899196729064,
        "powerflow_computation": 0.012350899865850806,
        "total": 0.08966519916430116
    },
    "total": 0.1333316001109779
}