{
    "Agent": {
        "total": 0.021853000000419343
    },
    "Env": {
        "apply_act": 0.04908040000054825,
        "observation_computation": 0.00925329999972746,
        "powerflow_computation": 0.0085322000004453,
        "total": 0.06686590000072101
    },
    "total": 0.09770609999986846
}