{
    "Agent": {
        "total": 0.0655498999996098
    },
    "Env": {
        "apply_act": 0.14646020000026283,
        "observation_computation": 0.026419300000100066,
        "powerflow_computation": 0.02292339999996784,
        "total": 0.19580290000033074
    },
    "total": 0.2886900999999966
}