{
    "Agent": {
        "total": 0.03602460000024621
    },
    "Env": {
        "apply_act": 0.06978239999966718,
        "observation_computation": 0.016442700000425248,
        "powerflow_computation": 0.013844699999594923,
        "total": 0.10006979999968735
    },
    "total": 0.15145129999996243
}