{
    "Agent": {
        "total": 0.0571742991451174
    },
    "Env": {
        "apply_act": 0.22808939730748534,
        "observation_computation": 0.043326599756255746,
        "powerflow_computation": 0.03668899764306843,
        "total": 0.3081049947068095
    },
    "total": 0.40508180018514395
}