{
    "Agent": {
        "total": 0.22793409938458353
    },
    "Env": {
        "apply_act": 0.5182711000088602,
        "observation_computation": 0.08852550049778074,
        "powerflow_computation": 0.07732870080508292,
        "total": 0.6841253013117239
    },
    "total": 1.0008775999885984
}