{
    "Agent": {
        "total": 0.4871767999993608
    },
    "Env": {
        "apply_act": 0.6745605999983582,
        "observation_computation": 0.24908720000348694,
        "powerflow_computation": 0.21748690000617898,
        "total": 1.141134700008024
    },
    "total": 1.8640398000000005
}