{
    "Agent": {
        "total": 0.06011330000023918
    },
    "Env": {
        "apply_act": 0.2525862999996207,
        "observation_computation": 0.02372889999810468,
        "powerflow_computation": 0.020585299999083873,
        "total": 0.29690049999680923
    },
    "total": 0.3814884999999322
}