{
    "Agent": {
        "total": 0.19853059970773757
    },
    "Env": {
        "apply_act": 0.5157557997736149,
        "observation_computation": 0.09277769978507422,
        "powerflow_computation": 0.07940760007477365,
        "total": 0.6879410996334627
    },
    "total": 0.9770651000144426
}