{
    "Agent": {
        "total": 0.10765679999758504
    },
    "Env": {
        "apply_act": 0.2022474000002603,
        "observation_computation": 0.033913600000460065,
        "powerflow_computation": 0.03134999999838328,
        "total": 0.26751099999910366
    },
    "total": 0.40923210000005383
}