{
    "Agent": {
        "total": 0.6098395999842978
    },
    "Env": {
        "apply_act": 0.34419320001325104,
        "observation_computation": 0.21641039999394707,
        "powerflow_computation": 0.1940254000137429,
        "total": 0.754629000020941
    },
    "total": 1.570026799999141
}