{
    "Agent": {
        "total": 0.6731949995155446
    },
    "Env": {
        "apply_act": 1.4389665996422991,
        "observation_computation": 0.2605962986126542,
        "powerflow_computation": 0.23390959855169058,
        "total": 1.933472496806644
    },
    "total": 2.8653895999887027
}