{
    "Agent": {
        "total": 0.06948320008814335
    },
    "Env": {
        "apply_act": 0.1757692999090068,
        "observation_computation": 0.02994610002497211,
        "powerflow_computation": 0.02635610001743771,
        "total": 0.23207149995141663
    },
    "total": 0.3300874999840744
}