{
    "Agent": {
        "total": 0.1428339023841545
    },
    "Env": {
        "apply_act": 0.6257971021113917,
        "observation_computation": 0.10363990091718733,
        "powerflow_computation": 0.08832209883257747,
        "total": 0.8177591018611565
    },
    "total": 1.057955599972047
}