{
    "Agent": {
        "total": 0.002578099999936967
    },
    "Env": {
        "apply_act": 0.004253899999866917,
        "observation_computation": 0.0009230999999090272,
        "powerflow_computation": 0.0007562000000689295,
        "total": 0.005933199999844874
    },
    "total": 0.011393499999940104
}