{
    "Agent": {
        "total": 0.05752460123039782
    },
    "Env": {
        "apply_act": 0.12565019959583879,
        "observation_computation": 0.029409398790448904,
        "powerflow_computation": 0.026321101235225797,
        "total": 0.18138069962151349
    },
    "total": 0.2671003001742065
}