{
    "Agent": {
        "total": 0.748826599214226
    },
    "Env": {
        "apply_act": 2.1263035989832133,
        "observation_computation": 0.5072379993507639,
        "powerflow_computation": 0.44171330134849995,
        "total": 3.075254899682477
    },
    "total": 4.274590300046839
}