{
    "Agent": {
        "total": 0.011403499999858013
    },
    "Env": {
        "apply_act": 0.13088279999948327,
        "observation_computation": 0.09443439999978409,
        "powerflow_computation": 0.08070660000021235,
        "total": 0.3060237999994797
    },
    "total": 0.40700499999996964
}