{
    "Agent": {
        "total": 0.0033468000000027587
    },
    "Env": {
        "apply_act": 0.03526220000003377,
        "observation_computation": 0.025808099999835576,
        "powerflow_computation": 0.021790900000127067,
        "total": 0.08286119999999642
    },
    "total": 0.11057479999999487
}