{
    "Agent": {
        "total": 0.10265559889376163
    },
    "Env": {
        "apply_act": 0.27186210034415126,
        "observation_computation": 0.06349129904992878,
        "powerflow_computation": 0.057429303880780935,
        "total": 0.392782703274861
    },
    "total": 0.5541237997822464
}