{
    "Agent": {
        "total": 0.059913900098763406
    },
    "Env": {
        "apply_act": 0.1356623003957793,
        "observation_computation": 0.024290800094604492,
        "powerflow_computation": 0.022791600204072893,
        "total": 0.1827447006944567
    },
    "total": 0.2681158999912441
}