{
    "Agent": {
        "total": 0.06478139944374561
    },
    "Env": {
        "apply_act": 0.1332289995625615,
        "observation_computation": 0.025019200169481337,
        "powerflow_computation": 0.023697300697676837,
        "total": 0.1819455004297197
    },
    "total": 0.27230779989622533
}