{
    "Agent": {
        "total": 0.07487390004098415
    },
    "Env": {
        "apply_act": 0.19288859990774654,
        "observation_computation": 0.034721599746262655,
        "powerflow_computation": 0.03045119982562028,
        "total": 0.25806139947962947
    },
    "total": 0.365825799992308
}