{
    "Agent": {
        "total": 0.0011680000000069413
    },
    "Env": {
        "apply_act": 0.012735599999928127,
        "observation_computation": 0.0075522999999861895,
        "powerflow_computation": 0.008594000000073265,
        "total": 0.02888189999998758
    },
    "total": 0.03768430000002354
}