{
    "Agent": {
        "total": 0.04401030042208731
    },
    "Env": {
        "apply_act": 0.15607700042892247,
        "observation_computation": 0.031783300335519016,
        "powerflow_computation": 0.03524719935376197,
        "total": 0.22310750011820346
    },
    "total": 0.29725039994809777
}