{
    "Agent": {
        "total": 0.10270090000108212
    },
    "Env": {
        "apply_act": 0.11613200000101642,
        "observation_computation": 0.046604599998772755,
        "powerflow_computation": 0.04333149999752095,
        "total": 0.20606809999731013
    },
    "total": 0.35391729999992094
}