{
    "Agent": {
        "total": 0.0694975999996359
    },
    "Env": {
        "apply_act": 0.14332730000012361,
        "observation_computation": 0.03073660000018208,
        "powerflow_computation": 0.030187200000000303,
        "total": 0.204251100000306
    },
    "total": 0.3053357999999662
}