{
    "Agent": {
        "total": 0.003010299999829158
    },
    "Env": {
        "apply_act": 0.03199869999988891,
        "observation_computation": 0.02365120000007437,
        "powerflow_computation": 0.02056070000006116,
        "total": 0.07621060000002444
    },
    "total": 0.10187249999998471
}