{
    "Agent": {
        "total": 0.04489489970728755
    },
    "Env": {
        "apply_act": 0.10951840016059577,
        "observation_computation": 0.018703199923038483,
        "powerflow_computation": 0.018398900283500552,
        "total": 0.1466205003671348
    },
    "total": 0.2104801000095904
}