{
    "Agent": {
        "total": 0.13780610146932304
    },
    "Env": {
        "apply_act": 0.44993919669650495,
        "observation_computation": 0.10082179843448102,
        "powerflow_computation": 0.08672610414214432,
        "total": 0.6374870992731303
    },
    "total": 0.8701688998844475
}