{
    "Agent": {
        "total": 0.0401141000475036
    },
    "Env": {
        "apply_act": 0.15343319992825855,
        "observation_computation": 0.035813900001812726,
        "powerflow_computation": 0.035461000035866164,
        "total": 0.22470809996593744
    },
    "total": 0.29887220000091475
}