{
    "Agent": {
        "total": 0.5324389000008978
    },
    "Env": {
        "apply_act": 0.5742435000013302,
        "observation_computation": 0.33673220000105175,
        "powerflow_computation": 0.28604510000059236,
        "total": 1.1970208000029743
    },
    "total": 2.0273332000001574
}