{
    "Agent": {
        "total": 0.002728899999965506
    },
    "Env": {
        "apply_act": 0.003977800000029674,
        "observation_computation": 0.0008800000000519503,
        "powerflow_computation": 0.000784099999918908,
        "total": 0.005641900000000533
    },
    "total": 0.011337700000012774
}