{
    "Agent": {
        "total": 0.11968400003388524
    },
    "Env": {
        "apply_act": 0.30836190073750913,
        "observation_computation": 0.0711498991586268,
        "powerflow_computation": 0.06188500043936074,
        "total": 0.44139680033549666
    },
    "total": 0.6263268000911921
}