{
    "Agent": {
        "total": 0.012048299999321443
    },
    "Env": {
        "apply_act": 0.1342630999999983,
        "observation_computation": 0.09089980000004516,
        "powerflow_computation": 0.07300200000025825,
        "total": 0.2981649000003017
    },
    "total": 0.3936491999999703
}