{
    "Agent": {
        "total": 0.22758690017508343
    },
    "Env": {
        "apply_act": 0.5928825001465157,
        "observation_computation": 0.10370419986429624,
        "powerflow_computation": 0.09531279958900996,
        "total": 0.7918994995998219
    },
    "total": 1.1218034000194166
}