{
    "Agent": {
        "total": 0.04443950077984482
    },
    "Env": {
        "apply_act": 0.15417719981633127,
        "observation_computation": 0.0304053999716416,
        "powerflow_computation": 0.025995600153692067,
        "total": 0.21057819994166493
    },
    "total": 0.28479459998197854
}