{
    "Agent": {
        "total": 0.05356619999952272
    },
    "Env": {
        "apply_act": 0.0705934999996316,
        "observation_computation": 0.02514929999870219,
        "powerflow_computation": 0.026176500000474334,
        "total": 0.12191929999880813
    },
    "total": 0.19971669999995356
}