{
    "Agent": {
        "total": 0.12680610024835914
    },
    "Env": {
        "apply_act": 0.40384020062629133,
        "observation_computation": 0.087961700046435,
        "powerflow_computation": 0.07701209897641093,
        "total": 0.5688139996491373
    },
    "total": 0.7817612000508234
}