{
    "Agent": {
        "total": 0.07814850000028173
    },
    "Env": {
        "apply_act": 0.17393650000030902,
        "observation_computation": 0.033847999999977674,
        "powerflow_computation": 0.027188999999907537,
        "total": 0.23497350000019424
    },
    "total": 0.34571649999998044
}