{
    "Agent": {
        "total": 0.035566800041124225
    },
    "Env": {
        "apply_act": 0.09428399987518787,
        "observation_computation": 0.02105219999793917,
        "powerflow_computation": 0.02074559952598065,
        "total": 0.1360817993991077
    },
    "total": 0.19094790006056428
}