{
    "Agent": {
        "total": 0.22217629999431665
    },
    "Env": {
        "apply_act": 1.4166893999918102,
        "observation_computation": 0.22637469999745008,
        "powerflow_computation": 0.19310250000171436,
        "total": 1.8361665999909746
    },
    "total": 2.256539200000134
}