{
    "Agent": {
        "total": 0.32046079999804533
    },
    "Env": {
        "apply_act": 0.4042953999986594,
        "observation_computation": 0.14925389999939398,
        "powerflow_computation": 0.14002739999659752,
        "total": 0.6935766999946509
    },
    "total": 1.1589744999999994
}