{
    "Agent": {
        "total": 0.15439459999561223
    },
    "Env": {
        "apply_act": 0.08658480000849522,
        "observation_computation": 0.05733640000107698,
        "powerflow_computation": 0.05115780001688108,
        "total": 0.1950790000264533
    },
    "total": 0.4025378999995155
}