{
    "Agent": {
        "total": 0.12394449964631349
    },
    "Env": {
        "apply_act": 0.3321446999325417,
        "observation_computation": 0.05973659973824397,
        "powerflow_computation": 0.050874299864517525,
        "total": 0.4427555995353032
    },
    "total": 0.624129300005734
}