{
    "Agent": {
        "total": 0.0014177999692037702
    },
    "Env": {
        "apply_act": 0.0,
        "observation_computation": 0.0,
        "powerflow_computation": 0.0,
        "total": 0.0
    },
    "total": 0.0028861999744549394
}