{
    "Agent": {
        "total": 0.16897649900056422
    },
    "Env": {
        "apply_act": 0.3253792973700911,
        "observation_computation": 0.08487889706157148,
        "powerflow_computation": 0.072026202455163,
        "total": 0.48228439688682556
    },
    "total": 0.7336299000307918
}