{
    "Agent": {
        "total": 0.010725699999838412
    },
    "Env": {
        "apply_act": 0.120274600000144,
        "observation_computation": 0.08582100000002413,
        "powerflow_computation": 0.07061939999999822,
        "total": 0.27671500000016636
    },
    "total": 0.36724070000001063
}