{
    "Agent": {
        "total": 0.04065179964527488
    },
    "Env": {
        "apply_act": 0.10125319939106703,
        "observation_computation": 0.01727469894103706,
        "powerflow_computation": 0.014610800426453352,
        "total": 0.13313869875855744
    },
    "total": 0.1912163000088185
}