{
    "Agent": {
        "total": 0.009926099330186844
    },
    "Env": {
        "apply_act": 0.019595799734815955,
        "observation_computation": 0.004527900135144591,
        "powerflow_computation": 0.004399199970066547,
        "total": 0.028522899840027094
    },
    "total": 0.04300420009531081
}