{
    "Agent": {
        "total": 0.015625299885869026
    },
    "Env": {
        "apply_act": 0.034168599639087915,
        "observation_computation": 0.0060214996337890625,
        "powerflow_computation": 0.005205700406804681,
        "total": 0.04539579967968166
    },
    "total": 0.06776790018193424
}