{
    "Agent": {
        "total": 0.03946089989040047
    },
    "Env": {
        "apply_act": 0.08519089908804744,
        "observation_computation": 0.01596580073237419,
        "powerflow_computation": 0.017051700153388083,
        "total": 0.11820839997380972
    },
    "total": 0.17287600005511194
}