{
    "Agent": {
        "total": 0.18811979999600226
    },
    "Env": {
        "apply_act": 0.7008110999959172,
        "observation_computation": 0.13984790000131397,
        "powerflow_computation": 0.1300113999959649,
        "total": 0.970670399993196
    },
    "total": 1.291065300000355
}