{
    "Agent": {
        "total": 0.05267570000012256
    },
    "Env": {
        "apply_act": 0.12761089999946762,
        "observation_computation": 0.025973599999474573,
        "powerflow_computation": 0.022312599999509075,
        "total": 0.17589709999845127
    },
    "total": 0.25524459999996907
}