{
    "Agent": {
        "total": 0.0010939000000007582
    },
    "Env": {
        "apply_act": 0.0,
        "observation_computation": 0.0,
        "powerflow_computation": 0.0,
        "total": 0.0
    },
    "total": 0.003457600000047023
}