{
    "Agent": {
        "total": 0.014758199999860722
    },
    "Env": {
        "apply_act": 0.16900379999988502,
        "observation_computation": 0.277409600000027,
        "powerflow_computation": 0.10305230000018639,
        "total": 0.5494657000000984
    },
    "total": 0.676085999999998
}