{
    "Agent": {
        "total": 0.031814500000223234
    },
    "Env": {
        "apply_act": 0.06594420000044465,
        "observation_computation": 0.015797600000382772,
        "powerflow_computation": 0.013528300000075433,
        "total": 0.09527010000090286
    },
    "total": 0.1416150000000016
}