{
    "Agent": {
        "total": 0.07168990000025133
    },
    "Env": {
        "apply_act": 0.14504189999985329,
        "observation_computation": 0.02511580000009417,
        "powerflow_computation": 0.021371100000237675,
        "total": 0.19152880000018513
    },
    "total": 0.29066499999998996
}