{
    "Agent": {
        "total": 0.03922020000015891
    },
    "Env": {
        "apply_act": 0.07467209999981606,
        "observation_computation": 0.017114299999889226,
        "powerflow_computation": 0.01422669999988102,
        "total": 0.1060130999995863
    },
    "total": 0.16096059999995305
}