{
    "Agent": {
        "total": 0.016776199999640085
    },
    "Env": {
        "apply_act": 0.06303650000029393,
        "observation_computation": 0.009369299999775649,
        "powerflow_computation": 0.007926100000190672,
        "total": 0.08033190000026025
    },
    "total": 0.10767739999994319
}