{
    "Agent": {
        "total": 0.7604934999974375
    },
    "Env": {
        "apply_act": 0.8091779999983828,
        "observation_computation": 0.5028346000035526,
        "powerflow_computation": 0.41977380000071207,
        "total": 1.7317864000026475
    },
    "total": 2.9356648999998924
}