{
    "Agent": {
        "total": 0.3266527985688299
    },
    "Env": {
        "apply_act": 0.6168214986100793,
        "observation_computation": 0.15740429982542992,
        "powerflow_computation": 0.13777939812280238,
        "total": 0.9120051965583116
    },
    "total": 1.390905600041151
}