{
    "Agent": {
        "total": 0.8804031000063333
    },
    "Env": {
        "apply_act": 1.3840094000006502,
        "observation_computation": 0.546850600002017,
        "powerflow_computation": 0.46019879998948454,
        "total": 2.3910587999921518
    },
    "total": 3.762709099999938
}