{
    "Agent": {
        "total": 0.10847679999994853
    },
    "Env": {
        "apply_act": 0.31311580000055983,
        "observation_computation": 0.054580099999611775,
        "powerflow_computation": 0.05973970000036388,
        "total": 0.4274356000005355
    },
    "total": 0.5886341000000357
}