{
    "Agent": {
        "total": 0.005318400000021484
    },
    "Env": {
        "apply_act": 0.06425269999999728,
        "observation_computation": 0.1932374000000152,
        "powerflow_computation": 0.04378179999999077,
        "total": 0.30127190000000326
    },
    "total": 0.34625430000001245
}