{
    "Agent": {
        "total": 0.06985080000185917
    },
    "Env": {
        "apply_act": 0.25282789999801025,
        "observation_computation": 0.04124439999986862,
        "powerflow_computation": 0.03768940000054499,
        "total": 0.33176169999842386
    },
    "total": 0.4397364999999809
}