{
    "Agent": {
        "total": 0.03207829990424216
    },
    "Env": {
        "apply_act": 0.07827980036381632,
        "observation_computation": 0.017799199791625142,
        "powerflow_computation": 0.016636399901472032,
        "total": 0.1127154000569135
    },
    "total": 0.1615636000642553
}