{
    "Agent": {
        "total": 0.10698309997678734
    },
    "Env": {
        "apply_act": 0.4888071999012027,
        "observation_computation": 0.06254260023706593,
        "powerflow_computation": 0.05314909998560324,
        "total": 0.6044989001238719
    },
    "total": 0.7695642999897245
}