{
    "Agent": {
        "total": 0.030269999999518404
    },
    "Env": {
        "apply_act": 0.06069909999882839,
        "observation_computation": 0.012597199999390796,
        "powerflow_computation": 0.010231600000906838,
        "total": 0.08352789999912602
    },
    "total": 0.1272910000000138
}