{
    "Agent": {
        "total": 0.033200000412762165
    },
    "Env": {
        "apply_act": 0.09642260032705963,
        "observation_computation": 0.016856899834237993,
        "powerflow_computation": 0.01740380038972944,
        "total": 0.13068330055102706
    },
    "total": 0.18003130005672574
}