{
    "Agent": {
        "total": 0.051541899991207174
    },
    "Env": {
        "apply_act": 0.029527199997573916,
        "observation_computation": 0.018331300003410433,
        "powerflow_computation": 0.018496200003028207,
        "total": 0.06635470000401256
    },
    "total": 0.13536999999996624
}