{
    "Agent": {
        "total": 0.3601856999990787
    },
    "Env": {
        "apply_act": 1.1827453999999875,
        "observation_computation": 0.1824036000008391,
        "powerflow_computation": 0.15350219999982073,
        "total": 1.5186512000006473
    },
    "total": 2.050855600000034
}