{
    "Agent": {
        "total": 0.007498999999988598
    },
    "Env": {
        "apply_act": 0.08182690000008819,
        "observation_computation": 0.06186090000004185,
        "powerflow_computation": 0.05051029999993517,
        "total": 0.1941981000000652
    },
    "total": 0.25945839999999976
}