{
    "Agent": {
        "total": 0.09211190011410508
    },
    "Env": {
        "apply_act": 0.42706689990882296,
        "observation_computation": 0.07763550001254771,
        "powerflow_computation": 0.06922320008743554,
        "total": 0.5739256000088062
    },
    "total": 0.7348769000091124
}