{
    "Agent": {
        "total": 0.08121220022439957
    },
    "Env": {
        "apply_act": 0.1714191995561123,
        "observation_computation": 0.038612900651060045,
        "powerflow_computation": 0.03382129897363484,
        "total": 0.24385339918080717
    },
    "total": 0.3626699000597
}