{
    "Agent": {
        "total": 0.005199099890887737
    },
    "Env": {
        "apply_act": 0.009601099998690188,
        "observation_computation": 0.0016710999188944697,
        "powerflow_computation": 0.002031599869951606,
        "total": 0.013303799787536263
    },
    "total": 0.020451399963349104
}