{
    "Agent": {
        "total": 0.18005289731081575
    },
    "Env": {
        "apply_act": 0.7114750004839152,
        "observation_computation": 0.13355639949440956,
        "powerflow_computation": 0.11552979913540184,
        "total": 0.9605611991137266
    },
    "total": 1.2659243999514729
}