{
    "Agent": {
        "total": 0.023853099999541882
    },
    "Env": {
        "apply_act": 0.2659181999997031,
        "observation_computation": 0.17688219999945431,
        "powerflow_computation": 0.15565269999990505,
        "total": 0.5984530999990625
    },
    "total": 0.7824105999999915
}