{
    "Agent": {
        "total": 0.4059311019955203
    },
    "Env": {
        "apply_act": 1.1500239989254624,
        "observation_computation": 0.2730674991616979,
        "powerflow_computation": 0.24134380067698658,
        "total": 1.6644352987641469
    },
    "total": 2.3120755000272766
}