{
    "Agent": {
        "total": 0.012965499999921803
    },
    "Env": {
        "apply_act": 0.1424196000004656,
        "observation_computation": 0.09511879999951134,
        "powerflow_computation": 0.07885549999974728,
        "total": 0.3163938999997242
    },
    "total": 0.41794519999999125
}