{
    "Agent": {
        "total": 0.10097759962081909
    },
    "Env": {
        "apply_act": 0.261918299482204,
        "observation_computation": 0.059014000464230776,
        "powerflow_computation": 0.05076429934706539,
        "total": 0.3716965992935002
    },
    "total": 0.5259813000448048
}