{
    "Agent": {
        "total": 0.11154460051329806
    },
    "Env": {
        "apply_act": 0.4511267000925727,
        "observation_computation": 0.10138989990809932,
        "powerflow_computation": 0.09764600062044337,
        "total": 0.6501626006211154
    },
    "total": 0.8514169999980368
}