{
    "Agent": {
        "total": 0.021486900000240894
    },
    "Env": {
        "apply_act": 0.24654239999978245,
        "observation_computation": 0.16971659999956046,
        "powerflow_computation": 0.14388129999994703,
        "total": 0.5601402999992899
    },
    "total": 0.7348430000000121
}