{
    "Agent": {
        "total": 0.110651999944821
    },
    "Env": {
        "apply_act": 0.3534057002980262,
        "observation_computation": 0.07779240002855659,
        "powerflow_computation": 0.07596059970092028,
        "total": 0.5071587000275031
    },
    "total": 0.692656800034456
}