{
    "Agent": {
        "total": 0.01827499910723418
    },
    "Env": {
        "apply_act": 0.026386000332422554,
        "observation_computation": 0.013665900216437876,
        "powerflow_computation": 0.01214219955727458,
        "total": 0.05219410010613501
    },
    "total": 0.08398500003386289
}