{
    "Agent": {
        "total": 0.04879029910080135
    },
    "Env": {
        "apply_act": 0.11550269927829504,
        "observation_computation": 0.019729701336473227,
        "powerflow_computation": 0.016957198502495885,
        "total": 0.15218959911726415
    },
    "total": 0.22134690009988844
}