{
    "Agent": {
        "total": 0.12596789998951863
    },
    "Env": {
        "apply_act": 0.6257815000062692,
        "observation_computation": 0.10729929999342858,
        "powerflow_computation": 0.09281299999474868,
        "total": 0.8258937999944465
    },
    "total": 1.0464782999997624
}