{
    "Agent": {
        "total": 0.015842100023292005
    },
    "Env": {
        "apply_act": 0.031631499994546175,
        "observation_computation": 0.006965699722059071,
        "powerflow_computation": 0.006584600079804659,
        "total": 0.045181799796409905
    },
    "total": 0.06789890001527965
}