{
    "Agent": {
        "total": 0.08428170000161117
    },
    "Env": {
        "apply_act": 0.40267680000079054,
        "observation_computation": 0.08442569999715488,
        "powerflow_computation": 0.07624530000202867,
        "total": 0.5633477999999741
    },
    "total": 0.7217440999997962
}