{
    "Agent": {
        "total": 0.39657589999933407
    },
    "Env": {
        "apply_act": 1.1329688000010947,
        "observation_computation": 0.2031205999995791,
        "powerflow_computation": 0.17652290000182802,
        "total": 1.5126123000025018
    },
    "total": 2.0985458999999764
}