{
    "Agent": {
        "total": 1.808270099990068
    },
    "Env": {
        "apply_act": 2.3750634999980775,
        "observation_computation": 0.8293113999952766,
        "powerflow_computation": 0.7532592000020486,
        "total": 3.9576340999954027
    },
    "total": 6.568632300000218
}