{
    "Agent": {
        "total": 0.009837300000000937
    },
    "Env": {
        "apply_act": 0.1145258000000382,
        "observation_computation": 0.0801494000000531,
        "powerflow_computation": 0.06788489999995306,
        "total": 0.26256010000004437
    },
    "total": 0.3459576000000055
}