{
    "Agent": {
        "total": 0.06994570104870945
    },
    "Env": {
        "apply_act": 0.1857422002358362,
        "observation_computation": 0.03192119929008186,
        "powerflow_computation": 0.02786609949544072,
        "total": 0.2455294990213588
    },
    "total": 0.3471170999109745
}