{
    "Agent": {
        "total": 0.03360510035417974
    },
    "Env": {
        "apply_act": 0.08998820022679865,
        "observation_computation": 0.01571830117609352,
        "powerflow_computation": 0.01415409951005131,
        "total": 0.11986060091294348
    },
    "total": 0.16867049993015826
}