{
    "Agent": {
        "total": 0.11804400000016813
    },
    "Env": {
        "apply_act": 0.3618661999996675,
        "observation_computation": 0.06324120000112998,
        "powerflow_computation": 0.05583839999974316,
        "total": 0.48094580000054066
    },
    "total": 0.6601137000000108
}