{
    "Agent": {
        "total": 0.010986199999919677
    },
    "Env": {
        "apply_act": 0.12726900000006935,
        "observation_computation": 0.08670369999974525,
        "powerflow_computation": 0.073348300000049,
        "total": 0.2873209999998636
    },
    "total": 0.38293409999999994
}