{
    "Agent": {
        "total": 0.20888999992166646
    },
    "Env": {
        "apply_act": 1.297573200194165,
        "observation_computation": 0.19213569986459333,
        "powerflow_computation": 0.1857269000756787,
        "total": 1.6754358001344372
    },
    "total": 2.0510473000031197
}