{
    "Agent": {
        "total": 0.07610130000148274
    },
    "Env": {
        "apply_act": 0.3540521999984776,
        "observation_computation": 0.07667059999994308,
        "powerflow_computation": 0.06716399999959322,
        "total": 0.4978867999980139
    },
    "total": 0.6413554999999178
}