{
    "Agent": {
        "total": 0.11280090000241216
    },
    "Env": {
        "apply_act": 0.1282133999998223,
        "observation_computation": 0.07907510000177354,
        "powerflow_computation": 0.06600660000026437,
        "total": 0.2732951000018602
    },
    "total": 0.4553015999999843
}