{
    "Agent": {
        "total": 0.004886799999965774
    },
    "Env": {
        "apply_act": 0.053478000000097836,
        "observation_computation": 0.03772670000002165,
        "powerflow_computation": 0.0314869999998848,
        "total": 0.12269170000000429
    },
    "total": 0.164195399999997
}