{
    "Agent": {
        "total": 0.19235590039170347
    },
    "Env": {
        "apply_act": 0.4142299998784438,
        "observation_computation": 0.0743430002767127,
        "powerflow_computation": 0.06561179991695099,
        "total": 0.5541848000721075
    },
    "total": 0.8188908999727573
}