{
    "Agent": {
        "total": 0.14033249999920372
    },
    "Env": {
        "apply_act": 0.1706851999997525,
        "observation_computation": 0.09988299999986339,
        "powerflow_computation": 0.09522009999955117,
        "total": 0.36578829999916707
    },
    "total": 0.5928295000001071
}