{
    "Agent": {
        "total": 0.08886339999480697
    },
    "Env": {
        "apply_act": 0.18012020000060147,
        "observation_computation": 0.02851969999846915,
        "powerflow_computation": 0.024513899996236432,
        "total": 0.23315379999530705
    },
    "total": 0.35125690000040777
}