{
    "Agent": {
        "total": 0.02044340071734041
    },
    "Env": {
        "apply_act": 0.07595120032783598,
        "observation_computation": 0.015042100218124688,
        "powerflow_computation": 0.013856400386430323,
        "total": 0.10484970093239099
    },
    "total": 0.1404010000405833
}