{
    "Agent": {
        "total": 0.049486300000324945
    },
    "Env": {
        "apply_act": 0.5183179999997947,
        "observation_computation": 0.37755360000014093,
        "powerflow_computation": 0.31389279999945074,
        "total": 1.2097643999993863
    },
    "total": 1.612452200000007
}