{
    "Agent": {
        "total": 0.3126008021645248
    },
    "Env": {
        "apply_act": 0.6006349031813443,
        "observation_computation": 0.1562445992603898,
        "powerflow_computation": 0.14247000101022422,
        "total": 0.8993495034519583
    },
    "total": 1.3622351000085473
}