{
    "Agent": {
        "total": 0.25412629870697856
    },
    "Env": {
        "apply_act": 0.4858045040164143,
        "observation_computation": 0.12422600109130144,
        "powerflow_computation": 0.1057673969771713,
        "total": 0.715797902084887
    },
    "total": 1.0901045000646263
}