{
    "Agent": {
        "total": 0.15423200000077486
    },
    "Env": {
        "apply_act": 0.6388696000012715,
        "observation_computation": 0.14832780000870116,
        "powerflow_computation": 0.09443630000896519,
        "total": 0.8816337000189378
    },
    "total": 1.1349018000000797
}