{
    "Agent": {
        "total": 0.24997079999991456
    },
    "Env": {
        "apply_act": 0.5527271999997083,
        "observation_computation": 0.11632140000108393,
        "powerflow_computation": 0.09944139999879553,
        "total": 0.7684899999995878
    },
    "total": 1.1319833000000017
}