{
    "Agent": {
        "total": 0.28798229922540486
    },
    "Env": {
        "apply_act": 0.5460461005568504,
        "observation_computation": 0.13934660097584128,
        "powerflow_computation": 0.11902210186235607,
        "total": 0.8044148033950478
    },
    "total": 1.2265695000533015
}