{
    "Agent": {
        "total": 0.0066964999997480845
    },
    "Env": {
        "apply_act": 0.07953000000003385,
        "observation_computation": 0.05683069999992085,
        "powerflow_computation": 0.04833140000008029,
        "total": 0.184692100000035
    },
    "total": 0.2442651000000069
}