{
    "Agent": {
        "total": 0.06161670130677521
    },
    "Env": {
        "apply_act": 0.1336735999211669,
        "observation_computation": 0.029710999689996243,
        "powerflow_computation": 0.02947790059261024,
        "total": 0.19286250020377338
    },
    "total": 0.28345949994400144
}