{
    "Agent": {
        "total": 0.09349300025496632
    },
    "Env": {
        "apply_act": 0.3136866994900629,
        "observation_computation": 0.04517990071326494,
        "powerflow_computation": 0.04636209865566343,
        "total": 0.40522869885899127
    },
    "total": 0.5415212000953034
}