{
    "Agent": {
        "total": 0.6881066000023566
    },
    "Env": {
        "apply_act": 1.7795041000040328,
        "observation_computation": 0.23712170000362676,
        "powerflow_computation": 0.20641079999995782,
        "total": 2.2230366000076174
    },
    "total": 3.1298665999997866
}