{
    "Agent": {
        "total": 0.042311000000111676
    },
    "Env": {
        "apply_act": 0.4818903999998767,
        "observation_computation": 0.3243998000001369,
        "powerflow_computation": 0.27331820000004825,
        "total": 1.0796084000000619
    },
    "total": 1.4129980999999958
}