{
    "Agent": {
        "total": 0.048990200739353895
    },
    "Env": {
        "apply_act": 0.11908009788021445,
        "observation_computation": 0.01913059875369072,
        "powerflow_computation": 0.016425699926912785,
        "total": 0.15463639656081796
    },
    "total": 0.22327860002405941
}