{
    "Agent": {
        "total": 0.18520699999885437
    },
    "Env": {
        "apply_act": 0.20734049999805393,
        "observation_computation": 0.07786159999909614,
        "powerflow_computation": 0.06993520000128228,
        "total": 0.35513729999843235
    },
    "total": 0.6174974000000475
}