{
    "Agent": {
        "total": 0.08873500000049717
    },
    "Env": {
        "apply_act": 0.9484071999997639,
        "observation_computation": 0.823503800000168,
        "powerflow_computation": 0.5245973000000674,
        "total": 2.2965082999999993
    },
    "total": 2.977362599999992
}