{
    "Agent": {
        "total": 0.128846200001135
    },
    "Env": {
        "apply_act": 0.07354719998966175,
        "observation_computation": 0.04499150000538066,
        "powerflow_computation": 0.042614100005266664,
        "total": 0.16115280000030907
    },
    "total": 0.33374989999992977
}