{
    "Agent": {
        "total": 0.012095699998553755
    },
    "Env": {
        "apply_act": 0.039402200000040466,
        "observation_computation": 0.010299299998223432,
        "powerflow_computation": 0.009588399999302055,
        "total": 0.059289899997565954
    },
    "total": 0.081060499999694
}