{
    "Agent": {
        "total": 0.02377940039150417
    },
    "Env": {
        "apply_act": 0.08080050034914166,
        "observation_computation": 0.01715020020492375,
        "powerflow_computation": 0.01528759952634573,
        "total": 0.11323830008041114
    },
    "total": 0.1541292000329122
}