{
    "Agent": {
        "total": 0.013804800000116302
    },
    "Env": {
        "apply_act": 0.15993300000002364,
        "observation_computation": 0.1072731999998382,
        "powerflow_computation": 0.08942580000024236,
        "total": 0.3566320000001042
    },
    "total": 0.47072459999998273
}