{
    "Agent": {
        "total": 0.3310390999979518
    },
    "Env": {
        "apply_act": 0.3519358000021384,
        "observation_computation": 0.2149939000030372,
        "powerflow_computation": 0.18109459999686806,
        "total": 0.7480243000020437
    },
    "total": 1.269742800000131
}