{
    "Agent": {
        "total": 0.0014532000059261918
    },
    "Env": {
        "apply_act": 0.0,
        "observation_computation": 0.0,
        "powerflow_computation": 0.0,
        "total": 0.0
    },
    "total": 0.0025693000061437488
}