{
    "Agent": {
        "total": 0.11603859999922861
    },
    "Env": {
        "apply_act": 0.43715619999966293,
        "observation_computation": 0.06830240000044796,
        "powerflow_computation": 0.05933239999740181,
        "total": 0.5647909999975127
    },
    "total": 0.741479100000106
}