{
    "Agent": {
        "total": 0.1872797004180029
    },
    "Env": {
        "apply_act": 0.5226033001672477,
        "observation_computation": 0.11603780079167336,
        "powerflow_computation": 0.09732230065856129,
        "total": 0.7359634016174823
    },
    "total": 1.0263420999981463
}