{
    "Agent": {
        "total": 0.12168940110132098
    },
    "Env": {
        "apply_act": 0.4178708998952061,
        "observation_computation": 0.08523509989026934,
        "powerflow_computation": 0.07848789903800935,
        "total": 0.5815938988234848
    },
    "total": 0.7846634000306949
}