{
    "Agent": {
        "total": 0.2794243999996979
    },
    "Env": {
        "apply_act": 0.4255258000005142,
        "observation_computation": 0.17981330000270646,
        "powerflow_computation": 0.15459999999802676,
        "total": 0.7599391000012474
    },
    "total": 1.1992645000000266
}