{
    "Agent": {
        "total": 0.1611067999037914
    },
    "Env": {
        "apply_act": 0.6140711000771262,
        "observation_computation": 0.15497300017159432,
        "powerflow_computation": 0.13852280017454177,
        "total": 0.9075669004232623
    },
    "total": 1.210209000040777
}