{
    "Agent": {
        "total": 0.003226800000277308
    },
    "Env": {
        "apply_act": 0.03495770000000675,
        "observation_computation": 0.025512199999866425,
        "powerflow_computation": 0.023290700000188735,
        "total": 0.08376060000006191
    },
    "total": 0.11193869999999606
}