{
    "Agent": {
        "total": 0.04293950000078439
    },
    "Env": {
        "apply_act": 0.08008949999998549,
        "observation_computation": 0.01917520000051809,
        "powerflow_computation": 0.016983100000061313,
        "total": 0.1162478000005649
    },
    "total": 0.17939090000004398
}