{
    "Agent": {
        "total": 0.57076300000017
    },
    "Env": {
        "apply_act": 0.6507655999917006,
        "observation_computation": 0.39886799999885625,
        "powerflow_computation": 0.33372209999970437,
        "total": 1.3833556999902612
    },
    "total": 2.3046668000001773
}