{
    "Agent": {
        "total": 0.032161300000666415
    },
    "Env": {
        "apply_act": 0.07127310000021225,
        "observation_computation": 0.01744500000017979,
        "powerflow_computation": 0.013587999999913336,
        "total": 0.10230610000030538
    },
    "total": 0.14966679999997723
}