{
    "Agent": {
        "total": 0.011407001409679651
    },
    "Env": {
        "apply_act": 0.024062599753960967,
        "observation_computation": 0.004390100482851267,
        "powerflow_computation": 0.004290199605748057,
        "total": 0.03274289984256029
    },
    "total": 0.049010900082066655
}