{
    "Agent": {
        "total": 0.06440619949717075
    },
    "Env": {
        "apply_act": 0.21388469962403178,
        "observation_computation": 0.0440866012359038,
        "powerflow_computation": 0.04003260063473135,
        "total": 0.29800390149466693
    },
    "total": 0.4065736000193283
}