{
    "Agent": {
        "total": 0.010650799999382343
    },
    "Env": {
        "apply_act": 0.13006160000071532,
        "observation_computation": 0.0910410000000752,
        "powerflow_computation": 0.07872700000064015,
        "total": 0.29982960000143066
    },
    "total": 0.3965428999999858
}