{
    "Agent": {
        "total": 0.12912040133960545
    },
    "Env": {
        "apply_act": 0.5297248997958377,
        "observation_computation": 0.09733020060230047,
        "powerflow_computation": 0.09263680083677173,
        "total": 0.7196919012349099
    },
    "total": 0.940358699997887
}