{
    "Agent": {
        "total": 0.0598829000018668
    },
    "Env": {
        "apply_act": 0.17516849999947226,
        "observation_computation": 0.025972900000397203,
        "powerflow_computation": 0.022559199999705015,
        "total": 0.22370059999957448
    },
    "total": 0.30887570000004416
}