{
    "Agent": {
        "total": 0.06204450000086581
    },
    "Env": {
        "apply_act": 0.17448829999739246,
        "observation_computation": 0.02587309999671561,
        "powerflow_computation": 0.022392900002159877,
        "total": 0.22275429999626795
    },
    "total": 0.31077979999963645
}