{
    "Agent": {
        "total": 0.030658400151878595
    },
    "Env": {
        "apply_act": 0.06271630094852298,
        "observation_computation": 0.013707299367524683,
        "powerflow_computation": 0.011411900166422129,
        "total": 0.0878355004824698
    },
    "total": 0.1326029000338167
}