{
    "Agent": {
        "total": 0.006439600000192058
    },
    "Env": {
        "apply_act": 0.07617410000005975,
        "observation_computation": 0.04867470000067442,
        "powerflow_computation": 0.0445239999995124,
        "total": 0.16937280000024657
    },
    "total": 0.22391759999999294
}