{
    "Agent": {
        "total": 0.07640750030986965
    },
    "Env": {
        "apply_act": 0.09166250098496675,
        "observation_computation": 0.04248960269615054,
        "powerflow_computation": 0.04073829995468259,
        "total": 0.17489040363579988
    },
    "total": 0.29147589998319745
}