{
    "Agent": {
        "total": 0.07085890002781525
    },
    "Env": {
        "apply_act": 0.01559100006124936,
        "observation_computation": 0.005996399966534227,
        "powerflow_computation": 0.007136499945772812,
        "total": 0.0287238999735564
    },
    "total": 0.10646179999457672
}