{
    "Agent": {
        "total": 0.028547899999750825
    },
    "Env": {
        "apply_act": 0.34506130000008284,
        "observation_computation": 0.4188660000004063,
        "powerflow_computation": 0.21202710000025604,
        "total": 0.9759544000007452
    },
    "total": 1.234914300000014
}