{
    "Agent": {
        "total": 0.11796379999850615
    },
    "Env": {
        "apply_act": 0.6324072999962027,
        "observation_computation": 0.07990139999856183,
        "powerflow_computation": 0.07183979999831536,
        "total": 0.7841484999930799
    },
    "total": 0.9785674000002018
}