{
    "Agent": {
        "total": 0.01357299939263612
    },
    "Env": {
        "apply_act": 0.039881899137981236,
        "observation_computation": 0.008628700277768075,
        "powerflow_computation": 0.008079000283032656,
        "total": 0.05658959969878197
    },
    "total": 0.07934799999929965
}