{
    "Agent": {
        "total": 0.5002436997601762
    },
    "Env": {
        "apply_act": 1.1942735000920948,
        "observation_computation": 0.22442020077141933,
        "powerflow_computation": 0.2018232999544125,
        "total": 1.6205170008179266
    },
    "total": 2.33891500000027
}