{
    "Agent": {
        "total": 0.08859000000211381
    },
    "Env": {
        "apply_act": 0.16183709999927487,
        "observation_computation": 0.03996099999858416,
        "powerflow_computation": 0.03552970000123423,
        "total": 0.23732779999909326
    },
    "total": 0.36568160000001626
}