{
    "Agent": {
        "total": 0.5779276999976446
    },
    "Env": {
        "apply_act": 1.1619709999988572,
        "observation_computation": 0.40452879999907054,
        "powerflow_computation": 0.3359252000016113,
        "total": 1.902424999999539
    },
    "total": 2.836177300000145
}