{
    "Agent": {
        "total": 0.017884599999973716
    },
    "Env": {
        "apply_act": 0.18897859999987077,
        "observation_computation": 0.12772330000004217,
        "powerflow_computation": 0.10930909999983385,
        "total": 0.4260109999997468
    },
    "total": 0.5633928000000026
}