{
    "Agent": {
        "total": 0.03271230000007108
    },
    "Env": {
        "apply_act": 0.06983440000004748,
        "observation_computation": 0.013714099999788232,
        "powerflow_computation": 0.012536199999885866,
        "total": 0.09608469999972158
    },
    "total": 0.14240289999997913
}