{
    "Agent": {
        "total": 0.05685289999860288
    },
    "Env": {
        "apply_act": 0.12142780000044695,
        "observation_computation": 0.04193750000013097,
        "powerflow_computation": 0.0361628000005112,
        "total": 0.19952810000108911
    },
    "total": 0.29639670000005935
}