{
    "Agent": {
        "total": 0.4615646999970977
    },
    "Env": {
        "apply_act": 0.6875900000009096,
        "observation_computation": 0.2979861999995137,
        "powerflow_computation": 0.2541212999979052,
        "total": 1.2396974999983286
    },
    "total": 1.9659942000000683
}