{
    "Agent": {
        "total": 0.01132950000013011
    },
    "Env": {
        "apply_act": 0.12570219999980736,
        "observation_computation": 0.24583240000040973,
        "powerflow_computation": 0.07963800000052856,
        "total": 0.45117260000074566
    },
    "total": 0.5476072999999815
}