{
    "Agent": {
        "total": 0.08350209993659519
    },
    "Env": {
        "apply_act": 0.3413066999055445,
        "observation_computation": 0.05031160014914349,
        "powerflow_computation": 0.04331049998290837,
        "total": 0.4349288000375964
    },
    "total": 0.5654795999871567
}