{
    "Agent": {
        "total": 0.3410656051710248
    },
    "Env": {
        "apply_act": 1.1739328058902174,
        "observation_computation": 0.25873120524920523,
        "powerflow_computation": 0.23016180121339858,
        "total": 1.6628258123528212
    },
    "total": 2.2458430000115186
}