{
    "Agent": {
        "total": 0.18436969999766006
    },
    "Env": {
        "apply_act": 0.17398620000130904,
        "observation_computation": 0.08961689999773625,
        "powerflow_computation": 0.07583279999994375,
        "total": 0.33943589999898904
    },
    "total": 0.606729200000018
}