{
    "Agent": {
        "total": 0.06969019999985449
    },
    "Env": {
        "apply_act": 0.14927300000090327,
        "observation_computation": 0.024987300000475443,
        "powerflow_computation": 0.02450480000004518,
        "total": 0.1987651000014239
    },
    "total": 0.2934281999999939
}