{
    "Agent": {
        "total": 0.10801259870640934
    },
    "Env": {
        "apply_act": 0.28816999902483076,
        "observation_computation": 0.048458900302648544,
        "powerflow_computation": 0.04592830059118569,
        "total": 0.382557199918665
    },
    "total": 0.5372457000194117
}