{
    "Agent": {
        "total": 0.0033539999999732117
    },
    "Env": {
        "apply_act": 0.02990630000000749,
        "observation_computation": 0.020675999999994588,
        "powerflow_computation": 0.021459999999976276,
        "total": 0.07204229999997835
    },
    "total": 0.09469409999999812
}