{
    "Agent": {
        "total": 0.4607625000007829
    },
    "Env": {
        "apply_act": 0.9824280999928305,
        "observation_computation": 0.15649349999875994,
        "powerflow_computation": 0.13090140000258543,
        "total": 1.269822999994176
    },
    "total": 1.8790146999999706
}