{
    "Agent": {
        "total": 0.42015019999939796
    },
    "Env": {
        "apply_act": 0.6291183000005276,
        "observation_computation": 0.20342779999896266,
        "powerflow_computation": 0.17925990000048841,
        "total": 1.0118059999999787
    },
    "total": 1.6235814000000346
}