{
    "Agent": {
        "total": 0.033284599194303155
    },
    "Env": {
        "apply_act": 0.11359559989068657,
        "observation_computation": 0.025295900530181825,
        "powerflow_computation": 0.02138799976091832,
        "total": 0.16027950018178672
    },
    "total": 0.21717740001622587
}