{
    "Agent": {
        "total": 0.2310010965447873
    },
    "Env": {
        "apply_act": 0.8393629021011293,
        "observation_computation": 0.16886470722965896,
        "powerflow_computation": 0.15038329921662807,
        "total": 1.1586109085474163
    },
    "total": 1.5495551999192685
}