{
    "Agent": {
        "total": 0.026320700999349356
    },
    "Env": {
        "apply_act": 0.10175719973631203,
        "observation_computation": 0.019672000198625028,
        "powerflow_computation": 0.018600500305183232,
        "total": 0.1400297002401203
    },
    "total": 0.1849875000771135
}