{
    "Agent": {
        "total": 0.0064739997033029795
    },
    "Env": {
        "apply_act": 0.014124800218269229,
        "observation_computation": 0.0026369993574917316,
        "powerflow_computation": 0.0028005007188767195,
        "total": 0.01956230029463768
    },
    "total": 0.028752800077199936
}