{
    "Agent": {
        "total": 0.21693510000136484
    },
    "Env": {
        "apply_act": 0.8429399000010562,
        "observation_computation": 0.15690529999801583,
        "powerflow_computation": 0.13895549999870127,
        "total": 1.1388006999977733
    },
    "total": 1.505005600000004
}