{
    "Agent": {
        "total": 0.22956220130436122
    },
    "Env": {
        "apply_act": 0.4538635991048068,
        "observation_computation": 0.1170365980360657,
        "powerflow_computation": 0.09821329964324832,
        "total": 0.6691134967841208
    },
    "total": 1.009434999898076
}