{
    "Agent": {
        "total": 0.06553510000009055
    },
    "Env": {
        "apply_act": 0.1483198999999331,
        "observation_computation": 0.024730700000077377,
        "powerflow_computation": 0.022076499999968746,
        "total": 0.19512709999997924
    },
    "total": 0.28848579999998947
}