{
    "Agent": {
        "total": 0.024805900175124407
    },
    "Env": {
        "apply_act": 0.0876485996413976,
        "observation_computation": 0.018686101189814508,
        "powerflow_computation": 0.015683800564147532,
        "total": 0.12201850139535964
    },
    "total": 0.16530359990429133
}