{
    "Agent": {
        "total": 0.36188540000023295
    },
    "Env": {
        "apply_act": 0.8228663999991568,
        "observation_computation": 0.17886219999752484,
        "powerflow_computation": 0.16659160000108386,
        "total": 1.1683201999977655
    },
    "total": 1.6967658999999458
}