{
    "Agent": {
        "total": 0.28271700016921386
    },
    "Env": {
        "apply_act": 1.145334599976195,
        "observation_computation": 0.1724385998386424,
        "powerflow_computation": 0.14805989983142354,
        "total": 1.465833099646261
    },
    "total": 1.905155000014929
}