{
    "Agent": {
        "total": 0.0855711005278863
    },
    "Env": {
        "apply_act": 0.4445783997653052,
        "observation_computation": 0.03547639993485063,
        "powerflow_computation": 0.03162509953835979,
        "total": 0.5116798992385156
    },
    "total": 0.6318285000161268
}