{
    "Agent": {
        "total": 0.005197099992074072
    },
    "Env": {
        "apply_act": 0.016249499982222915,
        "observation_computation": 0.0037105001974850893,
        "powerflow_computation": 0.003862100187689066,
        "total": 0.02382210036739707
    },
    "total": 0.03278479992877692
}