{
    "Agent": {
        "total": 0.1210459009744227
    },
    "Env": {
        "apply_act": 0.4270603018812835,
        "observation_computation": 0.0915545029565692,
        "powerflow_computation": 0.07943269610404968,
        "total": 0.5980475009419024
    },
    "total": 0.8057945999316871
}