{
    "Agent": {
        "total": 0.012875699999767676
    },
    "Env": {
        "apply_act": 0.14468189999911374,
        "observation_computation": 0.10327569999935804,
        "powerflow_computation": 0.08585880000032375,
        "total": 0.33381639999879553
    },
    "total": 0.4441141000000357
}