{
    "Agent": {
        "total": 0.03691770000136785
    },
    "Env": {
        "apply_act": 0.10604369999691698,
        "observation_computation": 0.025871999999480977,
        "powerflow_computation": 0.02867019999735021,
        "total": 0.16058589999374817
    },
    "total": 0.2227373999999145
}