{
    "Agent": {
        "total": 0.044919000000106735
    },
    "Env": {
        "apply_act": 0.4964021000005232,
        "observation_computation": 0.3636271000009401,
        "powerflow_computation": 0.312617600000749,
        "total": 1.1726468000022123
    },
    "total": 1.5537999000000013
}