{
    "Agent": {
        "total": 0.01770780049264431
    },
    "Env": {
        "apply_act": 0.03971489937976003,
        "observation_computation": 0.011227698531001806,
        "powerflow_computation": 0.011303000384941697,
        "total": 0.06224559829570353
    },
    "total": 0.09081920003518462
}