{
    "Agent": {
        "total": 0.0009142999999767198
    },
    "Env": {
        "apply_act": 0.0,
        "observation_computation": 0.0,
        "powerflow_computation": 0.0,
        "total": 0.0
    },
    "total": 0.003267600000015136
}