{
    "Agent": {
        "total": 0.07197100000018963
    },
    "Env": {
        "apply_act": 0.15486760000032973,
        "observation_computation": 0.035298399999874164,
        "powerflow_computation": 0.03166710000061812,
        "total": 0.22183310000082201
    },
    "total": 0.3280944000000545
}