{
    "Agent": {
        "total": 0.10237859960761853
    },
    "Env": {
        "apply_act": 0.2925408997980412,
        "observation_computation": 0.04899509999086149,
        "powerflow_computation": 0.0454392000392545,
        "total": 0.3869751998281572
    },
    "total": 0.5357687000068836
}