{
    "Agent": {
        "total": 0.05272579997108551
    },
    "Env": {
        "apply_act": 0.14677860001393128,
        "observation_computation": 0.025435100033064373,
        "powerflow_computation": 0.022680000016407575,
        "total": 0.19489370006340323
    },
    "total": 0.2724530000050436
}