{
    "Agent": {
        "total": 0.003237499999954707
    },
    "Env": {
        "apply_act": 0.0342596999998932,
        "observation_computation": 0.02473679999985734,
        "powerflow_computation": 0.02136749999993981,
        "total": 0.08036399999969035
    },
    "total": 0.10717650000000845
}