{
    "Agent": {
        "total": 0.0013553000753745437
    },
    "Env": {
        "apply_act": 0.0,
        "observation_computation": 0.0,
        "powerflow_computation": 0.0,
        "total": 0.0
    },
    "total": 0.0026925000129267573
}