{
    "Agent": {
        "total": 0.5110907999960546
    },
    "Env": {
        "apply_act": 1.062440500003504,
        "observation_computation": 0.18788149999227244,
        "powerflow_computation": 0.18566329999794107,
        "total": 1.4359852999937175
    },
    "total": 2.1140793999998095
}