{
    "Agent": {
        "total": 0.018676299999810908
    },
    "Env": {
        "apply_act": 0.04089689999989332,
        "observation_computation": 0.008650900000191086,
        "powerflow_computation": 0.006691699999919365,
        "total": 0.05623950000000377
    },
    "total": 0.08320870000000014
}