{
    "Agent": {
        "total": 0.0066622999997889565
    },
    "Env": {
        "apply_act": 0.011484199999813427,
        "observation_computation": 0.002131999999846812,
        "powerflow_computation": 0.002614700000549419,
        "total": 0.016230900000209658
    },
    "total": 0.025330200000098557
}