{
    "Agent": {
        "total": 0.08311269999830984
    },
    "Env": {
        "apply_act": 0.3467220999982601,
        "observation_computation": 0.06737449999809542,
        "powerflow_computation": 0.059301500000401575,
        "total": 0.4733980999967571
    },
    "total": 0.615609399999812
}