{
    "Agent": {
        "total": 0.0008870000000058553
    },
    "Env": {
        "apply_act": 0.009756199999984005,
        "observation_computation": 0.006993399999998928,
        "powerflow_computation": 0.006252200000020025,
        "total": 0.02300180000000296
    },
    "total": 0.03082310000000632
}