{
    "Agent": {
        "total": 0.006216599838808179
    },
    "Env": {
        "apply_act": 0.013809900265187025,
        "observation_computation": 0.0025687997695058584,
        "powerflow_computation": 0.0029843999072909355,
        "total": 0.01936309994198382
    },
    "total": 0.028348500141873956
}