{
    "Agent": {
        "total": 0.08268189999967035
    },
    "Env": {
        "apply_act": 0.1664173999997729,
        "observation_computation": 0.039968500000782115,
        "powerflow_computation": 0.041574299999865616,
        "total": 0.24796020000042063
    },
    "total": 0.36914180000007946
}