{
    "Agent": {
        "total": 0.08931979991029948
    },
    "Env": {
        "apply_act": 0.16953720012679696,
        "observation_computation": 0.032047900604084134,
        "powerflow_computation": 0.0267767992336303,
        "total": 0.2283618999645114
    },
    "total": 0.3508831000654027
}