{
    "Agent": {
        "total": 0.03459990000007451
    },
    "Env": {
        "apply_act": 0.39189609999948516,
        "observation_computation": 0.27315100000006964,
        "powerflow_computation": 0.24936740000029545,
        "total": 0.9144144999998502
    },
    "total": 1.202129599999978
}