{
    "Agent": {
        "total": 0.0421109979506582
    },
    "Env": {
        "apply_act": 0.10183919919654727,
        "observation_computation": 0.01656879996880889,
        "powerflow_computation": 0.01449790084734559,
        "total": 0.13290590001270175
    },
    "total": 0.1918887000065297
}