{
    "Agent": {
        "total": 0.05478999999968437
    },
    "Env": {
        "apply_act": 0.11673059999981206,
        "observation_computation": 0.020839799999976094,
        "powerflow_computation": 0.017953200000192737,
        "total": 0.1555235999999809
    },
    "total": 0.23224440000001323
}