{
    "Agent": {
        "total": 0.09127250000022968
    },
    "Env": {
        "apply_act": 0.20179120000005923,
        "observation_computation": 0.03399040000022069,
        "powerflow_computation": 0.0319637999999145,
        "total": 0.2677454000001944
    },
    "total": 0.39683680000001686
}