{
    "Agent": {
        "total": 0.003207999999801814
    },
    "Env": {
        "apply_act": 0.03180959999986044,
        "observation_computation": 0.020979799999850002,
        "powerflow_computation": 0.022602899999924375,
        "total": 0.07539229999963482
    },
    "total": 0.09948279999997567
}