{
    "Agent": {
        "total": 0.08806719999961388
    },
    "Env": {
        "apply_act": 0.17443589999987807,
        "observation_computation": 0.03205579999985275,
        "powerflow_computation": 0.030333199999745375,
        "total": 0.2368248999994762
    },
    "total": 0.3572383000000059
}