{
    "Agent": {
        "total": 0.05873959999996714
    },
    "Env": {
        "apply_act": 0.1220892000000049,
        "observation_computation": 0.02837599999941176,
        "powerflow_computation": 0.027487200000336998,
        "total": 0.17795239999975365
    },
    "total": 0.26303359999997156
}