{
    "Agent": {
        "total": 0.20745430016540922
    },
    "Env": {
        "apply_act": 0.5026936001959257,
        "observation_computation": 0.08686649982701056,
        "powerflow_computation": 0.07432979982695542,
        "total": 0.6638898998498917
    },
    "total": 0.9575032999855466
}