{
    "Agent": {
        "total": 0.07368190000022423
    },
    "Env": {
        "apply_act": 0.1667382999999063,
        "observation_computation": 0.030761300000051506,
        "powerflow_computation": 0.02468619999990551,
        "total": 0.22218579999986332
    },
    "total": 0.3261628999999857
}