{
    "Agent": {
        "total": 0.39702810000926547
    },
    "Env": {
        "apply_act": 0.39250249999167863,
        "observation_computation": 0.14598270002261415,
        "powerflow_computation": 0.13699329999690235,
        "total": 0.6754785000111951
    },
    "total": 1.2155835999992632
}