{
    "Agent": {
        "total": 0.20929600001090876
    },
    "Env": {
        "apply_act": 0.11973540000144567,
        "observation_computation": 0.07717209999282204,
        "powerflow_computation": 0.06706349999785743,
        "total": 0.26397099999212514
    },
    "total": 0.5474930000000313
}