{
    "Agent": {
        "total": 0.0008941998239606619
    },
    "Env": {
        "apply_act": 0.0,
        "observation_computation": 0.0,
        "powerflow_computation": 0.0,
        "total": 0.0
    },
    "total": 0.002250900026410818
}