{
    "Agent": {
        "total": 0.26842880086041987
    },
    "Env": {
        "apply_act": 0.48011049698106945,
        "observation_computation": 0.17589229997247458,
        "powerflow_computation": 0.1550487969070673,
        "total": 0.8110515938606113
    },
    "total": 1.236451799981296
}