{
    "Agent": {
        "total": 0.01644930000043132
    },
    "Env": {
        "apply_act": 0.02000939999993534,
        "observation_computation": 0.011074800000187679,
        "powerflow_computation": 0.010187500000711225,
        "total": 0.041271700000834244
    },
    "total": 0.06872369999996408
}