{
    "Agent": {
        "total": 0.01052760030142963
    },
    "Env": {
        "apply_act": 0.03238459979183972,
        "observation_computation": 0.006686799810267985,
        "powerflow_computation": 0.005605500307865441,
        "total": 0.044676899909973145
    },
    "total": 0.06271149998065084
}