{
    "Agent": {
        "total": 0.08079430000066168
    },
    "Env": {
        "apply_act": 0.17373109999982717,
        "observation_computation": 0.03108349999922666,
        "powerflow_computation": 0.026752799999485433,
        "total": 0.23156739999853926
    },
    "total": 0.340451200000075
}