{
    "Agent": {
        "total": 0.2724014000000352
    },
    "Env": {
        "apply_act": 0.32025199999952747,
        "observation_computation": 0.1272263999981078,
        "powerflow_computation": 0.11526159999834817,
        "total": 0.5627399999959835
    },
    "total": 0.9583182000001216
}