{
    "Agent": {
        "total": 0.24251360008202028
    },
    "Env": {
        "apply_act": 0.7029525999823818,
        "observation_computation": 0.11912010002561146,
        "powerflow_computation": 0.10308209986396832,
        "total": 0.9251547998719616
    },
    "total": 1.281047699994815
}