{
    "Agent": {
        "total": 0.21936340008687694
    },
    "Env": {
        "apply_act": 1.1286120999284321,
        "observation_computation": 0.19425070013676304,
        "powerflow_computation": 0.17983429992455058,
        "total": 1.5026970999897458
    },
    "total": 1.89384930000233
}