{
    "Agent": {
        "total": 0.008369699586182833
    },
    "Env": {
        "apply_act": 0.019420999102294445,
        "observation_computation": 0.0032840007916092873,
        "powerflow_computation": 0.003458499675616622,
        "total": 0.026163499569520354
    },
    "total": 0.03795869997702539
}