{
    "Agent": {
        "total": 0.0034204000000528367
    },
    "Env": {
        "apply_act": 0.03925939999999173,
        "observation_computation": 0.02624389999996879,
        "powerflow_computation": 0.02146239999994748,
        "total": 0.086965699999908
    },
    "total": 0.11449400000000765
}