{
    "Agent": {
        "total": 0.005222500000058972
    },
    "Env": {
        "apply_act": 0.01665509999997994,
        "observation_computation": 0.0019404000000804444,
        "powerflow_computation": 0.0037019000000100277,
        "total": 0.02229740000007041
    },
    "total": 0.029876099999910366
}