{
    "Agent": {
        "total": 0.033143699999641285
    },
    "Env": {
        "apply_act": 0.08466029999965485,
        "observation_computation": 0.013115000000141208,
        "powerflow_computation": 0.012199599999973998,
        "total": 0.10997489999977006
    },
    "total": 0.15599759999997787
}