{
    "Agent": {
        "total": 0.05687600013334304
    },
    "Env": {
        "apply_act": 0.14505670056678355,
        "observation_computation": 0.026107200421392918,
        "powerflow_computation": 0.022994697792455554,
        "total": 0.19415859878063202
    },
    "total": 0.2767352999653667
}