{
    "Agent": {
        "total": 0.008816000000592794
    },
    "Env": {
        "apply_act": 0.0955151999996815,
        "observation_computation": 0.06457949999997936,
        "powerflow_computation": 0.05435830000033093,
        "total": 0.2144529999999918
    },
    "total": 0.28191579999997884
}