{
    "Agent": {
        "total": 0.04629740072414279
    },
    "Env": {
        "apply_act": 0.12330469966400415,
        "observation_computation": 0.030138599569909275,
        "powerflow_computation": 0.025626000249758363,
        "total": 0.17906929948367178
    },
    "total": 0.2554030000464991
}