{
    "Agent": {
        "total": 0.16292070015333593
    },
    "Env": {
        "apply_act": 0.790607800707221,
        "observation_computation": 0.09862420137505978,
        "powerflow_computation": 0.08498540078289807,
        "total": 0.9742174028651789
    },
    "total": 1.2257491999771446
}