{
    "Agent": {
        "total": 0.12190750000013395
    },
    "Env": {
        "apply_act": 0.14064649999818357,
        "observation_computation": 0.08545190000154435,
        "powerflow_computation": 0.07370880000053148,
        "total": 0.2998072000002594
    },
    "total": 0.49786919999996826
}