{
    "Agent": {
        "total": 0.034947900334373116
    },
    "Env": {
        "apply_act": 0.10121209966018796,
        "observation_computation": 0.024184000096283853,
        "powerflow_computation": 0.022694600047543645,
        "total": 0.14809069980401546
    },
    "total": 0.2064752000151202
}