{
    "Agent": {
        "total": 0.15637450000031095
    },
    "Env": {
        "apply_act": 0.3787848999986636,
        "observation_computation": 0.09935279999785962,
        "powerflow_computation": 0.08253549999722054,
        "total": 0.5606731999937438
    },
    "total": 0.8053563999999369
}