{
    "Agent": {
        "total": 0.08881980000137446
    },
    "Env": {
        "apply_act": 0.16620060000013837,
        "observation_computation": 0.03960280000046623,
        "powerflow_computation": 0.03482559999952173,
        "total": 0.24062900000012633
    },
    "total": 0.36963089999994736
}