{
    "Agent": {
        "total": 0.0049024000002191315
    },
    "Env": {
        "apply_act": 0.020458300000200325,
        "observation_computation": 0.0027734000000236847,
        "powerflow_computation": 0.0035248999997747887,
        "total": 0.026756599999998798
    },
    "total": 0.03464440000016111
}