{
    "Agent": {
        "total": 0.3426392000692431
    },
    "Env": {
        "apply_act": 1.6548523998208111,
        "observation_computation": 0.32269289997930173,
        "powerflow_computation": 0.2947348996967776,
        "total": 2.2722801994968904
    },
    "total": 2.898104300009436
}