{
    "Agent": {
        "total": 0.10623540077358484
    },
    "Env": {
        "apply_act": 0.40353069943375885,
        "observation_computation": 0.07485860039014369,
        "powerflow_computation": 0.06712189922109246,
        "total": 0.545511199044995
    },
    "total": 0.7241156999953091
}