{
    "Agent": {
        "total": 0.03479690011590719
    },
    "Env": {
        "apply_act": 0.1166918003000319,
        "observation_computation": 0.024849702371284366,
        "powerflow_computation": 0.022353999316692352,
        "total": 0.16389550198800862
    },
    "total": 0.22266720002517104
}