{
    "Agent": {
        "total": 0.654975900001773
    },
    "Env": {
        "apply_act": 1.8214818000060404,
        "observation_computation": 0.2791996999967523,
        "powerflow_computation": 0.22293850000369275,
        "total": 2.3236200000064855
    },
    "total": 3.2274954000004072
}