{
    "Agent": {
        "total": 0.8759982999956719
    },
    "Env": {
        "apply_act": 0.9616210999984105,
        "observation_computation": 0.5798998000027495,
        "powerflow_computation": 0.5034126999973978,
        "total": 2.044933599998558
    },
    "total": 3.4305903000001763
}