{
    "Agent": {
        "total": 0.311689900001511
    },
    "Env": {
        "apply_act": 0.967811900540255,
        "observation_computation": 0.13836929958779365,
        "powerflow_computation": 0.12211489933542907,
        "total": 1.2282960994634777
    },
    "total": 1.6751365999225527
}