{
    "Agent": {
        "total": 0.0008503000000246175
    },
    "Env": {
        "apply_act": 0.010934700000035491,
        "observation_computation": 0.0054711000000224885,
        "powerflow_computation": 0.005325499999969452,
        "total": 0.02173130000002743
    },
    "total": 0.028243099999997412
}