{
    "Agent": {
        "total": 0.0006839999999783686
    },
    "Env": {
        "apply_act": 0.0,
        "observation_computation": 0.0,
        "powerflow_computation": 0.0,
        "total": 0.0
    },
    "total": 0.002133500000013555
}