{
    "Agent": {
        "total": 1.0073321000002124
    },
    "Env": {
        "apply_act": 1.0773397000011755,
        "observation_computation": 0.6506522000004225,
        "powerflow_computation": 0.5390239000132624,
        "total": 2.2670158000148604
    },
    "total": 3.844655200000034
}