{
    "Agent": {
        "total": 0.11531029999969178
    },
    "Env": {
        "apply_act": 0.09176919999981692,
        "observation_computation": 0.0556469999996807,
        "powerflow_computation": 0.04623840000067503,
        "total": 0.19365460000017265
    },
    "total": 0.3629205000000866
}