{
    "Agent": {
        "total": 0.03568379988428205
    },
    "Env": {
        "apply_act": 0.07473839982412755,
        "observation_computation": 0.016060099471360445,
        "powerflow_computation": 0.01361579995136708,
        "total": 0.10441429924685508
    },
    "total": 0.1564191000070423
}