{
    "Agent": {
        "total": 0.14319880012772046
    },
    "Env": {
        "apply_act": 0.3831505000416655,
        "observation_computation": 0.06685679973452352,
        "powerflow_computation": 0.05936060022213496,
        "total": 0.509367899998324
    },
    "total": 0.7188456000003498
}