{
    "Agent": {
        "total": 0.11064019991317764
    },
    "Env": {
        "apply_act": 0.025067699985811487,
        "observation_computation": 0.009581900056218728,
        "powerflow_computation": 0.01010739998309873,
        "total": 0.044757000025128946
    },
    "total": 0.16603950000717305
}