{
    "Agent": {
        "total": 0.02173210000000836
    },
    "Env": {
        "apply_act": 0.062480799999093506,
        "observation_computation": 0.015304199999263801,
        "powerflow_computation": 0.013487999998687883,
        "total": 0.09127299999704519
    },
    "total": 0.1289291000000503
}