{
    "Agent": {
        "total": 0.051002099993638694
    },
    "Env": {
        "apply_act": 0.11105089995544404,
        "observation_computation": 0.02598979987669736,
        "powerflow_computation": 0.023663401254452765,
        "total": 0.16070410108659416
    },
    "total": 0.23756819998379797
}