{
    "Agent": {
        "total": 0.00258529999990742
    },
    "Env": {
        "apply_act": 0.025956000000064705,
        "observation_computation": 0.01788890000000265,
        "powerflow_computation": 0.017642300000090927,
        "total": 0.06148720000015828
    },
    "total": 0.07978170000001228
}