{
    "Agent": {
        "total": 0.6707545999984177
    },
    "Env": {
        "apply_act": 0.5897583999983453,
        "observation_computation": 0.33758720000014364,
        "powerflow_computation": 0.31808460000274863,
        "total": 1.2454302000012376
    },
    "total": 2.2343786000000136
}