{
    "Agent": {
        "total": 0.022812800000110656
    },
    "Env": {
        "apply_act": 0.2454938000004745,
        "observation_computation": 0.3322296999998855,
        "powerflow_computation": 0.1386983000005273,
        "total": 0.7164218000008873
    },
    "total": 0.8954247000000066
}