{
    "Agent": {
        "total": 0.03955809999997939
    },
    "Env": {
        "apply_act": 0.45089150000001155,
        "observation_computation": 0.3167396999999994,
        "powerflow_computation": 0.24844419999969602,
        "total": 1.016075399999707
    },
    "total": 1.3353634000000056
}