{
    "Agent": {
        "total": 0.04200730030424893
    },
    "Env": {
        "apply_act": 0.08269800036214292,
        "observation_computation": 0.021073900861665606,
        "powerflow_computation": 0.02273979946039617,
        "total": 0.1265117006842047
    },
    "total": 0.19038980011828244
}