{
    "Agent": {
        "total": 0.019023500033654273
    },
    "Env": {
        "apply_act": 0.03970809979364276,
        "observation_computation": 0.00800059991888702,
        "powerflow_computation": 0.006912099779583514,
        "total": 0.05462079949211329
    },
    "total": 0.08211359998676926
}