{
    "Agent": {
        "total": 0.006898400000167726
    },
    "Env": {
        "apply_act": 0.074654799999891,
        "observation_computation": 0.05519630000003417,
        "powerflow_computation": 0.04517089999997381,
        "total": 0.17502199999989898
    },
    "total": 0.23230370000000278
}