{
    "Agent": {
        "total": 0.012579499999958443
    },
    "Env": {
        "apply_act": 0.13967770000002133,
        "observation_computation": 0.09336129999982745,
        "powerflow_computation": 0.0768265000000099,
        "total": 0.3098654999998587
    },
    "total": 0.4097854000000041
}