{
    "Agent": {
        "total": 0.45125999999709165
    },
    "Env": {
        "apply_act": 0.5274730000039654,
        "observation_computation": 0.2225270999958866,
        "powerflow_computation": 0.20086850000211598,
        "total": 0.9508686000019679
    },
    "total": 1.6139700999999604
}