{
    "Agent": {
        "total": 0.04168880000088393
    },
    "Env": {
        "apply_act": 0.1217847999987498,
        "observation_computation": 0.019845000003442692,
        "powerflow_computation": 0.0175422999973307,
        "total": 0.1591720999995232
    },
    "total": 0.2196339000001899
}