{
    "Agent": {
        "total": 0.0008139999999627889
    },
    "Env": {
        "apply_act": 0.008931100000040715,
        "observation_computation": 0.0058996999999862965,
        "powerflow_computation": 0.00537629999996625,
        "total": 0.02020709999999326
    },
    "total": 0.027554899999984173
}