{
    "Agent": {
        "total": 0.602104103192687
    },
    "Env": {
        "apply_act": 1.0943207999225706,
        "observation_computation": 0.3998794974759221,
        "powerflow_computation": 0.3386370020452887,
        "total": 1.8328372994437814
    },
    "total": 2.7852370000910014
}