{
    "Agent": {
        "total": 0.017679800000450996
    },
    "Env": {
        "apply_act": 0.19896410000029618,
        "observation_computation": 0.14046309999997675,
        "powerflow_computation": 0.12318379999962303,
        "total": 0.46261099999989597
    },
    "total": 0.6138262999999995
}