{
    "Agent": {
        "total": 0.21600600000101622
    },
    "Env": {
        "apply_act": 0.2379943000014464,
        "observation_computation": 0.09721990000002734,
        "powerflow_computation": 0.0811789999982011,
        "total": 0.41639319999967483
    },
    "total": 0.7268538000000717
}