{
    "Agent": {
        "total": 0.017288999999436783
    },
    "Env": {
        "apply_act": 0.0555662000006123,
        "observation_computation": 0.009777699998267053,
        "powerflow_computation": 0.009195300000556017,
        "total": 0.07453919999943537
    },
    "total": 0.10113689999980124
}