{
    "Agent": {
        "total": 0.009670300000379939
    },
    "Env": {
        "apply_act": 0.03825339999991684,
        "observation_computation": 0.005129200000283163,
        "powerflow_computation": 0.004373999999984335,
        "total": 0.047756600000184335
    },
    "total": 0.0643148999999994
}