{
    "Agent": {
        "total": 0.13032930000258602
    },
    "Env": {
        "apply_act": 0.41285399999514993,
        "observation_computation": 0.08884749999674568,
        "powerflow_computation": 0.07588869999858616,
        "total": 0.5775901999904818
    },
    "total": 0.7949172000000999
}