{
    "Agent": {
        "total": 0.05088389999966125
    },
    "Env": {
        "apply_act": 0.5662802000002216,
        "observation_computation": 0.40564000000065903,
        "powerflow_computation": 0.34442010000023515,
        "total": 1.3163403000011158
    },
    "total": 1.7451860999999838
}