{
    "Agent": {
        "total": 0.065998500213027
    },
    "Env": {
        "apply_act": 0.13535740145016462,
        "observation_computation": 0.02550129999872297,
        "powerflow_computation": 0.027833599713630974,
        "total": 0.18869230116251856
    },
    "total": 0.28036870004143566
}