{
    "Agent": {
        "total": 0.1336134999874048
    },
    "Env": {
        "apply_act": 0.028937800001585856,
        "observation_computation": 0.011483800044516101,
        "powerflow_computation": 0.011469599994597957,
        "total": 0.051891200040699914
    },
    "total": 0.19842569998581894
}