{
    "Agent": {
        "total": 0.030347100000199134
    },
    "Env": {
        "apply_act": 0.11455580000011878,
        "observation_computation": 0.01678949999990209,
        "powerflow_computation": 0.014141499999993812,
        "total": 0.14548680000001468
    },
    "total": 0.19342600000004495
}