{
    "Agent": {
        "total": 0.07185770000040748
    },
    "Env": {
        "apply_act": 0.1668729999996117,
        "observation_computation": 0.030606399999896894,
        "powerflow_computation": 0.03196359999992637,
        "total": 0.22944299999943496
    },
    "total": 0.3312899000000016
}