{
    "Agent": {
        "total": 0.06871839999951135
    },
    "Env": {
        "apply_act": 0.05797070000005533,
        "observation_computation": 0.03507950000016535,
        "powerflow_computation": 0.03040529999998398,
        "total": 0.12345550000020467
    },
    "total": 0.227264200000036
}