{
    "Agent": {
        "total": 0.020053100000382074
    },
    "Env": {
        "apply_act": 0.21829409999935478,
        "observation_computation": 0.1507827999997744,
        "powerflow_computation": 0.12503789999988157,
        "total": 0.49411479999901076
    },
    "total": 0.6534169000000247
}