{
    "Agent": {
        "total": 0.013547400000334164
    },
    "Env": {
        "apply_act": 0.1586526000004369,
        "observation_computation": 0.26758649999970885,
        "powerflow_computation": 0.10047520000000532,
        "total": 0.5267143000001511
    },
    "total": 0.6440731000000142
}