{
    "Agent": {
        "total": 0.0007118000648915768
    },
    "Env": {
        "apply_act": 0.0,
        "observation_computation": 0.0,
        "powerflow_computation": 0.0,
        "total": 0.0
    },
    "total": 0.00194089999422431
}