{
    "Agent": {
        "total": 0.03066430000001219
    },
    "Env": {
        "apply_act": 0.05666689999998198,
        "observation_computation": 0.013724799999749848,
        "powerflow_computation": 0.012097299999709321,
        "total": 0.08248899999944115
    },
    "total": 0.12694659999999658
}