{
    "Agent": {
        "total": 0.06261540000025434
    },
    "Env": {
        "apply_act": 0.125996700000087,
        "observation_computation": 0.030247699999563338,
        "powerflow_computation": 0.025899999998614476,
        "total": 0.18214439999826482
    },
    "total": 0.2733577999999852
}