{
    "Agent": {
        "total": 0.3986844988539815
    },
    "Env": {
        "apply_act": 0.7107925026211888,
        "observation_computation": 0.25880110426805913,
        "powerflow_computation": 0.21562339761294425,
        "total": 1.1852170045021921
    },
    "total": 1.8117095998022705
}