{
    "Agent": {
        "total": 0.08452010007749777
    },
    "Env": {
        "apply_act": 0.2558435999962967,
        "observation_computation": 0.041217999983928166,
        "powerflow_computation": 0.03818279998085927,
        "total": 0.3352443999610841
    },
    "total": 0.4604394999987562
}