{
    "Agent": {
        "total": 2.857772400835529
    },
    "Env": {
        "apply_act": 4.551640103338286,
        "observation_computation": 1.514251206535846,
        "powerflow_computation": 1.3558939003851265,
        "total": 7.421785210259259
    },
    "total": 11.702309400076047
}