{
    "Agent": {
        "total": 0.08413040000004912
    },
    "Env": {
        "apply_act": 0.09526219999816021,
        "observation_computation": 0.04306679999763219,
        "powerflow_computation": 0.038065399999140936,
        "total": 0.17639439999493334
    },
    "total": 0.3016685000000052
}