{
    "Agent": {
        "total": 0.012598599999932958
    },
    "Env": {
        "apply_act": 0.145782300000036,
        "observation_computation": 0.24808729999998036,
        "powerflow_computation": 0.08947710000015263,
        "total": 0.483346700000169
    },
    "total": 0.5920694999999938
}