{
    "Agent": {
        "total": 0.4843974999839702
    },
    "Env": {
        "apply_act": 0.18040840000503522,
        "observation_computation": 0.11276829999223992,
        "powerflow_computation": 0.10890199998812022,
        "total": 0.40207869998539536
    },
    "total": 0.9916650000004665
}