{
    "Agent": {
        "total": 0.026609899709001184
    },
    "Env": {
        "apply_act": 0.08874169958289713,
        "observation_computation": 0.012621599831618369,
        "powerflow_computation": 0.012039700872264802,
        "total": 0.1134030002867803
    },
    "total": 0.15229889994952828
}