{
    "Agent": {
        "total": 0.0482539000001907
    },
    "Env": {
        "apply_act": 0.5539280000002407,
        "observation_computation": 0.40726069999954007,
        "powerflow_computation": 0.3451712000003795,
        "total": 1.3063599000001602
    },
    "total": 1.7287744000000203
}