{
    "Agent": {
        "total": 0.14170319930417463
    },
    "Env": {
        "apply_act": 0.4874004003359005,
        "observation_computation": 0.12669230002211407,
        "powerflow_computation": 0.10859340021852404,
        "total": 0.7226861005765386
    },
    "total": 0.9771676000091247
}