{
    "Agent": {
        "total": 1.2091586000053667
    },
    "Env": {
        "apply_act": 1.8982286000077693,
        "observation_computation": 0.6127736999997069,
        "powerflow_computation": 0.5415267000064432,
        "total": 3.0525290000139194
    },
    "total": 4.843879300000026
}