{
    "Agent": {
        "total": 0.11926809919532388
    },
    "Env": {
        "apply_act": 0.29079989925958216,
        "observation_computation": 0.05137930007185787,
        "powerflow_computation": 0.042875099927186966,
        "total": 0.385054299258627
    },
    "total": 0.558496999903582
}