{
    "Agent": {
        "total": 0.10975550013245083
    },
    "Env": {
        "apply_act": 0.3814774998172652,
        "observation_computation": 0.06726480004726909,
        "powerflow_computation": 0.057054099976085126,
        "total": 0.5057963998406194
    },
    "total": 0.6778209000185598
}