{
    "Agent": {
        "total": 0.029654099999845585
    },
    "Env": {
        "apply_act": 0.31841820000079224,
        "observation_computation": 0.23617190000067012,
        "powerflow_computation": 0.176416299999687,
        "total": 0.7310064000011494
    },
    "total": 0.9557186000000115
}