{
    "Agent": {
        "total": 0.11369270000045617
    },
    "Env": {
        "apply_act": 0.2924394000003758,
        "observation_computation": 0.07800620000011804,
        "powerflow_computation": 0.06895039999744768,
        "total": 0.43939599999794154
    },
    "total": 0.6220866000001024
}