{
    "Agent": {
        "total": 0.027275700000373604
    },
    "Env": {
        "apply_act": 0.32839310000015587,
        "observation_computation": 0.22745079999998552,
        "powerflow_computation": 0.1947081000000992,
        "total": 0.7505520000002406
    },
    "total": 0.9988545000000073
}