{
    "Agent": {
        "total": 0.014691199999901983
    },
    "Env": {
        "apply_act": 0.05350019999991673,
        "observation_computation": 0.00793090000047414,
        "powerflow_computation": 0.006731599999852733,
        "total": 0.0681627000002436
    },
    "total": 0.09234449999996741
}