{
    "Agent": {
        "total": 0.18355760094709694
    },
    "Env": {
        "apply_act": 0.7932632027659565,
        "observation_computation": 0.13224029866978526,
        "powerflow_computation": 0.12715620012022555,
        "total": 1.0526597015559673
    },
    "total": 1.3617960999254137
}