{
    "Agent": {
        "total": 0.16044760000022507
    },
    "Env": {
        "apply_act": 0.3869566999999847,
        "observation_computation": 0.07070310000005975,
        "powerflow_computation": 0.0634118999997213,
        "total": 0.5210716999997658
    },
    "total": 0.7479487999999606
}