{
    "Agent": {
        "total": 0.055632500000285745
    },
    "Env": {
        "apply_act": 0.12571979999961513,
        "observation_computation": 0.02384490000031292,
        "powerflow_computation": 0.02329050000020061,
        "total": 0.17285520000012866
    },
    "total": 0.2527338999999529
}