{
    "Agent": {
        "total": 0.12569220000250425
    },
    "Env": {
        "apply_act": 0.5064911000022221,
        "observation_computation": 0.12093049999930372,
        "powerflow_computation": 0.1011968000016168,
        "total": 0.7286184000031426
    },
    "total": 0.9601829000002908
}