{
    "Agent": {
        "total": 0.034879200000375477
    },
    "Env": {
        "apply_act": 0.38519720000041957,
        "observation_computation": 0.2781068999992158,
        "powerflow_computation": 0.24078350000047521,
        "total": 0.9040876000001106
    },
    "total": 1.1938470999999993
}