{
    "Agent": {
        "total": 0.0391125992173329
    },
    "Env": {
        "apply_act": 0.13963629875797778,
        "observation_computation": 0.028076800401322544,
        "powerflow_computation": 0.02422320027835667,
        "total": 0.191936299437657
    },
    "total": 0.2590547000290826
}