{
    "Agent": {
        "total": 0.011806299999932435
    },
    "Env": {
        "apply_act": 0.13315929999964737,
        "observation_computation": 0.09584339999923941,
        "powerflow_computation": 0.08484240000007048,
        "total": 0.31384509999895727
    },
    "total": 0.4159793000000036
}