{
    "Agent": {
        "total": 0.09495999999762716
    },
    "Env": {
        "apply_act": 0.09997489999977915,
        "observation_computation": 0.0482750999997279,
        "powerflow_computation": 0.04172740000149133,
        "total": 0.1899774000009984
    },
    "total": 0.3301395999999386
}