{
    "Agent": {
        "total": 0.0104396000970155
    },
    "Env": {
        "apply_act": 0.022243300219997764,
        "observation_computation": 0.0050577003275975585,
        "powerflow_computation": 0.004902199609205127,
        "total": 0.03220320015680045
    },
    "total": 0.047767700045369565
}