{
    "Agent": {
        "total": 0.18277470000430185
    },
    "Env": {
        "apply_act": 1.060782199996538,
        "observation_computation": 0.1805179999973916,
        "powerflow_computation": 0.15786430000389373,
        "total": 1.3991644999978234
    },
    "total": 1.7413868999997248
}