{
    "Agent": {
        "total": 0.16217500000050222
    },
    "Env": {
        "apply_act": 0.17553529999952389,
        "observation_computation": 0.10254629999928966,
        "powerflow_computation": 0.09426910000013322,
        "total": 0.37235069999894677
    },
    "total": 0.625269000000003
}