{
    "Agent": {
        "total": 0.21144069999957082
    },
    "Env": {
        "apply_act": 0.6460980999999038,
        "observation_computation": 0.09164759999981698,
        "powerflow_computation": 0.07845160000027818,
        "total": 0.8161972999999989
    },
    "total": 1.116835299999991
}