{
    "Agent": {
        "total": 0.10281599848531187
    },
    "Env": {
        "apply_act": 0.37797529832459986,
        "observation_computation": 0.07425850024446845,
        "powerflow_computation": 0.06434240168891847,
        "total": 0.5165762002579868
    },
    "total": 0.6890316000208259
}