{
    "Agent": {
        "total": 0.06443589992704801
    },
    "Env": {
        "apply_act": 0.24889940014691092,
        "observation_computation": 0.03866849988116883,
        "powerflow_computation": 0.04210959997726604,
        "total": 0.3296775000053458
    },
    "total": 0.42889149999246
}