{
    "Agent": {
        "total": 1.1757151999952384
    },
    "Env": {
        "apply_act": 2.7365733000006003,
        "observation_computation": 0.816959299999553,
        "powerflow_computation": 0.6909436000028109,
        "total": 4.244476200002964
    },
    "total": 6.1400372999999036
}