{
    "Agent": {
        "total": 0.21549710000499545
    },
    "Env": {
        "apply_act": 1.2741685999967558,
        "observation_computation": 0.21034019999478915,
        "powerflow_computation": 0.18111460000409352,
        "total": 1.6656233999956385
    },
    "total": 2.0671034000001782
}