{
    "Agent": {
        "total": 0.017979899998863402
    },
    "Env": {
        "apply_act": 0.05518900000083704,
        "observation_computation": 0.012924499999826367,
        "powerflow_computation": 0.011431900000843598,
        "total": 0.079545400001507
    },
    "total": 0.11031019999995806
}