{
    "Agent": {
        "total": 0.0075838001212105155
    },
    "Env": {
        "apply_act": 0.01744650036562234,
        "observation_computation": 0.003980100154876709,
        "powerflow_computation": 0.005179899511858821,
        "total": 0.02660650003235787
    },
    "total": 0.03811690001748502
}