{
    "Agent": {
        "total": 0.10177779999878567
    },
    "Env": {
        "apply_act": 0.2256201999989571,
        "observation_computation": 0.04836679999993976,
        "powerflow_computation": 0.0436769000006052,
        "total": 0.31766389999950206
    },
    "total": 0.46412789999999404
}