{
    "Agent": {
        "total": 0.023767499999252095
    },
    "Env": {
        "apply_act": 0.249761000000575,
        "observation_computation": 0.3154528000003438,
        "powerflow_computation": 0.15066710000022,
        "total": 0.7158809000011388
    },
    "total": 0.9106605000000059
}