{
    "Agent": {
        "total": 0.14678379893302917
    },
    "Env": {
        "apply_act": 0.5748899002792314,
        "observation_computation": 0.11288349912501872,
        "powerflow_computation": 0.11023409990593791,
        "total": 0.798007499310188
    },
    "total": 1.0515219999942929
}