{
    "Agent": {
        "total": 0.01340479999987565
    },
    "Env": {
        "apply_act": 0.1550825999997869,
        "observation_computation": 0.10747239999966496,
        "powerflow_computation": 0.09273460000019895,
        "total": 0.3552895999996508
    },
    "total": 0.4682755999999699
}