{
    "Agent": {
        "total": 0.07232669999996233
    },
    "Env": {
        "apply_act": 0.1887080999994737,
        "observation_computation": 0.03598179999988815,
        "powerflow_computation": 0.030314699999848926,
        "total": 0.25500459999921077
    },
    "total": 0.3622609999999895
}