{
    "Agent": {
        "total": 0.008702599443495274
    },
    "Env": {
        "apply_act": 0.0173959000967443,
        "observation_computation": 0.004180699586868286,
        "powerflow_computation": 0.0034914002753794193,
        "total": 0.025067999958992004
    },
    "total": 0.03875099983997643
}