{
    "Agent": {
        "total": 0.09442899888381362
    },
    "Env": {
        "apply_act": 0.27972869912628084,
        "observation_computation": 0.0453150998800993,
        "powerflow_computation": 0.041766000096686184,
        "total": 0.3668097991030663
    },
    "total": 0.5046846999321133
}