{
    "Agent": {
        "total": 0.005269000000055257
    },
    "Env": {
        "apply_act": 0.009408499999892683,
        "observation_computation": 0.0018314000000145825,
        "powerflow_computation": 0.0026189000000158558,
        "total": 0.013858799999923122
    },
    "total": 0.021188400000028196
}