{
    "Agent": {
        "total": 0.09490790000313609
    },
    "Env": {
        "apply_act": 0.219033100002207,
        "observation_computation": 0.06641120000244882,
        "powerflow_computation": 0.05981359999827873,
        "total": 0.34525790000293455
    },
    "total": 0.4985567000001083
}