{
    "Agent": {
        "total": 0.07332510012201965
    },
    "Env": {
        "apply_act": 0.1858374000294134,
        "observation_computation": 0.0416842995909974,
        "powerflow_computation": 0.037217300152406096,
        "total": 0.2647389997728169
    },
    "total": 0.37667899997904897
}