{
    "Agent": {
        "total": 0.021501499999942553
    },
    "Env": {
        "apply_act": 0.04503479999988258,
        "observation_computation": 0.00851579999994101,
        "powerflow_computation": 0.008542500000146447,
        "total": 0.062093099999970036
    },
    "total": 0.09251829999999472
}