{
    "Agent": {
        "total": 0.3904115999998794
    },
    "Env": {
        "apply_act": 0.5191617000014048,
        "observation_computation": 0.1797246000000996,
        "powerflow_computation": 0.1729495000033694,
        "total": 0.8718358000048738
    },
    "total": 1.4359420000000682
}