{
    "Agent": {
        "total": 0.038408499999377455
    },
    "Env": {
        "apply_act": 0.11971009999888338,
        "observation_computation": 0.027176200001804318,
        "powerflow_computation": 0.023694299999306168,
        "total": 0.17058059999999386
    },
    "total": 0.23410379999995712
}