{
    "Agent": {
        "total": 0.4689552998752333
    },
    "Env": {
        "apply_act": 0.10018559970194474,
        "observation_computation": 0.03911890010931529,
        "powerflow_computation": 0.03853850005543791,
        "total": 0.17784299986669794
    },
    "total": 0.6911724999954458
}