{
    "Agent": {
        "total": 0.022285399999674382
    },
    "Env": {
        "apply_act": 0.23388239999979987,
        "observation_computation": 0.16339130000000068,
        "powerflow_computation": 0.13211050000029445,
        "total": 0.529384200000095
    },
    "total": 0.699586700000026
}