{
    "Agent": {
        "total": 0.0822472000027119
    },
    "Env": {
        "apply_act": 0.32675010000184557,
        "observation_computation": 0.0818069000019932,
        "powerflow_computation": 0.07955049999782204,
        "total": 0.4881075000016608
    },
    "total": 0.6415670999999747
}