{
    "Agent": {
        "total": 0.03899119999960021
    },
    "Env": {
        "apply_act": 0.39826229999817997,
        "observation_computation": 0.2900415999988013,
        "powerflow_computation": 0.23730490000042437,
        "total": 0.9256087999974056
    },
    "total": 1.2375326999999743
}