{
    "Agent": {
        "total": 0.019611199153587222
    },
    "Env": {
        "apply_act": 0.07156299834605306,
        "observation_computation": 0.014215800329111516,
        "powerflow_computation": 0.011929100030101836,
        "total": 0.09770789870526642
    },
    "total": 0.13170429994352162
}