{
    "Agent": {
        "total": 0.03963559865951538
    },
    "Env": {
        "apply_act": 0.1603098982013762,
        "observation_computation": 0.027189502958208323,
        "powerflow_computation": 0.024880599696189165,
        "total": 0.2123800008557737
    },
    "total": 0.27887230017222464
}