{
    "Agent": {
        "total": 0.075748699999167
    },
    "Env": {
        "apply_act": 0.24523130000306992,
        "observation_computation": 0.036691700000119454,
        "powerflow_computation": 0.03471080000190341,
        "total": 0.3166338000050928
    },
    "total": 0.42504449999978533
}