{
    "Agent": {
        "total": 0.1684524999968744
    },
    "Env": {
        "apply_act": 0.5444146999998338,
        "observation_computation": 0.08612749999383595,
        "powerflow_computation": 0.07916180000120221,
        "total": 0.709703999994872
    },
    "total": 0.961907599999904
}