{
    "Agent": {
        "total": 0.2269646000022476
    },
    "Env": {
        "apply_act": 0.12498689999665658,
        "observation_computation": 0.08244889998604776,
        "powerflow_computation": 0.0730552999975771,
        "total": 0.28049109998028143
    },
    "total": 0.5865732999991451
}