{
    "Agent": {
        "total": 0.18593139995937236
    },
    "Env": {
        "apply_act": 0.49513369979104027,
        "observation_computation": 0.08579490013653412,
        "powerflow_computation": 0.07431080003152601,
        "total": 0.6552393999591004
    },
    "total": 0.9241427000088152
}