{
    "Agent": {
        "total": 0.10099650034680963
    },
    "Env": {
        "apply_act": 0.3924268010305241,
        "observation_computation": 0.07477540173567832,
        "powerflow_computation": 0.07421380036976188,
        "total": 0.5414160031359643
    },
    "total": 0.7132755999919027
}