{
    "Agent": {
        "total": 0.1003547003492713
    },
    "Env": {
        "apply_act": 0.2852841003332287,
        "observation_computation": 0.06508739944547415,
        "powerflow_computation": 0.056656699161976576,
        "total": 0.40702819894067943
    },
    "total": 0.5648877001367509
}