{
    "Agent": {
        "total": 0.13604020175989717
    },
    "Env": {
        "apply_act": 0.514620401780121,
        "observation_computation": 0.1004315004684031,
        "powerflow_computation": 0.10040149989072233,
        "total": 0.7154534021392465
    },
    "total": 0.9464972999412566
}