{
    "Agent": {
        "total": 0.851925698807463
    },
    "Env": {
        "apply_act": 1.8751889002742246,
        "observation_computation": 0.34476259985240176,
        "powerflow_computation": 0.2897133004735224,
        "total": 2.5096648006001487
    },
    "total": 3.7149231999646872
}