{
    "Agent": {
        "total": 0.021785799999321398
    },
    "Env": {
        "apply_act": 0.2450111000001982,
        "observation_computation": 0.1736716999996588,
        "powerflow_computation": 0.1611147999996092,
        "total": 0.5797975999994662
    },
    "total": 0.7669071000000258
}