{
    "Agent": {
        "total": 0.0010754000395536423
    },
    "Env": {
        "apply_act": 0.0,
        "observation_computation": 0.0,
        "powerflow_computation": 0.0,
        "total": 0.0
    },
    "total": 0.003391900099813938
}