{
    "Agent": {
        "total": 0.2820448000001079
    },
    "Env": {
        "apply_act": 0.3939407000012807,
        "observation_computation": 0.13403610000057142,
        "powerflow_computation": 0.12022939999974369,
        "total": 0.6482062000015958
    },
    "total": 1.057782599999996
}