{
    "Agent": {
        "total": 0.0861020002339501
    },
    "Env": {
        "apply_act": 0.3589583000866696,
        "observation_computation": 0.05027350003365427,
        "powerflow_computation": 0.042687500157626346,
        "total": 0.45191930027795024
    },
    "total": 0.5847799000039231
}