{
    "Agent": {
        "total": 0.04324019979685545
    },
    "Env": {
        "apply_act": 0.1355792989488691,
        "observation_computation": 0.028586697531864047,
        "powerflow_computation": 0.024674199288710952,
        "total": 0.1888401957694441
    },
    "total": 0.2595100000035018
}