{
    "Agent": {
        "total": 0.04509210000071562
    },
    "Env": {
        "apply_act": 0.09383229999946252,
        "observation_computation": 0.022644999999215543,
        "powerflow_computation": 0.020362299999987954,
        "total": 0.13683959999866602
    },
    "total": 0.204266500000017
}