{
    "Agent": {
        "total": 0.0541843000002018
    },
    "Env": {
        "apply_act": 0.14433839999992415,
        "observation_computation": 0.02306069999963256,
        "powerflow_computation": 0.01884549999988394,
        "total": 0.18624459999944065
    },
    "total": 0.26408440000000155
}