{
    "Agent": {
        "total": 0.010900800000001709
    },
    "Env": {
        "apply_act": 0.019011100000113856,
        "observation_computation": 0.0045407999999156345,
        "powerflow_computation": 0.004148400000019592,
        "total": 0.027700300000049083
    },
    "total": 0.0446282999999994
}