{
    "Agent": {
        "total": 0.03667250112630427
    },
    "Env": {
        "apply_act": 0.07945519976783544,
        "observation_computation": 0.017899299506098032,
        "powerflow_computation": 0.016253300243988633,
        "total": 0.1136077995179221
    },
    "total": 0.16755819995887578
}