{
    "Agent": {
        "total": 0.21165020000171353
    },
    "Env": {
        "apply_act": 0.2576851000012539,
        "observation_computation": 0.13648560000137877,
        "powerflow_computation": 0.11387419999823578,
        "total": 0.5080449000008684
    },
    "total": 0.8435019000000921
}