{
    "Agent": {
        "total": 0.14339870000139854
    },
    "Env": {
        "apply_act": 0.3875134999975671,
        "observation_computation": 0.07114520000004632,
        "powerflow_computation": 0.06010049999986222,
        "total": 0.5187591999974757
    },
    "total": 0.7277513999997609
}