{
    "Agent": {
        "total": 0.08807260000230599
    },
    "Env": {
        "apply_act": 0.38902530000450497,
        "observation_computation": 0.06981680000444612,
        "powerflow_computation": 0.06038639999769657,
        "total": 0.5192285000066477
    },
    "total": 0.6691236999995454
}