{
    "Agent": {
        "total": 0.004991100000026449
    },
    "Env": {
        "apply_act": 0.05561269999992646,
        "observation_computation": 0.03821629999988829,
        "powerflow_computation": 0.03617369999996356,
        "total": 0.13000269999977832
    },
    "total": 0.17041240000000357
}