{
    "Agent": {
        "total": 0.023770599999124897
    },
    "Env": {
        "apply_act": 0.0397086000004947,
        "observation_computation": 0.00838730000009491,
        "powerflow_computation": 0.006510300000400093,
        "total": 0.0546062000009897
    },
    "total": 0.08921750000013162
}