{
    "Agent": {
        "total": 0.19107229999895026
    },
    "Env": {
        "apply_act": 0.3570781999992505,
        "observation_computation": 0.1252269000005981,
        "powerflow_computation": 0.11388500000225577,
        "total": 0.5961901000021044
    },
    "total": 0.898803799999996
}