{
    "Agent": {
        "total": 0.10187240000050224
    },
    "Env": {
        "apply_act": 0.12060839999935524,
        "observation_computation": 0.049759500001982815,
        "powerflow_computation": 0.048049199999923076,
        "total": 0.21841710000126113
    },
    "total": 0.3689392000001135
}