{
    "Agent": {
        "total": 0.021415500001694454
    },
    "Env": {
        "apply_act": 0.07192220000024463,
        "observation_computation": 0.01198429999885775,
        "powerflow_computation": 0.011282800001026771,
        "total": 0.09518930000012915
    },
    "total": 0.12848170000006576
}