{
    "Agent": {
        "total": 0.0032051999999680447
    },
    "Env": {
        "apply_act": 0.037881800000093335,
        "observation_computation": 0.02567720000010354,
        "powerflow_computation": 0.026172000000286744,
        "total": 0.08973100000048362
    },
    "total": 0.11678119999999126
}