{
    "Agent": {
        "total": 0.013605900000015936
    },
    "Env": {
        "apply_act": 0.02434139999979834,
        "observation_computation": 0.005535599999916485,
        "powerflow_computation": 0.0060602000002063505,
        "total": 0.03593719999992118
    },
    "total": 0.05477989999997135
}