{
    "Agent": {
        "total": 0.0043457999998963714
    },
    "Env": {
        "apply_act": 0.047897799999873314,
        "observation_computation": 0.033165999999823725,
        "powerflow_computation": 0.02911610000012388,
        "total": 0.11017989999982092
    },
    "total": 0.14590429999998378
}