{
    "Agent": {
        "total": 0.16501359839458019
    },
    "Env": {
        "apply_act": 0.4718783018179238,
        "observation_computation": 0.07963080029003322,
        "powerflow_computation": 0.0787693983875215,
        "total": 0.6302785004954785
    },
    "total": 0.8721228000940755
}