{
    "Agent": {
        "total": 0.07079550000037216
    },
    "Env": {
        "apply_act": 0.16191730000002735,
        "observation_computation": 0.028257599999847116,
        "powerflow_computation": 0.02419149999968795,
        "total": 0.21436639999956242
    },
    "total": 0.31357839999998305
}