{
    "Agent": {
        "total": 0.020890300000701245
    },
    "Env": {
        "apply_act": 0.0738166999999521,
        "observation_computation": 0.01013490000150341,
        "powerflow_computation": 0.011474200000066048,
        "total": 0.09542580000152157
    },
    "total": 0.12636290000000372
}