{
    "Agent": {
        "total": 0.5809369995258749
    },
    "Env": {
        "apply_act": 1.6009055995382369,
        "observation_computation": 0.3483415001537651,
        "powerflow_computation": 0.2974693012656644,
        "total": 2.2467164009576663
    },
    "total": 3.1439374999608845
}