{
    "Agent": {
        "total": 0.2338949999975739
    },
    "Env": {
        "apply_act": 0.4998902999996062,
        "observation_computation": 0.10672929999839198,
        "powerflow_computation": 0.0903036000006523,
        "total": 0.6969231999986505
    },
    "total": 1.0336438999999018
}