{
    "Agent": {
        "total": 0.06517420196905732
    },
    "Env": {
        "apply_act": 0.15509519912302494,
        "observation_computation": 0.034233600832521915,
        "powerflow_computation": 0.03048909967765212,
        "total": 0.21981789963319898
    },
    "total": 0.31720960000529885
}