{
    "Agent": {
        "total": 0.11386559999664314
    },
    "Env": {
        "apply_act": 0.02543790006893687,
        "observation_computation": 0.009397199988598004,
        "powerflow_computation": 0.010904399998253211,
        "total": 0.045739500055788085
    },
    "total": 0.1706490000069607
}