{
    "Agent": {
        "total": 0.0008065002039074898
    },
    "Env": {
        "apply_act": 0.0,
        "observation_computation": 0.0,
        "powerflow_computation": 0.0,
        "total": 0.0
    },
    "total": 0.0023908999282866716
}