{
    "Agent": {
        "total": 0.0042990000002873785
    },
    "Env": {
        "apply_act": 0.04694310000019186,
        "observation_computation": 0.0335090000000946,
        "powerflow_computation": 0.02865700000046445,
        "total": 0.10910910000075091
    },
    "total": 0.14537159999997584
}