{
    "Agent": {
        "total": 0.03460560005623847
    },
    "Env": {
        "apply_act": 0.07446980034001172,
        "observation_computation": 0.013379700016230345,
        "powerflow_computation": 0.012616599968168885,
        "total": 0.10046610032441095
    },
    "total": 0.149289500026498
}