{
    "Agent": {
        "total": 0.19688400000336514
    },
    "Env": {
        "apply_act": 0.31667359999937617,
        "observation_computation": 0.09960559999808538,
        "powerflow_computation": 0.08936080000034963,
        "total": 0.5056399999978112
    },
    "total": 0.7961513000000195
}