{
    "Agent": {
        "total": 0.2903300999989824
    },
    "Env": {
        "apply_act": 0.34068129999673147,
        "observation_computation": 0.1359951000001729,
        "powerflow_computation": 0.11905629999910161,
        "total": 0.595732699996006
    },
    "total": 1.017682700000023
}