{
    "Agent": {
        "total": 0.03284740000015063
    },
    "Env": {
        "apply_act": 0.0627591999998458,
        "observation_computation": 0.0150692999994817,
        "powerflow_computation": 0.012705999999866435,
        "total": 0.09053449999919394
    },
    "total": 0.1398685999999998
}