{
    "Agent": {
        "total": 0.11069040003349073
    },
    "Env": {
        "apply_act": 0.02402839998831041,
        "observation_computation": 0.009357599978102371,
        "powerflow_computation": 0.009204499889165163,
        "total": 0.042590499855577946
    },
    "total": 0.16393039998365566
}