{
    "Agent": {
        "total": 0.12663929932750762
    },
    "Env": {
        "apply_act": 0.24944880115799606,
        "observation_computation": 0.08001750032417476,
        "powerflow_computation": 0.07079000305384398,
        "total": 0.4002563045360148
    },
    "total": 0.5976474001072347
}