{
    "Agent": {
        "total": 0.06612800026778132
    },
    "Env": {
        "apply_act": 0.2615442998940125,
        "observation_computation": 0.04815919930115342,
        "powerflow_computation": 0.041858301032334566,
        "total": 0.3515618002275005
    },
    "total": 0.4642229999881238
}