{
    "Agent": {
        "total": 0.05616780277341604
    },
    "Env": {
        "apply_act": 0.23528690193779767,
        "observation_computation": 0.03915310138836503,
        "powerflow_computation": 0.03612980153411627,
        "total": 0.31056980486027896
    },
    "total": 0.4044377999380231
}