{
    "Agent": {
        "total": 0.010835200000428813
    },
    "Env": {
        "apply_act": 0.009471499999790467,
        "observation_computation": 0.005129600000145729,
        "powerflow_computation": 0.005555399999934707,
        "total": 0.020156499999870903
    },
    "total": 0.036540800000011586
}