{
    "Agent": {
        "total": 0.026719300774857402
    },
    "Env": {
        "apply_act": 0.02885430119931698,
        "observation_computation": 0.017111599445343018,
        "powerflow_computation": 0.01592340087518096,
        "total": 0.061889301519840956
    },
    "total": 0.10434259986504912
}