{
    "Agent": {
        "total": 0.27933909999455864
    },
    "Env": {
        "apply_act": 0.3286398999971425,
        "observation_computation": 0.18478929999696447,
        "powerflow_computation": 0.15969949999930577,
        "total": 0.6731286999934127
    },
    "total": 1.1164863000001333
}