{
    "Agent": {
        "total": 0.451253700012785
    },
    "Env": {
        "apply_act": 0.25332740001704224,
        "observation_computation": 0.15997649999553687,
        "powerflow_computation": 0.14642420001018763,
        "total": 0.5597281000227667
    },
    "total": 1.1657836000003954
}