{
    "Agent": {
        "total": 0.0576504000055138
    },
    "Env": {
        "apply_act": 0.15382039977703243,
        "observation_computation": 0.027572999970288947,
        "powerflow_computation": 0.023300399916479364,
        "total": 0.20469379966380075
    },
    "total": 0.28956939998897724
}