{
    "Agent": {
        "total": 0.022620800009462982
    },
    "Env": {
        "apply_act": 0.004840000008698553,
        "observation_computation": 0.0014550000196322799,
        "powerflow_computation": 0.0019248999888077378,
        "total": 0.00821990001713857
    },
    "total": 0.03300850000232458
}