{
    "Agent": {
        "total": 0.006487200269475579
    },
    "Env": {
        "apply_act": 0.015714800218120217,
        "observation_computation": 0.002842199755832553,
        "powerflow_computation": 0.0029757004231214523,
        "total": 0.021532700397074223
    },
    "total": 0.031034299870952964
}