{
    "Agent": {
        "total": 0.07614100025966763
    },
    "Env": {
        "apply_act": 0.2805915999633726,
        "observation_computation": 0.047251899959519506,
        "powerflow_computation": 0.04338460005237721,
        "total": 0.3712280999752693
    },
    "total": 0.49189899998600595
}