{
    "Agent": {
        "total": 0.18599310086574405
    },
    "Env": {
        "apply_act": 0.6230123004643247,
        "observation_computation": 0.062430799240246415,
        "powerflow_computation": 0.05399890057742596,
        "total": 0.739442000281997
    },
    "total": 0.9847271000035107
}