{
    "Agent": {
        "total": 0.056785099441185594
    },
    "Env": {
        "apply_act": 0.19466339971404523,
        "observation_computation": 0.03766930114943534,
        "powerflow_computation": 0.032116600195877254,
        "total": 0.2644493010593578
    },
    "total": 0.3580087999580428
}