{
    "Agent": {
        "total": 0.15546119999999064
    },
    "Env": {
        "apply_act": 0.16644799999983206,
        "observation_computation": 0.07763389999934134,
        "powerflow_computation": 0.07108829999924637,
        "total": 0.3151701999984198
    },
    "total": 0.5451659000000291
}