{
    "Agent": {
        "total": 0.5242453999844656
    },
    "Env": {
        "apply_act": 0.2877570000118794,
        "observation_computation": 0.18754159999753028,
        "powerflow_computation": 0.17078890000902902,
        "total": 0.6460875000184387
    },
    "total": 1.3474371000002066
}