{
    "Agent": {
        "total": 0.04443599982187152
    },
    "Env": {
        "apply_act": 0.09484129934571683,
        "observation_computation": 0.01819130126386881,
        "powerflow_computation": 0.0178111984860152,
        "total": 0.13084379909560084
    },
    "total": 0.19342199992388487
}