{
    "Agent": {
        "total": 0.4109992999995029
    },
    "Env": {
        "apply_act": 0.09103789999971923,
        "observation_computation": 0.04895039999951223,
        "powerflow_computation": 0.04836580000051072,
        "total": 0.18835409999974217
    },
    "total": 0.6467947999999524
}