{
    "Agent": {
        "total": 0.058660299924667925
    },
    "Env": {
        "apply_act": 0.13525970000773668,
        "observation_computation": 0.02678310015471652,
        "powerflow_computation": 0.02262140004313551,
        "total": 0.1846642002055887
    },
    "total": 0.2700137000065297
}