{
    "Agent": {
        "total": 0.09186639999938961
    },
    "Env": {
        "apply_act": 0.12801339999919037,
        "observation_computation": 0.041566300001250056,
        "powerflow_computation": 0.04133039999851462,
        "total": 0.21091009999895505
    },
    "total": 0.34421769999994467
}