{
    "Agent": {
        "total": 0.13568810000037956
    },
    "Env": {
        "apply_act": 0.262441000001445,
        "observation_computation": 0.05990090000091186,
        "powerflow_computation": 0.053005899998424866,
        "total": 0.3753478000007817
    },
    "total": 0.5697806999999102
}