{
    "Agent": {
        "total": 0.08723679999968681
    },
    "Env": {
        "apply_act": 0.14714299999911873,
        "observation_computation": 0.062139300000012554,
        "powerflow_computation": 0.06228339999927357,
        "total": 0.27156569999840485
    },
    "total": 0.4135191999999961
}