{
    "Agent": {
        "total": 0.0395050999995874
    },
    "Env": {
        "apply_act": 0.04496459999859326,
        "observation_computation": 0.02690070000085143,
        "powerflow_computation": 0.023817199999939476,
        "total": 0.09568249999938416
    },
    "total": 0.15921309999998812
}