{
    "Agent": {
        "total": 0.5149807999996483
    },
    "Env": {
        "apply_act": 1.8886538999968252,
        "observation_computation": 0.3031464000059714,
        "powerflow_computation": 0.24380559999099205,
        "total": 2.4356058999937886
    },
    "total": 3.2341397000000143
}