{
    "Agent": {
        "total": 0.11229270000058023
    },
    "Env": {
        "apply_act": 0.23523759999989124,
        "observation_computation": 0.04969859999619075,
        "powerflow_computation": 0.04340389999561012,
        "total": 0.3283400999916921
    },
    "total": 0.48019269999986136
}