{
    "Agent": {
        "total": 0.015465600000084123
    },
    "Env": {
        "apply_act": 0.0313235999999506,
        "observation_computation": 0.005056300000092051,
        "powerflow_computation": 0.006334400000241658,
        "total": 0.04271430000028431
    },
    "total": 0.06379440000000614
}