{
    "Agent": {
        "total": 0.010261599999878968
    },
    "Env": {
        "apply_act": 0.11504729999987262,
        "observation_computation": 0.08668489999988083,
        "powerflow_computation": 0.07181429999999978,
        "total": 0.2735464999997532
    },
    "total": 0.36352200000000323
}