{
    "Agent": {
        "total": 1.7690294000046833
    },
    "Env": {
        "apply_act": 1.4601476000013918,
        "observation_computation": 0.9032933999990291,
        "powerflow_computation": 0.7559179999984735,
        "total": 3.1193589999988944
    },
    "total": 5.678481899999952
}