{
    "Agent": {
        "total": 0.4455148001143243
    },
    "Env": {
        "apply_act": 1.1287739000981674,
        "observation_computation": 0.19500519940629601,
        "powerflow_computation": 0.16802249988541007,
        "total": 1.4918015993898734
    },
    "total": 2.133852700004354
}