{
    "Agent": {
        "total": 0.07604690000039227
    },
    "Env": {
        "apply_act": 0.23523260000001756,
        "observation_computation": 0.042383300000096824,
        "powerflow_computation": 0.03761799999995219,
        "total": 0.31523390000006657
    },
    "total": 0.4301462000000811
}