{
    "Agent": {
        "total": 0.44448780035600066
    },
    "Env": {
        "apply_act": 1.314465498086065,
        "observation_computation": 0.2025182000361383,
        "powerflow_computation": 0.1971426015952602,
        "total": 1.7141262997174636
    },
    "total": 2.349168200045824
}