{
    "Agent": {
        "total": 0.06914969984791242
    },
    "Env": {
        "apply_act": 0.18896730002597906,
        "observation_computation": 0.03026149986544624,
        "powerflow_computation": 0.029543799930252135,
        "total": 0.24877259982167743
    },
    "total": 0.34835539999767207
}