{
    "Agent": {
        "total": 0.05528020000019751
    },
    "Env": {
        "apply_act": 0.13462209999988772,
        "observation_computation": 0.022903200000087054,
        "powerflow_computation": 0.019106199999669116,
        "total": 0.1766314999996439
    },
    "total": 0.25510959999996885
}