{
    "Agent": {
        "total": 0.020624098600819707
    },
    "Env": {
        "apply_act": 0.06369749992154539,
        "observation_computation": 0.014200399164110422,
        "powerflow_computation": 0.013218299951404333,
        "total": 0.09111619903706014
    },
    "total": 0.12635310017503798
}