{
    "Agent": {
        "total": 0.10610750038176775
    },
    "Env": {
        "apply_act": 0.37931849888991565,
        "observation_computation": 0.08009770116768777,
        "powerflow_computation": 0.06662860023789108,
        "total": 0.5260448002954945
    },
    "total": 0.7075469999108464
}