{
    "Agent": {
        "total": 0.021793700056150556
    },
    "Env": {
        "apply_act": 0.05404529953375459,
        "observation_computation": 0.014866800280287862,
        "powerflow_computation": 0.012769200606271625,
        "total": 0.08168130042031407
    },
    "total": 0.11861470015719533
}