{
    "Agent": {
        "total": 0.2803133999959755
    },
    "Env": {
        "apply_act": 0.16477739999936603,
        "observation_computation": 0.10529370000494964,
        "powerflow_computation": 0.1043050000043877,
        "total": 0.37437610000870336
    },
    "total": 0.7575231999999232
}