{
    "Agent": {
        "total": 0.3578065000006063
    },
    "Env": {
        "apply_act": 0.7895756999969308,
        "observation_computation": 0.18480029999636827,
        "powerflow_computation": 0.15155779999486185,
        "total": 1.125933799988161
    },
    "total": 1.652296700000079
}