{
    "Agent": {
        "total": 0.12021960008132737
    },
    "Env": {
        "apply_act": 0.5600356997892959,
        "observation_computation": 0.11099230007675942,
        "powerflow_computation": 0.10162899986607954,
        "total": 0.7726569997321349
    },
    "total": 0.9895705000089947
}