{
    "Agent": {
        "total": 0.29726929997559637
    },
    "Env": {
        "apply_act": 0.7798205999715719,
        "observation_computation": 0.14346679946174845,
        "powerflow_computation": 0.12842040037503466,
        "total": 1.051707799808355
    },
    "total": 1.487630799994804
}