{
    "Agent": {
        "total": 0.04331569978967309
    },
    "Env": {
        "apply_act": 0.09583910019136965,
        "observation_computation": 0.01801109977532178,
        "powerflow_computation": 0.015582399908453226,
        "total": 0.12943259987514466
    },
    "total": 0.19077730004210025
}