{
    "Agent": {
        "total": 0.10109809949062765
    },
    "Env": {
        "apply_act": 0.4130812995135784,
        "observation_computation": 0.07367119984701276,
        "powerflow_computation": 0.06046149949543178,
        "total": 0.547213998856023
    },
    "total": 0.7174700999166816
}