{
    "Agent": {
        "total": 0.016471999999907894
    },
    "Env": {
        "apply_act": 0.1812594999999817,
        "observation_computation": 0.12919580000018982,
        "powerflow_computation": 0.1036350999997353,
        "total": 0.4140903999999068
    },
    "total": 0.5439303999999936
}