{
    "Agent": {
        "total": 0.0045463000000864895
    },
    "Env": {
        "apply_act": 0.051271000000170375,
        "observation_computation": 0.03738799999997866,
        "powerflow_computation": 0.032677099999887105,
        "total": 0.12133610000003614
    },
    "total": 0.16053389999999013
}