{
    "Agent": {
        "total": 0.13678740000477774
    },
    "Env": {
        "apply_act": 0.9524828999979036,
        "observation_computation": 0.13625289999572487,
        "powerflow_computation": 0.11735199999930046,
        "total": 1.206087799992929
    },
    "total": 1.4636638000001767
}