{
    "Agent": {
        "total": 0.05916380000007848
    },
    "Env": {
        "apply_act": 0.21137090000047465,
        "observation_computation": 0.03424559999984922,
        "powerflow_computation": 0.029513199996472395,
        "total": 0.27512969999679626
    },
    "total": 0.3657837999999174
}