{
    "Agent": {
        "total": 0.07673289999775079
    },
    "Env": {
        "apply_act": 0.10123479999992924,
        "observation_computation": 0.04934220000041023,
        "powerflow_computation": 0.04192299999840543,
        "total": 0.1924999999987449
    },
    "total": 0.3137174999999388
}