{
    "Agent": {
        "total": 0.014749899999969784
    },
    "Env": {
        "apply_act": 0.05545810000012352,
        "observation_computation": 0.007902000000740372,
        "powerflow_computation": 0.007923300001493772,
        "total": 0.07128340000235767
    },
    "total": 0.0937303000000611
}