{
    "Agent": {
        "total": 0.01810370059683919
    },
    "Env": {
        "apply_act": 0.057538699940778315,
        "observation_computation": 0.012242999975569546,
        "powerflow_computation": 0.012123999884352088,
        "total": 0.08190569980069995
    },
    "total": 0.11226750002242625
}