{
    "Agent": {
        "total": 0.16720370008260943
    },
    "Env": {
        "apply_act": 0.47023990003799554,
        "observation_computation": 0.08099360008054646,
        "powerflow_computation": 0.0698369999663555,
        "total": 0.6210705000848975
    },
    "total": 0.8679749999937485
}