{
    "Agent": {
        "total": 0.03597479872405529
    },
    "Env": {
        "apply_act": 0.07717309985309839,
        "observation_computation": 0.013729301048442721,
        "powerflow_computation": 0.011648501036688685,
        "total": 0.1025509019382298
    },
    "total": 0.15268420008942485
}