{
    "Agent": {
        "total": 0.01135859999979516
    },
    "Env": {
        "apply_act": 0.13413530000025276,
        "observation_computation": 0.09523789999983023,
        "powerflow_computation": 0.07881669999997598,
        "total": 0.30818990000005897
    },
    "total": 0.40538000000000807
}