{
    "Agent": {
        "total": 0.005599199999892335
    },
    "Env": {
        "apply_act": 0.06891960000005781,
        "observation_computation": 0.05012149999986093,
        "powerflow_computation": 0.042080600000019786,
        "total": 0.16112169999993853
    },
    "total": 0.2121396999999945
}