{
    "Agent": {
        "total": 0.08934489999944617
    },
    "Env": {
        "apply_act": 0.18139380000025085,
        "observation_computation": 0.039628600000128245,
        "powerflow_computation": 0.03464330000031168,
        "total": 0.2556657000006908
    },
    "total": 0.3846628999999666
}