{
    "Agent": {
        "total": 0.011822100000159708
    },
    "Env": {
        "apply_act": 0.11821779999982596,
        "observation_computation": 0.0862577999999985,
        "powerflow_computation": 0.07118890000020883,
        "total": 0.2756645000000333
    },
    "total": 0.36861790000000383
}