{
    "Agent": {
        "total": 0.016202199854888022
    },
    "Env": {
        "apply_act": 0.035946599673479795,
        "observation_computation": 0.01197460072580725,
        "powerflow_computation": 0.010159599827602506,
        "total": 0.05808080022688955
    },
    "total": 0.0864822999574244
}