{
    "Agent": {
        "total": 0.0007383000338450074
    },
    "Env": {
        "apply_act": 0.0,
        "observation_computation": 0.0,
        "powerflow_computation": 0.0,
        "total": 0.0
    },
    "total": 0.0017943999264389277
}