{
    "Agent": {
        "total": 0.04336209999928542
    },
    "Env": {
        "apply_act": 0.03654599999936181,
        "observation_computation": 0.022955300001740397,
        "powerflow_computation": 0.019717000000127882,
        "total": 0.07921830000123009
    },
    "total": 0.14393139999992854
}