{
    "Agent": {
        "total": 0.1367712999979176
    },
    "Env": {
        "apply_act": 0.1528966999999284,
        "observation_computation": 0.08766889999969862,
        "powerflow_computation": 0.07614090000106444,
        "total": 0.31670650000069145
    },
    "total": 0.529939400000103
}