{
    "Agent": {
        "total": 0.07017630018526688
    },
    "Env": {
        "apply_act": 0.1449399000266567,
        "observation_computation": 0.027645999973174185,
        "powerflow_computation": 0.02443319949088618,
        "total": 0.19701909949071705
    },
    "total": 0.29451789997983724
}