{
    "Agent": {
        "total": 0.008958300000131203
    },
    "Env": {
        "apply_act": 0.027566400000750946,
        "observation_computation": 0.006214099999397149,
        "powerflow_computation": 0.005695699999250792,
        "total": 0.03947619999939889
    },
    "total": 0.054415800000015224
}