{
    "Agent": {
        "total": 0.09783810000055837
    },
    "Env": {
        "apply_act": 0.20918660000029377,
        "observation_computation": 0.04368229999943196,
        "powerflow_computation": 0.04273199999965982,
        "total": 0.29560089999938555
    },
    "total": 0.4356049000000439
}