{
    "Agent": {
        "total": 0.39524639999535793
    },
    "Env": {
        "apply_act": 0.6816251999971428,
        "observation_computation": 0.2516913999979806,
        "powerflow_computation": 0.21961109999574546,
        "total": 1.1529276999908689
    },
    "total": 1.771961200000078
}