{
    "Agent": {
        "total": 0.059454200003983715
    },
    "Env": {
        "apply_act": 0.07778300000109084,
        "observation_computation": 0.031337999999323074,
        "powerflow_computation": 0.031190799997830254,
        "total": 0.14031179999824417
    },
    "total": 0.2288479000001189
}