{
    "Agent": {
        "total": 0.015349199999491248
    },
    "Env": {
        "apply_act": 0.1681467000001362,
        "observation_computation": 0.12589860000014141,
        "powerflow_computation": 0.10118620000059764,
        "total": 0.39523150000087526
    },
    "total": 0.5268268000000376
}