{
    "Agent": {
        "total": 0.0052771997870877385
    },
    "Env": {
        "apply_act": 0.013044800027273595,
        "observation_computation": 0.0016946998657658696,
        "powerflow_computation": 0.0015960999298840761,
        "total": 0.01633559982292354
    },
    "total": 0.024251800030469894
}