{
    "Agent": {
        "total": 0.24708560000090074
    },
    "Env": {
        "apply_act": 0.6684172999957809,
        "observation_computation": 0.12074329999904876,
        "powerflow_computation": 0.10502549999910116,
        "total": 0.8941860999939308
    },
    "total": 1.2516709000001356
}