{
    "Agent": {
        "total": 0.033080399851314723
    },
    "Env": {
        "apply_act": 0.07434250065125525,
        "observation_computation": 0.017452999716624618,
        "powerflow_computation": 0.015625600004568696,
        "total": 0.10742110037244856
    },
    "total": 0.15696890000253916
}