{
    "Agent": {
        "total": 0.13239670000052683
    },
    "Env": {
        "apply_act": 0.13546500000006745,
        "observation_computation": 0.06010929999865766,
        "powerflow_computation": 0.05457540000111294,
        "total": 0.25014969999983805
    },
    "total": 0.44234700000015437
}