{
    "Agent": {
        "total": 0.27618970099138096
    },
    "Env": {
        "apply_act": 0.6161947002983652,
        "observation_computation": 0.11340340017341077,
        "powerflow_computation": 0.10137189988745376,
        "total": 0.8309700003592297
    },
    "total": 1.2225145000265911
}