{
    "Agent": {
        "total": 0.06965699978172779
    },
    "Env": {
        "apply_act": 0.13451060000807047,
        "observation_computation": 0.0353163976687938,
        "powerflow_computation": 0.031499199802055955,
        "total": 0.20132619747892022
    },
    "total": 0.3045112998224795
}