{
    "Agent": {
        "total": 0.05385929992189631
    },
    "Env": {
        "apply_act": 0.18508310022298247,
        "observation_computation": 0.04991859971778467,
        "powerflow_computation": 0.04228540015174076,
        "total": 0.2772871000925079
    },
    "total": 0.3778262999840081
}