{
    "Agent": {
        "total": 0.3590237002208596
    },
    "Env": {
        "apply_act": 1.9675085998605937,
        "observation_computation": 0.3263969998952234,
        "powerflow_computation": 0.30725460025132634,
        "total": 2.6011602000071434
    },
    "total": 3.251134699996328
}