{
    "Agent": {
        "total": 0.8843326999822239
    },
    "Env": {
        "apply_act": 2.528074200006813,
        "observation_computation": 0.44693459999598417,
        "powerflow_computation": 0.40432659999623866,
        "total": 3.379335399999036
    },
    "total": 4.674627200000032
}