{
    "Agent": {
        "total": 0.016530399999965084
    },
    "Env": {
        "apply_act": 0.18886899999972684,
        "observation_computation": 0.13607789999960573,
        "powerflow_computation": 0.11528969999972105,
        "total": 0.4402365999990536
    },
    "total": 0.5827904999999873
}