{
    "Agent": {
        "total": 0.09011160006048158
    },
    "Env": {
        "apply_act": 0.018835899943951517,
        "observation_computation": 0.007299999968381599,
        "powerflow_computation": 0.007931799977086484,
        "total": 0.0340676998894196
    },
    "total": 0.13274090000777505
}