{
    "Agent": {
        "total": 0.13269390000095882
    },
    "Env": {
        "apply_act": 0.40929730000016207,
        "observation_computation": 0.07199749999949745,
        "powerflow_computation": 0.07393750000130694,
        "total": 0.5552323000009665
    },
    "total": 0.7558795999999575
}