{
    "Agent": {
        "total": 0.13333190000093964
    },
    "Env": {
        "apply_act": 0.3344612999999299,
        "observation_computation": 0.09158100000126979,
        "powerflow_computation": 0.08391210000036153,
        "total": 0.5099544000015612
    },
    "total": 0.723253300000124
}