{
    "Agent": {
        "total": 0.07643950000056066
    },
    "Env": {
        "apply_act": 0.2683459999943807,
        "observation_computation": 0.051890699999603385,
        "powerflow_computation": 0.04462130000501929,
        "total": 0.36485799999900337
    },
    "total": 0.4902540000002773
}