{
    "Agent": {
        "total": 0.13324900000043272
    },
    "Env": {
        "apply_act": 0.3026313000002574,
        "observation_computation": 0.21968720000015196,
        "powerflow_computation": 0.187458000000305,
        "total": 0.7097765000007143
    },
    "total": 1.0497544999999775
}