{
    "Agent": {
        "total": 0.27879039954859763
    },
    "Env": {
        "apply_act": 1.3493901996989734,
        "observation_computation": 0.24758170096902177,
        "powerflow_computation": 0.21827449894044548,
        "total": 1.8152463996084407
    },
    "total": 2.3141625999705866
}