{
    "Agent": {
        "total": 0.07591880000086348
    },
    "Env": {
        "apply_act": 0.14554699999905552,
        "observation_computation": 0.03588729999921725,
        "powerflow_computation": 0.03169769999954042,
        "total": 0.21313199999781318
    },
    "total": 0.3243555000000242
}