{
    "Agent": {
        "total": 0.08955410122871399
    },
    "Env": {
        "apply_act": 0.1094313005451113,
        "observation_computation": 0.046021500369533896,
        "powerflow_computation": 0.04083320056088269,
        "total": 0.19628600147552788
    },
    "total": 0.3309436999261379
}