{
    "Agent": {
        "total": 0.4326434002141468
    },
    "Env": {
        "apply_act": 0.9043789996067062,
        "observation_computation": 0.16560219961684197,
        "powerflow_computation": 0.1519289996358566,
        "total": 1.2219101988594048
    },
    "total": 1.8185792000149377
}