{
    "Agent": {
        "total": 0.08901150000747293
    },
    "Env": {
        "apply_act": 0.27168870004970813,
        "observation_computation": 0.043588299995462876,
        "powerflow_computation": 0.03747630010184366,
        "total": 0.35275330014701467
    },
    "total": 0.48462450000079116
}