{
    "Agent": {
        "total": 0.1343571012839675
    },
    "Env": {
        "apply_act": 0.4433200985658914,
        "observation_computation": 0.10124899819493294,
        "powerflow_computation": 0.0883008991368115,
        "total": 0.6328699958976358
    },
    "total": 0.8621117998845875
}