{
    "Agent": {
        "total": 0.11561089800670743
    },
    "Env": {
        "apply_act": 0.3882275997893885,
        "observation_computation": 0.07720769953448325,
        "powerflow_computation": 0.06737960036844015,
        "total": 0.5328148996923119
    },
    "total": 0.7253264000173658
}