{
    "Agent": {
        "total": 0.026113900000382273
    },
    "Env": {
        "apply_act": 0.07948750000036853,
        "observation_computation": 0.01799999999911961,
        "powerflow_computation": 0.01746170000001257,
        "total": 0.1149491999995007
    },
    "total": 0.1584515999998075
}