{
    "Agent": {
        "total": 0.010782300000030887
    },
    "Env": {
        "apply_act": 0.1156135000002223,
        "observation_computation": 0.08326370000006023,
        "powerflow_computation": 0.07127399999994566,
        "total": 0.2701512000002282
    },
    "total": 0.3588609999999903
}