{
    "Agent": {
        "total": 0.0010551000000305066
    },
    "Env": {
        "apply_act": 0.0,
        "observation_computation": 0.0,
        "powerflow_computation": 0.0,
        "total": 0.0
    },
    "total": 0.0038532999999461026
}