{
    "Agent": {
        "total": 0.43161800038069487
    },
    "Env": {
        "apply_act": 1.1393214986892417,
        "observation_computation": 0.26574790163431317,
        "powerflow_computation": 0.246792399790138,
        "total": 1.6518618001136929
    },
    "total": 2.3208819000283256
}