{
    "Agent": {
        "total": 0.0006721000000311506
    },
    "Env": {
        "apply_act": 0.0,
        "observation_computation": 0.0,
        "powerflow_computation": 0.0,
        "total": 0.0
    },
    "total": 0.001798599999972339
}