{
    "Agent": {
        "total": 0.032168000001036035
    },
    "Env": {
        "apply_act": 0.365400699999725,
        "observation_computation": 0.2446981999995046,
        "powerflow_computation": 0.20928380000026436,
        "total": 0.819382699999494
    },
    "total": 1.0733796999999754
}