{
    "Agent": {
        "total": 0.05059240000059617
    },
    "Env": {
        "apply_act": 0.0366326000000754,
        "observation_computation": 0.020229599999993297,
        "powerflow_computation": 0.02003389999981664,
        "total": 0.07689609999988534
    },
    "total": 0.14898519999997006
}