{
    "Agent": {
        "total": 0.09789440000076866
    },
    "Env": {
        "apply_act": 0.1915578000014193,
        "observation_computation": 0.04246720000242021,
        "powerflow_computation": 0.04431830000226,
        "total": 0.2783433000060995
    },
    "total": 0.4210229000000254
}