{
    "Agent": {
        "total": 0.5867702999980793
    },
    "Env": {
        "apply_act": 0.18684990000019752,
        "observation_computation": 0.07615879999934805,
        "powerflow_computation": 0.06640200000015284,
        "total": 0.3294106999996984
    },
    "total": 0.9909697999999025
}