{
    "Agent": {
        "total": 0.7043876999987333
    },
    "Env": {
        "apply_act": 0.8093583999902876,
        "observation_computation": 0.49576370000022507,
        "powerflow_computation": 0.42044889999760926,
        "total": 1.725570999988122
    },
    "total": 2.8676758999999947
}