{
    "Agent": {
        "total": 0.44437989999960337
    },
    "Env": {
        "apply_act": 1.166064299999789,
        "observation_computation": 0.2039794000013444,
        "powerflow_computation": 0.19020629999874927,
        "total": 1.5602499999998827
    },
    "total": 2.2042533999999705
}