{
    "Agent": {
        "total": 0.00815500000044267
    },
    "Env": {
        "apply_act": 0.02237399999921763,
        "observation_computation": 0.0029476000004251546,
        "powerflow_computation": 0.003237699999317556,
        "total": 0.02855929999896034
    },
    "total": 0.04007390000015221
}