{
    "Agent": {
        "total": 0.029730799607932568
    },
    "Env": {
        "apply_act": 0.09296500065829605,
        "observation_computation": 0.021336000179871917,
        "powerflow_computation": 0.019802700146101415,
        "total": 0.13410370098426938
    },
    "total": 0.18466080003418028
}