{
    "Agent": {
        "total": 0.5267810000086683
    },
    "Env": {
        "apply_act": 1.6033218999882592,
        "observation_computation": 0.24021989999801008,
        "powerflow_computation": 0.2084105000112686,
        "total": 2.051952299997538
    },
    "total": 2.793477800000801
}