{
    "Agent": {
        "total": 0.04816249827854335
    },
    "Env": {
        "apply_act": 0.17646910017356277,
        "observation_computation": 0.03481509746052325,
        "powerflow_computation": 0.03200840041972697,
        "total": 0.24329259805381298
    },
    "total": 0.32405100017786026
}