{
    "Agent": {
        "total": 0.0381203000433743
    },
    "Env": {
        "apply_act": 0.09066350059583783,
        "observation_computation": 0.017309799091890454,
        "powerflow_computation": 0.018813300179317594,
        "total": 0.12678659986704588
    },
    "total": 0.18250659992918372
}