{
    "Agent": {
        "total": 0.0011807000264525414
    },
    "Env": {
        "apply_act": 0.0,
        "observation_computation": 0.0,
        "powerflow_computation": 0.0,
        "total": 0.0
    },
    "total": 0.0024298999924212694
}