{
    "Agent": {
        "total": 0.12681539996992797
    },
    "Env": {
        "apply_act": 0.4152083994122222,
        "observation_computation": 0.07811479992233217,
        "powerflow_computation": 0.06980079947970808,
        "total": 0.5631239988142624
    },
    "total": 0.7598729999735951
}