{
    "Agent": {
        "total": 0.002690000000029613
    },
    "Env": {
        "apply_act": 0.03253920000000221,
        "observation_computation": 0.023395200000024374,
        "powerflow_computation": 0.02406040000003884,
        "total": 0.07999480000006542
    },
    "total": 0.10318030000000533
}