{
    "Agent": {
        "total": 0.05095019983127713
    },
    "Env": {
        "apply_act": 0.11101880029309541,
        "observation_computation": 0.024140199995599687,
        "powerflow_computation": 0.02162009966559708,
        "total": 0.15677909995429218
    },
    "total": 0.23128309997264296
}