{
    "Agent": {
        "total": 0.030386900000009653
    },
    "Env": {
        "apply_act": 0.3416200999999761,
        "observation_computation": 0.248284900000022,
        "powerflow_computation": 0.2067037999999819,
        "total": 0.79660879999998
    },
    "total": 1.0547896999999988
}