{
    "Agent": {
        "total": 0.010800800000026811
    },
    "Env": {
        "apply_act": 0.12655129999990322,
        "observation_computation": 0.09474179999975263,
        "powerflow_computation": 0.07926440000014168,
        "total": 0.30055749999979753
    },
    "total": 0.395439400000015
}