{
    "Agent": {
        "total": 0.06286480114795268
    },
    "Env": {
        "apply_act": 0.17259570048190653,
        "observation_computation": 0.03769699949771166,
        "powerflow_computation": 0.03350469842553139,
        "total": 0.24379739840514958
    },
    "total": 0.34058959991671145
}