{
    "Agent": {
        "total": 0.041947399848140776
    },
    "Env": {
        "apply_act": 0.09301869955379516,
        "observation_computation": 0.016712000011466444,
        "powerflow_computation": 0.014516500057652593,
        "total": 0.1242471996229142
    },
    "total": 0.1834662000183016
}