{
    "Agent": {
        "total": 0.1092383973300457
    },
    "Env": {
        "apply_act": 0.11895419703796506,
        "observation_computation": 0.05641420208849013,
        "powerflow_computation": 0.049366000574082136,
        "total": 0.22473439970053732
    },
    "total": 0.38810440013185143
}