{
    "Agent": {
        "total": 0.009761300000036499
    },
    "Env": {
        "apply_act": 0.03432889999987765,
        "observation_computation": 0.005128099999978986,
        "powerflow_computation": 0.00438720000011017,
        "total": 0.043844199999966804
    },
    "total": 0.06023260000006303
}