{
    "Agent": {
        "total": 0.0038312999998595387
    },
    "Env": {
        "apply_act": 0.0435762999999838,
        "observation_computation": 0.031037799999779736,
        "powerflow_computation": 0.02697980000004918,
        "total": 0.10159389999981272
    },
    "total": 0.13442649999998935
}