{
    "Agent": {
        "total": 0.11828230000031681
    },
    "Env": {
        "apply_act": 0.3351607000001877,
        "observation_computation": 0.058898400000543916,
        "powerflow_computation": 0.05944529999999304,
        "total": 0.4535044000007247
    },
    "total": 0.6296179999999936
}