{
    "Agent": {
        "total": 0.7598653000086415
    },
    "Env": {
        "apply_act": 0.4375736000120014,
        "observation_computation": 0.27188159998513584,
        "powerflow_computation": 0.2599682000090979,
        "total": 0.9694234000062352
    },
    "total": 2.0057895999998436
}