{
    "Agent": {
        "total": 0.7911088000021209
    },
    "Env": {
        "apply_act": 0.9217426999957752,
        "observation_computation": 0.5550296000014896,
        "powerflow_computation": 0.4818099000028724,
        "total": 1.9585822000001372
    },
    "total": 3.242778000000044
}