{
    "Agent": {
        "total": 0.25542920010047965
    },
    "Env": {
        "apply_act": 0.6469122000562493,
        "observation_computation": 0.11732840025797486,
        "powerflow_computation": 0.10797890022513457,
        "total": 0.8722195005393587
    },
    "total": 1.2415369999944232
}