{
    "Agent": {
        "total": 0.8551171000058275
    },
    "Env": {
        "apply_act": 1.2960718000081215,
        "observation_computation": 0.5488046999939797,
        "powerflow_computation": 0.4609554000089702,
        "total": 2.3058319000110714
    },
    "total": 3.6479502000001958
}