{
    "Agent": {
        "total": 0.0021198000000026695
    },
    "Env": {
        "apply_act": 0.0229100000000102,
        "observation_computation": 0.01744270000003212,
        "powerflow_computation": 0.013928499999920518,
        "total": 0.05428119999996284
    },
    "total": 0.07224260000000982
}