{
    "Agent": {
        "total": 0.05755259995930828
    },
    "Env": {
        "apply_act": 0.14639199996599928,
        "observation_computation": 0.02637540001887828,
        "powerflow_computation": 0.022572999907424673,
        "total": 0.19534039989230223
    },
    "total": 0.2792589000018779
}