{
    "Agent": {
        "total": 0.18993069999942236
    },
    "Env": {
        "apply_act": 0.21452409999983502,
        "observation_computation": 0.13143739999759418,
        "powerflow_computation": 0.10815360000606233,
        "total": 0.45411510000349153
    },
    "total": 0.7594130000002224
}