{
    "Agent": {
        "total": 0.01027070000006347
    },
    "Env": {
        "apply_act": 0.11927829999991957,
        "observation_computation": 0.07797949999994103,
        "powerflow_computation": 0.0694279999999452,
        "total": 0.2666857999998058
    },
    "total": 0.34886489999999526
}