{
    "Agent": {
        "total": 0.22663379996083677
    },
    "Env": {
        "apply_act": 0.9506216995650902,
        "observation_computation": 0.17187980096787214,
        "powerflow_computation": 0.14907369972206652,
        "total": 1.271575200255029
    },
    "total": 1.660392599995248
}