{
    "Agent": {
        "total": 0.6442102000000887
    },
    "Env": {
        "apply_act": 1.8222999000054187,
        "observation_computation": 0.3891756000002715,
        "powerflow_computation": 0.32446950000030483,
        "total": 2.535945000005995
    },
    "total": 3.5302316000002065
}