{
    "Agent": {
        "total": 0.13693889958085492
    },
    "Env": {
        "apply_act": 0.3219873998896219,
        "observation_computation": 0.053853699762839824,
        "powerflow_computation": 0.04736620036419481,
        "total": 0.4232073000166565
    },
    "total": 0.6127258999622427
}