{
    "Agent": {
        "total": 0.05627139948774129
    },
    "Env": {
        "apply_act": 0.13022599986288697,
        "observation_computation": 0.024374899337999523,
        "powerflow_computation": 0.022907900856807828,
        "total": 0.17750880005769432
    },
    "total": 0.2578862000955269
}