{
    "Agent": {
        "total": 0.023535200000083023
    },
    "Env": {
        "apply_act": 0.057867800000167335,
        "observation_computation": 0.011892999999417952,
        "powerflow_computation": 0.011090900000340298,
        "total": 0.08085169999992559
    },
    "total": 0.11587069999995947
}