{
    "Agent": {
        "total": 0.01363179999981412
    },
    "Env": {
        "apply_act": 0.15146219999925847,
        "observation_computation": 0.11196550000016714,
        "powerflow_computation": 0.08956499999999323,
        "total": 0.35299269999941885
    },
    "total": 0.4706022999999959
}