{
    "Agent": {
        "total": 0.14228450012160465
    },
    "Env": {
        "apply_act": 0.4509549009962939,
        "observation_computation": 0.12846659967908636,
        "powerflow_computation": 0.10884779994376004,
        "total": 0.6882693006191403
    },
    "total": 0.9439977000001818
}