{
    "Agent": {
        "total": 0.012993400000596012
    },
    "Env": {
        "apply_act": 0.03552510000008624,
        "observation_computation": 0.008613899999545538,
        "powerflow_computation": 0.0073177999988729425,
        "total": 0.05145679999850472
    },
    "total": 0.07370800000012423
}