{
    "Agent": {
        "total": 0.13064319999909912
    },
    "Env": {
        "apply_act": 0.38632520000032855,
        "observation_computation": 0.07030499999962103,
        "powerflow_computation": 0.062496099999066246,
        "total": 0.5191262999990158
    },
    "total": 0.7145497999999861
}