{
    "Agent": {
        "total": 0.3096704015042633
    },
    "Env": {
        "apply_act": 0.805797898909077,
        "observation_computation": 0.1379053983837366,
        "powerflow_computation": 0.12030240136664361,
        "total": 1.0640056986594573
    },
    "total": 1.5086347999749705
}