{
    "Agent": {
        "total": 0.0029472999997892657
    },
    "Env": {
        "apply_act": 0.03558370000013156,
        "observation_computation": 0.02466739999999845,
        "powerflow_computation": 0.026047000000090748,
        "total": 0.08629810000022076
    },
    "total": 0.11143590000000358
}