{
    "Agent": {
        "total": 0.0856439000035607
    },
    "Env": {
        "apply_act": 0.28865189999987706,
        "observation_computation": 0.05395039999802975,
        "powerflow_computation": 0.045924299997750495,
        "total": 0.3885265999956573
    },
    "total": 0.5222954000000755
}