{
    "Agent": {
        "total": 0.10112089999972795
    },
    "Env": {
        "apply_act": 0.21518459999987272,
        "observation_computation": 0.036174200000232304,
        "powerflow_computation": 0.035386700000117344,
        "total": 0.28674550000022236
    },
    "total": 0.4244079000000056
}