{
    "Agent": {
        "total": 0.01888240000062069
    },
    "Env": {
        "apply_act": 0.08277289999659843,
        "observation_computation": 0.015037599999232043,
        "powerflow_computation": 0.014970900000662368,
        "total": 0.11278139999649284
    },
    "total": 0.1457918999994945
}