{
    "Agent": {
        "total": 0.34290489717386663
    },
    "Env": {
        "apply_act": 0.3830881949979812,
        "observation_computation": 0.1749198993202299,
        "powerflow_computation": 0.15829590009525418,
        "total": 0.7163039944134653
    },
    "total": 1.22599279996939
}