{
    "Agent": {
        "total": 0.02255170003627427
    },
    "Env": {
        "apply_act": 0.004897699982393533,
        "observation_computation": 0.0015211999998427927,
        "powerflow_computation": 0.0021855000522919,
        "total": 0.008604400034528226
    },
    "total": 0.033473199990112334
}