{
    "Agent": {
        "total": 0.020966900000303212
    },
    "Env": {
        "apply_act": 0.04764679999925647,
        "observation_computation": 0.009039300000495132,
        "powerflow_computation": 0.008809799999653478,
        "total": 0.06549589999940508
    },
    "total": 0.0959871000000021
}