{
    "Agent": {
        "total": 0.13851469999758592
    },
    "Env": {
        "apply_act": 0.1621503000001212,
        "observation_computation": 0.09917049999899064,
        "powerflow_computation": 0.08569639999768697,
        "total": 0.3470171999967988
    },
    "total": 0.5720051000000694
}