{
    "Agent": {
        "total": 0.019968499545939267
    },
    "Env": {
        "apply_act": 0.049313599709421396,
        "observation_computation": 0.013517699902877212,
        "powerflow_computation": 0.011407899670302868,
        "total": 0.07423919928260148
    },
    "total": 0.10815149999689311
}