{
    "Agent": {
        "total": 0.2708063999998558
    },
    "Env": {
        "apply_act": 0.13980299998820556,
        "observation_computation": 0.08525779999945371,
        "powerflow_computation": 0.07665749999523541,
        "total": 0.3017182999828947
    },
    "total": 0.660077800000181
}