{
    "Agent": {
        "total": 0.22174670064123347
    },
    "Env": {
        "apply_act": 0.9254962999839336,
        "observation_computation": 0.13425769982859492,
        "powerflow_computation": 0.1152328001044225,
        "total": 1.174986799916951
    },
    "total": 1.5178378999989945
}