{
    "Agent": {
        "total": 0.7392018000006146
    },
    "Env": {
        "apply_act": 0.964388299996358,
        "observation_computation": 0.3856845999997631,
        "powerflow_computation": 0.33962720000079116,
        "total": 1.6897000999969123
    },
    "total": 2.8015944999999647
}