{
    "Agent": {
        "total": 0.2720359000068129
    },
    "Env": {
        "apply_act": 0.9479659999988144,
        "observation_computation": 0.16708319999634114,
        "powerflow_computation": 0.16002019999268668,
        "total": 1.2750693999878422
    },
    "total": 1.6857119000005696
}