{
    "Agent": {
        "total": 0.16836560000115242
    },
    "Env": {
        "apply_act": 0.35816359999944325,
        "observation_computation": 0.10957059999782359,
        "powerflow_computation": 0.09089880000055928,
        "total": 0.5586329999978261
    },
    "total": 0.8239911999999094
}