{
    "Agent": {
        "total": 0.04614860000015142
    },
    "Env": {
        "apply_act": 0.5170647000012423,
        "observation_computation": 0.36687470000032363,
        "powerflow_computation": 0.3100926000010986,
        "total": 1.1940320000026645
    },
    "total": 1.5837257000000022
}