{
    "Agent": {
        "total": 0.009268599997994897
    },
    "Env": {
        "apply_act": 0.004888399999799731,
        "observation_computation": 0.002918199998930504,
        "powerflow_computation": 0.0031938000001900946,
        "total": 0.01100039999892033
    },
    "total": 0.023299499999666295
}