{
    "Agent": {
        "total": 0.10697160044219345
    },
    "Env": {
        "apply_act": 0.3055846996139735,
        "observation_computation": 0.0799651009729132,
        "powerflow_computation": 0.07499289861880243,
        "total": 0.46054269920568913
    },
    "total": 0.6435259999707341
}