{
    "Agent": {
        "total": 0.09850989980623126
    },
    "Env": {
        "apply_act": 0.26122190011665225,
        "observation_computation": 0.059206699253991246,
        "powerflow_computation": 0.05199149786494672,
        "total": 0.3724200972355902
    },
    "total": 0.5247577999252826
}