{
    "Agent": {
        "total": 0.07846320000157903
    },
    "Env": {
        "apply_act": 0.14609869999958391,
        "observation_computation": 0.03946930000051907,
        "powerflow_computation": 0.02981100000056358,
        "total": 0.21537900000066657
    },
    "total": 0.32958030000008876
}