{
    "Agent": {
        "total": 0.013846199999079545
    },
    "Env": {
        "apply_act": 0.06201580000015383,
        "observation_computation": 0.013139500000306725,
        "powerflow_computation": 0.010903100000177801,
        "total": 0.08605840000063836
    },
    "total": 0.11326660000031552
}