{
    "Agent": {
        "total": 0.000686200000004078
    },
    "Env": {
        "apply_act": 0.00842649999997036,
        "observation_computation": 0.0054446000000041295,
        "powerflow_computation": 0.005308500000012373,
        "total": 0.019179599999986863
    },
    "total": 0.025014200000001097
}