{
    "Agent": {
        "total": 0.10143520025303587
    },
    "Env": {
        "apply_act": 0.22949660022277385,
        "observation_computation": 0.03939500043634325,
        "powerflow_computation": 0.0379215000430122,
        "total": 0.3068131007021293
    },
    "total": 0.44932780001545325
}