{
    "Agent": {
        "total": 0.20951959999547398
    },
    "Env": {
        "apply_act": 1.1465414999947825,
        "observation_computation": 0.20694010000079288,
        "powerflow_computation": 0.17846309999686127,
        "total": 1.5319446999924367
    },
    "total": 1.9224809000002097
}