{
    "Agent": {
        "total": 0.04327889997512102
    },
    "Env": {
        "apply_act": 0.08861780085135251,
        "observation_computation": 0.020083699957467616,
        "powerflow_computation": 0.02456949930638075,
        "total": 0.13327100011520088
    },
    "total": 0.19607910001650453
}