{
    "Agent": {
        "total": 0.2635193000023719
    },
    "Env": {
        "apply_act": 0.5484648000024208,
        "observation_computation": 0.09771769999724711,
        "powerflow_computation": 0.08286870000029012,
        "total": 0.729051199999958
    },
    "total": 1.074926300000243
}