{
    "Agent": {
        "total": 0.02311169996391982
    },
    "Env": {
        "apply_act": 0.04860569990705699,
        "observation_computation": 0.011724499403499067,
        "powerflow_computation": 0.009799100225791335,
        "total": 0.07012929953634739
    },
    "total": 0.10524590010754764
}