{
    "Agent": {
        "total": 0.001177199999943923
    },
    "Env": {
        "apply_act": 0.012677100000075825,
        "observation_computation": 0.008924300000074936,
        "powerflow_computation": 0.008493299999912551,
        "total": 0.030094700000063312
    },
    "total": 0.03994520000000534
}