{
    "Agent": {
        "total": 0.7274662999843713
    },
    "Env": {
        "apply_act": 1.7870991999370744,
        "observation_computation": 0.36791790014103753,
        "powerflow_computation": 0.31625369993707864,
        "total": 2.4712708000151906
    },
    "total": 3.557023699999263
}