{
    "Agent": {
        "total": 0.1975949015468359
    },
    "Env": {
        "apply_act": 0.48441130213905126,
        "observation_computation": 0.121031200629659,
        "powerflow_computation": 0.10736909974366426,
        "total": 0.7128116025123745
    },
    "total": 1.0180893000215292
}