{
    "Agent": {
        "total": 0.037924799136817455
    },
    "Env": {
        "apply_act": 0.0816713988315314,
        "observation_computation": 0.019157700473442674,
        "powerflow_computation": 0.016012698877602816,
        "total": 0.1168417981825769
    },
    "total": 0.17507590004242957
}