{
    "Agent": {
        "total": 0.26249360000008437
    },
    "Env": {
        "apply_act": 0.38529079999989335,
        "observation_computation": 0.12054250000187494,
        "powerflow_computation": 0.12095140000042193,
        "total": 0.6267847000021902
    },
    "total": 1.001232400000049
}