{
    "Agent": {
        "total": 0.005468499999949472
    },
    "Env": {
        "apply_act": 0.05655029999996941,
        "observation_computation": 0.036659999999983484,
        "powerflow_computation": 0.03335299999992003,
        "total": 0.12656329999987292
    },
    "total": 0.16602899999998044
}