{
    "Agent": {
        "total": 0.06090710125863552
    },
    "Env": {
        "apply_act": 0.16729059850331396,
        "observation_computation": 0.030603499268181622,
        "powerflow_computation": 0.027786900522187352,
        "total": 0.22568099829368293
    },
    "total": 0.3158091999357566
}