{
    "Agent": {
        "total": 0.5358499000012671
    },
    "Env": {
        "apply_act": 1.2734851999903185,
        "observation_computation": 0.1952069000008123,
        "powerflow_computation": 0.17775780000374652,
        "total": 1.6464498999948773
    },
    "total": 2.3875777000002927
}