{
    "Agent": {
        "total": 0.02857070000004569
    },
    "Env": {
        "apply_act": 0.3405247999997414,
        "observation_computation": 0.23956750000021998,
        "powerflow_computation": 0.21390220000029103,
        "total": 0.7939945000002524
    },
    "total": 1.0445378000000005
}