{
    "Agent": {
        "total": 0.4619031000083851
    },
    "Env": {
        "apply_act": 1.2576855000006617,
        "observation_computation": 0.20056339999791817,
        "powerflow_computation": 0.18145809999714402,
        "total": 1.639706999995724
    },
    "total": 2.297856199999842
}