{
    "Agent": {
        "total": 0.022571999997126113
    },
    "Env": {
        "apply_act": 0.09258109999700537,
        "observation_computation": 0.017874600000141072,
        "powerflow_computation": 0.01627290000214998,
        "total": 0.12672859999929642
    },
    "total": 0.16584299999976793
}