{
    "Agent": {
        "total": 0.7557750000000851
    },
    "Env": {
        "apply_act": 1.4446967000030781,
        "observation_computation": 0.4859757999950034,
        "powerflow_computation": 0.43335040000056324,
        "total": 2.364022899998645
    },
    "total": 3.557142899999917
}