{
    "Agent": {
        "total": 0.0010778000578284264
    },
    "Env": {
        "apply_act": 0.0,
        "observation_computation": 0.0,
        "powerflow_computation": 0.0,
        "total": 0.0
    },
    "total": 0.0035165001172572374
}