{
    "Agent": {
        "total": 0.057811900000615424
    },
    "Env": {
        "apply_act": 0.17961400000172034,
        "observation_computation": 0.041069700002026366,
        "powerflow_computation": 0.040190100002746476,
        "total": 0.2608738000064932
    },
    "total": 0.35878600000000915
}