{
    "Agent": {
        "total": 0.14134619999822462
    },
    "Env": {
        "apply_act": 0.15355169999952523,
        "observation_computation": 0.06148769999754222,
        "powerflow_computation": 0.05258969999931651,
        "total": 0.26762909999638396
    },
    "total": 0.4684952999998586
}