{
    "Agent": {
        "total": 0.06289169998490252
    },
    "Env": {
        "apply_act": 0.15305629980866797,
        "observation_computation": 0.028185700182802975,
        "powerflow_computation": 0.02520469992305152,
        "total": 0.20644669991452247
    },
    "total": 0.29644720000214875
}