{
    "Agent": {
        "total": 3.727617700005112
    },
    "Env": {
        "apply_act": 4.0358202000034,
        "observation_computation": 2.423750400001609,
        "powerflow_computation": 2.0612422999956834,
        "total": 8.520812900000692
    },
    "total": 14.395637599999873
}