{
    "Agent": {
        "total": 0.0816804999994929
    },
    "Env": {
        "apply_act": 0.303150000000187,
        "observation_computation": 0.08131420000154321,
        "powerflow_computation": 0.06826079999564172,
        "total": 0.4527249999973719
    },
    "total": 0.6058374000003823
}