{
    "Agent": {
        "total": 0.03010299988090992
    },
    "Env": {
        "apply_act": 0.07973399921320379,
        "observation_computation": 0.013862199848517776,
        "powerflow_computation": 0.011609100038185716,
        "total": 0.10520529909990728
    },
    "total": 0.14961480000056326
}