{
    "Agent": {
        "total": 0.21354990173131227
    },
    "Env": {
        "apply_act": 0.42732210166286677,
        "observation_computation": 0.09931079915259033,
        "powerflow_computation": 0.09396390209440142,
        "total": 0.6205968029098585
    },
    "total": 0.9307436000090092
}