{
    "Agent": {
        "total": 0.009705399999575093
    },
    "Env": {
        "apply_act": 0.027075299999751223,
        "observation_computation": 0.006235799999330993,
        "powerflow_computation": 0.005647999999609965,
        "total": 0.03895909999869218
    },
    "total": 0.05563240000014957
}