{
    "Agent": {
        "total": 0.2716207998455502
    },
    "Env": {
        "apply_act": 0.05901940001058392,
        "observation_computation": 0.022844299935968593,
        "powerflow_computation": 0.023546900047222152,
        "total": 0.10541059999377467
    },
    "total": 0.4034479999972973
}