{
    "Agent": {
        "total": 0.021429900002203794
    },
    "Env": {
        "apply_act": 0.07141989999990983,
        "observation_computation": 0.010438600000725273,
        "powerflow_computation": 0.01102709999850049,
        "total": 0.09288559999913559
    },
    "total": 0.12467990000004647
}