{
    "Agent": {
        "total": 0.14367659999970783
    },
    "Env": {
        "apply_act": 0.5236062000000175,
        "observation_computation": 0.0762475000002496,
        "powerflow_computation": 0.07077270000002045,
        "total": 0.6706264000002875
    },
    "total": 0.8855837999999494
}