{
    "Agent": {
        "total": 0.22631500000534288
    },
    "Env": {
        "apply_act": 0.5389276999912909,
        "observation_computation": 0.10061009999844828,
        "powerflow_computation": 0.08614169999873411,
        "total": 0.7256794999884733
    },
    "total": 1.0537196999994194
}