{
    "Agent": {
        "total": 0.7160976000086521
    },
    "Env": {
        "apply_act": 2.248106099996221,
        "observation_computation": 0.32385569999041763,
        "powerflow_computation": 0.27458049999768264,
        "total": 2.8465422999843213
    },
    "total": 3.8581349000005503
}