{
    "Agent": {
        "total": 0.010322100017219782
    },
    "Env": {
        "apply_act": 0.027847199817188084,
        "observation_computation": 0.005624900222755969,
        "powerflow_computation": 0.006471099914051592,
        "total": 0.039943199953995645
    },
    "total": 0.05799320002552122
}