{
    "Agent": {
        "total": 0.18296850000081122
    },
    "Env": {
        "apply_act": 0.6832025000009025,
        "observation_computation": 0.09701830000096834,
        "powerflow_computation": 0.08360130000028221,
        "total": 0.8638221000021531
    },
    "total": 1.1389319999999543
}