{
    "Agent": {
        "total": 0.42167530000074294
    },
    "Env": {
        "apply_act": 0.49206700000149795,
        "observation_computation": 0.29447399999662593,
        "powerflow_computation": 0.2631187999993472,
        "total": 1.049659799997471
    },
    "total": 1.728377600000158
}