{
    "Agent": {
        "total": 0.0010445000000345317
    },
    "Env": {
        "apply_act": 0.0,
        "observation_computation": 0.0,
        "powerflow_computation": 0.0,
        "total": 0.0
    },
    "total": 0.0033050000000116597
}