{
    "Agent": {
        "total": 0.05714629986323416
    },
    "Env": {
        "apply_act": 0.15253630001097918,
        "observation_computation": 0.03559309942647815,
        "powerflow_computation": 0.031487500527873635,
        "total": 0.21961689996533096
    },
    "total": 0.30854390002787113
}