{
    "Agent": {
        "total": 0.1484493997413665
    },
    "Env": {
        "apply_act": 0.527556698070839,
        "observation_computation": 0.10756720008794218,
        "powerflow_computation": 0.0920549015281722,
        "total": 0.7271787996869534
    },
    "total": 0.9777276000240818
}