{
    "Agent": {
        "total": 0.07578549999948336
    },
    "Env": {
        "apply_act": 0.11132899999824986,
        "observation_computation": 0.04763209999987339,
        "powerflow_computation": 0.04338360000156172,
        "total": 0.20234469999968496
    },
    "total": 0.3210206000001108
}