{
    "Agent": {
        "total": 0.00725490041077137
    },
    "Env": {
        "apply_act": 0.0153777995146811,
        "observation_computation": 0.003276400500908494,
        "powerflow_computation": 0.0033167998772114515,
        "total": 0.021970999892801046
    },
    "total": 0.0326477000489831
}