{
    "Agent": {
        "total": 0.04617439996218309
    },
    "Env": {
        "apply_act": 0.10971399990376085,
        "observation_computation": 0.024354899942409247,
        "powerflow_computation": 0.018061500071780756,
        "total": 0.15213039991795085
    },
    "total": 0.2186467999999877
}