{
    "Agent": {
        "total": 0.049459701869636774
    },
    "Env": {
        "apply_act": 0.14469020022079349,
        "observation_computation": 0.03577189985662699,
        "powerflow_computation": 0.030931499786674976,
        "total": 0.21139359986409545
    },
    "total": 0.29494889988563955
}