{
    "Agent": {
        "total": 1.697050103219226
    },
    "Env": {
        "apply_act": 2.528712494764477,
        "observation_computation": 0.9240068995859474,
        "powerflow_computation": 0.8291030991822481,
        "total": 4.2818224935326725
    },
    "total": 6.859542599879205
}