{
    "Agent": {
        "total": 0.30031220000023495
    },
    "Env": {
        "apply_act": 0.6279268999993519,
        "observation_computation": 0.1358042999979716,
        "powerflow_computation": 0.12263439999821912,
        "total": 0.8863655999955427
    },
    "total": 1.3174554999999373
}