{
    "Agent": {
        "total": 0.032745099998464866
    },
    "Env": {
        "apply_act": 0.10172559999864461,
        "observation_computation": 0.018349400001625327,
        "powerflow_computation": 0.016211099999509315,
        "total": 0.13628609999977925
    },
    "total": 0.18630389999998442
}