{
    "Agent": {
        "total": 0.02654689911287278
    },
    "Env": {
        "apply_act": 0.10058980027679354,
        "observation_computation": 0.020341199822723866,
        "powerflow_computation": 0.017606199602596462,
        "total": 0.13853719970211387
    },
    "total": 0.18402869999408722
}