{
    "Agent": {
        "total": 0.20179320000625012
    },
    "Env": {
        "apply_act": 0.9941025000089212,
        "observation_computation": 0.17583279999917067,
        "powerflow_computation": 0.14940340000248398,
        "total": 1.3193387000105758
    },
    "total": 1.6753272999999353
}