{
    "Agent": {
        "total": 0.23610270000153832
    },
    "Env": {
        "apply_act": 0.43159319999904255,
        "observation_computation": 0.08360840000113967,
        "powerflow_computation": 0.08095980000325653,
        "total": 0.5961614000034388
    },
    "total": 0.9194890999997369
}