{
    "Agent": {
        "total": 0.10369939974043518
    },
    "Env": {
        "apply_act": 0.28054829995380715,
        "observation_computation": 0.047522000095341355,
        "powerflow_computation": 0.04056729993317276,
        "total": 0.36863759998232126
    },
    "total": 0.5177531999943312
}