{
    "Agent": {
        "total": 0.33844359777867794
    },
    "Env": {
        "apply_act": 1.5334626976400614,
        "observation_computation": 0.24850359768606722,
        "powerflow_computation": 0.21526620164513588,
        "total": 1.9972324969712645
    },
    "total": 2.568582799984142
}