{
    "Agent": {
        "total": 0.20585569855757058
    },
    "Env": {
        "apply_act": 0.8225903953425586,
        "observation_computation": 0.14773940155282617,
        "powerflow_computation": 0.1272853014525026,
        "total": 1.0976150983478874
    },
    "total": 1.4433987999800593
}