{
    "Agent": {
        "total": 0.048620900001651535
    },
    "Env": {
        "apply_act": 0.09475549999967825,
        "observation_computation": 0.02081929999985732,
        "powerflow_computation": 0.017582399999582776,
        "total": 0.13315719999911835
    },
    "total": 0.20467539999992823
}