{
    "Agent": {
        "total": 0.18094809979083948
    },
    "Env": {
        "apply_act": 0.4769786999968346,
        "observation_computation": 0.08511439969879575,
        "powerflow_computation": 0.07336389974807389,
        "total": 0.6354569994437043
    },
    "total": 0.8983828000200447
}