{
    "Agent": {
        "total": 1.428543999997828
    },
    "Env": {
        "apply_act": 2.5837611999970704,
        "observation_computation": 1.0098398999928122,
        "powerflow_computation": 0.8678564999970604,
        "total": 4.461457599986943
    },
    "total": 6.785957600000074
}