{
    "Agent": {
        "total": 0.3414728000643663
    },
    "Env": {
        "apply_act": 0.9380341000214685,
        "observation_computation": 0.15997519987286068,
        "powerflow_computation": 0.14925330036203377,
        "total": 1.247262600256363
    },
    "total": 1.7461734999960754
}