{
    "Agent": {
        "total": 0.038010099999411295
    },
    "Env": {
        "apply_act": 0.4235926999998014,
        "observation_computation": 0.4363020000000688,
        "powerflow_computation": 0.26583479999916904,
        "total": 1.1257294999990393
    },
    "total": 1.4419082999999944
}