{
    "Agent": {
        "total": 0.11514749989146367
    },
    "Env": {
        "apply_act": 0.2782805001770612,
        "observation_computation": 0.048334699822589755,
        "powerflow_computation": 0.04415899998275563,
        "total": 0.37077419998240657
    },
    "total": 0.5336752000148408
}