{
    "Agent": {
        "total": 0.09936599999491591
    },
    "Env": {
        "apply_act": 0.4605747000032352,
        "observation_computation": 0.07682459999796265,
        "powerflow_computation": 0.06704120000085823,
        "total": 0.6044405000020561
    },
    "total": 0.7723951000007219
}