{
    "Agent": {
        "total": 0.742723299999966
    },
    "Env": {
        "apply_act": 1.4078206999992062,
        "observation_computation": 0.5218557000005148,
        "powerflow_computation": 0.4230917000002137,
        "total": 2.3527680999999347
    },
    "total": 3.5560073999999986
}