{
    "Agent": {
        "total": 0.020491799999490468
    },
    "Env": {
        "apply_act": 0.06462309999892568,
        "observation_computation": 0.013426999999182954,
        "powerflow_computation": 0.011427299999695606,
        "total": 0.08947739999780424
    },
    "total": 0.12414160000002994
}