{
    "Agent": {
        "total": 0.09103180000329303
    },
    "Env": {
        "apply_act": 0.5003254999937781,
        "observation_computation": 0.0900205999996615,
        "powerflow_computation": 0.07493540000041321,
        "total": 0.6652814999938528
    },
    "total": 0.8355720000004112
}