{
    "Agent": {
        "total": 0.3049747999999681
    },
    "Env": {
        "apply_act": 0.754839499999548,
        "observation_computation": 0.21063350000133596,
        "powerflow_computation": 0.17896860000018933,
        "total": 1.1444416000010733
    },
    "total": 1.6365695999999161
}