{
    "Agent": {
        "total": 0.5119731000022512
    },
    "Env": {
        "apply_act": 1.444062200002918,
        "observation_computation": 0.2718224000068403,
        "powerflow_computation": 0.2341399999954774,
        "total": 1.9500246000052357
    },
    "total": 2.7295156999998653
}