{
    "Agent": {
        "total": 0.022291499888524413
    },
    "Env": {
        "apply_act": 0.05398999992758036,
        "observation_computation": 0.008718599914573133,
        "powerflow_computation": 0.00795020000077784,
        "total": 0.07065879984293133
    },
    "total": 0.10285640007350594
}