{
    "Agent": {
        "total": 0.09656590007944033
    },
    "Env": {
        "apply_act": 0.37110729978303425,
        "observation_computation": 0.056509300105972216,
        "powerflow_computation": 0.049925300088943914,
        "total": 0.4775418999779504
    },
    "total": 0.6270155999809504
}