{
    "Agent": {
        "total": 0.0627932995557785
    },
    "Env": {
        "apply_act": 0.15419180016033351,
        "observation_computation": 0.034077299293130636,
        "powerflow_computation": 0.031109300442039967,
        "total": 0.21937839989550412
    },
    "total": 0.31384969991631806
}