{
    "Agent": {
        "total": 0.2617290998750832
    },
    "Env": {
        "apply_act": 1.385378499951912,
        "observation_computation": 0.25401890007196926,
        "powerflow_computation": 0.23622550003346987,
        "total": 1.8756229000573512
    },
    "total": 2.359165599991684
}