{
    "Agent": {
        "total": 0.13509470003191382
    },
    "Env": {
        "apply_act": 0.29806859989184886,
        "observation_computation": 0.05361410015029833,
        "powerflow_computation": 0.04745010030455887,
        "total": 0.39913280034670606
    },
    "total": 0.587721900024917
}