{
    "Agent": {
        "total": 0.2112000000010994
    },
    "Env": {
        "apply_act": 0.24267699999995784,
        "observation_computation": 0.14926569999920503,
        "powerflow_computation": 0.1286144000002878,
        "total": 0.5205570999994507
    },
    "total": 0.8616984999998749
}