{
    "Agent": {
        "total": 0.022531800088472664
    },
    "Env": {
        "apply_act": 0.05809430032968521,
        "observation_computation": 0.010716999880969524,
        "powerflow_computation": 0.010294300387613475,
        "total": 0.07910560059826821
    },
    "total": 0.11215639999136329
}