{
    "Agent": {
        "total": 0.4088797999986582
    },
    "Env": {
        "apply_act": 0.4663711999980933,
        "observation_computation": 0.28500980000148957,
        "powerflow_computation": 0.23662900000181253,
        "total": 0.9880100000013954
    },
    "total": 1.6473214000000098
}