{
    "Agent": {
        "total": 0.042004300048574805
    },
    "Env": {
        "apply_act": 0.11355519969947636,
        "observation_computation": 0.01836900063790381,
        "powerflow_computation": 0.015662099234759808,
        "total": 0.14758629957213998
    },
    "total": 0.20843799994327128
}