{
    "Agent": {
        "total": 0.7762529997853562
    },
    "Env": {
        "apply_act": 1.5853919971268624,
        "observation_computation": 0.3672395988833159,
        "powerflow_computation": 0.32839060411788523,
        "total": 2.2810222001280636
    },
    "total": 3.4240543000632897
}