{
    "Agent": {
        "total": 0.02381180040538311
    },
    "Env": {
        "apply_act": 0.03247810003813356,
        "observation_computation": 0.010842200252227485,
        "powerflow_computation": 0.0107205999083817,
        "total": 0.05404090019874275
    },
    "total": 0.08858189999591559
}