{
    "Agent": {
        "total": 0.0602408999999966
    },
    "Env": {
        "apply_act": 0.6816984000007551,
        "observation_computation": 0.44849869999848124,
        "powerflow_computation": 0.3897021000003065,
        "total": 1.5198991999995428
    },
    "total": 1.9891075000000455
}