{
    "Agent": {
        "total": 0.02113829999996142
    },
    "Env": {
        "apply_act": 0.049180700000079014,
        "observation_computation": 0.010736099999803628,
        "powerflow_computation": 0.010647200000221346,
        "total": 0.07056400000010399
    },
    "total": 0.10210719999997764
}