{
    "Agent": {
        "total": 0.1392038999979377
    },
    "Env": {
        "apply_act": 0.49644959999750427,
        "observation_computation": 0.07790529999647333,
        "powerflow_computation": 0.0703664999969078,
        "total": 0.6447213999908854
    },
    "total": 0.8576315999998769
}