{
    "Agent": {
        "total": 0.07426580000048943
    },
    "Env": {
        "apply_act": 0.30703499999970063,
        "observation_computation": 0.04245600000069771,
        "powerflow_computation": 0.03504780000048413,
        "total": 0.3845388000008825
    },
    "total": 0.5002054999999928
}