{
    "Agent": {
        "total": 0.1116010999539867
    },
    "Env": {
        "apply_act": 0.3038051992189139,
        "observation_computation": 0.06848890008404851,
        "powerflow_computation": 0.058773899800144136,
        "total": 0.43106799910310656
    },
    "total": 0.6059832000173628
}