{
    "Agent": {
        "total": 0.008560298942029476
    },
    "Env": {
        "apply_act": 0.016619199654087424,
        "observation_computation": 0.003964700037613511,
        "powerflow_computation": 0.003419300075620413,
        "total": 0.024003199767321348
    },
    "total": 0.037255699979141355
}