{
    "Agent": {
        "total": 0.0007789000000002488
    },
    "Env": {
        "apply_act": 0.0,
        "observation_computation": 0.0,
        "powerflow_computation": 0.0,
        "total": 0.0
    },
    "total": 0.001873499999987871
}