{
    "Agent": {
        "total": 0.01806539999989809
    },
    "Env": {
        "apply_act": 0.031514400000276055,
        "observation_computation": 0.006327099999680286,
        "powerflow_computation": 0.005398799999966286,
        "total": 0.04324029999992263
    },
    "total": 0.06873029999997016
}