{
    "Agent": {
        "total": 0.038778699999930666
    },
    "Env": {
        "apply_act": 0.4388350000000223,
        "observation_computation": 0.32392510000000563,
        "powerflow_computation": 0.2422140000000148,
        "total": 1.0049741000000427
    },
    "total": 1.3398644000000015
}