{
    "Agent": {
        "total": 0.043933298671618104
    },
    "Env": {
        "apply_act": 0.13113399920985103,
        "observation_computation": 0.03282760002184659,
        "powerflow_computation": 0.027136000688187778,
        "total": 0.1910975999198854
    },
    "total": 0.26617680001072586
}