{
    "Agent": {
        "total": 0.10016509972047061
    },
    "Env": {
        "apply_act": 0.348525601089932,
        "observation_computation": 0.07346249895635992,
        "powerflow_computation": 0.07065949903335422,
        "total": 0.49264759907964617
    },
    "total": 0.6617559000151232
}