{
    "Agent": {
        "total": 0.410201599705033
    },
    "Env": {
        "apply_act": 1.1913646004686598,
        "observation_computation": 0.18781860006856732,
        "powerflow_computation": 0.16675849992316216,
        "total": 1.5459417004603893
    },
    "total": 2.135865299991565
}