{
    "Agent": {
        "total": 0.0018370000000231812
    },
    "Env": {
        "apply_act": 0.002049000000056367,
        "observation_computation": 0.0004478999999264488,
        "powerflow_computation": 0.00044379999997090636,
        "total": 0.002940699999953722
    },
    "total": 0.007392800000047828
}