{
    "Agent": {
        "total": 0.006092999999836479
    },
    "Env": {
        "apply_act": 0.06777130000004661,
        "observation_computation": 0.05020469999998056,
        "powerflow_computation": 0.04065760000007401,
        "total": 0.15863360000010118
    },
    "total": 0.21181209999998885
}