{
    "Agent": {
        "total": 0.33835720166098326
    },
    "Env": {
        "apply_act": 1.1964519984321669,
        "observation_computation": 0.15201300126500428,
        "powerflow_computation": 0.13343440042808652,
        "total": 1.4818994001252577
    },
    "total": 1.9643731999676675
}