{
    "Agent": {
        "total": 0.17862440000112656
    },
    "Env": {
        "apply_act": 0.41332179999835716,
        "observation_computation": 0.08080480000262469,
        "powerflow_computation": 0.06936580000387949,
        "total": 0.5634924000048613
    },
    "total": 0.8202938999997968
}