{
    "Agent": {
        "total": 0.017360999999255
    },
    "Env": {
        "apply_act": 0.033080500000096436,
        "observation_computation": 0.007839799999374009,
        "powerflow_computation": 0.007653100000425184,
        "total": 0.04857339999989563
    },
    "total": 0.07349339999996118
}