{
    "Agent": {
        "total": 0.0037250000000312866
    },
    "Env": {
        "apply_act": 0.045306800000005865,
        "observation_computation": 0.2221844000000459,
        "powerflow_computation": 0.029755699999938656,
        "total": 0.29724689999999043
    },
    "total": 0.32489740000001177
}