{
    "Agent": {
        "total": 0.1396813999974711
    },
    "Env": {
        "apply_act": 0.17167790000212335,
        "observation_computation": 0.07032759999810878,
        "powerflow_computation": 0.06405190000396033,
        "total": 0.30605740000419246
    },
    "total": 0.5120414999998957
}