{
    "Agent": {
        "total": 0.00806259999995973
    },
    "Env": {
        "apply_act": 0.09065009999977747,
        "observation_computation": 0.0663786999996887,
        "powerflow_computation": 0.054400899999819785,
        "total": 0.21142969999928596
    },
    "total": 0.280661699999996
}