{
    "Agent": {
        "total": 0.21568140015006065
    },
    "Env": {
        "apply_act": 0.9107973999925889,
        "observation_computation": 0.19122949958546087,
        "powerflow_computation": 0.17750059947138652,
        "total": 1.2795274990494363
    },
    "total": 1.6629692999995314
}