{
    "Agent": {
        "total": 0.22026420175097883
    },
    "Env": {
        "apply_act": 0.6771038994193077,
        "observation_computation": 0.1111900027608499,
        "powerflow_computation": 0.10954389860853553,
        "total": 0.8978378007886931
    },
    "total": 1.2219207999296486
}