{
    "Agent": {
        "total": 0.17109850000269944
    },
    "Env": {
        "apply_act": 0.28250809999462945,
        "observation_computation": 0.05994420000388345,
        "powerflow_computation": 0.037733800002570206,
        "total": 0.3801861000010831
    },
    "total": 0.6002622000005431
}