{
    "Agent": {
        "total": 0.032066000858321786
    },
    "Env": {
        "apply_act": 0.10240690060891211,
        "observation_computation": 0.023502099444158375,
        "powerflow_computation": 0.02159239968750626,
        "total": 0.14750139974057674
    },
    "total": 0.20142469997517765
}