{
    "Agent": {
        "total": 0.0421065001282841
    },
    "Env": {
        "apply_act": 0.11273910000454634,
        "observation_computation": 0.024865200161002576,
        "powerflow_computation": 0.025896899751387537,
        "total": 0.16350119991693646
    },
    "total": 0.22937170008663088
}