{
    "Agent": {
        "total": 0.028862498700618744
    },
    "Env": {
        "apply_act": 0.05002640117891133,
        "observation_computation": 0.018810199573636055,
        "powerflow_computation": 0.02122120070271194,
        "total": 0.09005780145525932
    },
    "total": 0.13741840003058314
}