{
    "Agent": {
        "total": 0.022142700000017612
    },
    "Env": {
        "apply_act": 0.08325659999997015,
        "observation_computation": 0.01220980000016425,
        "powerflow_computation": 0.010392599999931917,
        "total": 0.10585900000006632
    },
    "total": 0.14151369999996177
}