{
    "Agent": {
        "total": 0.10548370000037721
    },
    "Env": {
        "apply_act": 0.27655180000016344,
        "observation_computation": 0.053687500000137334,
        "powerflow_computation": 0.0466806999995697,
        "total": 0.37691999999987047
    },
    "total": 0.5324377999999683
}