{
    "Agent": {
        "total": 0.13650809999990088
    },
    "Env": {
        "apply_act": 0.28277379999985897,
        "observation_computation": 0.059513100001254315,
        "powerflow_computation": 0.052467099999603306,
        "total": 0.3947540000007166
    },
    "total": 0.5892644000000473
}