{
    "Agent": {
        "total": 0.05559530097525567
    },
    "Env": {
        "apply_act": 0.20107650046702474,
        "observation_computation": 0.038814300554804504,
        "powerflow_computation": 0.034039999358356,
        "total": 0.27393080038018525
    },
    "total": 0.3661217999178916
}