{
    "Agent": {
        "total": 0.09432060073595494
    },
    "Env": {
        "apply_act": 0.1952180004445836,
        "observation_computation": 0.03815970057621598,
        "powerflow_computation": 0.0332257985137403,
        "total": 0.2666034995345399
    },
    "total": 0.3992823000298813
}