{
    "Agent": {
        "total": 0.03358490000010761
    },
    "Env": {
        "apply_act": 0.3632537999999954,
        "observation_computation": 0.2638801999999103,
        "powerflow_computation": 0.22457570000008076,
        "total": 0.8517096999999865
    },
    "total": 1.1278448999999995
}