{
    "Agent": {
        "total": 0.2531104999987974
    },
    "Env": {
        "apply_act": 0.7634608000005301,
        "observation_computation": 0.13067670000032194,
        "powerflow_computation": 0.11496420000025864,
        "total": 1.0091017000011107
    },
    "total": 1.382890599999996
}