{
    "Agent": {
        "total": 0.009008000000193306
    },
    "Env": {
        "apply_act": 0.09325719999984017,
        "observation_computation": 0.06459359999990966,
        "powerflow_computation": 0.05592970000004982,
        "total": 0.21378049999979964
    },
    "total": 0.284801200000004
}