{
    "Agent": {
        "total": 0.056653999999696225
    },
    "Env": {
        "apply_act": 0.13494040000034602,
        "observation_computation": 0.023998899999526202,
        "powerflow_computation": 0.021743800000081137,
        "total": 0.18068309999995336
    },
    "total": 0.2608642999999802
}