{
    "Agent": {
        "total": 0.0715593003842514
    },
    "Env": {
        "apply_act": 0.19594670008518733,
        "observation_computation": 0.0327802000392694,
        "powerflow_computation": 0.0304421998152975,
        "total": 0.25916909993975423
    },
    "total": 0.3630379999813158
}