{
    "Agent": {
        "total": 0.0007560999999896012
    },
    "Env": {
        "apply_act": 0.0,
        "observation_computation": 0.0,
        "powerflow_computation": 0.0,
        "total": 0.0
    },
    "total": 0.001881399999945188
}