{
    "Agent": {
        "total": 0.08893540000099165
    },
    "Env": {
        "apply_act": 0.14974079999819878,
        "observation_computation": 0.042052100000319115,
        "powerflow_computation": 0.03490759999863258,
        "total": 0.22670049999715047
    },
    "total": 0.35688619999996263
}