{
    "Agent": {
        "total": 0.08054300007643178
    },
    "Env": {
        "apply_act": 0.49831329997687135,
        "observation_computation": 0.03825720000168076,
        "powerflow_computation": 0.033201499994902406,
        "total": 0.5697719999734545
    },
    "total": 0.6880314000009093
}