{
    "Agent": {
        "total": 0.025243500480428338
    },
    "Env": {
        "apply_act": 0.07048480003140867,
        "observation_computation": 0.01644510100595653,
        "powerflow_computation": 0.014974098186939955,
        "total": 0.10190399922430515
    },
    "total": 0.14378809998743236
}