{
    "Agent": {
        "total": 0.2763658000004625
    },
    "Env": {
        "apply_act": 0.6411254999991343,
        "observation_computation": 0.14156350000098428,
        "powerflow_computation": 0.11604840000268268,
        "total": 0.8987374000028012
    },
    "total": 1.3059621999999536
}