{
    "Agent": {
        "total": 0.0617523000004212
    },
    "Env": {
        "apply_act": 0.13215459999958057,
        "observation_computation": 0.028914200000372148,
        "powerflow_computation": 0.02557779999972354,
        "total": 0.18664659999967625
    },
    "total": 0.2766716000000997
}