{
    "Agent": {
        "total": 0.020985100000416423
    },
    "Env": {
        "apply_act": 0.07852509999861468,
        "observation_computation": 0.015372800000477582,
        "powerflow_computation": 0.013222100001939907,
        "total": 0.10712000000103217
    },
    "total": 0.14381539999999404
}