{
    "Agent": {
        "total": 0.012319499999676964
    },
    "Env": {
        "apply_act": 0.14495660000011412,
        "observation_computation": 0.09266920000013101,
        "powerflow_computation": 0.08740680000002499,
        "total": 0.3250326000002701
    },
    "total": 0.42011080000000334
}