{
    "Agent": {
        "total": 0.0599184000002424
    },
    "Env": {
        "apply_act": 0.6681125999990059,
        "observation_computation": 0.46242539999985866,
        "powerflow_computation": 0.3865558999990526,
        "total": 1.517093899997917
    },
    "total": 1.995193200000017
}