{
    "Agent": {
        "total": 0.28365210000447405
    },
    "Env": {
        "apply_act": 0.3520301000003201,
        "observation_computation": 0.18550470000036512,
        "powerflow_computation": 0.16434619999836286,
        "total": 0.7018809999990481
    },
    "total": 1.1486363999997593
}