{
    "Agent": {
        "total": 0.2653053009416908
    },
    "Env": {
        "apply_act": 0.7811364993685856,
        "observation_computation": 0.12802969885524362,
        "powerflow_computation": 0.11544819921255112,
        "total": 1.0246143974363804
    },
    "total": 1.4149198000086471
}