{
    "Agent": {
        "total": 0.22210520000010092
    },
    "Env": {
        "apply_act": 0.48033070000042244,
        "observation_computation": 0.10355210000022907,
        "powerflow_computation": 0.09089579999988473,
        "total": 0.6747786000005362
    },
    "total": 0.992215299999998
}