{
    "Agent": {
        "total": 0.05298649999991767
    },
    "Env": {
        "apply_act": 0.5510341000003791,
        "observation_computation": 0.5108356000001777,
        "powerflow_computation": 0.34009889999995835,
        "total": 1.4019686000005152
    },
    "total": 1.8226140999999814
}