{
    "Agent": {
        "total": 0.09761049994267523
    },
    "Env": {
        "apply_act": 0.39778649993240833,
        "observation_computation": 0.05795160011621192,
        "powerflow_computation": 0.061539199989056215,
        "total": 0.5172773000376765
    },
    "total": 0.6680870999989565
}