{
    "Agent": {
        "total": 0.13920760000746668
    },
    "Env": {
        "apply_act": 0.4551443000063955,
        "observation_computation": 0.08252050000191957,
        "powerflow_computation": 0.06532720000177505,
        "total": 0.6029920000100901
    },
    "total": 0.813376199999766
}