{
    "Agent": {
        "total": 0.04153399867936969
    },
    "Env": {
        "apply_act": 0.09704930009320378,
        "observation_computation": 0.016348700039088726,
        "powerflow_computation": 0.013912601629272103,
        "total": 0.1273106017615646
    },
    "total": 0.1854410998057574
}