{
    "Agent": {
        "total": 0.00864439969882369
    },
    "Env": {
        "apply_act": 0.020064100273884833,
        "observation_computation": 0.0037221999373286963,
        "powerflow_computation": 0.004323600209318101,
        "total": 0.02810990042053163
    },
    "total": 0.040612799930386245
}