{
    "Agent": {
        "total": 0.04449760000073866
    },
    "Env": {
        "apply_act": 0.4957715999997845,
        "observation_computation": 0.3430220000010422,
        "powerflow_computation": 0.28499340000053053,
        "total": 1.1237870000013572
    },
    "total": 1.477138000000025
}