{
    "Agent": {
        "total": 0.07972399960272014
    },
    "Env": {
        "apply_act": 0.5162020986899734,
        "observation_computation": 0.055403201607987285,
        "powerflow_computation": 0.05451940163038671,
        "total": 0.6261247019283473
    },
    "total": 0.75847929995507
}