{
    "Agent": {
        "total": 0.43584750000195527
    },
    "Env": {
        "apply_act": 1.8671417999962614,
        "observation_computation": 0.31250479999198433,
        "powerflow_computation": 0.28121569999484564,
        "total": 2.4608622999830914
    },
    "total": 3.1939041999999063
}