{
    "Agent": {
        "total": 0.025792100000103346
    },
    "Env": {
        "apply_act": 0.3018409999993992,
        "observation_computation": 0.2158705000007899,
        "powerflow_computation": 0.18065179999956626,
        "total": 0.6983632999997553
    },
    "total": 0.9190638000000035
}