{
    "Agent": {
        "total": 0.07342590000007476
    },
    "Env": {
        "apply_act": 0.1676580000006993,
        "observation_computation": 0.02977490000000671,
        "powerflow_computation": 0.026675599999748556,
        "total": 0.22410850000045457
    },
    "total": 0.3273266999999578
}