{
    "Agent": {
        "total": 0.11285139999654348
    },
    "Env": {
        "apply_act": 0.25797859999784123,
        "observation_computation": 0.04986140000073647,
        "powerflow_computation": 0.04444240000066202,
        "total": 0.3522823999992397
    },
    "total": 0.5197416000000885
}