{
    "Agent": {
        "total": 0.13618410000140102
    },
    "Env": {
        "apply_act": 0.11938539999960085,
        "observation_computation": 0.06544870000266201,
        "powerflow_computation": 0.05754479999973228,
        "total": 0.24237890000199513
    },
    "total": 0.4428884999999809
}