{
    "Agent": {
        "total": 0.045902298646979034
    },
    "Env": {
        "apply_act": 0.14950649940874428,
        "observation_computation": 0.021774799562990665,
        "powerflow_computation": 0.019224700517952442,
        "total": 0.19050599948968738
    },
    "total": 0.2581291999667883
}