{
    "Agent": {
        "total": 0.38765920023433864
    },
    "Env": {
        "apply_act": 0.9434643000131473,
        "observation_computation": 0.23071710066869855,
        "powerflow_computation": 0.1965567001607269,
        "total": 1.3707381008425727
    },
    "total": 1.9659405000275
}