{
    "Agent": {
        "total": 0.41617049999968003
    },
    "Env": {
        "apply_act": 0.5402960999979314,
        "observation_computation": 0.18918250000069747,
        "powerflow_computation": 0.18147800000110692,
        "total": 0.9109565999997358
    },
    "total": 1.5084048000001076
}