{
    "Agent": {
        "total": 0.07298490000027869
    },
    "Env": {
        "apply_act": 0.06364959999973507,
        "observation_computation": 0.026172400000859852,
        "powerflow_computation": 0.02351909999970303,
        "total": 0.11334110000029796
    },
    "total": 0.21120669999993424
}