{
    "Agent": {
        "total": 0.20054549999690607
    },
    "Env": {
        "apply_act": 0.3071762000013223,
        "observation_computation": 0.10369910000213167,
        "powerflow_computation": 0.09897909999881449,
        "total": 0.5098544000022684
    },
    "total": 0.8078376999999364
}