{
    "Agent": {
        "total": 0.005179600324481726
    },
    "Env": {
        "apply_act": 0.012518199626356363,
        "observation_computation": 0.002480199793353677,
        "powerflow_computation": 0.00324440049007535,
        "total": 0.01824279990978539
    },
    "total": 0.02593700005672872
}