{
    "Agent": {
        "total": 0.0025791999999000836
    },
    "Env": {
        "apply_act": 0.0059882000000470725,
        "observation_computation": 0.0009428000000752945,
        "powerflow_computation": 0.0007675000000517684,
        "total": 0.0076985000001741355
    },
    "total": 0.013181000000031418
}