{
    "Agent": {
        "total": 0.07689839999943615
    },
    "Env": {
        "apply_act": 0.10504660000015065,
        "observation_computation": 0.035764399999834495,
        "powerflow_computation": 0.03190239999980804,
        "total": 0.17271339999979318
    },
    "total": 0.2825864999999794
}