{
    "Agent": {
        "total": 0.005434100000286435
    },
    "Env": {
        "apply_act": 0.0666845000002354,
        "observation_computation": 0.039306400000043595,
        "powerflow_computation": 0.04402829999997948,
        "total": 0.15001920000025848
    },
    "total": 0.19221630000004097
}