{
    "Agent": {
        "total": 0.05431759962812066
    },
    "Env": {
        "apply_act": 0.1222932996461168,
        "observation_computation": 0.022100101108662784,
        "powerflow_computation": 0.01822129951324314,
        "total": 0.16261470026802272
    },
    "total": 0.2396811000071466
}