{
    "Agent": {
        "total": 0.004235700000009501
    },
    "Env": {
        "apply_act": 0.04912119999997344,
        "observation_computation": 0.03167860000002065,
        "powerflow_computation": 0.030164500000068983,
        "total": 0.11096430000006308
    },
    "total": 0.14555110000000582
}