{
    "Agent": {
        "total": 0.47330699999918124
    },
    "Env": {
        "apply_act": 0.4968142999991869,
        "observation_computation": 0.3061970000023848,
        "powerflow_computation": 0.25298489999954654,
        "total": 1.0559962000011183
    },
    "total": 1.7971194999998943
}