{
    "Agent": {
        "total": 0.044064499999876716
    },
    "Env": {
        "apply_act": 0.13630280000279527,
        "observation_computation": 0.018493100000341656,
        "powerflow_computation": 0.01690599999983533,
        "total": 0.17170190000297225
    },
    "total": 0.2347575999997389
}