{
    "Agent": {
        "total": 0.29279310000902115
    },
    "Env": {
        "apply_act": 1.3544425999984924,
        "observation_computation": 0.29447059999938574,
        "powerflow_computation": 0.26046439999981885,
        "total": 1.909377599997697
    },
    "total": 2.4595811000003778
}