{
    "Agent": {
        "total": 0.29590630007442087
    },
    "Env": {
        "apply_act": 0.866285799536854,
        "observation_computation": 0.13464530027704313,
        "powerflow_computation": 0.11678609991213307,
        "total": 1.1177171997260302
    },
    "total": 1.545357499999227
}