{
    "Agent": {
        "total": 0.0044903999999093
    },
    "Env": {
        "apply_act": 0.05010869999993872,
        "observation_computation": 0.035429299999989894,
        "powerflow_computation": 0.03139269999996941,
        "total": 0.11693069999989802
    },
    "total": 0.1546884999999918
}