{
    "Agent": {
        "total": 0.04588799999919502
    },
    "Env": {
        "apply_act": 0.11813110000116467,
        "observation_computation": 0.01998140000046078,
        "powerflow_computation": 0.01805800000124691,
        "total": 0.15617050000287236
    },
    "total": 0.2217885000000024
}