{
    "Agent": {
        "total": 0.017572400392964482
    },
    "Env": {
        "apply_act": 0.03908750007394701,
        "observation_computation": 0.009043599711731076,
        "powerflow_computation": 0.008172600180841982,
        "total": 0.05630369996652007
    },
    "total": 0.08259910007473081
}