{
    "Agent": {
        "total": 0.16949869989184663
    },
    "Env": {
        "apply_act": 0.3878437001258135,
        "observation_computation": 0.06682460056617856,
        "powerflow_computation": 0.06449909962248057,
        "total": 0.5191674003144726
    },
    "total": 0.7538869000272825
}