{
    "Agent": {
        "total": 0.08443399993120693
    },
    "Env": {
        "apply_act": 0.21448809982393868,
        "observation_computation": 0.03941229995689355,
        "powerflow_computation": 0.03441030011163093,
        "total": 0.28831069989246316
    },
    "total": 0.4111241000064183
}