{
    "Agent": {
        "total": 0.09146609999652355
    },
    "Env": {
        "apply_act": 0.09500219999790716,
        "observation_computation": 0.05816030000005412,
        "powerflow_computation": 0.04948149999927409,
        "total": 0.20264399999723537
    },
    "total": 0.3457376999999724
}