{
    "Agent": {
        "total": 0.031638299813494086
    },
    "Env": {
        "apply_act": 0.10808650066610426,
        "observation_computation": 0.02211590064689517,
        "powerflow_computation": 0.01897819945588708,
        "total": 0.1491806007688865
    },
    "total": 0.20228820003103465
}