{
    "Agent": {
        "total": 0.9644689006963745
    },
    "Env": {
        "apply_act": 2.8144625972490758,
        "observation_computation": 0.6016481001861393,
        "powerflow_computation": 0.5151311008958146,
        "total": 3.9312417983310297
    },
    "total": 5.426508700009435
}