{
    "Agent": {
        "total": 0.26915049999684015
    },
    "Env": {
        "apply_act": 0.28688219999935427,
        "observation_computation": 0.17710650000230999,
        "powerflow_computation": 0.15870099999847298,
        "total": 0.6226897000001372
    },
    "total": 1.0465881000000081
}