{
    "Agent": {
        "total": 0.21530549999260984
    },
    "Env": {
        "apply_act": 1.1971607000004951,
        "observation_computation": 0.2155357999995431,
        "powerflow_computation": 0.1870627000012064,
        "total": 1.5997592000012446
    },
    "total": 2.004563500000131
}