{
    "Agent": {
        "total": 0.005219400045461953
    },
    "Env": {
        "apply_act": 0.0,
        "observation_computation": 0.0,
        "powerflow_computation": 0.0,
        "total": 0.0
    },
    "total": 0.006318699917756021
}