{
    "Agent": {
        "total": 0.6323202999985824
    },
    "Env": {
        "apply_act": 0.745178200004375,
        "observation_computation": 0.45214109999847096,
        "powerflow_computation": 0.39454990000695034,
        "total": 1.5918692000097963
    },
    "total": 2.9430730999999923
}