{
    "Agent": {
        "total": 0.06759040000133609
    },
    "Env": {
        "apply_act": 0.21999110000069777,
        "observation_computation": 0.05005430000164779,
        "powerflow_computation": 0.041976500000600936,
        "total": 0.3120219000029465
    },
    "total": 0.4285059999999703
}