{
    "Agent": {
        "total": 0.05082770064473152
    },
    "Env": {
        "apply_act": 0.2194336000829935,
        "observation_computation": 0.0362759989220649,
        "powerflow_computation": 0.03217929950915277,
        "total": 0.2878888985142112
    },
    "total": 0.3738318000687286
}