{
    "Agent": {
        "total": 0.09564449987374246
    },
    "Env": {
        "apply_act": 0.1972544005839154,
        "observation_computation": 0.04760549985803664,
        "powerflow_computation": 0.042027199757285416,
        "total": 0.28688710019923747
    },
    "total": 0.4282297999598086
}