{
    "Agent": {
        "total": 0.1580402001272887
    },
    "Env": {
        "apply_act": 0.4289364010328427,
        "observation_computation": 0.07750740007031709,
        "powerflow_computation": 0.06718789949081838,
        "total": 0.5736317005939782
    },
    "total": 0.8065944999689236
}