{
    "Agent": {
        "total": 0.12340149999988625
    },
    "Env": {
        "apply_act": 0.3598759000002474,
        "observation_computation": 0.061666999999829386,
        "powerflow_computation": 0.052309800000216455,
        "total": 0.4738527000002932
    },
    "total": 0.6566546000000244
}