{
    "Agent": {
        "total": 0.028724799398332834
    },
    "Env": {
        "apply_act": 0.08855849911924452,
        "observation_computation": 0.02203010069206357,
        "powerflow_computation": 0.018985800677910447,
        "total": 0.12957440048921853
    },
    "total": 0.17908959998749197
}