{
    "Agent": {
        "total": 0.2802636001142673
    },
    "Env": {
        "apply_act": 0.6393004992278293,
        "observation_computation": 0.11355670029297471,
        "powerflow_computation": 0.1094509998220019,
        "total": 0.8623081993428059
    },
    "total": 1.254699300043285
}