{
    "Agent": {
        "total": 0.0008582999998907326
    },
    "Env": {
        "apply_act": 0.0,
        "observation_computation": 0.0,
        "powerflow_computation": 0.0,
        "total": 0.0
    },
    "total": 0.00195739999981015
}