{
    "Agent": {
        "total": 0.18763439950998873
    },
    "Env": {
        "apply_act": 0.46556449914351106,
        "observation_computation": 0.11733300157357007,
        "powerflow_computation": 0.1081107989884913,
        "total": 0.6910082997055724
    },
    "total": 0.9830241000745445
}