{
    "Agent": {
        "total": 0.019563500000913336
    },
    "Env": {
        "apply_act": 0.07524620000003779,
        "observation_computation": 0.011191299999609328,
        "powerflow_computation": 0.013080500001706241,
        "total": 0.09951800000135336
    },
    "total": 0.1297309999999925
}