{
    "Agent": {
        "total": 0.22557009989395738
    },
    "Env": {
        "apply_act": 0.613916500355117,
        "observation_computation": 0.15171330014709383,
        "powerflow_computation": 0.13316349952947348,
        "total": 0.8987933000316843
    },
    "total": 1.2586725000292063
}