{
    "Agent": {
        "total": 0.0008516999999983454
    },
    "Env": {
        "apply_act": 0.0,
        "observation_computation": 0.0,
        "powerflow_computation": 0.0,
        "total": 0.0
    },
    "total": 0.002217900000005102
}