{
    "Agent": {
        "total": 0.32092559803277254
    },
    "Env": {
        "apply_act": 0.6254594002384692,
        "observation_computation": 0.1625439994968474,
        "powerflow_computation": 0.1433226941153407,
        "total": 0.9313260938506573
    },
    "total": 1.40501350001432
}