{
    "Agent": {
        "total": 0.07189469999684661
    },
    "Env": {
        "apply_act": 0.2060616999992817,
        "observation_computation": 0.03128960000049119,
        "powerflow_computation": 0.030350699998052733,
        "total": 0.2677019999978256
    },
    "total": 0.3702699999998913
}