{
    "Agent": {
        "total": 0.6701212999923882
    },
    "Env": {
        "apply_act": 1.7314732999939224,
        "observation_computation": 0.293378199995459,
        "powerflow_computation": 0.27355929998793727,
        "total": 2.2984107999773187
    },
    "total": 3.2387472999998863
}