{
    "Agent": {
        "total": 0.02385909999998148
    },
    "Env": {
        "apply_act": 0.047053200000618745,
        "observation_computation": 0.00920710000013969,
        "powerflow_computation": 0.010381499999994048,
        "total": 0.06664180000075248
    },
    "total": 0.10096690000000308
}