{
    "Agent": {
        "total": 0.046542199999692
    },
    "Env": {
        "apply_act": 0.10011209999976245,
        "observation_computation": 0.01922000000030266,
        "powerflow_computation": 0.021496300000023894,
        "total": 0.140828400000089
    },
    "total": 0.20606789999999364
}