{
    "Agent": {
        "total": 0.07493600000054812
    },
    "Env": {
        "apply_act": 0.24458280000067134,
        "observation_computation": 0.038478500000564964,
        "powerflow_computation": 0.03571870000052968,
        "total": 0.318780000001766
    },
    "total": 0.43024000000002616
}