{
    "Agent": {
        "total": 0.11532949999832454
    },
    "Env": {
        "apply_act": 0.12903199999982462,
        "observation_computation": 0.07978580000121838,
        "powerflow_computation": 0.06546990000015285,
        "total": 0.27428770000119584
    },
    "total": 0.46003570000016225
}