{
    "Agent": {
        "total": 0.000846799999948189
    },
    "Env": {
        "apply_act": 0.009728300000148238,
        "observation_computation": 0.0063419999999041465,
        "powerflow_computation": 0.0069750000000396994,
        "total": 0.023045300000092084
    },
    "total": 0.030199199999998427
}