{
    "Agent": {
        "total": 0.20568160000243552
    },
    "Env": {
        "apply_act": 0.30989129999920806,
        "observation_computation": 0.10186299999918447,
        "powerflow_computation": 0.08827949999886187,
        "total": 0.5000337999972544
    },
    "total": 0.8053463999999622
}