{
    "Agent": {
        "total": 0.05834520000024668
    },
    "Env": {
        "apply_act": 0.1345365999999899,
        "observation_computation": 0.023457600000085677,
        "powerflow_computation": 0.01984499999974787,
        "total": 0.17783919999982345
    },
    "total": 0.26035400000000664
}