{
    "Agent": {
        "total": 0.13027409999904194
    },
    "Env": {
        "apply_act": 0.20025849999865386,
        "observation_computation": 0.059156400000006215,
        "powerflow_computation": 0.05570739999939178,
        "total": 0.31512229999805186
    },
    "total": 0.5039908999999625
}