{
    "Agent": {
        "total": 0.15607750000071974
    },
    "Env": {
        "apply_act": 0.3318953999993255,
        "observation_computation": 0.07747500000061791,
        "powerflow_computation": 0.06698340000014014,
        "total": 0.47635380000008354
    },
    "total": 0.7041388999999754
}