{
    "Agent": {
        "total": 0.14147979990229942
    },
    "Env": {
        "apply_act": 0.4053637000033632,
        "observation_computation": 0.06415580000611953,
        "powerflow_computation": 0.04956389989820309,
        "total": 0.5190833999076858
    },
    "total": 0.715108100004727
}