{
    "Agent": {
        "total": 0.11142110000128014
    },
    "Env": {
        "apply_act": 0.3221150000010766,
        "observation_computation": 0.07720659999995405,
        "powerflow_computation": 0.06669589999978598,
        "total": 0.46601750000081665
    },
    "total": 0.6463291000000027
}