{
    "Agent": {
        "total": 0.24599389999821142
    },
    "Env": {
        "apply_act": 0.48284280000052604,
        "observation_computation": 0.08407599999918602,
        "powerflow_computation": 0.08541819999982181,
        "total": 0.6523369999995339
    },
    "total": 0.9775497000000541
}