{
    "Agent": {
        "total": 0.010818500000141285
    },
    "Env": {
        "apply_act": 0.01357139999959145,
        "observation_computation": 0.0075929000004180125,
        "powerflow_computation": 0.007459099999778118,
        "total": 0.02862339999978758
    },
    "total": 0.04638070000009975
}