{
    "Agent": {
        "total": 0.017146199941635132
    },
    "Env": {
        "apply_act": 0.04780860058963299,
        "observation_computation": 0.00957659911364317,
        "powerflow_computation": 0.009229399729520082,
        "total": 0.06661459943279624
    },
    "total": 0.09315630001947284
}