{
    "Agent": {
        "total": 0.0893236001720652
    },
    "Env": {
        "apply_act": 0.19607900024857372,
        "observation_computation": 0.03441149939317256,
        "powerflow_computation": 0.029517000191845,
        "total": 0.2600074998335913
    },
    "total": 0.3831587000750005
}