{
    "Agent": {
        "total": 0.1570216999996319
    },
    "Env": {
        "apply_act": 0.20958749999965676,
        "observation_computation": 0.06196559999943929,
        "powerflow_computation": 0.05667950000054134,
        "total": 0.3282325999996374
    },
    "total": 0.5434705000000122
}