{
    "Agent": {
        "total": 0.031135200057178736
    },
    "Env": {
        "apply_act": 0.10108599974773824,
        "observation_computation": 0.022837299155071378,
        "powerflow_computation": 0.020184301072731614,
        "total": 0.14410759997554123
    },
    "total": 0.1970783998258412
}