{
    "Agent": {
        "total": 0.0694742998748552
    },
    "Env": {
        "apply_act": 0.2259222999564372,
        "observation_computation": 0.04163719998905435,
        "powerflow_computation": 0.037172299897065386,
        "total": 0.30473179984255694
    },
    "total": 0.4124657000065781
}