{
    "Agent": {
        "total": 0.034969700034707785
    },
    "Env": {
        "apply_act": 0.3316441001370549,
        "observation_computation": 0.025768800056539476,
        "powerflow_computation": 0.022458699997514486,
        "total": 0.3798716001911089
    },
    "total": 0.4399059999268502
}