{
    "Agent": {
        "total": 0.03854789910838008
    },
    "Env": {
        "apply_act": 0.10545119945891201,
        "observation_computation": 0.0268294996349141,
        "powerflow_computation": 0.025239000446163118,
        "total": 0.15751969953998923
    },
    "total": 0.2224256000481546
}