{
    "Agent": {
        "total": 0.30357219983125106
    },
    "Env": {
        "apply_act": 0.6489079990424216,
        "observation_computation": 0.12201799999456853,
        "powerflow_computation": 0.11348489986266941,
        "total": 0.8844108988996595
    },
    "total": 1.3095308999763802
}