{
    "Agent": {
        "total": 0.11715330206789076
    },
    "Env": {
        "apply_act": 0.36531370133161545,
        "observation_computation": 0.0837794030085206,
        "powerflow_computation": 0.07265049987472594,
        "total": 0.521743604214862
    },
    "total": 0.7177858001086861
}