{
    "Agent": {
        "total": 0.5172174999963772
    },
    "Env": {
        "apply_act": 0.6267491000019163,
        "observation_computation": 0.23680230000218216,
        "powerflow_computation": 0.20106949999785684,
        "total": 1.0646209000019553
    },
    "total": 1.8155566999998882
}