{
    "Agent": {
        "total": 0.038196300622075796
    },
    "Env": {
        "apply_act": 0.12327450001612306,
        "observation_computation": 0.026645001024007797,
        "powerflow_computation": 0.023022100562229753,
        "total": 0.1729416016023606
    },
    "total": 0.23700449988245964
}