{
    "Agent": {
        "total": 0.06317609999587148
    },
    "Env": {
        "apply_act": 0.17636970000103247,
        "observation_computation": 0.025942700001451158,
        "powerflow_computation": 0.0226905000026818,
        "total": 0.22500290000516543
    },
    "total": 0.31472519999988435
}