{
    "Agent": {
        "total": 0.4336908000002495
    },
    "Env": {
        "apply_act": 0.7350499000008313,
        "observation_computation": 0.277567300002147,
        "powerflow_computation": 0.24488429999951222,
        "total": 1.2575015000024905
    },
    "total": 1.9371131000000332
}