{
    "Agent": {
        "total": 0.15357330004917458
    },
    "Env": {
        "apply_act": 0.3401619994547218,
        "observation_computation": 0.05831459991168231,
        "powerflow_computation": 0.05158660025335848,
        "total": 0.4500631996197626
    },
    "total": 0.6606979999924079
}