{
    "Agent": {
        "total": 0.33682829688768834
    },
    "Env": {
        "apply_act": 0.743222800665535,
        "observation_computation": 0.16041719797067344,
        "powerflow_computation": 0.14798220235388726,
        "total": 1.0516222009900957
    },
    "total": 1.5444063999457285
}