{
    "Agent": {
        "total": 0.036338301841169596
    },
    "Env": {
        "apply_act": 0.187955800909549,
        "observation_computation": 0.015531400684267282,
        "powerflow_computation": 0.013144499156624079,
        "total": 0.21663170075044036
    },
    "total": 0.26885879994370043
}