{
    "Agent": {
        "total": 0.07104779999781385
    },
    "Env": {
        "apply_act": 0.19219509999629736,
        "observation_computation": 0.028960000001006847,
        "powerflow_computation": 0.024704999999357824,
        "total": 0.24586009999666203
    },
    "total": 0.3464625999999953
}