{
    "Agent": {
        "total": 0.04019269975833595
    },
    "Env": {
        "apply_act": 0.1569848998915404,
        "observation_computation": 0.03182429925072938,
        "powerflow_computation": 0.03490560071077198,
        "total": 0.22371479985304177
    },
    "total": 0.2937012000475079
}