{
    "Agent": {
        "total": 0.29793819785118103
    },
    "Env": {
        "apply_act": 0.6366248002741486,
        "observation_computation": 0.14665920147672296,
        "powerflow_computation": 0.1317521990276873,
        "total": 0.9150362007785589
    },
    "total": 1.3542578000342473
}