{
    "Agent": {
        "total": 0.02542669999974123
    },
    "Env": {
        "apply_act": 0.04877649999991718,
        "observation_computation": 0.009466200000190383,
        "powerflow_computation": 0.007696300000077372,
        "total": 0.06593900000018493
    },
    "total": 0.10175499999996873
}