{
    "Agent": {
        "total": 0.4059750000023996
    },
    "Env": {
        "apply_act": 1.1018854999970245,
        "observation_computation": 0.19109160000380143,
        "powerflow_computation": 0.1611611999960587,
        "total": 1.4541382999968846
    },
    "total": 2.042945900000177
}