{
    "Agent": {
        "total": 0.4013175999971281
    },
    "Env": {
        "apply_act": 0.7183175000022857,
        "observation_computation": 0.1568715000012162,
        "powerflow_computation": 0.14430030000085026,
        "total": 1.0194893000043521
    },
    "total": 1.5757085000000188
}