{
    "Agent": {
        "total": 0.09944669995456934
    },
    "Env": {
        "apply_act": 0.24750359915196896,
        "observation_computation": 0.04116940079256892,
        "powerflow_computation": 0.03694409935269505,
        "total": 0.3256170992972329
    },
    "total": 0.4647766000125557
}