{
    "Agent": {
        "total": 0.03138409950770438
    },
    "Env": {
        "apply_act": 0.06494109961204231,
        "observation_computation": 0.014984998852014542,
        "powerflow_computation": 0.01268249936401844,
        "total": 0.09260859782807529
    },
    "total": 0.139519999967888
}