{
    "Agent": {
        "total": 4.316201900008991
    },
    "Env": {
        "apply_act": 4.973264399988921,
        "observation_computation": 3.0647343999978602,
        "powerflow_computation": 2.5738594999984343,
        "total": 10.611858299985215
    },
    "total": 17.607871299999942
}