{
    "Agent": {
        "total": 0.5838997000000745
    },
    "Env": {
        "apply_act": 1.3671776999908616,
        "observation_computation": 0.2426562999962698,
        "powerflow_computation": 0.19182929999169573,
        "total": 1.8016632999788271
    },
    "total": 2.590937099999792
}