{
    "Agent": {
        "total": 0.03743430000128001
    },
    "Env": {
        "apply_act": 0.4175592999999367,
        "observation_computation": 0.2860099000010905,
        "powerflow_computation": 0.23001520000053688,
        "total": 0.9335844000015641
    },
    "total": 1.2301416000000245
}