{
    "Agent": {
        "total": 0.15724549992592074
    },
    "Env": {
        "apply_act": 0.39967050025006756,
        "observation_computation": 0.06665209998027422,
        "powerflow_computation": 0.05773230025079101,
        "total": 0.5240549004811328
    },
    "total": 0.746927100000903
}