{
    "Agent": {
        "total": 0.11509780026972294
    },
    "Env": {
        "apply_act": 0.297069099615328,
        "observation_computation": 0.0668941002804786,
        "powerflow_computation": 0.061207900289446115,
        "total": 0.4251711001852527
    },
    "total": 0.6001532999798656
}