{
    "Agent": {
        "total": 0.016535399999998646
    },
    "Env": {
        "apply_act": 0.18371829999999534,
        "observation_computation": 0.1372811000000027,
        "powerflow_computation": 0.11636290000004124,
        "total": 0.4373623000000393
    },
    "total": 0.5802536000000025
}