{
    "Agent": {
        "total": 0.029161999999814725
    },
    "Env": {
        "apply_act": 0.06482290000008106,
        "observation_computation": 0.01197170000045844,
        "powerflow_computation": 0.011978200000839934,
        "total": 0.08877280000137944
    },
    "total": 0.1301095000001169
}