{
    "Agent": {
        "total": 0.04755499999919266
    },
    "Env": {
        "apply_act": 0.15896569999972598,
        "observation_computation": 0.032278300001962634,
        "powerflow_computation": 0.029627099999970596,
        "total": 0.22087110000165922
    },
    "total": 0.2973043999998026
}