{
    "Agent": {
        "total": 0.1665673998359125
    },
    "Env": {
        "apply_act": 0.03361530011170544,
        "observation_computation": 0.013298399979248643,
        "powerflow_computation": 0.013865399960195646,
        "total": 0.060779100051149726
    },
    "total": 0.2419485000136774
}