{
    "Agent": {
        "total": 0.05018440000003466
    },
    "Env": {
        "apply_act": 0.10520110000038585,
        "observation_computation": 0.022758399999815992,
        "powerflow_computation": 0.020217500000626387,
        "total": 0.14817700000082823
    },
    "total": 0.22016399999995429
}