{
    "Agent": {
        "total": 0.0044235000386834145
    },
    "Env": {
        "apply_act": 0.013802099856548011,
        "observation_computation": 0.002670199843123555,
        "powerflow_computation": 0.002907400135882199,
        "total": 0.019379699835553765
    },
    "total": 0.026555499993264675
}