{
    "Agent": {
        "total": 0.0393484000233002
    },
    "Env": {
        "apply_act": 0.11361229990143329,
        "observation_computation": 0.035647999902721494,
        "powerflow_computation": 0.03259530005743727,
        "total": 0.18185559986159205
    },
    "total": 0.2529933000332676
}