{
    "Agent": {
        "total": 0.010037299999510196
    },
    "Env": {
        "apply_act": 0.10251880000009805,
        "observation_computation": 0.07170129999997243,
        "powerflow_computation": 0.06417169999855332,
        "total": 0.2383917999986238
    },
    "total": 0.3161547999999925
}