{
    "Agent": {
        "total": 0.06016910029575229
    },
    "Env": {
        "apply_act": 0.3999894004082307,
        "observation_computation": 0.04309169843327254,
        "powerflow_computation": 0.03810870076995343,
        "total": 0.4811897996114567
    },
    "total": 0.583007000037469
}