{
    "Agent": {
        "total": 0.010240699999997105
    },
    "Env": {
        "apply_act": 0.11417159999990645,
        "observation_computation": 0.0751537000001008,
        "powerflow_computation": 0.06839200000030132,
        "total": 0.25771730000030857
    },
    "total": 0.33935630000001993
}