{
    "Agent": {
        "total": 0.006532000000035509
    },
    "Env": {
        "apply_act": 0.07182419999993783,
        "observation_computation": 0.0500898999999464,
        "powerflow_computation": 0.041520399999996016,
        "total": 0.16343449999988025
    },
    "total": 0.21612340000000074
}