{
    "Agent": {
        "total": 0.0557916000003047
    },
    "Env": {
        "apply_act": 0.12390159999989692,
        "observation_computation": 0.02360329999953592,
        "powerflow_computation": 0.019774700000255052,
        "total": 0.1672795999996879
    },
    "total": 0.24691250000000764
}