{
    "Agent": {
        "total": 0.014046600000142462
    },
    "Env": {
        "apply_act": 0.16261849999997935,
        "observation_computation": 0.116663500000044,
        "powerflow_computation": 0.10034880000060298,
        "total": 0.3796308000006263
    },
    "total": 0.5010589000000039
}