{
    "Agent": {
        "total": 0.04473719999998593
    },
    "Env": {
        "apply_act": 0.22864539999983435,
        "observation_computation": 0.018925400000114223,
        "powerflow_computation": 0.01723380000009911,
        "total": 0.2648046000000477
    },
    "total": 0.32919229999998834
}