{
    "Agent": {
        "total": 0.48299609999867243
    },
    "Env": {
        "apply_act": 0.2751251000081538,
        "observation_computation": 0.17005290001543472,
        "powerflow_computation": 0.15259989999958634,
        "total": 0.5977779000231749
    },
    "total": 1.2451215999999476
}