{
    "Agent": {
        "total": 0.032844399102032185
    },
    "Env": {
        "apply_act": 0.06979680177755654,
        "observation_computation": 0.01585919945500791,
        "powerflow_computation": 0.013697099639102817,
        "total": 0.09935310087166727
    },
    "total": 0.14759680000133812
}