{
    "Agent": {
        "total": 0.02676120000012361
    },
    "Env": {
        "apply_act": 0.3010761000000457,
        "observation_computation": 0.22022230000018794,
        "powerflow_computation": 0.1803124000001617,
        "total": 0.7016108000003953
    },
    "total": 1.102753199999995
}