{
    "Agent": {
        "total": 0.03452149999975518
    },
    "Env": {
        "apply_act": 0.03312340000047698,
        "observation_computation": 0.018488799999886396,
        "powerflow_computation": 0.02050750000012158,
        "total": 0.07211970000048495
    },
    "total": 0.12321780000002036
}