{
    "Agent": {
        "total": 0.08764009736478329
    },
    "Env": {
        "apply_act": 0.1699596003163606,
        "observation_computation": 0.04422329901717603,
        "powerflow_computation": 0.0372420996427536,
        "total": 0.2514249989762902
    },
    "total": 0.3813694000709802
}