{
    "Agent": {
        "total": 0.006738299999710762
    },
    "Env": {
        "apply_act": 0.08021180000014283,
        "observation_computation": 0.05153680000017857,
        "powerflow_computation": 0.052456000000461245,
        "total": 0.18420460000078265
    },
    "total": 0.23707600000000184
}