{
    "Agent": {
        "total": 0.005953900166787207
    },
    "Env": {
        "apply_act": 0.017227199976332486,
        "observation_computation": 0.00403529976028949,
        "powerflow_computation": 0.0031838000286370516,
        "total": 0.024446299765259027
    },
    "total": 0.03515669994521886
}