{
    "Agent": {
        "total": 0.0007316998671740294
    },
    "Env": {
        "apply_act": 0.0,
        "observation_computation": 0.0,
        "powerflow_computation": 0.0,
        "total": 0.0
    },
    "total": 0.001989200012758374
}