{
    "Agent": {
        "total": 0.02170450030826032
    },
    "Env": {
        "apply_act": 0.045610199915245175,
        "observation_computation": 0.009256800054572523,
        "powerflow_computation": 0.008623100351542234,
        "total": 0.06349010032135993
    },
    "total": 0.09414389997255057
}