{
    "Agent": {
        "total": 0.0940581000002112
    },
    "Env": {
        "apply_act": 0.25557799999774033,
        "observation_computation": 0.06670839999992495,
        "powerflow_computation": 0.06048910000004071,
        "total": 0.382775499997706
    },
    "total": 0.5348665999999866
}