{
    "Agent": {
        "total": 0.08597269999972923
    },
    "Env": {
        "apply_act": 0.17728449999998475,
        "observation_computation": 0.03350629999982857,
        "powerflow_computation": 0.029061400000045978,
        "total": 0.2398521999998593
    },
    "total": 0.3580858000000262
}