{
    "Agent": {
        "total": 0.03192360000048211
    },
    "Env": {
        "apply_act": 0.11341309999852456,
        "observation_computation": 0.028774900000826165,
        "powerflow_computation": 0.02653039999995599,
        "total": 0.1687183999993067
    },
    "total": 0.22602490000008402
}