{
    "Agent": {
        "total": 0.05100339999899006
    },
    "Env": {
        "apply_act": 0.2353433999983281,
        "observation_computation": 0.0491171999983635,
        "powerflow_computation": 0.04180579999865586,
        "total": 0.32626639999534746
    },
    "total": 0.4207950999998502
}