{
    "Agent": {
        "total": 0.6572758000065733
    },
    "Env": {
        "apply_act": 0.8361864999974387,
        "observation_computation": 0.3099158999948486,
        "powerflow_computation": 0.2955411000002641,
        "total": 1.4416434999925514
    },
    "total": 2.3954908999999134
}