{
    "Agent": {
        "total": 0.47244379999938246
    },
    "Env": {
        "apply_act": 1.290625000000773,
        "observation_computation": 0.3308176999985335,
        "powerflow_computation": 0.29714799999851493,
        "total": 1.9185906999978215
    },
    "total": 2.6814240999999583
}