{
    "Agent": {
        "total": 0.05133309937082231
    },
    "Env": {
        "apply_act": 0.115778201026842,
        "observation_computation": 0.025160799734294415,
        "powerflow_computation": 0.02524519874714315,
        "total": 0.16618419950827956
    },
    "total": 0.24191970005631447
}