{
    "Agent": {
        "total": 0.23895710001670523
    },
    "Env": {
        "apply_act": 0.607134399957431,
        "observation_computation": 0.10873380005068611,
        "powerflow_computation": 0.09578479996707756,
        "total": 0.8116529999751947
    },
    "total": 1.1553755000059027
}