{
    "Agent": {
        "total": 0.052612100000033024
    },
    "Env": {
        "apply_act": 0.025997300000085488,
        "observation_computation": 0.014415700000313336,
        "powerflow_computation": 0.013898400000016409,
        "total": 0.05431140000041523
    },
    "total": 0.12122530000010556
}