{
    "Agent": {
        "total": 0.33474959999853127
    },
    "Env": {
        "apply_act": 0.3802688999978727,
        "observation_computation": 0.2150867999998809,
        "powerflow_computation": 0.1935614000019541,
        "total": 0.7889170999997077
    },
    "total": 1.3175796000000446
}