{
    "Agent": {
        "total": 0.09477880000031291
    },
    "Env": {
        "apply_act": 0.22899599999891507,
        "observation_computation": 0.04012309999757235,
        "powerflow_computation": 0.03782490000025973,
        "total": 0.30694399999674715
    },
    "total": 0.4412009999998645
}