{
    "Agent": {
        "total": 0.03919239807873964
    },
    "Env": {
        "apply_act": 0.10523419990204275,
        "observation_computation": 0.017618299229070544,
        "powerflow_computation": 0.014784700470045209,
        "total": 0.1376371996011585
    },
    "total": 0.1948309000581503
}