{
    "Agent": {
        "total": 0.09044049999988601
    },
    "Env": {
        "apply_act": 0.10335649999819907,
        "observation_computation": 0.04490359999977045,
        "powerflow_computation": 0.038646100000732986,
        "total": 0.1869061999987025
    },
    "total": 0.3177586000001611
}