{
    "Agent": {
        "total": 0.3670048997591948
    },
    "Env": {
        "apply_act": 1.7392879001417896,
        "observation_computation": 0.32595599998603575,
        "powerflow_computation": 0.2782631999871228,
        "total": 2.343507100114948
    },
    "total": 3.0020107999880565
}