{
    "Agent": {
        "total": 0.028944500000761764
    },
    "Env": {
        "apply_act": 0.13630629999806843,
        "observation_computation": 0.029944999999770516,
        "powerflow_computation": 0.02643450000005032,
        "total": 0.19268579999788926
    },
    "total": 0.24973980000004303
}