{
    "Agent": {
        "total": 0.013929499999903783
    },
    "Env": {
        "apply_act": 0.03035629999953926,
        "observation_computation": 0.006112900000744048,
        "powerflow_computation": 0.005663300000151139,
        "total": 0.04213250000043445
    },
    "total": 0.06290619999981573
}