{
    "Agent": {
        "total": 0.27040830000134974
    },
    "Env": {
        "apply_act": 0.6130436999986841,
        "observation_computation": 0.13102079999862326,
        "powerflow_computation": 0.11873989999969581,
        "total": 0.8628043999970032
    },
    "total": 1.2593941000000086
}