{
    "Agent": {
        "total": 0.030677100061438978
    },
    "Env": {
        "apply_act": 0.09701840043999255,
        "observation_computation": 0.02160530025139451,
        "powerflow_computation": 0.021333800395950675,
        "total": 0.13995750108733773
    },
    "total": 0.19187320000492036
}