{
    "Agent": {
        "total": 0.03781349980272353
    },
    "Env": {
        "apply_act": 0.10180349880829453,
        "observation_computation": 0.017288899747654796,
        "powerflow_computation": 0.014597601490095258,
        "total": 0.1336900000460446
    },
    "total": 0.18895709980279207
}