{
    "Agent": {
        "total": 0.1385271000326611
    },
    "Env": {
        "apply_act": 0.3341329999966547,
        "observation_computation": 0.05426649993751198,
        "powerflow_computation": 0.054102399735711515,
        "total": 0.4425018996698782
    },
    "total": 0.6346990000456572
}