{
    "Agent": {
        "total": 1.1770224000069902
    },
    "Env": {
        "apply_act": 0.9823802000105388,
        "observation_computation": 0.5944020000097225,
        "powerflow_computation": 0.5129193999900963,
        "total": 2.0897016000103577
    },
    "total": 3.7966973000002326
}