{
    "Agent": {
        "total": 0.5295759992441162
    },
    "Env": {
        "apply_act": 1.2767314991215244,
        "observation_computation": 0.2033406983828172,
        "powerflow_computation": 0.17805230198428035,
        "total": 1.658124499488622
    },
    "total": 2.379746299935505
}