{
    "Agent": {
        "total": 0.44801360000383283
    },
    "Env": {
        "apply_act": 1.2641474999945785,
        "observation_computation": 0.1784528999869508,
        "powerflow_computation": 0.1657071999998152,
        "total": 1.6083075999813445
    },
    "total": 2.208764799999699
}