{
    "Agent": {
        "total": 0.06263890000991523
    },
    "Env": {
        "apply_act": 0.5099897001346108,
        "observation_computation": 0.056284599952050485,
        "powerflow_computation": 0.04999800004588906,
        "total": 0.6162723001325503
    },
    "total": 0.728552500004298
}