{
    "Agent": {
        "total": 0.13403400000009924
    },
    "Env": {
        "apply_act": 0.35572710000025154,
        "observation_computation": 0.06668790000031777,
        "powerflow_computation": 0.058082200000001194,
        "total": 0.4804972000005705
    },
    "total": 0.6767090999999823
}