{
    "Agent": {
        "total": 0.02245210000546649
    },
    "Env": {
        "apply_act": 0.0046526999794878066,
        "observation_computation": 0.0014084999857004732,
        "powerflow_computation": 0.0019438000163063407,
        "total": 0.00800499998149462
    },
    "total": 0.032633200025884435
}