{
    "Agent": {
        "total": 0.12122520036064088
    },
    "Env": {
        "apply_act": 0.2691691997461021,
        "observation_computation": 0.04968049959279597,
        "powerflow_computation": 0.0471126000629738,
        "total": 0.36596229940187186
    },
    "total": 0.538597899954766
}