{
    "Agent": {
        "total": 0.022192500066012144
    },
    "Env": {
        "apply_act": 0.08454369974788278,
        "observation_computation": 0.015161700430326164,
        "powerflow_computation": 0.01746129954699427,
        "total": 0.11716669972520322
    },
    "total": 0.15494449995458126
}