{
    "Agent": {
        "total": 0.14685089999954926
    },
    "Env": {
        "apply_act": 0.2545588000003818,
        "observation_computation": 0.10130990000118345,
        "powerflow_computation": 0.09316240000021025,
        "total": 0.4490311000017755
    },
    "total": 0.6850140000000238
}