{
    "Agent": {
        "total": 0.035286599999864166
    },
    "Env": {
        "apply_act": 0.40571539999993433,
        "observation_computation": 0.270162200000442,
        "powerflow_computation": 0.22843250000019566,
        "total": 0.904310100000572
    },
    "total": 1.1856809000000226
}