{
    "Agent": {
        "total": 0.021400299999640993
    },
    "Env": {
        "apply_act": 0.04094089999944117,
        "observation_computation": 0.007874099999639839,
        "powerflow_computation": 0.007267699999829347,
        "total": 0.05608269999891036
    },
    "total": 0.08663819999992484
}