{
    "Agent": {
        "total": 0.1098857995821163
    },
    "Env": {
        "apply_act": 0.24082340026507154,
        "observation_computation": 0.041951899765990674,
        "powerflow_computation": 0.037198700360022485,
        "total": 0.3199740003910847
    },
    "total": 0.47167580004315823
}