{
    "Agent": {
        "total": 0.0246522000004461
    },
    "Env": {
        "apply_act": 0.2651250000007508,
        "observation_computation": 0.1907522000005315,
        "powerflow_computation": 0.16350129999972296,
        "total": 0.6193785000010052
    },
    "total": 0.8243985000000293
}