{
    "Agent": {
        "total": 0.1694924000184983
    },
    "Env": {
        "apply_act": 0.6228726988192648,
        "observation_computation": 0.12792070372961462,
        "powerflow_computation": 0.11454580165445805,
        "total": 0.8653392042033374
    },
    "total": 1.15352030005306
}