{
    "Agent": {
        "total": 0.1530792000010024
    },
    "Env": {
        "apply_act": 0.14513940000051662,
        "observation_computation": 0.07904819999976098,
        "powerflow_computation": 0.06548010000005888,
        "total": 0.2896677000003365
    },
    "total": 0.5138105000000905
}