{
    "Agent": {
        "total": 0.041202599997632205
    },
    "Env": {
        "apply_act": 0.09402419987600297,
        "observation_computation": 0.018759100581519306,
        "powerflow_computation": 0.0176299000158906,
        "total": 0.13041320047341287
    },
    "total": 0.19043150008656085
}