{
    "Agent": {
        "total": 1.3109519999950408
    },
    "Env": {
        "apply_act": 1.3664655999962179,
        "observation_computation": 0.48802080000382375,
        "powerflow_computation": 0.44191989999990255,
        "total": 2.296406299999944
    },
    "total": 4.066197000000102
}