{
    "Agent": {
        "total": 0.06115419999912319
    },
    "Env": {
        "apply_act": 0.15588100000013583,
        "observation_computation": 0.027262100000029932,
        "powerflow_computation": 0.022859099999664068,
        "total": 0.20600219999982983
    },
    "total": 0.29521120000003975
}