{
    "Agent": {
        "total": 0.006364900000107809
    },
    "Env": {
        "apply_act": 0.07061910000012972,
        "observation_computation": 0.051936699999970415,
        "powerflow_computation": 0.040603200000205675,
        "total": 0.1631590000003058
    },
    "total": 0.21760470000000964
}