{
    "Agent": {
        "total": 0.0006634999999732827
    },
    "Env": {
        "apply_act": 0.0,
        "observation_computation": 0.0,
        "powerflow_computation": 0.0,
        "total": 0.0
    },
    "total": 0.001904899999999543
}