{
    "Agent": {
        "total": 0.047858600000040497
    },
    "Env": {
        "apply_act": 0.10577419999970061,
        "observation_computation": 0.02198169999996935,
        "powerflow_computation": 0.019480900000075962,
        "total": 0.14723679999974593
    },
    "total": 0.21722509999995054
}