{
    "Agent": {
        "total": 0.13394459999835817
    },
    "Env": {
        "apply_act": 0.34591210000098727,
        "observation_computation": 0.08548450000262164,
        "powerflow_computation": 0.06658070000003136,
        "total": 0.49797730000364027
    },
    "total": 0.706092300000364
}