{
    "Agent": {
        "total": 0.2022363999976733
    },
    "Env": {
        "apply_act": 0.3348075000035351,
        "observation_computation": 0.13605960000040795,
        "powerflow_computation": 0.10389939999913622,
        "total": 0.5747665000030793
    },
    "total": 0.8872775999998339
}