{
    "Agent": {
        "total": 0.811211199616082
    },
    "Env": {
        "apply_act": 2.1167505000485107,
        "observation_computation": 0.481498000677675,
        "powerflow_computation": 0.4135681971674785,
        "total": 3.0118166978936642
    },
    "total": 4.257723299902864
}