{
    "Agent": {
        "total": 0.0045767999999952735
    },
    "Env": {
        "apply_act": 0.005740499999774329,
        "observation_computation": 0.002412199999753284,
        "powerflow_computation": 0.0027982999993128033,
        "total": 0.010950999998840416
    },
    "total": 0.01807920000010199
}