{
    "Agent": {
        "total": 0.6300271969521418
    },
    "Env": {
        "apply_act": 1.3194250992964953,
        "observation_computation": 0.30884360359050333,
        "powerflow_computation": 0.27759969676844776,
        "total": 1.9058683996554464
    },
    "total": 2.8302011999767274
}