{
    "Agent": {
        "total": 0.055003900002930095
    },
    "Env": {
        "apply_act": 0.1109753000002911,
        "observation_computation": 0.025469100000009348,
        "powerflow_computation": 0.021288700000695826,
        "total": 0.15773310000099627
    },
    "total": 0.2366202999999132
}