{
    "Agent": {
        "total": 0.12465259968303144
    },
    "Env": {
        "apply_act": 0.4716893977019936,
        "observation_computation": 0.09152589947916567,
        "powerflow_computation": 0.0831022965721786,
        "total": 0.6463175937533379
    },
    "total": 0.8580195000395179
}