{
    "Agent": {
        "total": 0.046904400223866105
    },
    "Env": {
        "apply_act": 0.12145099975168705,
        "observation_computation": 0.017924700630828738,
        "powerflow_computation": 0.015352301299571991,
        "total": 0.15472800168208778
    },
    "total": 0.22044069995172322
}