{
    "Agent": {
        "total": 0.33275519999847347
    },
    "Env": {
        "apply_act": 1.0703589000014517,
        "observation_computation": 0.15980250000120577,
        "powerflow_computation": 0.14954620000071372,
        "total": 1.3797076000033712
    },
    "total": 1.8648888999999826
}