{
    "Agent": {
        "total": 0.2414247989654541
    },
    "Env": {
        "apply_act": 0.7094010997097939,
        "observation_computation": 0.12005319842137396,
        "powerflow_computation": 0.11430239980109036,
        "total": 0.9437566979322582
    },
    "total": 1.2994951999280602
}