{
    "Agent": {
        "total": 0.21130780049134046
    },
    "Env": {
        "apply_act": 0.5573238001670688,
        "observation_computation": 0.12428020080551505,
        "powerflow_computation": 0.10694249905645847,
        "total": 0.7885465000290424
    },
    "total": 1.111696399981156
}