{
    "Agent": {
        "total": 0.07592859999954271
    },
    "Env": {
        "apply_act": 0.14498789999834116,
        "observation_computation": 0.03310889999943356,
        "powerflow_computation": 0.031482000000551125,
        "total": 0.20957879999832585
    },
    "total": 0.31675350000000435
}