{
    "Agent": {
        "total": 0.06078530000036153
    },
    "Env": {
        "apply_act": 0.06709059999980127,
        "observation_computation": 0.028675300001054893,
        "powerflow_computation": 0.02569669999979851,
        "total": 0.12146260000065467
    },
    "total": 0.2097243000000617
}