{
    "Agent": {
        "total": 0.05179719952866435
    },
    "Env": {
        "apply_act": 0.09255829849280417,
        "observation_computation": 0.021352298324927688,
        "powerflow_computation": 0.019604898523539305,
        "total": 0.13351549534127116
    },
    "total": 0.20710969995707273
}