{
    "Agent": {
        "total": 0.018373500000052445
    },
    "Env": {
        "apply_act": 0.06522750000010547,
        "observation_computation": 0.010057000000301741,
        "powerflow_computation": 0.008442700000159675,
        "total": 0.08372720000056688
    },
    "total": 0.11342289999993227
}