{
    "Agent": {
        "total": 0.3609243999979981
    },
    "Env": {
        "apply_act": 1.7217883000020038,
        "observation_computation": 0.24871029999781058,
        "powerflow_computation": 0.2090576000011879,
        "total": 2.1795562000010023
    },
    "total": 2.7581409999999096
}