{
    "Agent": {
        "total": 0.045241601997986436
    },
    "Env": {
        "apply_act": 0.10366269922815263,
        "observation_computation": 0.01836979854851961,
        "powerflow_computation": 0.015120498836040497,
        "total": 0.13715299661271274
    },
    "total": 0.20115820015780628
}