{
    "Agent": {
        "total": 0.2947993999987375
    },
    "Env": {
        "apply_act": 0.04871859999911976,
        "observation_computation": 0.03163219999987632,
        "powerflow_computation": 0.028156299994407163,
        "total": 0.10850709999340324
    },
    "total": 0.43424080000022514
}