{
    "Agent": {
        "total": 0.1229578998463694
    },
    "Env": {
        "apply_act": 0.32626609996077605,
        "observation_computation": 0.05729919995064847,
        "powerflow_computation": 0.051615899603348225,
        "total": 0.43518119951477274
    },
    "total": 0.6135909000004176
}