{
    "Agent": {
        "total": 0.1283359000008204
    },
    "Env": {
        "apply_act": 0.2402733999999782,
        "observation_computation": 0.055749399999967864,
        "powerflow_computation": 0.05724129999930483,
        "total": 0.3532640999992509
    },
    "total": 0.5381433000000015
}