{
    "Agent": {
        "total": 0.033275599824264646
    },
    "Env": {
        "apply_act": 0.07166940020397305,
        "observation_computation": 0.012902001151815057,
        "powerflow_computation": 0.010945799760520458,
        "total": 0.09551720111630857
    },
    "total": 0.1421052000951022
}