{
    "Agent": {
        "total": 0.18023909768089652
    },
    "Env": {
        "apply_act": 0.5221701993141323,
        "observation_computation": 0.1176714007742703,
        "powerflow_computation": 0.10090219788253307,
        "total": 0.7407437979709357
    },
    "total": 1.0246552999597043
}