{
    "Agent": {
        "total": 0.03797289999988607
    },
    "Env": {
        "apply_act": 0.08533809999971709,
        "observation_computation": 0.01562609999984943,
        "powerflow_computation": 0.014101400000299691,
        "total": 0.11506559999986621
    },
    "total": 0.1687387000000058
}