{
    "Agent": {
        "total": 0.0015974000000369415
    },
    "Env": {
        "apply_act": 0.01751679999998146,
        "observation_computation": 0.011136999999990849,
        "powerflow_computation": 0.010076099999935195,
        "total": 0.0387298999999075
    },
    "total": 0.05106630000000223
}