{
    "Agent": {
        "total": 0.2877422000747174
    },
    "Env": {
        "apply_act": 0.8317724971566349,
        "observation_computation": 0.13878639857284725,
        "powerflow_computation": 0.12253710068762302,
        "total": 1.0930959964171052
    },
    "total": 1.5152207999490201
}