{
    "Agent": {
        "total": 0.0552377988351509
    },
    "Env": {
        "apply_act": 0.14657170057762414,
        "observation_computation": 0.022551500471308827,
        "powerflow_computation": 0.02096650016028434,
        "total": 0.1900897012092173
    },
    "total": 0.2681084000505507
}