{
    "Agent": {
        "total": 0.4024910981534049
    },
    "Env": {
        "apply_act": 1.3384581990540028,
        "observation_computation": 0.16854230128228664,
        "powerflow_computation": 0.14827179966960102,
        "total": 1.6552723000058904
    },
    "total": 2.216053899959661
}