{
    "Agent": {
        "total": 0.262029395904392
    },
    "Env": {
        "apply_act": 0.5101773997303098,
        "observation_computation": 0.12912750663235784,
        "powerflow_computation": 0.10925789992325008,
        "total": 0.7485628062859178
    },
    "total": 1.1324942000210285
}