{
    "Agent": {
        "total": 0.08808129999988523
    },
    "Env": {
        "apply_act": 0.09152410000206146,
        "observation_computation": 0.05558569999993779,
        "powerflow_computation": 0.0478036999984397,
        "total": 0.19491350000043894
    },
    "total": 0.3319349000000784
}