{
    "Agent": {
        "total": 0.22141129919327796
    },
    "Env": {
        "apply_act": 0.42256840341724455,
        "observation_computation": 0.1064180969260633,
        "powerflow_computation": 0.09660499962046742,
        "total": 0.6255914999637753
    },
    "total": 0.9502739999443293
}