{
    "Agent": {
        "total": 0.23303379999970275
    },
    "Env": {
        "apply_act": 0.48016540000026,
        "observation_computation": 0.09443799999462499,
        "powerflow_computation": 0.08086130000037883,
        "total": 0.6554646999952638
    },
    "total": 0.9710424999998395
}