{
    "Agent": {
        "total": 0.018491400000044678
    },
    "Env": {
        "apply_act": 0.21655430000015485,
        "observation_computation": 0.276736800000549,
        "powerflow_computation": 0.1290995999999609,
        "total": 0.6223907000006648
    },
    "total": 0.7909633000000156
}