{
    "Agent": {
        "total": 0.04460590076632798
    },
    "Env": {
        "apply_act": 0.11858849972486496,
        "observation_computation": 0.019843700109049678,
        "powerflow_computation": 0.016907599987462163,
        "total": 0.1553397998213768
    },
    "total": 0.2200320998672396
}