{
    "Agent": {
        "total": 0.10563880036352202
    },
    "Env": {
        "apply_act": 0.6998947995598428,
        "observation_computation": 0.09911150025436655,
        "powerflow_computation": 0.08467330015264452,
        "total": 0.8836795999668539
    },
    "total": 1.0773885999806225
}