{
    "Agent": {
        "total": 0.011983599999979333
    },
    "Env": {
        "apply_act": 0.13953070000039247,
        "observation_computation": 0.10110060000008048,
        "powerflow_computation": 0.0876365999997688,
        "total": 0.32826790000024175
    },
    "total": 0.4322585000000174
}