{
    "Agent": {
        "total": 0.09106070059351623
    },
    "Env": {
        "apply_act": 0.25985200074501336,
        "observation_computation": 0.05766889895312488,
        "powerflow_computation": 0.0594780002720654,
        "total": 0.37699889997020364
    },
    "total": 0.5195857000071555
}