{
    "Agent": {
        "total": 0.03849439951591194
    },
    "Env": {
        "apply_act": 0.08174199983477592,
        "observation_computation": 0.014981800457462668,
        "powerflow_computation": 0.01260839868336916,
        "total": 0.10933219897560775
    },
    "total": 0.16323619987815619
}