{
    "Agent": {
        "total": 0.04441320092882961
    },
    "Env": {
        "apply_act": 0.1469080998795107,
        "observation_computation": 0.03108299954328686,
        "powerflow_computation": 0.0267708005849272,
        "total": 0.20476190000772476
    },
    "total": 0.2802725000074133
}