{
    "Agent": {
        "total": 0.01252660108730197
    },
    "Env": {
        "apply_act": 0.030898899771273136,
        "observation_computation": 0.005419500172138214,
        "powerflow_computation": 0.005596999311819673,
        "total": 0.04191539925523102
    },
    "total": 0.05995339993387461
}