{
    "Agent": {
        "total": 0.11242580000055113
    },
    "Env": {
        "apply_act": 0.3416727000007995,
        "observation_computation": 0.06045690000019022,
        "powerflow_computation": 0.052244400000518,
        "total": 0.45437400000150774
    },
    "total": 0.6233344000000898
}