{
    "Agent": {
        "total": 0.006257099999857019
    },
    "Env": {
        "apply_act": 0.07592829999988737,
        "observation_computation": 0.05162149999995336,
        "powerflow_computation": 0.0471496000000684,
        "total": 0.17469939999990913
    },
    "total": 0.22791039999999896
}