{
    "Agent": {
        "total": 0.05337719991803169
    },
    "Env": {
        "apply_act": 0.1445298995822668,
        "observation_computation": 0.025142299127765,
        "powerflow_computation": 0.023381200153380632,
        "total": 0.19305339886341244
    },
    "total": 0.2708427000325173
}