{
    "Agent": {
        "total": 0.16182779980590567
    },
    "Env": {
        "apply_act": 0.6491092996438965,
        "observation_computation": 0.09224979969440028,
        "powerflow_computation": 0.08096329995896667,
        "total": 0.8223223992972635
    },
    "total": 1.0680378999968525
}