{
    "Agent": {
        "total": 0.2576742008095607
    },
    "Env": {
        "apply_act": 0.5339606010820717,
        "observation_computation": 0.09471819922327995,
        "powerflow_computation": 0.08397869992768392,
        "total": 0.7126575002330355
    },
    "total": 1.0648188999621198
}