{
    "Agent": {
        "total": 0.05592909996630624
    },
    "Env": {
        "apply_act": 0.21385010017547756,
        "observation_computation": 0.050932600221131,
        "powerflow_computation": 0.04902130027767271,
        "total": 0.31380400067428127
    },
    "total": 0.4170183000387624
}