{
    "Agent": {
        "total": 0.27255710000054023
    },
    "Env": {
        "apply_act": 0.2680866999976388,
        "observation_computation": 0.1316591999971024,
        "powerflow_computation": 0.12658449999935328,
        "total": 0.5263303999940945
    },
    "total": 0.925894499999913
}