{
    "Agent": {
        "total": 0.04279770003631711
    },
    "Env": {
        "apply_act": 0.10183030017651618,
        "observation_computation": 0.01709369895979762,
        "powerflow_computation": 0.01480440003797412,
        "total": 0.13372839917428792
    },
    "total": 0.19395429990254343
}