{
    "Agent": {
        "total": 0.005576299969106913
    },
    "Env": {
        "apply_act": 0.012960199965164065,
        "observation_computation": 0.0025056004524230957,
        "powerflow_computation": 0.002677199663594365,
        "total": 0.018143000081181526
    },
    "total": 0.02651060000061989
}