{
    "Agent": {
        "total": 0.20455339999261923
    },
    "Env": {
        "apply_act": 0.43085660000269854,
        "observation_computation": 0.08331680000264896,
        "powerflow_computation": 0.07532290000381181,
        "total": 0.5894963000091593
    },
    "total": 0.8837088000000222
}