{
    "Agent": {
        "total": 0.14862500061281025
    },
    "Env": {
        "apply_act": 0.5597241005161777,
        "observation_computation": 0.10264689871110022,
        "powerflow_computation": 0.09699660062324256,
        "total": 0.7593675998505205
    },
    "total": 1.0065119999926537
}