{
    "Agent": {
        "total": 0.011691499999955113
    },
    "Env": {
        "apply_act": 0.12477279999990287,
        "observation_computation": 0.08504549999980782,
        "powerflow_computation": 0.06826789999999505,
        "total": 0.27808619999970574
    },
    "total": 0.36766070000001605
}