{
    "Agent": {
        "total": 0.19883989999584628
    },
    "Env": {
        "apply_act": 0.23012539999854198,
        "observation_computation": 0.14036650000207374,
        "powerflow_computation": 0.12201779999986684,
        "total": 0.49250970000048255
    },
    "total": 0.8126350000000002
}