{
    "Agent": {
        "total": 0.019470100001171886
    },
    "Env": {
        "apply_act": 0.060123899999780406,
        "observation_computation": 0.013408499999513879,
        "powerflow_computation": 0.012475200000835684,
        "total": 0.08600760000012997
    },
    "total": 0.11887910000018564
}