{
    "Agent": {
        "total": 0.026772699999753513
    },
    "Env": {
        "apply_act": 0.2996795999999051,
        "observation_computation": 0.21061089999977867,
        "powerflow_computation": 0.16507889999985537,
        "total": 0.6753693999995392
    },
    "total": 0.8888519000000201
}