{
    "Agent": {
        "total": 0.012281900504603982
    },
    "Env": {
        "apply_act": 0.042409299639984965,
        "observation_computation": 0.009011999587528408,
        "powerflow_computation": 0.008053100085817277,
        "total": 0.05947439931333065
    },
    "total": 0.08019040001090616
}