{
    "Agent": {
        "total": 0.16189320004195906
    },
    "Env": {
        "apply_act": 0.5000747000449337,
        "observation_computation": 0.08191689996601781,
        "powerflow_computation": 0.06776800001534866,
        "total": 0.6497596000263002
    },
    "total": 0.8902954000004684
}