{
    "Agent": {
        "total": 0.22770069912075996
    },
    "Env": {
        "apply_act": 0.44150999980047345,
        "observation_computation": 0.11451440514065325,
        "powerflow_computation": 0.09578399918973446,
        "total": 0.6518084041308612
    },
    "total": 0.9897910999134183
}