{
    "Agent": {
        "total": 0.006286299787461758
    },
    "Env": {
        "apply_act": 0.014644199749454856,
        "observation_computation": 0.002842700108885765,
        "powerflow_computation": 0.002933599753305316,
        "total": 0.020420499611645937
    },
    "total": 0.029798900010064244
}