{
    "Agent": {
        "total": 0.043046999999603486
    },
    "Env": {
        "apply_act": 0.453316799999925,
        "observation_computation": 0.465721699999591,
        "powerflow_computation": 0.29336879999982557,
        "total": 1.2124072999993416
    },
    "total": 1.5611272999999812
}