{
    "Agent": {
        "total": 0.09957570000051419
    },
    "Env": {
        "apply_act": 0.12525460000119892,
        "observation_computation": 0.051402599998709775,
        "powerflow_computation": 0.04484289999913926,
        "total": 0.22150009999904796
    },
    "total": 0.3695658999999978
}