{
    "Agent": {
        "total": 0.03152989999992428
    },
    "Env": {
        "apply_act": 0.3415901000001611,
        "observation_computation": 0.37827009999887196,
        "powerflow_computation": 0.2075876999994648,
        "total": 0.9274478999984979
    },
    "total": 1.1909622999999954
}