{
    "Agent": {
        "total": 0.0033728000000046165
    },
    "Env": {
        "apply_act": 0.03900040000003813,
        "observation_computation": 0.02793970000001167,
        "powerflow_computation": 0.02513150000001474,
        "total": 0.09207160000006454
    },
    "total": 0.12111530000000315
}