{
    "Agent": {
        "total": 0.041692500468343496
    },
    "Env": {
        "apply_act": 0.08322999952360988,
        "observation_computation": 0.018383000046014786,
        "powerflow_computation": 0.01784640026744455,
        "total": 0.11945939983706921
    },
    "total": 0.17934729997068644
}