{
    "Agent": {
        "total": 0.07998670000011998
    },
    "Env": {
        "apply_act": 0.16843949999997676,
        "observation_computation": 0.030564799999751813,
        "powerflow_computation": 0.02346469999980627,
        "total": 0.22246899999953484
    },
    "total": 0.33553810000000794
}