{
    "Agent": {
        "total": 0.023247700126376003
    },
    "Env": {
        "apply_act": 0.08463309978833422,
        "observation_computation": 0.022142800269648433,
        "powerflow_computation": 0.020723300403915346,
        "total": 0.127499200461898
    },
    "total": 0.17055220005568117
}