{
    "Agent": {
        "total": 0.072637400473468
    },
    "Env": {
        "apply_act": 0.19637239980511367,
        "observation_computation": 0.04680640029255301,
        "powerflow_computation": 0.041148800868541,
        "total": 0.2843276009662077
    },
    "total": 0.40033090009819716
}