{
    "Agent": {
        "total": 0.08823009999991882
    },
    "Env": {
        "apply_act": 0.1693721999997706,
        "observation_computation": 0.04211750000013126,
        "powerflow_computation": 0.03466179999986707,
        "total": 0.24615149999976893
    },
    "total": 0.37402270000006865
}