{
    "Agent": {
        "total": 0.18492449999985183
    },
    "Env": {
        "apply_act": 0.5619531000000961,
        "observation_computation": 0.09819110000000819,
        "powerflow_computation": 0.08677859999920656,
        "total": 0.7469227999993109
    },
    "total": 1.0238763999999492
}