{
    "Agent": {
        "total": 0.002548699999948667
    },
    "Env": {
        "apply_act": 0.028688999999985754,
        "observation_computation": 0.019602599999956283,
        "powerflow_computation": 0.016946400000193762,
        "total": 0.0652380000001358
    },
    "total": 0.08640509999997903
}