{
    "Agent": {
        "total": 0.49876639999592953
    },
    "Env": {
        "apply_act": 0.7529806999973516,
        "observation_computation": 0.30981690000294293,
        "powerflow_computation": 0.26948760000118455,
        "total": 1.332285200001479
    },
    "total": 2.101899099999855
}