{
    "Agent": {
        "total": 0.0647669000001656
    },
    "Env": {
        "apply_act": 0.13949190000062117,
        "observation_computation": 0.02717649999982541,
        "powerflow_computation": 0.023034300000290386,
        "total": 0.18970270000073697
    },
    "total": 0.281913300000042
}