{
    "Agent": {
        "total": 0.019429399631917477
    },
    "Env": {
        "apply_act": 0.02807260036934167,
        "observation_computation": 0.013987999642267823,
        "powerflow_computation": 0.011891000089235604,
        "total": 0.0539516001008451
    },
    "total": 0.08745420002378523
}