{
    "Agent": {
        "total": 0.07320130000027802
    },
    "Env": {
        "apply_act": 0.14846399999964888,
        "observation_computation": 0.0332662000006394,
        "powerflow_computation": 0.03333860000054756,
        "total": 0.21506880000083584
    },
    "total": 0.3197761000000128
}