{
    "Agent": {
        "total": 0.7480190000007951
    },
    "Env": {
        "apply_act": 0.9290901000017584,
        "observation_computation": 0.35718030000032286,
        "powerflow_computation": 0.3055726999976969,
        "total": 1.5918430999997781
    },
    "total": 2.678477100000009
}