{
    "Agent": {
        "total": 0.6609033000058844
    },
    "Env": {
        "apply_act": 1.4409948999937114,
        "observation_computation": 0.26244530000440136,
        "powerflow_computation": 0.21709370000644412,
        "total": 1.920533900004557
    },
    "total": 2.820733300000029
}