{
    "Agent": {
        "total": 0.4370896013570018
    },
    "Env": {
        "apply_act": 0.9698804005747661,
        "observation_computation": 0.1682719001546502,
        "powerflow_computation": 0.15895880019525066,
        "total": 1.297111100924667
    },
    "total": 1.9014299999689683
}