{
    "Agent": {
        "total": 0.021840199999999754
    },
    "Env": {
        "apply_act": 0.24131909999999124,
        "observation_computation": 0.16126289999995436,
        "powerflow_computation": 0.13581339999993247,
        "total": 0.5383953999998781
    },
    "total": 0.7077583000000018
}