{
    "Agent": {
        "total": 1.0032042000029833
    },
    "Env": {
        "apply_act": 1.2590531000005285,
        "observation_computation": 0.4653511000017261,
        "powerflow_computation": 0.4074353999963023,
        "total": 2.131839599998557
    },
    "total": 3.5877070000001368
}