{
    "Agent": {
        "total": 0.12826079921796918
    },
    "Env": {
        "apply_act": 0.26887419988634065,
        "observation_computation": 0.04853250057203695,
        "powerflow_computation": 0.047304999898187816,
        "total": 0.3647117003565654
    },
    "total": 0.5421910000150092
}