{
    "Agent": {
        "total": 0.27926590040442534
    },
    "Env": {
        "apply_act": 0.8096404002862982,
        "observation_computation": 0.12026669981423765,
        "powerflow_computation": 0.10402279964182526,
        "total": 1.0339298997423612
    },
    "total": 1.4292247999983374
}