{
    "Agent": {
        "total": 0.023354400000073383
    },
    "Env": {
        "apply_act": 0.2571900999999457,
        "observation_computation": 0.17818430000022545,
        "powerflow_computation": 0.14414239999968004,
        "total": 0.5795167999998512
    },
    "total": 0.7645928000000026
}