{
    "Agent": {
        "total": 1.2982019999994918
    },
    "Env": {
        "apply_act": 1.3107680999942204,
        "observation_computation": 0.6780614000035712,
        "powerflow_computation": 0.5827152999950158,
        "total": 2.5715447999928074
    },
    "total": 4.4746101000000635
}