{
    "Agent": {
        "total": 0.12557550000133233
    },
    "Env": {
        "apply_act": 0.1337295999996968,
        "observation_computation": 0.08236210000245592,
        "powerflow_computation": 0.07014380000146048,
        "total": 0.2862355000036132
    },
    "total": 0.4850186000001031
}