{
    "Agent": {
        "total": 0.04756040000006578
    },
    "Env": {
        "apply_act": 0.11224619999984498,
        "observation_computation": 0.021733900000242556,
        "powerflow_computation": 0.017240800000024592,
        "total": 0.15122090000011212
    },
    "total": 0.21896540000000186
}