{
    "Agent": {
        "total": 0.015019499999823438
    },
    "Env": {
        "apply_act": 0.14516610000072205,
        "observation_computation": 0.09870259999968312,
        "powerflow_computation": 0.08251369999942426,
        "total": 0.32638239999982943
    },
    "total": 0.43751129999998284
}