{
    "Agent": {
        "total": 0.13602220000007037
    },
    "Env": {
        "apply_act": 0.40026029999989987,
        "observation_computation": 0.0697864999998501,
        "powerflow_computation": 0.06691380000006575,
        "total": 0.5369605999998157
    },
    "total": 0.7406879000000117
}