{
    "Agent": {
        "total": 0.06736229942180216
    },
    "Env": {
        "apply_act": 0.2217613987158984,
        "observation_computation": 0.045597602846100926,
        "powerflow_computation": 0.045306800631806254,
        "total": 0.3126658021938056
    },
    "total": 0.4242787000257522
}