{
    "Agent": {
        "total": 0.045104799908585846
    },
    "Env": {
        "apply_act": 0.10027210076805204,
        "observation_computation": 0.023483899771235883,
        "powerflow_computation": 0.021743099787272513,
        "total": 0.14549910032656044
    },
    "total": 0.2128359000198543
}