{
    "Agent": {
        "total": 0.06231619976460934
    },
    "Env": {
        "apply_act": 0.1665181997232139,
        "observation_computation": 0.026650000945664942,
        "powerflow_computation": 0.022790699964389205,
        "total": 0.21595890063326806
    },
    "total": 0.3044693999690935
}