{
    "Agent": {
        "total": 0.0002661000000188096
    },
    "Env": {
        "apply_act": 0.003121800000002395,
        "observation_computation": 0.001805500000003235,
        "powerflow_computation": 0.002604400000038254,
        "total": 0.007531700000043884
    },
    "total": 0.009645800000001259
}