{
    "Agent": {
        "total": 0.08035369999970499
    },
    "Env": {
        "apply_act": 0.1571844999998575,
        "observation_computation": 0.035209400000553615,
        "powerflow_computation": 0.030548800000588017,
        "total": 0.22294270000099914
    },
    "total": 0.33556829999997717
}