{
    "Agent": {
        "total": 0.02066969987936318
    },
    "Env": {
        "apply_act": 0.04516249994048849,
        "observation_computation": 0.007762899971567094,
        "powerflow_computation": 0.008648400020319968,
        "total": 0.06157379993237555
    },
    "total": 0.08997849997831509
}