{
    "Agent": {
        "total": 0.03239170019514859
    },
    "Env": {
        "apply_act": 0.0703797999303788,
        "observation_computation": 0.01511960057541728,
        "powerflow_computation": 0.013627499574795365,
        "total": 0.09912690008059144
    },
    "total": 0.1461532001849264
}