{
    "Agent": {
        "total": 0.07631729999411618
    },
    "Env": {
        "apply_act": 0.2200178000057349,
        "observation_computation": 0.038055199998780154,
        "powerflow_computation": 0.03318430001672823,
        "total": 0.2912573000212433
    },
    "total": 0.4040196999994805
}