{
    "Agent": {
        "total": 0.10530569986440241
    },
    "Env": {
        "apply_act": 0.3108764996868558,
        "observation_computation": 0.04947449979954399,
        "powerflow_computation": 0.0419827000296209,
        "total": 0.4023336995160207
    },
    "total": 0.5563662999775261
}