{
    "Agent": {
        "total": 0.05855600000359118
    },
    "Env": {
        "apply_act": 0.16001259966287762,
        "observation_computation": 0.027199700358323753,
        "powerflow_computation": 0.024631399428471923,
        "total": 0.2118436994496733
    },
    "total": 0.2972136000171304
}