{
    "Agent": {
        "total": 0.12325309892185032
    },
    "Env": {
        "apply_act": 0.2525571978185326,
        "observation_computation": 0.07858739956282079,
        "powerflow_computation": 0.06793679925613105,
        "total": 0.39908139663748443
    },
    "total": 0.5933008999563754
}