{
    "Agent": {
        "total": 0.18737040122505277
    },
    "Env": {
        "apply_act": 0.5231740013696253,
        "observation_computation": 0.0902474009199068,
        "powerflow_computation": 0.08468349976465106,
        "total": 0.6981049020541832
    },
    "total": 0.972937099984847
}