{
    "Agent": {
        "total": 0.5145363999998835
    },
    "Env": {
        "apply_act": 0.7585515000002943,
        "observation_computation": 0.3252516999993986,
        "powerflow_computation": 0.27281620000087514,
        "total": 1.356619400000568
    },
    "total": 2.164419299999963
}