{
    "Agent": {
        "total": 1.0479672999915692
    },
    "Env": {
        "apply_act": 1.8824382999966929,
        "observation_computation": 0.5074670999995305,
        "powerflow_computation": 0.43391279999696053,
        "total": 2.823818199993184
    },
    "total": 4.358453499999996
}