{
    "Agent": {
        "total": 0.5805570999989413
    },
    "Env": {
        "apply_act": 0.33537500000034015,
        "observation_computation": 0.20416790000058427,
        "powerflow_computation": 0.1723264999998264,
        "total": 0.7118694000007508
    },
    "total": 1.4734952999999678
}