{
    "Agent": {
        "total": 0.24302270000544013
    },
    "Env": {
        "apply_act": 1.3083512999974118,
        "observation_computation": 0.22632470000235116,
        "powerflow_computation": 0.2015837000067222,
        "total": 1.7362597000064852
    },
    "total": 2.1774757999996837
}