{
    "Agent": {
        "total": 0.021487999998953455
    },
    "Env": {
        "apply_act": 0.08900130000074569,
        "observation_computation": 0.021685799999431765,
        "powerflow_computation": 0.019540200001301855,
        "total": 0.1302273000014793
    },
    "total": 0.17239870000003066
}