{
    "Agent": {
        "total": 0.17536499991547316
    },
    "Env": {
        "apply_act": 0.7058401996036991,
        "observation_computation": 0.1306710997596383,
        "powerflow_computation": 0.11219710030127317,
        "total": 0.9487083996646106
    },
    "total": 1.2466659999918193
}