{
    "Agent": {
        "total": 0.3723638000028586
    },
    "Env": {
        "apply_act": 1.0226971000060985,
        "observation_computation": 0.10828870000432289,
        "powerflow_computation": 0.09452530000271508,
        "total": 1.2255111000131365
    },
    "total": 1.6905265000000327
}