{
    "Agent": {
        "total": 0.0008355999999594133
    },
    "Env": {
        "apply_act": 0.0,
        "observation_computation": 0.0,
        "powerflow_computation": 0.0,
        "total": 0.0
    },
    "total": 0.003036000000065542
}