{
    "Agent": {
        "total": 0.06380069977603853
    },
    "Env": {
        "apply_act": 0.31010530004277825,
        "observation_computation": 0.04586229962296784,
        "powerflow_computation": 0.04235640016850084,
        "total": 0.39832399983424693
    },
    "total": 0.5057253999402747
}