{
    "Agent": {
        "total": 0.24807849910575897
    },
    "Env": {
        "apply_act": 0.5967165004694834,
        "observation_computation": 0.1570810981793329,
        "powerflow_computation": 0.13482480077072978,
        "total": 0.8886223994195461
    },
    "total": 1.277360500069335
}