{
    "Agent": {
        "total": 0.21803860319778323
    },
    "Env": {
        "apply_act": 0.42757220077328384,
        "observation_computation": 0.1082599968649447,
        "powerflow_computation": 0.09330939897336066,
        "total": 0.6291415966115892
    },
    "total": 0.951248100027442
}