{
    "Agent": {
        "total": 0.007017000112682581
    },
    "Env": {
        "apply_act": 0.013633200200274587,
        "observation_computation": 0.0035087005235254765,
        "powerflow_computation": 0.00345729966647923,
        "total": 0.020599200390279293
    },
    "total": 0.031119200168177485
}