{
    "Agent": {
        "total": 0.0007949999999823376
    },
    "Env": {
        "apply_act": 0.0,
        "observation_computation": 0.0,
        "powerflow_computation": 0.0,
        "total": 0.0
    },
    "total": 0.001889899999980571
}