{
    "Agent": {
        "total": 0.013262500000564614
    },
    "Env": {
        "apply_act": 0.028421399999842833,
        "observation_computation": 0.0051574999997683335,
        "powerflow_computation": 0.005893299999797819,
        "total": 0.039472199999408986
    },
    "total": 0.07855099999983395
}