{
    "Agent": {
        "total": 0.39315590052865446
    },
    "Env": {
        "apply_act": 0.8525266004726291,
        "observation_computation": 0.19197190075647086,
        "powerflow_computation": 0.16886989818885922,
        "total": 1.2133683994179592
    },
    "total": 1.792266600066796
}