{
    "Agent": {
        "total": 0.3961427000058393
    },
    "Env": {
        "apply_act": 0.4295403000041915,
        "observation_computation": 0.14070330000322429,
        "powerflow_computation": 0.12625419999767473,
        "total": 0.6964978000050905
    },
    "total": 1.2279547999996794
}