{
    "Agent": {
        "total": 0.05781220000153553
    },
    "Env": {
        "apply_act": 0.3035741999997299,
        "observation_computation": 0.057262600001195096,
        "powerflow_computation": 0.05058099999996557,
        "total": 0.41141780000089057
    },
    "total": 0.5198238000002675
}