{
    "Agent": {
        "total": 0.04095030000007682
    },
    "Env": {
        "apply_act": 0.08425390000030575,
        "observation_computation": 0.017777099999875645,
        "powerflow_computation": 0.015019299999892155,
        "total": 0.11705030000007355
    },
    "total": 0.176190599999984
}