{
    "Agent": {
        "total": 0.03232359956018627
    },
    "Env": {
        "apply_act": 0.10136839922051877,
        "observation_computation": 0.02317429962567985,
        "powerflow_computation": 0.02265950001310557,
        "total": 0.1472021988593042
    },
    "total": 0.20124099997337908
}