{
    "Agent": {
        "total": 0.0066132000006859926
    },
    "Env": {
        "apply_act": 0.06976009999993948,
        "observation_computation": 0.05092780000023822,
        "powerflow_computation": 0.04168520000052922,
        "total": 0.16237310000070693
    },
    "total": 0.21694899999999961
}