{
    "Agent": {
        "total": 0.43982900000446534
    },
    "Env": {
        "apply_act": 1.2239500999967277,
        "observation_computation": 0.19369280000364597,
        "powerflow_computation": 0.1717928999983087,
        "total": 1.5894357999986823
    },
    "total": 2.216395399999783
}