{
    "Agent": {
        "total": 0.02168910054024309
    },
    "Env": {
        "apply_act": 0.04716949933208525,
        "observation_computation": 0.011828300543129444,
        "powerflow_computation": 0.009742900379933417,
        "total": 0.06874070025514811
    },
    "total": 0.10236080002505332
}