{
    "Agent": {
        "total": 0.0011129999999752727
    },
    "Env": {
        "apply_act": 0.0,
        "observation_computation": 0.0,
        "powerflow_computation": 0.0,
        "total": 0.0
    },
    "total": 0.0025859999999511274
}