{
    "Agent": {
        "total": 0.10780539999950634
    },
    "Env": {
        "apply_act": 0.3092771000004859,
        "observation_computation": 0.055765299999620765,
        "powerflow_computation": 0.050597200000652265,
        "total": 0.41563960000075895
    },
    "total": 0.575594199999955
}