{
    "Agent": {
        "total": 0.021709200000259443
    },
    "Env": {
        "apply_act": 0.09255240000084086,
        "observation_computation": 0.021235600000636623,
        "powerflow_computation": 0.020696700001280988,
        "total": 0.13448470000275847
    },
    "total": 0.1749988999999914
}