{
    "Agent": {
        "total": 0.05671300052199513
    },
    "Env": {
        "apply_act": 0.1166926003061235,
        "observation_computation": 0.021191300824284554,
        "powerflow_computation": 0.01789779937826097,
        "total": 0.15578170050866902
    },
    "total": 0.23493859998416156
}