{
    "Agent": {
        "total": 0.02299979969393462
    },
    "Env": {
        "apply_act": 0.05212079978082329,
        "observation_computation": 0.017268600524403155,
        "powerflow_computation": 0.014690899988636374,
        "total": 0.08408030029386282
    },
    "total": 0.12433209992013872
}