{
    "Agent": {
        "total": 0.0268779999997264
    },
    "Env": {
        "apply_act": 0.05977549999983012,
        "observation_computation": 0.009741200000121353,
        "powerflow_computation": 0.009926300000245192,
        "total": 0.07944300000019666
    },
    "total": 0.11725209999997332
}