{
    "Agent": {
        "total": 0.042510500000389584
    },
    "Env": {
        "apply_act": 0.21500310000647005,
        "observation_computation": 0.035001100000954466,
        "powerflow_computation": 0.030206599999473838,
        "total": 0.28021080000689835
    },
    "total": 0.35392440000032366
}