{
    "Agent": {
        "total": 0.0007164000999182463
    },
    "Env": {
        "apply_act": 0.0,
        "observation_computation": 0.0,
        "powerflow_computation": 0.0,
        "total": 0.0
    },
    "total": 0.001740999985486269
}