{
    "Agent": {
        "total": 0.0007292000000234111
    },
    "Env": {
        "apply_act": 0.0,
        "observation_computation": 0.0,
        "powerflow_computation": 0.0,
        "total": 0.0
    },
    "total": 0.001796400000102949
}