{
    "Agent": {
        "total": 0.004972000000073251
    },
    "Env": {
        "apply_act": 0.05887430000004912,
        "observation_computation": 0.0413747000000555,
        "powerflow_computation": 0.037687400000002924,
        "total": 0.13793640000010754
    },
    "total": 0.18204310000000135
}