{
    "Agent": {
        "total": 0.20594239962520078
    },
    "Env": {
        "apply_act": 0.8124705000664108,
        "observation_computation": 0.18505779939005151,
        "powerflow_computation": 0.17691470007412136,
        "total": 1.1744429995305836
    },
    "total": 1.550276699999813
}