{
    "Agent": {
        "total": 0.0782274988014251
    },
    "Env": {
        "apply_act": 0.12761589931324124,
        "observation_computation": 0.0409035999327898,
        "powerflow_computation": 0.03615830070339143,
        "total": 0.20467779994942248
    },
    "total": 0.3215665000025183
}