{
    "Agent": {
        "total": 0.05644889920949936
    },
    "Env": {
        "apply_act": 0.2219463991932571,
        "observation_computation": 0.04055900010280311,
        "powerflow_computation": 0.034784900257363915,
        "total": 0.2972902995534241
    },
    "total": 0.39307820005342364
}