{
    "Agent": {
        "total": 0.29240979999394767
    },
    "Env": {
        "apply_act": 1.3864683000024343,
        "observation_computation": 0.23745999999619016,
        "powerflow_computation": 0.19992300000285468,
        "total": 1.823851300001479
    },
    "total": 2.3344208999997136
}