{
    "Agent": {
        "total": 0.01114110000042956
    },
    "Env": {
        "apply_act": 0.12006819999967888,
        "observation_computation": 0.08635170000010817,
        "powerflow_computation": 0.07138609999978485,
        "total": 0.2778059999995719
    },
    "total": 0.36884150000000204
}