{
    "Agent": {
        "total": 0.23720290000085242
    },
    "Env": {
        "apply_act": 0.7339120999988609,
        "observation_computation": 0.12447710000071766,
        "powerflow_computation": 0.11824529999887545,
        "total": 0.976634499998454
    },
    "total": 1.3289609000000837
}