{
    "Agent": {
        "total": 0.0837308999907691
    },
    "Env": {
        "apply_act": 0.1818318999139592,
        "observation_computation": 0.03355410022777505,
        "powerflow_computation": 0.030937800067476928,
        "total": 0.24632380020921119
    },
    "total": 0.3633405000146013
}