{
    "Agent": {
        "total": 3.1481692000020303
    },
    "Env": {
        "apply_act": 3.2140052000027026,
        "observation_computation": 1.608821300001182,
        "powerflow_computation": 1.447373299998162,
        "total": 6.270199800002047
    },
    "total": 10.969517999999994
}