{
    "Agent": {
        "total": 0.04556139907799661
    },
    "Env": {
        "apply_act": 0.10162819968536496,
        "observation_computation": 0.017436600988730788,
        "powerflow_computation": 0.015182199189439416,
        "total": 0.13424699986353517
    },
    "total": 0.19781020004302263
}