{
    "Agent": {
        "total": 0.007306500105187297
    },
    "Env": {
        "apply_act": 0.013275399571284652,
        "observation_computation": 0.003076500492170453,
        "powerflow_computation": 0.0032173004001379013,
        "total": 0.019569200463593006
    },
    "total": 0.03005109983496368
}