{
    "Agent": {
        "total": 0.37463770000181285
    },
    "Env": {
        "apply_act": 0.4887360000013814,
        "observation_computation": 0.18595940000182054,
        "powerflow_computation": 0.1605636000042523,
        "total": 0.8352590000074542
    },
    "total": 1.3868903999998565
}