{
    "Agent": {
        "total": 0.008233200060203671
    },
    "Env": {
        "apply_act": 0.01712320023216307,
        "observation_computation": 0.0031882000621408224,
        "powerflow_computation": 0.003196199657395482,
        "total": 0.023507599951699376
    },
    "total": 0.035144400084391236
}