{
    "Agent": {
        "total": 0.027834200009237975
    },
    "Env": {
        "apply_act": 0.12482679991808254,
        "observation_computation": 0.02461069996934384,
        "powerflow_computation": 0.023708999971859157,
        "total": 0.17314649985928554
    },
    "total": 0.22464259999105707
}