{
    "Agent": {
        "total": 0.030090800000266427
    },
    "Env": {
        "apply_act": 0.05994099999975333,
        "observation_computation": 0.011963100000116356,
        "powerflow_computation": 0.011738199999967946,
        "total": 0.08364229999983763
    },
    "total": 0.1262242000000242
}