{
    "Agent": {
        "total": 0.029157399898394942
    },
    "Env": {
        "apply_act": 0.07928890036419034,
        "observation_computation": 0.013576900819316506,
        "powerflow_computation": 0.01138480007648468,
        "total": 0.10425060125999153
    },
    "total": 0.1471208999864757
}