{
    "Agent": {
        "total": 0.07030610000037996
    },
    "Env": {
        "apply_act": 0.20111269999597425,
        "observation_computation": 0.030139600000438804,
        "powerflow_computation": 0.026834900003905204,
        "total": 0.25808720000031826
    },
    "total": 0.3585852999999588
}