{
    "Agent": {
        "total": 0.06633689941372722
    },
    "Env": {
        "apply_act": 0.17182959988713264,
        "observation_computation": 0.059080400213133544,
        "powerflow_computation": 0.051356400130316615,
        "total": 0.2822664002305828
    },
    "total": 0.40186959999846295
}