{
    "Agent": {
        "total": 0.05219070000009651
    },
    "Env": {
        "apply_act": 0.5868704999996339,
        "observation_computation": 0.5546320000007654,
        "powerflow_computation": 0.37218570000069917,
        "total": 1.5136882000010985
    },
    "total": 1.962109799999979
}