{
    "Agent": {
        "total": 0.011944500000765856
    },
    "Env": {
        "apply_act": 0.13313999999968473,
        "observation_computation": 0.09583689999976741,
        "powerflow_computation": 0.08667489999987765,
        "total": 0.3156517999993298
    },
    "total": 0.4162524999999846
}