{
    "Agent": {
        "total": 0.25710289999983615
    },
    "Env": {
        "apply_act": 1.588502800000441,
        "observation_computation": 1.0976428999999825,
        "powerflow_computation": 0.8978469000007578,
        "total": 3.5839926000011815
    },
    "total": 4.833865199999991
}