{
    "Agent": {
        "total": 0.07722490000651305
    },
    "Env": {
        "apply_act": 0.04239489999690704,
        "observation_computation": 0.0266198000017539,
        "powerflow_computation": 0.023726000000351632,
        "total": 0.09274069999901258
    },
    "total": 0.1958162999999331
}