{
    "Agent": {
        "total": 0.27157629999999244
    },
    "Env": {
        "apply_act": 0.6074027999992495,
        "observation_computation": 0.12918259999935344,
        "powerflow_computation": 0.10949769999933778,
        "total": 0.8460830999979407
    },
    "total": 1.2399196000000074
}