{
    "Agent": {
        "total": 0.1969728000028681
    },
    "Env": {
        "apply_act": 0.19348960000047555,
        "observation_computation": 0.09406910000143398,
        "powerflow_computation": 0.08493899999848509,
        "total": 0.3724977000003946
    },
    "total": 0.6609430999999404
}