{
    "Agent": {
        "total": 0.026824699991266243
    },
    "Env": {
        "apply_act": 0.10493570001563057,
        "observation_computation": 0.023087299967301078,
        "powerflow_computation": 0.019538400025339797,
        "total": 0.14756140000827145
    },
    "total": 0.1966068999900017
}