{
    "Agent": {
        "total": 0.22137319999137617
    },
    "Env": {
        "apply_act": 1.164924500001689,
        "observation_computation": 0.22162840000555661,
        "powerflow_computation": 0.1874249999955282,
        "total": 1.5739779000027738
    },
    "total": 1.989325000000008
}