{
    "Agent": {
        "total": 0.018026999999975146
    },
    "Env": {
        "apply_act": 0.20741209999971488,
        "observation_computation": 0.2635666000001322,
        "powerflow_computation": 0.12980410000008646,
        "total": 0.6007827999999336
    },
    "total": 0.7614731999999975
}