{
    "Agent": {
        "total": 0.11498289997689426
    },
    "Env": {
        "apply_act": 0.5125034998345654,
        "observation_computation": 0.10510300006717443,
        "powerflow_computation": 0.09286749985767528,
        "total": 0.7104739997594152
    },
    "total": 0.9183290000073612
}