{
    "Agent": {
        "total": 0.13450209999996332
    },
    "Env": {
        "apply_act": 0.23631089999776123,
        "observation_computation": 0.05887669999970058,
        "powerflow_computation": 0.059590999997453764,
        "total": 0.35477859999491557
    },
    "total": 0.5468736999998782
}