{
    "Agent": {
        "total": 0.8673837000048934
    },
    "Env": {
        "apply_act": 0.9038377999975182,
        "observation_computation": 0.5543801999942843,
        "powerflow_computation": 0.46977429999583364,
        "total": 1.9279922999876362
    },
    "total": 3.2817422000000533
}