{
    "Agent": {
        "total": 0.07472029999962615
    },
    "Env": {
        "apply_act": 0.26344359999848166,
        "observation_computation": 0.04302369999822986,
        "powerflow_computation": 0.035977500002445595,
        "total": 0.3424447999991571
    },
    "total": 0.4591800999996849
}