{
    "Agent": {
        "total": 0.005106000000068889
    },
    "Env": {
        "apply_act": 0.061433899999997266,
        "observation_computation": 0.043090299999903436,
        "powerflow_computation": 0.039923299999941264,
        "total": 0.14444749999984197
    },
    "total": 0.18908979999997655
}