{
    "Agent": {
        "total": 0.043665699999593244
    },
    "Env": {
        "apply_act": 0.48585240000036833,
        "observation_computation": 0.5035871000001464,
        "powerflow_computation": 0.2805603000001895,
        "total": 1.2699998000007042
    },
    "total": 1.618518800000004
}