{
    "Agent": {
        "total": 0.17482269718311727
    },
    "Env": {
        "apply_act": 0.5873134990688413,
        "observation_computation": 0.13053000229410827,
        "powerflow_computation": 0.11515859863720834,
        "total": 0.833002100000158
    },
    "total": 1.1304794000461698
}