{
    "Agent": {
        "total": 0.004506900000023961
    },
    "Env": {
        "apply_act": 0.051057299999570205,
        "observation_computation": 0.036589999999819156,
        "powerflow_computation": 0.034209200000248075,
        "total": 0.12185649999963744
    },
    "total": 0.16026809999999614
}