{
    "Agent": {
        "total": 0.2176074999974844
    },
    "Env": {
        "apply_act": 0.5968475000022408,
        "observation_computation": 0.09338850000267485,
        "powerflow_computation": 0.086787600003845,
        "total": 0.7770236000087607
    },
    "total": 1.0872043999997913
}