{
    "Agent": {
        "total": 0.09841070114634931
    },
    "Env": {
        "apply_act": 0.26710720057599247,
        "observation_computation": 0.07195990160107613,
        "powerflow_computation": 0.06644989945925772,
        "total": 0.4055170016363263
    },
    "total": 0.5723935000132769
}