{
    "Agent": {
        "total": 0.0009685999248176813
    },
    "Env": {
        "apply_act": 0.0,
        "observation_computation": 0.0,
        "powerflow_computation": 0.0,
        "total": 0.0
    },
    "total": 0.002193800173699856
}