{
    "Agent": {
        "total": 0.30066299869213253
    },
    "Env": {
        "apply_act": 0.8549320007441565,
        "observation_computation": 0.20367900119163096,
        "powerflow_computation": 0.18128729960881174,
        "total": 1.2398983015445992
    },
    "total": 1.7220908999443054
}