{
    "Agent": {
        "total": 0.056101800000760704
    },
    "Env": {
        "apply_act": 0.1628249000013966,
        "observation_computation": 0.023974999997335544,
        "powerflow_computation": 0.021060599998236285,
        "total": 0.20786049999696843
    },
    "total": 0.2886817000003248
}