{
    "Agent": {
        "total": 0.01325980000024174
    },
    "Env": {
        "apply_act": 0.010177300000123068,
        "observation_computation": 0.005937700000231416,
        "powerflow_computation": 0.006983700000319004,
        "total": 0.02309870000067349
    },
    "total": 0.042167400000153066
}