{
    "Agent": {
        "total": 0.021087099565193057
    },
    "Env": {
        "apply_act": 0.022919900016859174,
        "observation_computation": 0.013301000464707613,
        "powerflow_computation": 0.012261800118722022,
        "total": 0.04848270060028881
    },
    "total": 0.08171529998071492
}