{
    "Agent": {
        "total": 0.03723099999985635
    },
    "Env": {
        "apply_act": 0.4158833999999878,
        "observation_computation": 0.29705560000000375,
        "powerflow_computation": 0.24598980000012816,
        "total": 0.9589288000001197
    },
    "total": 1.280400499999999
}