{
    "Agent": {
        "total": 0.22466510045342147
    },
    "Env": {
        "apply_act": 0.312644399702549,
        "observation_computation": 0.12954550189897418,
        "powerflow_computation": 0.11161709972657263,
        "total": 0.5538070013280958
    },
    "total": 0.8946100000757724
}