{
    "Agent": {
        "total": 0.061118000536225736
    },
    "Env": {
        "apply_act": 0.12384120002388954,
        "observation_computation": 0.024155799997970462,
        "powerflow_computation": 0.021196399815380573,
        "total": 0.16919339983724058
    },
    "total": 0.2549334999639541
}