{
    "Agent": {
        "total": 0.12423540000077082
    },
    "Env": {
        "apply_act": 0.25078709999979765,
        "observation_computation": 0.05823129999896537,
        "powerflow_computation": 0.0496360000003051,
        "total": 0.3586543999990681
    },
    "total": 0.5389338999999609
}