{
    "Agent": {
        "total": 0.7346667999972851
    },
    "Env": {
        "apply_act": 2.519499600002746,
        "observation_computation": 0.408376599991243,
        "powerflow_computation": 0.34060159999535244,
        "total": 3.2684777999893413
    },
    "total": 4.339947000000393
}