{
    "Agent": {
        "total": 0.0351319000010335
    },
    "Env": {
        "apply_act": 0.07156010000289825,
        "observation_computation": 0.013155599999663536,
        "powerflow_computation": 0.010372800004006422,
        "total": 0.09508850000656821
    },
    "total": 0.14377989999957208
}