{
    "Agent": {
        "total": 0.16344590000016979
    },
    "Env": {
        "apply_act": 0.15658580000058464,
        "observation_computation": 0.0922773999996025,
        "powerflow_computation": 0.08296290000021145,
        "total": 0.3318261000003986
    },
    "total": 0.5770779000001767
}