{
    "Agent": {
        "total": 0.06185220000043046
    },
    "Env": {
        "apply_act": 0.033497599996735516,
        "observation_computation": 0.02232890000232146,
        "powerflow_computation": 0.01973439999619586,
        "total": 0.07556089999525284
    },
    "total": 0.15936349999992672
}