{
    "Agent": {
        "total": 0.08335390069987625
    },
    "Env": {
        "apply_act": 0.1589866002323106,
        "observation_computation": 0.03133110026828945,
        "powerflow_computation": 0.02876029978506267,
        "total": 0.2190780002856627
    },
    "total": 0.3338551999768242
}