{
    "Agent": {
        "total": 0.0016474000000528122
    },
    "Env": {
        "apply_act": 0.01948770000021227,
        "observation_computation": 0.013632499999971515,
        "powerflow_computation": 0.012623099999814258,
        "total": 0.045743299999998044
    },
    "total": 0.05998069999998279
}