{
    "Agent": {
        "total": 0.35794359999874814
    },
    "Env": {
        "apply_act": 0.3636907000008023,
        "observation_computation": 0.22675670000216996,
        "powerflow_computation": 0.18310299999882318,
        "total": 0.7735504000017954
    },
    "total": 1.3318393999999216
}