{
    "Agent": {
        "total": 0.3000342000011642
    },
    "Env": {
        "apply_act": 0.9525493999993841,
        "observation_computation": 0.1397757000004276,
        "powerflow_computation": 0.1237944999999172,
        "total": 1.216119599999729
    },
    "total": 1.6468607000000475
}