{
    "Agent": {
        "total": 0.04324839999924279
    },
    "Env": {
        "apply_act": 0.035549700000160556,
        "observation_computation": 0.0208623999997144,
        "powerflow_computation": 0.018422500000269793,
        "total": 0.07483460000014475
    },
    "total": 0.13796919999992951
}