{
    "Agent": {
        "total": 1.0203780999977425
    },
    "Env": {
        "apply_act": 2.6103545999942526,
        "observation_computation": 0.7135654000064733,
        "powerflow_computation": 0.6238254999941546,
        "total": 3.9477454999948804
    },
    "total": 5.594464700000117
}