{
    "Agent": {
        "total": 0.39523320000012063
    },
    "Env": {
        "apply_act": 1.1927577000012661,
        "observation_computation": 0.20339959999773782,
        "powerflow_computation": 0.19167950000121436,
        "total": 1.5878368000002183
    },
    "total": 2.1712642999999616
}