{
    "Agent": {
        "total": 0.06152589999999947
    },
    "Env": {
        "apply_act": 0.7012873999999982,
        "observation_computation": 0.4780429999999214,
        "powerflow_computation": 0.40299870000003324,
        "total": 1.5823290999999529
    },
    "total": 2.0711588000000063
}