{
    "Agent": {
        "total": 0.06265979958698153
    },
    "Env": {
        "apply_act": 0.20162680058274418,
        "observation_computation": 0.04506260110065341,
        "powerflow_computation": 0.0405949002597481,
        "total": 0.2872843019431457
    },
    "total": 0.39305449998937547
}