{
    "Agent": {
        "total": 0.025610799668356776
    },
    "Env": {
        "apply_act": 0.07337999960873276,
        "observation_computation": 0.016277799382805824,
        "powerflow_computation": 0.014381399960257113,
        "total": 0.1040391989517957
    },
    "total": 0.14627080003265291
}