{
    "Agent": {
        "total": 0.04395970038603991
    },
    "Env": {
        "apply_act": 0.0964531993959099,
        "observation_computation": 0.022332300199195743,
        "powerflow_computation": 0.019107500440441072,
        "total": 0.13789300003554672
    },
    "total": 0.20308289991226047
}