{
    "Agent": {
        "total": 0.03299359907396138
    },
    "Env": {
        "apply_act": 0.07708769966848195,
        "observation_computation": 0.013265300542116165,
        "powerflow_computation": 0.01167019852437079,
        "total": 0.1020231987349689
    },
    "total": 0.14818720007315278
}