{
    "Agent": {
        "total": 0.00835690088570118
    },
    "Env": {
        "apply_act": 0.0175224004779011,
        "observation_computation": 0.0038622000720351934,
        "powerflow_computation": 0.004504400305449963,
        "total": 0.025889000855386257
    },
    "total": 0.03814970003440976
}