{
    "Agent": {
        "total": 0.42871580000019094
    },
    "Env": {
        "apply_act": 0.9151209000000335,
        "observation_computation": 0.1964162999989867,
        "powerflow_computation": 0.17882619999818417,
        "total": 1.2903633999972044
    },
    "total": 1.9117400999999745
}