{
    "Agent": {
        "total": 0.29684460000044055
    },
    "Env": {
        "apply_act": 0.6334928000039781,
        "observation_computation": 0.14023049999968862,
        "powerflow_computation": 0.14185410000027332,
        "total": 0.9155774000039401
    },
    "total": 1.3483091999999033
}