{
    "Agent": {
        "total": 0.052234099999679984
    },
    "Env": {
        "apply_act": 0.131380999999692,
        "observation_computation": 0.022376400000041485,
        "powerflow_computation": 0.022908499999971355,
        "total": 0.17666589999970483
    },
    "total": 0.25118620000000647
}