{
    "Agent": {
        "total": 0.0285644000002776
    },
    "Env": {
        "apply_act": 0.0922707999998238,
        "observation_computation": 0.020881500000086817,
        "powerflow_computation": 0.019792099999904167,
        "total": 0.13294439999981478
    },
    "total": 0.18205760000000737
}