{
    "Agent": {
        "total": 0.01387720019556582
    },
    "Env": {
        "apply_act": 0.03967099986039102,
        "observation_computation": 0.008817899506539106,
        "powerflow_computation": 0.011522401357069612,
        "total": 0.06001130072399974
    },
    "total": 0.08439640002325177
}