{
    "Agent": {
        "total": 0.13725459889974445
    },
    "Env": {
        "apply_act": 0.6000555994687602,
        "observation_computation": 0.10342439997475594,
        "powerflow_computation": 0.09083650098182261,
        "total": 0.7943165004253387
    },
    "total": 1.0290170999942347
}