{
    "Agent": {
        "total": 0.055960099999538215
    },
    "Env": {
        "apply_act": 0.07286870000098133,
        "observation_computation": 0.017128699998920638,
        "powerflow_computation": 0.015801599999122118,
        "total": 0.10579899999902409
    },
    "total": 0.1777343000003384
}