{
    "Agent": {
        "total": 0.09547779918648303
    },
    "Env": {
        "apply_act": 0.42266519856639206,
        "observation_computation": 0.0676848019938916,
        "powerflow_computation": 0.058350299717858434,
        "total": 0.5487003002781421
    },
    "total": 0.7097387000685558
}