{
    "Agent": {
        "total": 0.07889640000007603
    },
    "Env": {
        "apply_act": 0.16806630000041878,
        "observation_computation": 0.037220699999238605,
        "powerflow_computation": 0.03558009999994738,
        "total": 0.24086709999960476
    },
    "total": 0.35582910000005086
}