{
    "Agent": {
        "total": 0.04708249983377755
    },
    "Env": {
        "apply_act": 0.23412899993127212,
        "observation_computation": 0.04409029957605526,
        "powerflow_computation": 0.04022610012907535,
        "total": 0.3184453996364027
    },
    "total": 0.404406999994535
}