{
    "Agent": {
        "total": 1.4846699000040644
    },
    "Env": {
        "apply_act": 1.6489969999920504,
        "observation_computation": 0.9630415000096946,
        "powerflow_computation": 0.8291844999930618,
        "total": 3.4412229999948067
    },
    "total": 5.776219200000014
}