{
    "Agent": {
        "total": 0.08239519999983713
    },
    "Env": {
        "apply_act": 0.29309989999978825,
        "observation_computation": 0.043286400000056346,
        "powerflow_computation": 0.0381163000001834,
        "total": 0.374502600000028
    },
    "total": 0.49742460000004485
}