{
    "Agent": {
        "total": 0.08624359998975706
    },
    "Env": {
        "apply_act": 0.04979080000794056,
        "observation_computation": 0.03111739999803831,
        "powerflow_computation": 0.028514399999039597,
        "total": 0.10942260000501847
    },
    "total": 0.2253640999997515
}