{
    "Agent": {
        "total": 0.08437340000091353
    },
    "Env": {
        "apply_act": 0.08960990000105085,
        "observation_computation": 0.05518579999966278,
        "powerflow_computation": 0.04727120000143259,
        "total": 0.1920669000021462
    },
    "total": 0.32501219999994646
}