{
    "Agent": {
        "total": 0.20606610000595538
    },
    "Env": {
        "apply_act": 0.4052671999988888,
        "observation_computation": 0.07009619999962524,
        "powerflow_computation": 0.06796039999744607,
        "total": 0.5433237999959601
    },
    "total": 0.8204181000000972
}