{
    "Agent": {
        "total": 0.0787016999977368
    },
    "Env": {
        "apply_act": 0.26136680000035994,
        "observation_computation": 0.05695830000195201,
        "powerflow_computation": 0.05216720000157693,
        "total": 0.3704923000038889
    },
    "total": 0.5040509000000384
}