{
    "Agent": {
        "total": 0.09625870002491865
    },
    "Env": {
        "apply_act": 0.3909718000504654,
        "observation_computation": 0.0892535999591928,
        "powerflow_computation": 0.07868270009930711,
        "total": 0.5589081001089653
    },
    "total": 0.7331894999952056
}