{
    "Agent": {
        "total": 0.010891400000019757
    },
    "Env": {
        "apply_act": 0.12130999999979508,
        "observation_computation": 0.0806519999999864,
        "powerflow_computation": 0.07028910000002497,
        "total": 0.27225109999980646
    },
    "total": 0.3572527999999977
}