{
    "Agent": {
        "total": 0.0008498999999915213
    },
    "Env": {
        "apply_act": 0.0,
        "observation_computation": 0.0,
        "powerflow_computation": 0.0,
        "total": 0.0
    },
    "total": 0.001931499999955122
}