{
    "Agent": {
        "total": 0.009726800000009916
    },
    "Env": {
        "apply_act": 0.11048339999982204,
        "observation_computation": 0.07614179999970361,
        "powerflow_computation": 0.07060189999995714,
        "total": 0.2572270999994828
    },
    "total": 0.33769470000001434
}