{
    "Agent": {
        "total": 0.1878534999978001
    },
    "Env": {
        "apply_act": 1.152861100001246,
        "observation_computation": 0.19051189999527196,
        "powerflow_computation": 0.16887689999566646,
        "total": 1.5122498999921845
    },
    "total": 1.8684637999999723
}