{
    "Agent": {
        "total": 0.033855800749734044
    },
    "Env": {
        "apply_act": 0.0783718996681273,
        "observation_computation": 0.015031199669465423,
        "powerflow_computation": 0.015825300244614482,
        "total": 0.1092283995822072
    },
    "total": 0.15861069993115962
}