{
    "Agent": {
        "total": 0.31301630090456456
    },
    "Env": {
        "apply_act": 1.1706283014500514,
        "observation_computation": 0.20848270249553025,
        "powerflow_computation": 0.18282679980620742,
        "total": 1.561937803751789
    },
    "total": 2.0601016000146046
}