{
    "Agent": {
        "total": 0.02173000000007619
    },
    "Env": {
        "apply_act": 0.244607899999977,
        "observation_computation": 0.15934369999989428,
        "powerflow_computation": 0.13688899999993964,
        "total": 0.5408405999998109
    },
    "total": 0.710865499999997
}