{
    "Agent": {
        "total": 0.031239400152117014
    },
    "Env": {
        "apply_act": 0.0691229997901246,
        "observation_computation": 0.015418300172314048,
        "powerflow_computation": 0.013323299586772919,
        "total": 0.09786459954921156
    },
    "total": 0.14415720000397414
}