{
    "Agent": {
        "total": 0.06586299906484783
    },
    "Env": {
        "apply_act": 0.1426225984469056,
        "observation_computation": 0.03288300009444356,
        "powerflow_computation": 0.02846119925379753,
        "total": 0.2039667977951467
    },
    "total": 0.3016427999828011
}