{
    "Agent": {
        "total": 0.008775099999894564
    },
    "Env": {
        "apply_act": 0.10638120000010076,
        "observation_computation": 0.0734501000000023,
        "powerflow_computation": 0.06254309999985708,
        "total": 0.24237439999996013
    },
    "total": 0.3178551000000027
}