{
    "Agent": {
        "total": 0.13119619991630316
    },
    "Env": {
        "apply_act": 0.7044209999148734,
        "observation_computation": 0.07573810027679428,
        "powerflow_computation": 0.06739070010371506,
        "total": 0.8475498002953827
    },
    "total": 1.0482994000194594
}