{
    "Agent": {
        "total": 0.05284720042254776
    },
    "Env": {
        "apply_act": 0.21199480001814663,
        "observation_computation": 0.03662580077070743,
        "powerflow_computation": 0.03677149978466332,
        "total": 0.2853921005735174
    },
    "total": 0.3763644000282511
}