{
    "Agent": {
        "total": 0.014609900000550624
    },
    "Env": {
        "apply_act": 0.03265960000044288,
        "observation_computation": 0.005949799998916205,
        "powerflow_computation": 0.005587099999274869,
        "total": 0.044196499998633954
    },
    "total": 0.06580259999986993
}