{
    "Agent": {
        "total": 0.1283259000920225
    },
    "Env": {
        "apply_act": 0.4682862999907229,
        "observation_computation": 0.07552430010400712,
        "powerflow_computation": 0.07382879999931902,
        "total": 0.617639400094049
    },
    "total": 0.8148870999866631
}