{
    "Agent": {
        "total": 0.1742552999930922
    },
    "Env": {
        "apply_act": 0.4943870000570314,
        "observation_computation": 0.08801950002089143,
        "powerflow_computation": 0.07387229993764777,
        "total": 0.6562788000155706
    },
    "total": 0.9215728999988642
}