{
    "Agent": {
        "total": 0.12055529979988933
    },
    "Env": {
        "apply_act": 0.6165104986866936,
        "observation_computation": 0.08710099989548326,
        "powerflow_computation": 0.08602140133734792,
        "total": 0.7896328999195248
    },
    "total": 0.9918378000147641
}