{
    "Agent": {
        "total": 0.02145129907876253
    },
    "Env": {
        "apply_act": 0.03984649991616607,
        "observation_computation": 0.00946180080063641,
        "powerflow_computation": 0.009900799952447414,
        "total": 0.05920910066924989
    },
    "total": 0.09007220016792417
}