{
    "Agent": {
        "total": 0.053929699468426406
    },
    "Env": {
        "apply_act": 0.15133370098192245,
        "observation_computation": 0.025885199895128608,
        "powerflow_computation": 0.023808199795894325,
        "total": 0.20102710067294538
    },
    "total": 0.2799553999211639
}