{
    "Agent": {
        "total": 0.015355800000179443
    },
    "Env": {
        "apply_act": 0.03855420000036247,
        "observation_computation": 0.006866499999659936,
        "powerflow_computation": 0.006993000000193206,
        "total": 0.05241370000021561
    },
    "total": 0.07491479999998774
}