{
    "Agent": {
        "total": 0.030412900494411588
    },
    "Env": {
        "apply_act": 0.06755299936048687,
        "observation_computation": 0.012407098896801472,
        "powerflow_computation": 0.010954900411888957,
        "total": 0.0909149986691773
    },
    "total": 0.1342515000142157
}