{
    "Agent": {
        "total": 0.0007562000000689295
    },
    "Env": {
        "apply_act": 0.0,
        "observation_computation": 0.0,
        "powerflow_computation": 0.0,
        "total": 0.0
    },
    "total": 0.002023099999973965
}