{
    "Agent": {
        "total": 0.0030759999997655996
    },
    "Env": {
        "apply_act": 0.03517369999988773,
        "observation_computation": 0.0255976000000544,
        "powerflow_computation": 0.024004900000051066,
        "total": 0.0847761999999932
    },
    "total": 0.11189150000001291
}