{
    "Agent": {
        "total": 0.04388800007291138
    },
    "Env": {
        "apply_act": 0.16462690010666847,
        "observation_computation": 0.03300219960510731,
        "powerflow_computation": 0.02888160024303943,
        "total": 0.2265106999548152
    },
    "total": 0.30146750004496425
}