{
    "Agent": {
        "total": 0.031071499999598018
    },
    "Env": {
        "apply_act": 0.08421159999943484,
        "observation_computation": 0.011389800000415562,
        "powerflow_computation": 0.01391900000089663,
        "total": 0.10952040000074703
    },
    "total": 0.15185620000011113
}