{
    "Agent": {
        "total": 0.17583269999875029
    },
    "Env": {
        "apply_act": 0.3573118999996723,
        "observation_computation": 0.07966110000063509,
        "powerflow_computation": 0.07545829999969556,
        "total": 0.5124313000000029
    },
    "total": 0.7649787000000288
}