{
    "Agent": {
        "total": 0.034756000619381666
    },
    "Env": {
        "apply_act": 0.08650160022079945,
        "observation_computation": 0.015835501020774245,
        "powerflow_computation": 0.013398800045251846,
        "total": 0.11573590128682554
    },
    "total": 0.16667019994929433
}