{
    "Agent": {
        "total": 0.701152199997523
    },
    "Env": {
        "apply_act": 0.7181655000028968,
        "observation_computation": 0.33027759999731643,
        "powerflow_computation": 0.2897007999993093,
        "total": 1.3381438999995225
    },
    "total": 2.359339600000112
}