{
    "Agent": {
        "total": 0.0895785994362086
    },
    "Env": {
        "apply_act": 0.2402721995022148,
        "observation_computation": 0.056726800510659814,
        "powerflow_computation": 0.048910599667578936,
        "total": 0.34590959968045354
    },
    "total": 0.48720719991251826
}