{
    "Agent": {
        "total": 1.0732005999980174
    },
    "Env": {
        "apply_act": 1.1398791000019628,
        "observation_computation": 0.5205459000005703,
        "powerflow_computation": 0.46125090000236924,
        "total": 2.1216759000049024
    },
    "total": 3.968559500000083
}