{
    "Agent": {
        "total": 0.01137020000027178
    },
    "Env": {
        "apply_act": 0.13260260000012636,
        "observation_computation": 0.08867040000023962,
        "powerflow_computation": 0.07737629999991213,
        "total": 0.2986493000002781
    },
    "total": 0.3957495999999878
}