{
    "Agent": {
        "total": 0.03500490146689117
    },
    "Env": {
        "apply_act": 0.12190940021537244,
        "observation_computation": 0.025332100223749876,
        "powerflow_computation": 0.023735898546874523,
        "total": 0.17097739898599684
    },
    "total": 0.23004140006378293
}