{
    "Agent": {
        "total": 0.07787599973380566
    },
    "Env": {
        "apply_act": 0.2088640998408664,
        "observation_computation": 0.036344199907034636,
        "powerflow_computation": 0.030559799983166158,
        "total": 0.2757680997310672
    },
    "total": 0.38919349998468533
}