{
    "Agent": {
        "total": 0.2272746999960873
    },
    "Env": {
        "apply_act": 0.1174987999984296,
        "observation_computation": 0.07588200000463985,
        "powerflow_computation": 0.06591019999723358,
        "total": 0.25929100000030303
    },
    "total": 0.5620255000003453
}