{
    "Agent": {
        "total": 0.15860999999927117
    },
    "Env": {
        "apply_act": 0.31411739999907695,
        "observation_computation": 0.0721154000000297,
        "powerflow_computation": 0.062066600000093786,
        "total": 0.44829939999920043
    },
    "total": 0.6764479000000847
}