{
    "Agent": {
        "total": 0.2017878999467939
    },
    "Env": {
        "apply_act": 0.04341880002175458,
        "observation_computation": 0.017460999952163547,
        "powerflow_computation": 0.01656419996288605,
        "total": 0.07744399993680418
    },
    "total": 0.2981040999875404
}