{
    "Agent": {
        "total": 0.06219320005038753
    },
    "Env": {
        "apply_act": 0.17805469999439083,
        "observation_computation": 0.02837880002334714,
        "powerflow_computation": 0.024309700063895434,
        "total": 0.2307432000816334
    },
    "total": 0.3223149999976158
}