{
    "Agent": {
        "total": 0.12212170000077549
    },
    "Env": {
        "apply_act": 0.35406450000050427,
        "observation_computation": 0.06359210000061921,
        "powerflow_computation": 0.05928700000083609,
        "total": 0.47694360000195957
    },
    "total": 0.6580748000000085
}