{
    "Agent": {
        "total": 0.010651899999828629
    },
    "Env": {
        "apply_act": 0.11488010000005033,
        "observation_computation": 0.07810680000011416,
        "powerflow_computation": 0.06566440000003126,
        "total": 0.25865130000019576
    },
    "total": 0.340689900000001
}