{
    "Agent": {
        "total": 0.12635919934837148
    },
    "Env": {
        "apply_act": 0.27210659987758845,
        "observation_computation": 0.05029869970167056,
        "powerflow_computation": 0.05210219987202436,
        "total": 0.37450749945128337
    },
    "total": 0.5507820000057109
}