{
    "Agent": {
        "total": 0.0010050000855699182
    },
    "Env": {
        "apply_act": 0.0,
        "observation_computation": 0.0,
        "powerflow_computation": 0.0,
        "total": 0.0
    },
    "total": 0.002194599946960807
}