{
    "Agent": {
        "total": 0.06827850000024682
    },
    "Env": {
        "apply_act": 0.15782590000014807,
        "observation_computation": 0.0287234000004446,
        "powerflow_computation": 0.024803399999939302,
        "total": 0.21135270000053197
    },
    "total": 0.30893929999996317
}