{
    "Agent": {
        "total": 0.015440700000112884
    },
    "Env": {
        "apply_act": 0.055078699999967284,
        "observation_computation": 0.007732099999884667,
        "powerflow_computation": 0.006299400000045807,
        "total": 0.06911019999989776
    },
    "total": 0.09365939999997863
}