{
    "Agent": {
        "total": 0.0791118994820863
    },
    "Env": {
        "apply_act": 0.18136980081908405,
        "observation_computation": 0.03198650002013892,
        "powerflow_computation": 0.026577299693599343,
        "total": 0.2399336005328223
    },
    "total": 0.35136889992281795
}