{
    "Agent": {
        "total": 0.19468999999799053
    },
    "Env": {
        "apply_act": 0.17520990000048187,
        "observation_computation": 0.09466460000157895,
        "powerflow_computation": 0.0813237000013487,
        "total": 0.3511982000034095
    },
    "total": 0.6379253000000062
}