{
    "Agent": {
        "total": 0.051877500000060195
    },
    "Env": {
        "apply_act": 0.5953106999999207,
        "observation_computation": 0.42234599999988376,
        "powerflow_computation": 0.3684913999997761,
        "total": 1.3861480999995806
    },
    "total": 1.9682208000000045
}