{
    "Agent": {
        "total": 0.008477599999423546
    },
    "Env": {
        "apply_act": 0.02606440000022303,
        "observation_computation": 0.005810299999211566,
        "powerflow_computation": 0.005466999999953259,
        "total": 0.037341699999387856
    },
    "total": 0.05173830000012458
}