{
    "Agent": {
        "total": 0.059199600014835596
    },
    "Env": {
        "apply_act": 0.15787449993513292,
        "observation_computation": 0.029334999948332552,
        "powerflow_computation": 0.025789800012717023,
        "total": 0.2129992998961825
    },
    "total": 0.3008872999998857
}