{
    "Agent": {
        "total": 0.21164480000561525
    },
    "Env": {
        "apply_act": 0.22392289999879722,
        "observation_computation": 0.1360591999978169,
        "powerflow_computation": 0.11675569999533764,
        "total": 0.47673779999195176
    },
    "total": 0.8082629999998971
}