{
    "Agent": {
        "total": 0.0006042000001116321
    },
    "Env": {
        "apply_act": 0.007216700000014953,
        "observation_computation": 0.003945700000031138,
        "powerflow_computation": 0.005165199999851211,
        "total": 0.016327599999897302
    },
    "total": 0.02103030000000672
}