{
    "Agent": {
        "total": 0.036986199999432756
    },
    "Env": {
        "apply_act": 0.07287710000048264,
        "observation_computation": 0.01663320000056956,
        "powerflow_computation": 0.014641100000176266,
        "total": 0.10415140000122847
    },
    "total": 0.1564958999999817
}