{
    "Agent": {
        "total": 0.09388000000490138
    },
    "Env": {
        "apply_act": 0.056344099997659214,
        "observation_computation": 0.036076800000046205,
        "powerflow_computation": 0.035842900007992284,
        "total": 0.1282638000056977
    },
    "total": 0.253337800000736
}