{
    "Agent": {
        "total": 0.003985600000007139
    },
    "Env": {
        "apply_act": 0.04470669999993504,
        "observation_computation": 0.03121270000001175,
        "powerflow_computation": 0.026897900000065533,
        "total": 0.10281730000001232
    },
    "total": 0.13590680000000077
}