{
    "Agent": {
        "total": 0.02264139999977033
    },
    "Env": {
        "apply_act": 0.2550028999996812,
        "observation_computation": 0.18584199999986595,
        "powerflow_computation": 0.15552389999953675,
        "total": 0.5963687999990839
    },
    "total": 0.7879566000000295
}