{
    "Agent": {
        "total": 0.06425740000054248
    },
    "Env": {
        "apply_act": 0.10972820000097272,
        "observation_computation": 0.025979199999255798,
        "powerflow_computation": 0.02288070000031439,
        "total": 0.1585881000005429
    },
    "total": 0.25121149999995396
}