{
    "Agent": {
        "total": 0.144103099941276
    },
    "Env": {
        "apply_act": 0.31200889992760494,
        "observation_computation": 0.05511379987001419,
        "powerflow_computation": 0.047480500186793506,
        "total": 0.41460319998441264
    },
    "total": 0.6136866000015289
}