{
    "Agent": {
        "total": 0.01202249999997207
    },
    "Env": {
        "apply_act": 0.13491960000023084,
        "observation_computation": 0.08740240000000199,
        "powerflow_computation": 0.07115199999995525,
        "total": 0.2934740000001881
    },
    "total": 0.38645579999999313
}