{
    "Agent": {
        "total": 0.15788519993657246
    },
    "Env": {
        "apply_act": 0.346814600052312,
        "observation_computation": 0.0627078001271002,
        "powerflow_computation": 0.05673110036877915,
        "total": 0.46625350054819137
    },
    "total": 0.6873299999861047
}