{
    "Agent": {
        "total": 0.0011127000000215048
    },
    "Env": {
        "apply_act": 0.0,
        "observation_computation": 0.0,
        "powerflow_computation": 0.0,
        "total": 0.0
    },
    "total": 0.003406099999892831
}