{
    "Agent": {
        "total": 0.022047399999978623
    },
    "Env": {
        "apply_act": 0.2440623000000386,
        "observation_computation": 0.17155370000001646,
        "powerflow_computation": 0.14261859999996496,
        "total": 0.55823460000002
    },
    "total": 0.7395306000000001
}