{
    "Agent": {
        "total": 0.0938995995093137
    },
    "Env": {
        "apply_act": 0.1856553005054593,
        "observation_computation": 0.060221701860427856,
        "powerflow_computation": 0.051815100479871035,
        "total": 0.2976921028457582
    },
    "total": 0.44476559991016984
}