{
    "Agent": {
        "total": 0.8328811000101268
    },
    "Env": {
        "apply_act": 1.3981944941915572,
        "observation_computation": 0.5196320991963148,
        "powerflow_computation": 0.45157530158758163,
        "total": 2.3694018949754536
    },
    "total": 3.6671956998761743
}