{
    "Agent": {
        "total": 0.05094520002603531
    },
    "Env": {
        "apply_act": 0.13785299999290146,
        "observation_computation": 0.02328650001436472,
        "powerflow_computation": 0.019902699983504135,
        "total": 0.18104219999077031
    },
    "total": 0.2557518000030541
}