{
    "Agent": {
        "total": 0.07497809984488413
    },
    "Env": {
        "apply_act": 0.18409809994045645,
        "observation_computation": 0.03491830007988028,
        "powerflow_computation": 0.028625800041481853,
        "total": 0.24764220006181858
    },
    "total": 0.35663289998774417
}