{
    "Agent": {
        "total": 0.03246799926273525
    },
    "Env": {
        "apply_act": 0.06979950075037777,
        "observation_computation": 0.015659899450838566,
        "powerflow_computation": 0.01331529882736504,
        "total": 0.09877469902858138
    },
    "total": 0.14689450012519956
}