{
    "Agent": {
        "total": 0.0322440997697413
    },
    "Env": {
        "apply_act": 0.07327649986837059,
        "observation_computation": 0.01071660011075437,
        "powerflow_computation": 0.0101157003082335,
        "total": 0.09410880028735846
    },
    "total": 0.13664250005967915
}