{
    "Agent": {
        "total": 0.0446934000001562
    },
    "Env": {
        "apply_act": 0.4983552999999574,
        "observation_computation": 0.33857020000033344,
        "powerflow_computation": 0.2814710000000389,
        "total": 1.1183965000003298
    },
    "total": 1.6483768000000083
}