{
    "Agent": {
        "total": 0.12678150075953454
    },
    "Env": {
        "apply_act": 0.42945869907271117,
        "observation_computation": 0.08742060035001487,
        "powerflow_computation": 0.0851266992976889,
        "total": 0.6020059987204149
    },
    "total": 0.812296999967657
}