{
    "Agent": {
        "total": 0.018369200001870922
    },
    "Env": {
        "apply_act": 0.06458580000071379,
        "observation_computation": 0.01486399999976129,
        "powerflow_computation": 0.012103099998057587,
        "total": 0.09155289999853267
    },
    "total": 0.1250836999997773
}