{
    "Agent": {
        "total": 0.42807269911281765
    },
    "Env": {
        "apply_act": 0.8625656029907987,
        "observation_computation": 0.20526779908686876,
        "powerflow_computation": 0.18244469864293933,
        "total": 1.2502781007206067
    },
    "total": 1.87971520004794
}