{
    "Agent": {
        "total": 0.2596913996967487
    },
    "Env": {
        "apply_act": 1.4416335997520946,
        "observation_computation": 0.23944199969992042,
        "powerflow_computation": 0.21040530019672588,
        "total": 1.8914808996487409
    },
    "total": 2.363261800026521
}