{
    "Agent": {
        "total": 0.3950979995424859
    },
    "Env": {
        "apply_act": 0.9452039996394888,
        "observation_computation": 0.17151439934968948,
        "powerflow_computation": 0.14655519972438924,
        "total": 1.2632735987135675
    },
    "total": 1.8252463999961037
}