{
    "Agent": {
        "total": 0.012228799999917328
    },
    "Env": {
        "apply_act": 0.1328781999996238,
        "observation_computation": 0.09785219999972128,
        "powerflow_computation": 0.07964260000053969,
        "total": 0.31037299999988477
    },
    "total": 0.41446189999999206
}