{
    "Agent": {
        "total": 0.08850170000016533
    },
    "Env": {
        "apply_act": 0.14376940000056493,
        "observation_computation": 0.0273395000004939,
        "powerflow_computation": 0.022273099999324586,
        "total": 0.1933820000003834
    },
    "total": 0.3059201999999459
}