{
    "Agent": {
        "total": 0.004848499999987155
    },
    "Env": {
        "apply_act": 0.0550408999999874,
        "observation_computation": 0.038443900000004305,
        "powerflow_computation": 0.0365259000000151,
        "total": 0.1300107000000068
    },
    "total": 0.17294469999999507
}