{
    "Agent": {
        "total": 0.15360709999799838
    },
    "Env": {
        "apply_act": 0.32665219999853434,
        "observation_computation": 0.10755869999957213,
        "powerflow_computation": 0.09965829999919151,
        "total": 0.533869199997298
    },
    "total": 0.7811039000000619
}