{
    "Agent": {
        "total": 0.003853100000000609
    },
    "Env": {
        "apply_act": 0.04356999999998834,
        "observation_computation": 0.03311819999991883,
        "powerflow_computation": 0.027778900000043905,
        "total": 0.10446709999995107
    },
    "total": 0.14101510000000417
}