{
    "Agent": {
        "total": 0.05928109999990738
    },
    "Env": {
        "apply_act": 0.12704429999973854,
        "observation_computation": 0.02240380000046116,
        "powerflow_computation": 0.020822999999950298,
        "total": 0.17027110000015
    },
    "total": 0.25385240000002796
}