{
    "Agent": {
        "total": 0.06430960000079722
    },
    "Env": {
        "apply_act": 0.06797400000004927,
        "observation_computation": 0.0389111000019966,
        "powerflow_computation": 0.03881819999946856,
        "total": 0.14570330000151444
    },
    "total": 0.24566249999998035
}