{
    "Agent": {
        "total": 0.019513799999977266
    },
    "Env": {
        "apply_act": 0.22470610000004854,
        "observation_computation": 0.1618474999999222,
        "powerflow_computation": 0.13683309999998272,
        "total": 0.5233866999999535
    },
    "total": 0.6938749000000044
}