{
    "Agent": {
        "total": 0.001966700000139099
    },
    "Env": {
        "apply_act": 0.02170339999963744,
        "observation_computation": 0.015030400000114241,
        "powerflow_computation": 0.014186099999790258,
        "total": 0.05091989999954194
    },
    "total": 0.06693690000003016
}