{
    "Agent": {
        "total": 0.023345899999242192
    },
    "Env": {
        "apply_act": 0.24917320000008658,
        "observation_computation": 0.18329520000111188,
        "powerflow_computation": 0.24942279999964967,
        "total": 0.6818912000008481
    },
    "total": 0.874851499999977
}