{
    "Agent": {
        "total": 0.4124669000009362
    },
    "Env": {
        "apply_act": 0.34808219999990797,
        "observation_computation": 0.20048459999873103,
        "powerflow_computation": 0.18793600000083188,
        "total": 0.7365027999994709
    },
    "total": 1.3402743999999984
}