{
    "Agent": {
        "total": 0.11635249998653308
    },
    "Env": {
        "apply_act": 0.4120788001746405,
        "observation_computation": 0.060432800120906904,
        "powerflow_computation": 0.0515818000130821,
        "total": 0.5240934003086295
    },
    "total": 0.6966922999999952
}