{
    "Agent": {
        "total": 0.06953680000424356
    },
    "Env": {
        "apply_act": 0.44217559999970035,
        "observation_computation": 0.06952549999914481,
        "powerflow_computation": 0.06026259999907779,
        "total": 0.571963699997923
    },
    "total": 0.7030773000001318
}