{
    "Agent": {
        "total": 0.7112609999965116
    },
    "Env": {
        "apply_act": 1.5662414999983412,
        "observation_computation": 0.496027499998263,
        "powerflow_computation": 0.42907949999994344,
        "total": 2.4913484999965476
    },
    "total": 3.6435762999999497
}