{
    "Agent": {
        "total": 0.03770330047700554
    },
    "Env": {
        "apply_act": 0.07783009973354638,
        "observation_computation": 0.016924799885600805,
        "powerflow_computation": 0.014715599594637752,
        "total": 0.10947049921378493
    },
    "total": 0.16475090000312775
}