{
    "Agent": {
        "total": 0.0007204999999430584
    },
    "Env": {
        "apply_act": 0.0,
        "observation_computation": 0.0,
        "powerflow_computation": 0.0,
        "total": 0.0
    },
    "total": 0.001801800000066578
}