{
    "Agent": {
        "total": 0.05139949999784221
    },
    "Env": {
        "apply_act": 0.17827330000227448,
        "observation_computation": 0.029794900000979396,
        "powerflow_computation": 0.02637240000149177,
        "total": 0.23444060000474565
    },
    "total": 0.3136248999999225
}