{
    "Agent": {
        "total": 0.04016320058144629
    },
    "Env": {
        "apply_act": 0.14715669944416732,
        "observation_computation": 0.03106380021199584,
        "powerflow_computation": 0.029727200279012322,
        "total": 0.20794769993517548
    },
    "total": 0.27868799993302673
}