{
    "Agent": {
        "total": 0.05311600000368344
    },
    "Env": {
        "apply_act": 0.03054690000044502,
        "observation_computation": 0.019480499993733247,
        "powerflow_computation": 0.01787310000781872,
        "total": 0.06790050000199699
    },
    "total": 0.14077199999974255
}