{
    "Agent": {
        "total": 0.011630800000290265
    },
    "Env": {
        "apply_act": 0.12965389999968124,
        "observation_computation": 0.09447919999971077,
        "powerflow_computation": 0.08539099999990185,
        "total": 0.30952409999929387
    },
    "total": 0.4086176000000137
}