{
    "Agent": {
        "total": 0.06403550000007385
    },
    "Env": {
        "apply_act": 0.7364060999997335,
        "observation_computation": 0.664019199999963,
        "powerflow_computation": 0.44532740000010307,
        "total": 1.8457526999997995
    },
    "total": 2.4003206000000006
}