{
    "Agent": {
        "total": 0.47973149979952723
    },
    "Env": {
        "apply_act": 1.3849081007065251,
        "observation_computation": 0.3217776989331469,
        "powerflow_computation": 0.2812449992634356,
        "total": 1.9879307989031076
    },
    "total": 2.7501913000596687
}