{
    "Agent": {
        "total": 0.11926479999419826
    },
    "Env": {
        "apply_act": 0.06850780000240775,
        "observation_computation": 0.04397969999990892,
        "powerflow_computation": 0.040429800000310934,
        "total": 0.1529173000026276
    },
    "total": 0.31411949999983335
}