{
    "Agent": {
        "total": 0.09424450085498393
    },
    "Env": {
        "apply_act": 0.1849869026336819,
        "observation_computation": 0.04804869997315109,
        "powerflow_computation": 0.045597599586471915,
        "total": 0.2786332021933049
    },
    "total": 0.41849790001288056
}