{
    "Agent": {
        "total": 0.0011551000000054046
    },
    "Env": {
        "apply_act": 0.0,
        "observation_computation": 0.0,
        "powerflow_computation": 0.0,
        "total": 0.0
    },
    "total": 0.003347200000007433
}