{
    "Agent": {
        "total": 0.06865889999698993
    },
    "Env": {
        "apply_act": 0.15132620000258612,
        "observation_computation": 0.034950700000990764,
        "powerflow_computation": 0.027226600003814383,
        "total": 0.21350350000739127
    },
    "total": 0.3174334000004819
}