{
    "Agent": {
        "total": 0.4410721000076592
    },
    "Env": {
        "apply_act": 0.24188619999313232,
        "observation_computation": 0.15354960000695428,
        "powerflow_computation": 0.1395842000065386,
        "total": 0.5350200000066252
    },
    "total": 1.1266045000002123
}