{
    "Agent": {
        "total": 0.05923720000038202
    },
    "Env": {
        "apply_act": 0.13171759999971755,
        "observation_computation": 0.02545229999981302,
        "powerflow_computation": 0.0230358000002866,
        "total": 0.18020569999981717
    },
    "total": 0.2655083000000218
}