{
    "Agent": {
        "total": 0.5970414000004212
    },
    "Env": {
        "apply_act": 0.6269208999985949,
        "observation_computation": 0.38167250000105923,
        "powerflow_computation": 0.3256595999989713,
        "total": 1.3342529999986255
    },
    "total": 2.2721051999999418
}