{
    "Agent": {
        "total": 0.03858649963513017
    },
    "Env": {
        "apply_act": 0.09852360002696514,
        "observation_computation": 0.01670149969868362,
        "powerflow_computation": 0.014378401450812817,
        "total": 0.12960350117646158
    },
    "total": 0.18550759996287525
}