{
    "Agent": {
        "total": 0.380926699959673
    },
    "Env": {
        "apply_act": 0.9066027004446369,
        "observation_computation": 0.16610470032901503,
        "powerflow_computation": 0.1499293998349458,
        "total": 1.2226368006085977
    },
    "total": 1.7639280000003055
}