{
    "Agent": {
        "total": 0.0923188000006121
    },
    "Env": {
        "apply_act": 0.15467089999947348,
        "observation_computation": 0.05964039999912529,
        "powerflow_computation": 0.05284119999669201,
        "total": 0.2671524999952908
    },
    "total": 0.4126091999999062
}