{
    "Agent": {
        "total": 0.006569199999873376
    },
    "Env": {
        "apply_act": 0.06333340000017529,
        "observation_computation": 0.047374700000119674,
        "powerflow_computation": 0.03890539999986231,
        "total": 0.14961350000015727
    },
    "total": 0.20011029999999153
}