{
    "Agent": {
        "total": 0.00401729999998679
    },
    "Env": {
        "apply_act": 0.012260400000513982,
        "observation_computation": 0.002414000000044325,
        "powerflow_computation": 0.002663199999688004,
        "total": 0.01733760000024631
    },
    "total": 0.023892499999874417
}