{
    "Agent": {
        "total": 0.4604374000628013
    },
    "Env": {
        "apply_act": 1.1532540997723117,
        "observation_computation": 0.20646210029372014,
        "powerflow_computation": 0.1835723994881846,
        "total": 1.5432885995542165
    },
    "total": 2.203074300021399
}