{
    "Agent": {
        "total": 0.02776730000095995
    },
    "Env": {
        "apply_act": 0.10218490000215752,
        "observation_computation": 0.016061300001183554,
        "powerflow_computation": 0.018034299998817005,
        "total": 0.13628050000215808
    },
    "total": 0.17910440000014205
}