{
    "Agent": {
        "total": 0.1350896010408178
    },
    "Env": {
        "apply_act": 0.4234853013185784,
        "observation_computation": 0.09846660250332206,
        "powerflow_computation": 0.10318009916227311,
        "total": 0.6251320029841736
    },
    "total": 0.8550607999786735
}