{
    "Agent": {
        "total": 0.01492190000010396
    },
    "Env": {
        "apply_act": 0.21759109999999282,
        "observation_computation": 0.005426299999953699,
        "powerflow_computation": 0.0056695999999760716,
        "total": 0.2286869999999226
    },
    "total": 0.25030190000001085
}