{
    "Agent": {
        "total": 0.035180700000637444
    },
    "Env": {
        "apply_act": 0.05527719999940928,
        "observation_computation": 0.01279589999990094,
        "powerflow_computation": 0.011705099999744562,
        "total": 0.07977819999905478
    },
    "total": 0.1315708000001905
}