{
    "Agent": {
        "total": 0.02314440009649843
    },
    "Env": {
        "apply_act": 0.048868300509639084,
        "observation_computation": 0.011338300071656704,
        "powerflow_computation": 0.010294499690644443,
        "total": 0.07050110027194023
    },
    "total": 0.10482480004429817
}