{
    "Agent": {
        "total": 0.12049139999862746
    },
    "Env": {
        "apply_act": 0.44673140000395506,
        "observation_computation": 0.07169529999964652,
        "powerflow_computation": 0.06354230000169991,
        "total": 0.5819690000053015
    },
    "total": 0.7702785000001313
}