{
    "Agent": {
        "total": 0.07551839999939602
    },
    "Env": {
        "apply_act": 0.15166430000010678,
        "observation_computation": 0.02639899999996942,
        "powerflow_computation": 0.022552600000210532,
        "total": 0.20061590000028673
    },
    "total": 0.3037395999999717
}