{
    "Agent": {
        "total": 0.07955249999849912
    },
    "Env": {
        "apply_act": 0.36484650000147667,
        "observation_computation": 0.07707559999653313,
        "powerflow_computation": 0.07289080000555259,
        "total": 0.5148129000035624
    },
    "total": 0.6622683999999026
}