{
    "Agent": {
        "total": 0.19024970000191388
    },
    "Env": {
        "apply_act": 0.10755320000134816,
        "observation_computation": 0.06946019999486452,
        "powerflow_computation": 0.06536489999598416,
        "total": 0.24237829999219684
    },
    "total": 0.5002399999993941
}