{
    "Agent": {
        "total": 0.018855599999483275
    },
    "Env": {
        "apply_act": 0.2044420999999943,
        "observation_computation": 0.13501710000036837,
        "powerflow_computation": 0.11841539999943507,
        "total": 0.45787459999979774
    },
    "total": 0.6016817999999944
}