{
    "Agent": {
        "total": 0.28143160000036005
    },
    "Env": {
        "apply_act": 0.3813275000027261,
        "observation_computation": 0.13521130000003723,
        "powerflow_computation": 0.12231199999882847,
        "total": 0.6388508000015918
    },
    "total": 1.0493029999997816
}