{
    "Agent": {
        "total": 0.1450968000026478
    },
    "Env": {
        "apply_act": 0.08140349999393948,
        "observation_computation": 0.052404900001420174,
        "powerflow_computation": 0.04733710000255087,
        "total": 0.18114549999791052
    },
    "total": 0.3769886000000042
}