{
    "Agent": {
        "total": 0.22237309982301667
    },
    "Env": {
        "apply_act": 0.5006296999636106,
        "observation_computation": 0.09320610016584396,
        "powerflow_computation": 0.08218600010150112,
        "total": 0.6760218002309557
    },
    "total": 0.9892054999945685
}