{
    "Agent": {
        "total": 0.3630260999989332
    },
    "Env": {
        "apply_act": 0.3867905000004157,
        "observation_computation": 0.23481690000039634,
        "powerflow_computation": 0.20651010000347014,
        "total": 0.8281175000042822
    },
    "total": 1.3944675999998708
}