{
    "Agent": {
        "total": 0.0008612999226897955
    },
    "Env": {
        "apply_act": 0.0,
        "observation_computation": 0.0,
        "powerflow_computation": 0.0,
        "total": 0.0
    },
    "total": 0.002097700024023652
}