{
    "Agent": {
        "total": 0.019203900010325015
    },
    "Env": {
        "apply_act": 0.04873229993972927,
        "observation_computation": 0.010831399937160313,
        "powerflow_computation": 0.010920100030489266,
        "total": 0.07048379990737885
    },
    "total": 0.09933290001936257
}