{
    "Agent": {
        "total": 0.022092400000246926
    },
    "Env": {
        "apply_act": 0.050660400000197114,
        "observation_computation": 0.01035949999982222,
        "powerflow_computation": 0.011876400000232934,
        "total": 0.07289630000025227
    },
    "total": 0.10517070000003059
}