{
    "Agent": {
        "total": 0.07294790085870773
    },
    "Env": {
        "apply_act": 0.1978383002569899,
        "observation_computation": 0.03318539902102202,
        "powerflow_computation": 0.029879900394007564,
        "total": 0.2609035996720195
    },
    "total": 0.36686780001036823
}