{
    "Agent": {
        "total": 0.05354780000016035
    },
    "Env": {
        "apply_act": 0.11350409999988642,
        "observation_computation": 0.022832599999901504,
        "powerflow_computation": 0.022334399999465404,
        "total": 0.15867109999925333
    },
    "total": 0.2353721000000064
}