{
    "Agent": {
        "total": 0.036939000128768384
    },
    "Env": {
        "apply_act": 0.09113169938791543,
        "observation_computation": 0.022272800328209996,
        "powerflow_computation": 0.0210240000160411,
        "total": 0.13442849973216653
    },
    "total": 0.1915018999716267
}