{
    "Agent": {
        "total": 0.211483499997712
    },
    "Env": {
        "apply_act": 0.711241999998947,
        "observation_computation": 0.1497580000018388,
        "powerflow_computation": 0.1282987999973102,
        "total": 0.989298799998096
    },
    "total": 1.3436850000000504
}