{
    "Agent": {
        "total": 0.01924449997022748
    },
    "Env": {
        "apply_act": 0.068009800510481,
        "observation_computation": 0.013159100664779544,
        "powerflow_computation": 0.011964200995862484,
        "total": 0.09313310217112303
    },
    "total": 0.12532230000942945
}