{
    "Agent": {
        "total": 0.017355300136841834
    },
    "Env": {
        "apply_act": 0.03934189968276769,
        "observation_computation": 0.012006000033579767,
        "powerflow_computation": 0.011748700169846416,
        "total": 0.06309659988619387
    },
    "total": 0.09205209999345243
}