{
    "Agent": {
        "total": 0.023528999998234212
    },
    "Env": {
        "apply_act": 0.07265629999938028,
        "observation_computation": 0.013472300001467374,
        "powerflow_computation": 0.012453099999220285,
        "total": 0.09858170000006794
    },
    "total": 0.1348403000001781
}