{
    "Agent": {
        "total": 0.10242430004291236
    },
    "Env": {
        "apply_act": 0.41056400327943265,
        "observation_computation": 0.07005600072443485,
        "powerflow_computation": 0.06125779775902629,
        "total": 0.5418778017628938
    },
    "total": 0.7112953001633286
}