{
    "Agent": {
        "total": 0.05486550000182433
    },
    "Env": {
        "apply_act": 0.14548970000055306,
        "observation_computation": 0.03883140000084495,
        "powerflow_computation": 0.033601000000544445,
        "total": 0.21792210000194245
    },
    "total": 0.31016169999998056
}