{
    "Agent": {
        "total": 0.05184099999951286
    },
    "Env": {
        "apply_act": 0.14164010000047256,
        "observation_computation": 0.023225700000239158,
        "powerflow_computation": 0.021868200000199067,
        "total": 0.18673400000091078
    },
    "total": 0.260484599999927
}