{
    "Agent": {
        "total": 0.011261999999987893
    },
    "Env": {
        "apply_act": 0.12409610000000271,
        "observation_computation": 0.0894838000000675,
        "powerflow_computation": 0.07750430000004371,
        "total": 0.2910842000001139
    },
    "total": 0.3872475999999949
}