{
    "Agent": {
        "total": 0.012954300000217245
    },
    "Env": {
        "apply_act": 0.14113250000087874,
        "observation_computation": 0.09653090000028897,
        "powerflow_computation": 0.10716569999959802,
        "total": 0.3448291000007657
    },
    "total": 0.44820269999996754
}