{
    "Agent": {
        "total": 0.7191115000005084
    },
    "Env": {
        "apply_act": 0.7476617999968767,
        "observation_computation": 0.4588158999956704,
        "powerflow_computation": 0.39992209999468287,
        "total": 1.60639979998723
    },
    "total": 2.7336731999998847
}