{
    "Agent": {
        "total": 0.043571100031840615
    },
    "Env": {
        "apply_act": 0.13923319996683858,
        "observation_computation": 0.022055499990528915,
        "powerflow_computation": 0.023280399953364395,
        "total": 0.1845690999107319
    },
    "total": 0.2500986000013654
}