{
    "Agent": {
        "total": 0.008870699999967258
    },
    "Env": {
        "apply_act": 0.10207740000009125,
        "observation_computation": 0.07210130000003545,
        "powerflow_computation": 0.06632480000003227,
        "total": 0.24050350000015897
    },
    "total": 0.3185271000000043
}