{
    "Agent": {
        "total": 0.3131220991490409
    },
    "Env": {
        "apply_act": 0.8311320001957938,
        "observation_computation": 0.21329420001711696,
        "powerflow_computation": 0.19410590059123933,
        "total": 1.23853210080415
    },
    "total": 1.7420456999680027
}