{
    "Agent": {
        "total": 0.3367959999923187
    },
    "Env": {
        "apply_act": 0.5359641000045485,
        "observation_computation": 0.2184348000123464,
        "powerflow_computation": 0.1962398999967263,
        "total": 0.9506388000136212
    },
    "total": 1.4815527000000657
}