{
    "Agent": {
        "total": 0.10230440000077579
    },
    "Env": {
        "apply_act": 0.1239442999988114,
        "observation_computation": 0.05598699999927703,
        "powerflow_computation": 0.05079879999948389,
        "total": 0.23073009999757232
    },
    "total": 0.38291210000011233
}