{
    "Agent": {
        "total": 0.01541959960013628
    },
    "Env": {
        "apply_act": 0.03342920041177422,
        "observation_computation": 0.0062335997354239225,
        "powerflow_computation": 0.0061504998011514544,
        "total": 0.045813299948349595
    },
    "total": 0.06780740001704544
}