{
    "Agent": {
        "total": 0.17787430016323924
    },
    "Env": {
        "apply_act": 0.05190670024603605,
        "observation_computation": 0.011750099714845419,
        "powerflow_computation": 0.009534199954941869,
        "total": 0.07319099991582334
    },
    "total": 0.2902888000244275
}