{
    "Agent": {
        "total": 0.029094900120981038
    },
    "Env": {
        "apply_act": 0.08806460001505911,
        "observation_computation": 0.01926519989501685,
        "powerflow_computation": 0.02193159982562065,
        "total": 0.1292613997356966
    },
    "total": 0.1770408001029864
}