{
    "Agent": {
        "total": 0.5770659999980126
    },
    "Env": {
        "apply_act": 1.967383199998494,
        "observation_computation": 0.32612439999684284,
        "powerflow_computation": 0.28928020000057586,
        "total": 2.582787799995913
    },
    "total": 3.4651647999999113
}