{
    "Agent": {
        "total": 1.0095024000038393
    },
    "Env": {
        "apply_act": 1.965830199999914,
        "observation_computation": 0.4328913999991073,
        "powerflow_computation": 0.37224480000156746,
        "total": 2.7709664000005887
    },
    "total": 4.216400499999963
}