{
    "Agent": {
        "total": 0.22851200000081917
    },
    "Env": {
        "apply_act": 0.19960649999961788,
        "observation_computation": 0.11792839999964144,
        "powerflow_computation": 0.10504210000124203,
        "total": 0.42257700000050136
    },
    "total": 0.7626450000000204
}