{
    "Agent": {
        "total": 0.12745419999873775
    },
    "Env": {
        "apply_act": 0.7163506000042617,
        "observation_computation": 0.12769550000257368,
        "powerflow_computation": 0.113184400002865,
        "total": 0.9572305000097003
    },
    "total": 1.1958337999999458
}