{
    "Agent": {
        "total": 0.0011117999674752355
    },
    "Env": {
        "apply_act": 0.0,
        "observation_computation": 0.0,
        "powerflow_computation": 0.0,
        "total": 0.0
    },
    "total": 0.0024349000304937363
}