{
    "Agent": {
        "total": 0.0011100000000396903
    },
    "Env": {
        "apply_act": 0.0,
        "observation_computation": 0.0,
        "powerflow_computation": 0.0,
        "total": 0.0
    },
    "total": 0.003630700000030629
}