{
    "Agent": {
        "total": 0.004543899999916334
    },
    "Env": {
        "apply_act": 0.05107720000003724,
        "observation_computation": 0.03250410000006809,
        "powerflow_computation": 0.030574000000001433,
        "total": 0.11415530000010676
    },
    "total": 0.1492915000000039
}