{
    "Agent": {
        "total": 0.1593796000306611
    },
    "Env": {
        "apply_act": 0.6664181999294669,
        "observation_computation": 0.0755630000421661,
        "powerflow_computation": 0.06640859999606619,
        "total": 0.8083897999676992
    },
    "total": 1.0428069999979925
}