{
    "Agent": {
        "total": 0.1027069998672232
    },
    "Env": {
        "apply_act": 0.4270705998351332,
        "observation_computation": 0.05906569995568134,
        "powerflow_computation": 0.05110640017664991,
        "total": 0.5372426999674644
    },
    "total": 0.6953636000107508
}