{
    "Agent": {
        "total": 0.06495040000027075
    },
    "Env": {
        "apply_act": 0.07328330000041205,
        "observation_computation": 0.04413000000249667,
        "powerflow_computation": 0.038043399998741734,
        "total": 0.15545670000165046
    },
    "total": 0.25939029999995
}