{
    "Agent": {
        "total": 0.03657410154119134
    },
    "Env": {
        "apply_act": 0.09031100035645068,
        "observation_computation": 0.016103999922052026,
        "powerflow_computation": 0.013813001103699207,
        "total": 0.12022800138220191
    },
    "total": 0.17309030005708337
}