{
    "Agent": {
        "total": 0.03712440235540271
    },
    "Env": {
        "apply_act": 0.1266583006363362,
        "observation_computation": 0.02801920031197369,
        "powerflow_computation": 0.025290401186794043,
        "total": 0.17996790213510394
    },
    "total": 0.24364879983477294
}