{
    "Agent": {
        "total": 0.09586210071574897
    },
    "Env": {
        "apply_act": 0.1603937002364546,
        "observation_computation": 0.061461799778044224,
        "powerflow_computation": 0.05348559969570488,
        "total": 0.2753410997102037
    },
    "total": 0.4262891999678686
}