{
    "Agent": {
        "total": 0.2834516999355401
    },
    "Env": {
        "apply_act": 0.8916314999514725,
        "observation_computation": 0.14197769988095388,
        "powerflow_computation": 0.12144109998189379,
        "total": 1.1550502998143202
    },
    "total": 1.576220100003411
}