{
    "Agent": {
        "total": 0.11886309999499645
    },
    "Env": {
        "apply_act": 0.4732400999969286,
        "observation_computation": 0.1027125999976306,
        "powerflow_computation": 0.08952029999682054,
        "total": 0.6654729999913798
    },
    "total": 0.8805375999995704
}