{
    "Agent": {
        "total": 0.003319599999940692
    },
    "Env": {
        "apply_act": 0.040661399999692094,
        "observation_computation": 0.027215100000091752,
        "powerflow_computation": 0.02307750000005626,
        "total": 0.09095399999984011
    },
    "total": 0.11916860000002316
}