{
    "Agent": {
        "total": 0.008298400000072093
    },
    "Env": {
        "apply_act": 0.09583140000003709,
        "observation_computation": 0.07060600000002637,
        "powerflow_computation": 0.056088799999926664,
        "total": 0.22252619999999013
    },
    "total": 0.29477470000000494
}