{
    "Agent": {
        "total": 0.190945002483204
    },
    "Env": {
        "apply_act": 0.36605330114252865,
        "observation_computation": 0.09659260348416865,
        "powerflow_computation": 0.08160299737937748,
        "total": 0.5442489020060748
    },
    "total": 0.8274896999355406
}