{
    "Agent": {
        "total": 0.06316029999788952
    },
    "Env": {
        "apply_act": 0.24920120000660972,
        "observation_computation": 0.06142060000320271,
        "powerflow_computation": 0.05158939999955692,
        "total": 0.36221120000936935
    },
    "total": 0.4794585999998162
}