{
    "Agent": {
        "total": 0.020289800000227842
    },
    "Env": {
        "apply_act": 0.09006019999878845,
        "observation_computation": 0.0204449999996541,
        "powerflow_computation": 0.018238099999052793,
        "total": 0.12874329999749534
    },
    "total": 0.16891409999971074
}