{
    "Agent": {
        "total": 0.09243560093455017
    },
    "Env": {
        "apply_act": 0.2870791007298976,
        "observation_computation": 0.06177170074079186,
        "powerflow_computation": 0.056302500073798,
        "total": 0.4051533015444875
    },
    "total": 0.557445100042969
}