{
    "Agent": {
        "total": 0.07240049913525581
    },
    "Env": {
        "apply_act": 0.19513720006216317,
        "observation_computation": 0.04373879998456687,
        "powerflow_computation": 0.03853290050756186,
        "total": 0.2774089005542919
    },
    "total": 0.38855539995711297
}