{
    "Agent": {
        "total": 0.018228000000249267
    },
    "Env": {
        "apply_act": 0.02080570000020998,
        "observation_computation": 0.008589400000232672,
        "powerflow_computation": 0.008092699999792785,
        "total": 0.03748780000023544
    },
    "total": 0.06434309999997367
}