{
    "Agent": {
        "total": 0.093748600455001
    },
    "Env": {
        "apply_act": 0.18040879885666072,
        "observation_computation": 0.04718700144439936,
        "powerflow_computation": 0.04064680263400078,
        "total": 0.26824260293506086
    },
    "total": 0.40710129984654486
}