{
    "Agent": {
        "total": 0.014096500584855676
    },
    "Env": {
        "apply_act": 0.026012099348008633,
        "observation_computation": 0.0052407997427508235,
        "powerflow_computation": 0.005116400076076388,
        "total": 0.036369299166835845
    },
    "total": 0.055854200036264956
}