{
    "Agent": {
        "total": 0.005750599899329245
    },
    "Env": {
        "apply_act": 0.013628400163725019,
        "observation_computation": 0.002444600104354322,
        "powerflow_computation": 0.004131199908442795,
        "total": 0.020204200176522136
    },
    "total": 0.028474199934862554
}