{
    "Agent": {
        "total": 0.541749200004233
    },
    "Env": {
        "apply_act": 1.6819385000012517,
        "observation_computation": 0.28262340000355834,
        "powerflow_computation": 0.22853799999984403,
        "total": 2.193099900004654
    },
    "total": 2.9758778000000348
}