{
    "Agent": {
        "total": 0.10491420000047924
    },
    "Env": {
        "apply_act": 1.1593121999998175,
        "observation_computation": 0.9813293000002545,
        "powerflow_computation": 0.6863671999998928,
        "total": 2.827008699999965
    },
    "total": 3.6622222999999963
}