{
    "Agent": {
        "total": 0.2573850001208484
    },
    "Env": {
        "apply_act": 0.6535977004095912,
        "observation_computation": 0.11804209946421906,
        "powerflow_computation": 0.10679429952870123,
        "total": 0.8784340994025115
    },
    "total": 1.2503238999925088
}