{
    "Agent": {
        "total": 0.01038090000002967
    },
    "Env": {
        "apply_act": 0.02074689999989232,
        "observation_computation": 0.0040609000000131346,
        "powerflow_computation": 0.003966199999979381,
        "total": 0.028773999999884836
    },
    "total": 0.04341069999998126
}