{
    "Agent": {
        "total": 0.7482295000036174
    },
    "Env": {
        "apply_act": 2.6233024000030127,
        "observation_computation": 0.44489729999804695,
        "powerflow_computation": 0.363062100006573,
        "total": 3.4312618000076327
    },
    "total": 4.561856999999691
}