{
    "Agent": {
        "total": 0.005069400000053292
    },
    "Env": {
        "apply_act": 0.05732890000000168,
        "observation_computation": 0.04120549999983325,
        "powerflow_computation": 0.03324790000009159,
        "total": 0.13178229999992652
    },
    "total": 0.17471369999999808
}