{
    "Agent": {
        "total": 1.6149179999988519
    },
    "Env": {
        "apply_act": 2.037790499999346,
        "observation_computation": 0.7239625000052001,
        "powerflow_computation": 0.6520432000002074,
        "total": 3.4137962000047537
    },
    "total": 5.73029930000007
}