{
    "Agent": {
        "total": 0.5986342999913177
    },
    "Env": {
        "apply_act": 2.4455788999964625,
        "observation_computation": 0.42152430000032837,
        "powerflow_computation": 0.3741204999978436,
        "total": 3.2412236999946344
    },
    "total": 4.253550399999995
}