{
    "Agent": {
        "total": 0.029968797229230404
    },
    "Env": {
        "apply_act": 0.12135839951224625,
        "observation_computation": 0.022208299254998565,
        "powerflow_computation": 0.01959490031003952,
        "total": 0.16316159907728434
    },
    "total": 0.21403839997947216
}