{
    "Agent": {
        "total": 0.046746199999233795
    },
    "Env": {
        "apply_act": 0.09615829999972902,
        "observation_computation": 0.019808000000807624,
        "powerflow_computation": 0.017546000000038475,
        "total": 0.13351230000057512
    },
    "total": 0.19986290000008466
}