{
    "Agent": {
        "total": 0.4008634006604552
    },
    "Env": {
        "apply_act": 0.9716368007939309,
        "observation_computation": 0.25577209994662553,
        "powerflow_computation": 0.22044669941533357,
        "total": 1.44785560015589
    },
    "total": 2.075542900012806
}