{
    "Agent": {
        "total": 0.22050220076926053
    },
    "Env": {
        "apply_act": 0.43146040616557,
        "observation_computation": 0.10978729953058064,
        "powerflow_computation": 0.09759900183416903,
        "total": 0.6388467075303197
    },
    "total": 0.9637748000677675
}