{
    "Agent": {
        "total": 0.07852369999727671
    },
    "Env": {
        "apply_act": 0.3597388000016508,
        "observation_computation": 0.0772708999952556,
        "powerflow_computation": 0.06875209999770959,
        "total": 0.505761799994616
    },
    "total": 0.6522910000003321
}