{
    "Agent": {
        "total": 0.0164985996671021
    },
    "Env": {
        "apply_act": 0.03371320036239922,
        "observation_computation": 0.006705400068312883,
        "powerflow_computation": 0.006259699584916234,
        "total": 0.04667830001562834
    },
    "total": 0.0707527999766171
}