{
    "Agent": {
        "total": 0.014629600045736879
    },
    "Env": {
        "apply_act": 0.036810100078582764,
        "observation_computation": 0.008362899941857904,
        "powerflow_computation": 0.009076599963009357,
        "total": 0.054249599983450025
    },
    "total": 0.0769987000094261
}