{
    "Agent": {
        "total": 0.17031719535589218
    },
    "Env": {
        "apply_act": 0.5575265979859978,
        "observation_computation": 0.12727099796757102,
        "powerflow_computation": 0.11487160180695355,
        "total": 0.7996691977605224
    },
    "total": 1.0894317000638694
}