{
    "Agent": {
        "total": 0.004853500000081112
    },
    "Env": {
        "apply_act": 0.01351539999996021,
        "observation_computation": 0.0021994000001086533,
        "powerflow_computation": 0.001849699999979748,
        "total": 0.01756450000004861
    },
    "total": 0.026481099999955404
}