{
    "Agent": {
        "total": 0.22199750039726496
    },
    "Env": {
        "apply_act": 0.44325820030644536,
        "observation_computation": 0.10758240218274295,
        "powerflow_computation": 0.10486799967475235,
        "total": 0.6557086021639407
    },
    "total": 0.9810983999632299
}