{
    "Agent": {
        "total": 0.09304119999706018
    },
    "Env": {
        "apply_act": 0.3668875999933334,
        "observation_computation": 0.09142899999824294,
        "powerflow_computation": 0.0788192999984858,
        "total": 0.5371358999900622
    },
    "total": 0.7100815999997394
}