{
    "Agent": {
        "total": 0.2912868000001936
    },
    "Env": {
        "apply_act": 0.6191964000005328,
        "observation_computation": 0.1377241000001277,
        "powerflow_computation": 0.12409990000162452,
        "total": 0.881020400002285
    },
    "total": 1.3036606000000575
}