{
    "Agent": {
        "total": 0.3245349987410009
    },
    "Env": {
        "apply_act": 0.6345751027110964,
        "observation_computation": 0.16209939890541136,
        "powerflow_computation": 0.14218690688721836,
        "total": 0.9388614085037261
    },
    "total": 1.418191800126806
}