{
    "Agent": {
        "total": 0.17388899973593652
    },
    "Env": {
        "apply_act": 0.34797389997402206,
        "observation_computation": 0.06300010037375614,
        "powerflow_computation": 0.05509479995816946,
        "total": 0.46606880030594766
    },
    "total": 0.7023290000506677
}