{
    "Agent": {
        "total": 0.1169209000063347
    },
    "Env": {
        "apply_act": 0.642920199992659,
        "observation_computation": 0.09931910000068456,
        "powerflow_computation": 0.08479179999903863,
        "total": 0.8270310999923822
    },
    "total": 1.0311007999998765
}