{
    "Agent": {
        "total": 0.1050451000337489
    },
    "Env": {
        "apply_act": 0.2984118999156635,
        "observation_computation": 0.05196709980373271,
        "powerflow_computation": 0.0445353998511564,
        "total": 0.39491439957055263
    },
    "total": 0.5490497999999207
}