{
    "Agent": {
        "total": 0.02464439964387566
    },
    "Env": {
        "apply_act": 0.04988410009536892,
        "observation_computation": 0.01216560008469969,
        "powerflow_computation": 0.010447500040754676,
        "total": 0.07249720022082329
    },
    "total": 0.10849090002011508
}