{
    "Agent": {
        "total": 0.32006539999929373
    },
    "Env": {
        "apply_act": 1.0161228999945706,
        "observation_computation": 0.1421218999962548,
        "powerflow_computation": 0.12442900000678492,
        "total": 1.2826737999976103
    },
    "total": 1.7384243999999853
}