{
    "Agent": {
        "total": 0.04983839998021722
    },
    "Env": {
        "apply_act": 0.11323459900449961,
        "observation_computation": 0.02284899982623756,
        "powerflow_computation": 0.01889840012881905,
        "total": 0.15498199895955622
    },
    "total": 0.22755800001323223
}