{
    "Agent": {
        "total": 0.5695528998039663
    },
    "Env": {
        "apply_act": 1.416897899878677,
        "observation_computation": 0.2575956998334732,
        "powerflow_computation": 0.22726619927561842,
        "total": 1.9017597989877686
    },
    "total": 2.720047799986787
}