{
    "Agent": {
        "total": 0.302435399999581
    },
    "Env": {
        "apply_act": 0.46667890000151147,
        "observation_computation": 0.1499339999992344,
        "powerflow_computation": 0.14067699999839078,
        "total": 0.7572898999991367
    },
    "total": 1.2003730000000132
}