{
    "Agent": {
        "total": 0.05437150000028623
    },
    "Env": {
        "apply_act": 0.13164370000015424,
        "observation_computation": 0.022269199999982447,
        "powerflow_computation": 0.01938240000049518,
        "total": 0.17329530000063187
    },
    "total": 0.25034859999999526
}