{
    "Agent": {
        "total": 0.01798550004605204
    },
    "Env": {
        "apply_act": 0.04673190077301115,
        "observation_computation": 0.013337800395675004,
        "powerflow_computation": 0.011041499674320221,
        "total": 0.07111120084300637
    },
    "total": 0.10222560004331172
}