{
    "Agent": {
        "total": 0.26352580124512315
    },
    "Env": {
        "apply_act": 0.7431031982414424,
        "observation_computation": 0.16813710110727698,
        "powerflow_computation": 0.14614339952822775,
        "total": 1.0573836988769472
    },
    "total": 1.4696130999363959
}