{
    "Agent": {
        "total": 0.043314500246196985
    },
    "Env": {
        "apply_act": 0.12209249869920313,
        "observation_computation": 0.020583200035616755,
        "powerflow_computation": 0.02069719973951578,
        "total": 0.16337289847433567
    },
    "total": 0.2272233001422137
}