{
    "Agent": {
        "total": 0.3238266004482284
    },
    "Env": {
        "apply_act": 0.9080166998319328,
        "observation_computation": 0.1393671992700547,
        "powerflow_computation": 0.13148019870277494,
        "total": 1.1788640978047624
    },
    "total": 1.6340365000069141
}