{
    "Agent": {
        "total": 0.07130529999994906
    },
    "Env": {
        "apply_act": 0.22587259999886555,
        "observation_computation": 0.050425400002495735,
        "powerflow_computation": 0.04345030000013139,
        "total": 0.3197483000014927
    },
    "total": 0.43894730000010895
}