{
    "Agent": {
        "total": 0.1971319999975094
    },
    "Env": {
        "apply_act": 0.18184600000040518,
        "observation_computation": 0.09996710000382336,
        "powerflow_computation": 0.08530489999793645,
        "total": 0.367118000002165
    },
    "total": 0.6589899999999034
}