{
    "Agent": {
        "total": 0.005649900000072705
    },
    "Env": {
        "apply_act": 0.061344599999998195,
        "observation_computation": 0.04160259999996896,
        "powerflow_computation": 0.03957189999998434,
        "total": 0.1425190999999515
    },
    "total": 0.18775219999999848
}