{
    "Agent": {
        "total": 0.01276310000008607
    },
    "Env": {
        "apply_act": 0.1308744999999476,
        "observation_computation": 0.08842509999993808,
        "powerflow_computation": 0.07304069999980811,
        "total": 0.2923402999996938
    },
    "total": 0.3857208000000014
}