{
    "Agent": {
        "total": 0.02672950000851415
    },
    "Env": {
        "apply_act": 0.06829350013867952,
        "observation_computation": 0.012362400040728971,
        "powerflow_computation": 0.012215599796036258,
        "total": 0.09287149997544475
    },
    "total": 0.13194079999811947
}