{
    "Agent": {
        "total": 0.05352729861624539
    },
    "Env": {
        "apply_act": 0.1342553999274969,
        "observation_computation": 0.021808099932968616,
        "powerflow_computation": 0.018663098104298115,
        "total": 0.17472659796476364
    },
    "total": 0.25025789998471737
}