{
    "Agent": {
        "total": 0.18515479999950912
    },
    "Env": {
        "apply_act": 0.5250179000013304,
        "observation_computation": 0.07096980000414987,
        "powerflow_computation": 0.05558719999589812,
        "total": 0.6515749000013784
    },
    "total": 0.9029719000000114
}