{
    "Agent": {
        "total": 0.06547070000260646
    },
    "Env": {
        "apply_act": 0.16233619999889015,
        "observation_computation": 0.027666099998441496,
        "powerflow_computation": 0.024892600000839593,
        "total": 0.21489489999817124
    },
    "total": 0.3087353000000803
}