{
    "Agent": {
        "total": 0.03959370031952858
    },
    "Env": {
        "apply_act": 0.10741329996380955,
        "observation_computation": 0.02682450076099485,
        "powerflow_computation": 0.02437549934256822,
        "total": 0.15861330006737262
    },
    "total": 0.224220999982208
}