{
    "Agent": {
        "total": 0.019735299998501432
    },
    "Env": {
        "apply_act": 0.0639896999996381,
        "observation_computation": 0.011008299999502924,
        "powerflow_computation": 0.010193300000082672,
        "total": 0.0851912999992237
    },
    "total": 0.1155757999999878
}