{
    "Agent": {
        "total": 0.779442999890307
    },
    "Env": {
        "apply_act": 0.16403039990109392,
        "observation_computation": 0.06694680015789345,
        "powerflow_computation": 0.06364760012365878,
        "total": 0.29462480018264614
    },
    "total": 1.1449081000173464
}