{
    "Agent": {
        "total": 0.008551899110898376
    },
    "Env": {
        "apply_act": 0.02036900003440678,
        "observation_computation": 0.00564059941098094,
        "powerflow_computation": 0.004664099775254726,
        "total": 0.030673699220642447
    },
    "total": 0.04555649985559285
}