{
    "Agent": {
        "total": 0.9012401013169438
    },
    "Env": {
        "apply_act": 0.35672259924467653,
        "observation_computation": 0.066110800486058,
        "powerflow_computation": 0.05528270034119487,
        "total": 0.4781161000719294
    },
    "total": 1.4395078000379726
}