{
    "Agent": {
        "total": 0.006258300039917231
    },
    "Env": {
        "apply_act": 0.012727499706670642,
        "observation_computation": 0.0026767996605485678,
        "powerflow_computation": 0.0028272003401070833,
        "total": 0.018231499707326293
    },
    "total": 0.027318499982357025
}