{
    "Agent": {
        "total": 0.3245584999979201
    },
    "Env": {
        "apply_act": 0.4234302999998363,
        "observation_computation": 0.2102057000017794,
        "powerflow_computation": 0.18153130000041529,
        "total": 0.815167300002031
    },
    "total": 1.3290282000000389
}