{
    "Agent": {
        "total": 0.015373999999965804
    },
    "Env": {
        "apply_act": 0.17186449999994124,
        "observation_computation": 0.12670629999999505,
        "powerflow_computation": 0.10436869999988829,
        "total": 0.4029394999998246
    },
    "total": 0.537857300000006
}