{
    "Agent": {
        "total": 0.00884449970908463
    },
    "Env": {
        "apply_act": 0.01671159896068275,
        "observation_computation": 0.0040528003592044115,
        "powerflow_computation": 0.003933200379833579,
        "total": 0.02469759969972074
    },
    "total": 0.037710199831053615
}