{
    "Agent": {
        "total": 0.02159670000008873
    },
    "Env": {
        "apply_act": 0.041812500000162345,
        "observation_computation": 0.00826489999997193,
        "powerflow_computation": 0.007525200000031873,
        "total": 0.05760260000016615
    },
    "total": 0.08958990000002132
}