{
    "Agent": {
        "total": 0.0013316000000145323
    },
    "Env": {
        "apply_act": 0.01677500000010923,
        "observation_computation": 0.01054470000008223,
        "powerflow_computation": 0.01249419999987822,
        "total": 0.03981390000006968
    },
    "total": 0.05206279999998742
}