{
    "Agent": {
        "total": 0.07270199999987881
    },
    "Env": {
        "apply_act": 0.1643568999998024,
        "observation_computation": 0.027050600000052327,
        "powerflow_computation": 0.022982400000216785,
        "total": 0.21438990000007152
    },
    "total": 0.31847640000000865
}