{
    "Agent": {
        "total": 0.08665129926521331
    },
    "Env": {
        "apply_act": 0.1683320984011516,
        "observation_computation": 0.03715750062838197,
        "powerflow_computation": 0.035776599077507854,
        "total": 0.24126619810704142
    },
    "total": 0.36443039996083826
}