{
    "Agent": {
        "total": 0.26360140000247156
    },
    "Env": {
        "apply_act": 0.9723441000019193,
        "observation_computation": 0.1936075000044184,
        "powerflow_computation": 0.16927389999773368,
        "total": 1.3352255000040714
    },
    "total": 1.7820455000000948
}