{
    "Agent": {
        "total": 0.08276460028719157
    },
    "Env": {
        "apply_act": 0.1943932012654841,
        "observation_computation": 0.03261999902315438,
        "powerflow_computation": 0.027607800206169486,
        "total": 0.25462100049480796
    },
    "total": 0.370743399951607
}