{
    "Agent": {
        "total": 0.010478899999782243
    },
    "Env": {
        "apply_act": 0.11804459999959249,
        "observation_computation": 0.08387139999965143,
        "powerflow_computation": 0.07710159999996336,
        "total": 0.2790175999992073
    },
    "total": 0.36814200000000596
}