{
    "Agent": {
        "total": 0.0009680001530796289
    },
    "Env": {
        "apply_act": 0.0,
        "observation_computation": 0.0,
        "powerflow_computation": 0.0,
        "total": 0.0
    },
    "total": 0.002332699950784445
}