{
    "Agent": {
        "total": 1.075447800011716
    },
    "Env": {
        "apply_act": 0.5753353000018251,
        "observation_computation": 0.37065680000068824,
        "powerflow_computation": 0.3256956000259379,
        "total": 1.2716877000284512
    },
    "total": 2.7042435000003024
}