{
    "Agent": {
        "total": 0.009182000000038215
    },
    "Env": {
        "apply_act": 0.09948110000000554,
        "observation_computation": 0.07362700000003031,
        "powerflow_computation": 0.05985669999994059,
        "total": 0.23296479999997644
    },
    "total": 0.3098769000000061
}