{
    "Agent": {
        "total": 0.2125588999995216
    },
    "Env": {
        "apply_act": 0.16347709999763538,
        "observation_computation": 0.10491219999858004,
        "powerflow_computation": 0.09152770000173405,
        "total": 0.35991699999794946
    },
    "total": 0.6730967000000874
}