{
    "Agent": {
        "total": 0.027799999999956526
    },
    "Env": {
        "apply_act": 0.0662894999998116,
        "observation_computation": 0.01398770000002969,
        "powerflow_computation": 0.012035600000217528,
        "total": 0.09231280000005881
    },
    "total": 0.13517109999997956
}