{
    "Agent": {
        "total": 0.01935850000040773
    },
    "Env": {
        "apply_act": 0.0434628999994402,
        "observation_computation": 0.008470399999623623,
        "powerflow_computation": 0.008081900000661335,
        "total": 0.060015199999725155
    },
    "total": 0.0877808999998706
}