{
    "Agent": {
        "total": 0.08298549993196502
    },
    "Env": {
        "apply_act": 0.22543219992076047,
        "observation_computation": 0.038432300148997456,
        "powerflow_computation": 0.0328014999977313,
        "total": 0.2966660000674892
    },
    "total": 0.41772920000948943
}