{
    "Agent": {
        "total": 0.03906120000056035
    },
    "Env": {
        "apply_act": 0.07948370000019622,
        "observation_computation": 0.018710400000600202,
        "powerflow_computation": 0.019344499999760956,
        "total": 0.11753860000055738
    },
    "total": 0.17368439999995644
}