{
    "Agent": {
        "total": 0.03860539999868706
    },
    "Env": {
        "apply_act": 0.032119900000907364,
        "observation_computation": 0.019008200000598663,
        "powerflow_computation": 0.017373200000292854,
        "total": 0.06850130000179888
    },
    "total": 0.1254550000001018
}