{
    "Agent": {
        "total": 1.2004216999976052
    },
    "Env": {
        "apply_act": 2.3313748999984227,
        "observation_computation": 0.5720920999997361,
        "powerflow_computation": 0.4647768999989239,
        "total": 3.3682438999970827
    },
    "total": 5.088000800000032
}