{
    "Agent": {
        "total": 0.02563629999872319
    },
    "Env": {
        "apply_act": 0.08430059999909645,
        "observation_computation": 0.018453800000997944,
        "powerflow_computation": 0.0167701000004854,
        "total": 0.11952450000057979
    },
    "total": 0.162601499999937
}