{
    "Agent": {
        "total": 0.07382450000000063
    },
    "Env": {
        "apply_act": 0.14721729999973832,
        "observation_computation": 0.02651960000002873,
        "powerflow_computation": 0.023769700000116245,
        "total": 0.1975065999998833
    },
    "total": 0.2989099000000124
}