{
    "Agent": {
        "total": 0.27064030000019557
    },
    "Env": {
        "apply_act": 0.7692121999991741,
        "observation_computation": 0.11980150000078993,
        "powerflow_computation": 0.10100280000108341,
        "total": 0.9900165000010475
    },
    "total": 1.3807871000000205
}