{
    "Agent": {
        "total": 0.13628499896731228
    },
    "Env": {
        "apply_act": 0.31514299928676337,
        "observation_computation": 0.0844985997537151,
        "powerflow_computation": 0.07485329860355705,
        "total": 0.4744948976440355
    },
    "total": 0.6867012999719009
}