{
    "Agent": {
        "total": 0.020033700042404234
    },
    "Env": {
        "apply_act": 0.0609744000248611,
        "observation_computation": 0.008539500180631876,
        "powerflow_computation": 0.008764799917116761,
        "total": 0.07827870012260973
    },
    "total": 0.10738729999866337
}