{
    "Agent": {
        "total": 0.05793140083551407
    },
    "Env": {
        "apply_act": 0.15605359827168286,
        "observation_computation": 0.035585601115599275,
        "powerflow_computation": 0.03181650140322745,
        "total": 0.22345570079050958
    },
    "total": 0.3133392999880016
}