{
    "Agent": {
        "total": 0.0705143000013777
    },
    "Env": {
        "apply_act": 0.04094820000227628,
        "observation_computation": 0.025258099998609396,
        "powerflow_computation": 0.02295270000013261,
        "total": 0.08915900000101828
    },
    "total": 0.18392769999991287
}