{
    "Agent": {
        "total": 0.03913480000056779
    },
    "Env": {
        "apply_act": 0.4242578999995317,
        "observation_computation": 0.2921881000000326,
        "powerflow_computation": 0.23290450000013152,
        "total": 0.9493504999996958
    },
    "total": 1.2532669000000283
}