{
    "Agent": {
        "total": 0.29492160000006606
    },
    "Env": {
        "apply_act": 0.6202528999990591,
        "observation_computation": 0.1289903999999069,
        "powerflow_computation": 0.11230059999923014,
        "total": 0.8615438999981961
    },
    "total": 1.2839072999998962
}