{
    "Agent": {
        "total": 0.006554300081916153
    },
    "Env": {
        "apply_act": 0.013271300122141838,
        "observation_computation": 0.0025211998727172613,
        "powerflow_computation": 0.002576800179667771,
        "total": 0.01836930017452687
    },
    "total": 0.027164399973116815
}