{
    "Agent": {
        "total": 0.011502300156280398
    },
    "Env": {
        "apply_act": 0.025140700163319707,
        "observation_computation": 0.005076900823041797,
        "powerflow_computation": 0.004937400342896581,
        "total": 0.035155001329258084
    },
    "total": 0.05185360019095242
}