{
    "Agent": {
        "total": 0.4811592999969889
    },
    "Env": {
        "apply_act": 0.6670838000084132,
        "observation_computation": 0.24201840000023367,
        "powerflow_computation": 0.21389250000220272,
        "total": 1.1229947000108496
    },
    "total": 1.8375710999998773
}