{
    "Agent": {
        "total": 0.10959920000414058
    },
    "Env": {
        "apply_act": 0.39768380000123216,
        "observation_computation": 0.06412159999854339,
        "powerflow_computation": 0.05459900000005291,
        "total": 0.5164043999998285
    },
    "total": 0.685190700000021
}