{
    "Agent": {
        "total": 0.0006016999999900463
    },
    "Env": {
        "apply_act": 0.006652399999993008,
        "observation_computation": 0.004321100000026945,
        "powerflow_computation": 0.004451099999954522,
        "total": 0.015424599999974475
    },
    "total": 0.02030119999999158
}