{
    "Agent": {
        "total": 0.006450299998505216
    },
    "Env": {
        "apply_act": 0.022762100000363716,
        "observation_computation": 0.004971200001818943,
        "powerflow_computation": 0.00750779999907536,
        "total": 0.03524110000125802
    },
    "total": 0.046538999999938824
}