{
    "Agent": {
        "total": 0.03871660050936043
    },
    "Env": {
        "apply_act": 0.09854960022494197,
        "observation_computation": 0.01765050005633384,
        "powerflow_computation": 0.015549399773590267,
        "total": 0.13174950005486608
    },
    "total": 0.1874928999459371
}