{
    "Agent": {
        "total": 0.03123120008967817
    },
    "Env": {
        "apply_act": 0.062461300287395716,
        "observation_computation": 0.011272500269114971,
        "powerflow_computation": 0.010174599359743297,
        "total": 0.08390839991625398
    },
    "total": 0.12639989994931966
}