{
    "Agent": {
        "total": 0.10124330000462578
    },
    "Env": {
        "apply_act": 0.33330010000236143,
        "observation_computation": 0.07178330000306232,
        "powerflow_computation": 0.06079059999910896,
        "total": 0.4658740000045327
    },
    "total": 0.6372209000001021
}