{
    "Agent": {
        "total": 0.041358100599609315
    },
    "Env": {
        "apply_act": 0.14303520077373832,
        "observation_computation": 0.03075169969815761,
        "powerflow_computation": 0.02679670020006597,
        "total": 0.2005836006719619
    },
    "total": 0.271822200040333
}