{
    "Agent": {
        "total": 0.3328352999915296
    },
    "Env": {
        "apply_act": 0.9779304999947271,
        "observation_computation": 0.17875450000610726,
        "powerflow_computation": 0.15217329999904905,
        "total": 1.3088582999998835
    },
    "total": 1.80418439999994
}