{
    "Agent": {
        "total": 0.06134389998624101
    },
    "Env": {
        "apply_act": 0.35830409996560775,
        "observation_computation": 0.028349099768092856,
        "powerflow_computation": 0.024127600016072392,
        "total": 0.410780799749773
    },
    "total": 0.5006888000061736
}