{
    "Agent": {
        "total": 0.04466979999506293
    },
    "Env": {
        "apply_act": 0.025568099999873084,
        "observation_computation": 0.015810600000804698,
        "powerflow_computation": 0.017852500004664762,
        "total": 0.059231200005342544
    },
    "total": 0.1193386000004466
}