{
    "Agent": {
        "total": 0.020189699716866016
    },
    "Env": {
        "apply_act": 0.05545850144699216,
        "observation_computation": 0.013975200010463595,
        "powerflow_computation": 0.011705499375239015,
        "total": 0.08113920083269477
    },
    "total": 0.11534789996221662
}