{
    "Agent": {
        "total": 0.07932369981426746
    },
    "Env": {
        "apply_act": 0.1708474992774427,
        "observation_computation": 0.03895290056243539,
        "powerflow_computation": 0.03798160038422793,
        "total": 0.247782000224106
    },
    "total": 0.3633766999701038
}