{
    "Agent": {
        "total": 0.08718860000010409
    },
    "Env": {
        "apply_act": 0.20673389999950587,
        "observation_computation": 0.0372972000000118,
        "powerflow_computation": 0.03241170000023885,
        "total": 0.2764427999997565
    },
    "total": 0.3999672999999575
}