{
    "Agent": {
        "total": 0.026936800684779882
    },
    "Env": {
        "apply_act": 0.05175350047647953,
        "observation_computation": 0.013322001090273261,
        "powerflow_computation": 0.01200679992325604,
        "total": 0.07708230149000883
    },
    "total": 0.11686359997838736
}