{
    "Agent": {
        "total": 0.0007386999204754829
    },
    "Env": {
        "apply_act": 0.0,
        "observation_computation": 0.0,
        "powerflow_computation": 0.0,
        "total": 0.0
    },
    "total": 0.001977599924430251
}