{
    "Agent": {
        "total": 0.36176529875956476
    },
    "Env": {
        "apply_act": 0.7935139011824504,
        "observation_computation": 0.17239729582797736,
        "powerflow_computation": 0.1589795988984406,
        "total": 1.1248907959088683
    },
    "total": 1.6538862000452355
}