{
    "Agent": {
        "total": 0.41181390022393316
    },
    "Env": {
        "apply_act": 1.2016388989286497,
        "observation_computation": 0.2577774020610377,
        "powerflow_computation": 0.2260548995109275,
        "total": 1.685471200500615
    },
    "total": 2.3297204000409693
}