{
    "Agent": {
        "total": 0.09792840015143156
    },
    "Env": {
        "apply_act": 0.3183069003280252,
        "observation_computation": 0.06909349840134382,
        "powerflow_computation": 0.05834300082642585,
        "total": 0.4457433995557949
    },
    "total": 0.6100358000257984
}