{
    "Agent": {
        "total": 0.10974000080022961
    },
    "Env": {
        "apply_act": 0.3580948991002515,
        "observation_computation": 0.08147690037731081,
        "powerflow_computation": 0.07056519901379943,
        "total": 0.5101369984913617
    },
    "total": 0.696625699987635
}