{
    "Agent": {
        "total": 0.19677759963087738
    },
    "Env": {
        "apply_act": 0.39102559827733785,
        "observation_computation": 0.09321819921024144,
        "powerflow_computation": 0.0825754008255899,
        "total": 0.5668191983131692
    },
    "total": 0.8547138000139967
}