{
    "Agent": {
        "total": 0.7913375000025553
    },
    "Env": {
        "apply_act": 0.32223260000864684,
        "observation_computation": 0.20990510001138318,
        "powerflow_computation": 0.17703620000884257,
        "total": 0.7091739000288726
    },
    "total": 1.7018775000005917
}