{
    "Agent": {
        "total": 0.0018122999999832246
    },
    "Env": {
        "apply_act": 0.0,
        "observation_computation": 0.0,
        "powerflow_computation": 0.0,
        "total": 0.0
    },
    "total": 0.0029084999998758576
}