{
    "Agent": {
        "total": 0.4732361000089895
    },
    "Env": {
        "apply_act": 0.8256384000007984,
        "observation_computation": 0.33093849999636404,
        "powerflow_computation": 0.284591600001022,
        "total": 1.4411684999981844
    },
    "total": 2.2059277000000748
}