{
    "Agent": {
        "total": 0.13469890000123996
    },
    "Env": {
        "apply_act": 0.14117569999871193,
        "observation_computation": 0.08723760000248149,
        "powerflow_computation": 0.07191790000001674,
        "total": 0.30033120000121016
    },
    "total": 0.5136031000001822
}