{
    "Agent": {
        "total": 0.29588810000007015
    },
    "Env": {
        "apply_act": 0.5990413999984412,
        "observation_computation": 0.13045470000088244,
        "powerflow_computation": 0.10993150000035712,
        "total": 0.8394275999996808
    },
    "total": 1.2570746999999756
}