{
    "Agent": {
        "total": 0.0322179002687335
    },
    "Env": {
        "apply_act": 0.09043769887648523,
        "observation_computation": 0.021036199992522597,
        "powerflow_computation": 0.018194098491221666,
        "total": 0.1296679973602295
    },
    "total": 0.18257590010762215
}