{
    "Agent": {
        "total": 0.026490899999998874
    },
    "Env": {
        "apply_act": 0.06537679999985357,
        "observation_computation": 0.014209400000027017,
        "powerflow_computation": 0.0152109000002838,
        "total": 0.09479710000016439
    },
    "total": 0.13466989999994894
}