{
    "Agent": {
        "total": 0.4970786000008047
    },
    "Env": {
        "apply_act": 0.5765361999960987,
        "observation_computation": 0.31841620000113835,
        "powerflow_computation": 0.28938890000290485,
        "total": 1.184341300000142
    },
    "total": 1.9693498000001455
}