{
    "Agent": {
        "total": 0.000767699908465147
    },
    "Env": {
        "apply_act": 0.0,
        "observation_computation": 0.0,
        "powerflow_computation": 0.0,
        "total": 0.0
    },
    "total": 0.0018937999848276377
}