{
    "Agent": {
        "total": 0.11195870209485292
    },
    "Env": {
        "apply_act": 0.22566079907119274,
        "observation_computation": 0.05180760147050023,
        "powerflow_computation": 0.0460489010438323,
        "total": 0.3235173015855253
    },
    "total": 0.4862052001990378
}