{
    "Agent": {
        "total": 0.18047600016871002
    },
    "Env": {
        "apply_act": 0.8108105000574142,
        "observation_computation": 0.17023420007899404,
        "powerflow_computation": 0.16071719999308698,
        "total": 1.1417619001294952
    },
    "total": 1.473764199996367
}