{
    "Agent": {
        "total": 0.11907349999682992
    },
    "Env": {
        "apply_act": 0.5770895000000564,
        "observation_computation": 0.06867229999625124,
        "powerflow_computation": 0.057759899994834996,
        "total": 0.7035216999911427
    },
    "total": 0.8882513999997173
}