{
    "Agent": {
        "total": 0.06355929999858745
    },
    "Env": {
        "apply_act": 0.20483410000065305,
        "observation_computation": 0.045337500002233355,
        "powerflow_computation": 0.041321599999264436,
        "total": 0.29149320000215084
    },
    "total": 0.3985803999999007
}