{
    "Agent": {
        "total": 0.6535423005698249
    },
    "Env": {
        "apply_act": 0.1626550001092255,
        "observation_computation": 0.03717439982574433,
        "powerflow_computation": 0.03303240018431097,
        "total": 0.23286180011928082
    },
    "total": 0.9223700000438839
}