{
    "Agent": {
        "total": 0.1325297977309674
    },
    "Env": {
        "apply_act": 0.25382139906287193,
        "observation_computation": 0.06423680065199733,
        "powerflow_computation": 0.06114639830775559,
        "total": 0.37920459802262485
    },
    "total": 0.5759163999464363
}