{
    "Agent": {
        "total": 0.770308500000283
    },
    "Env": {
        "apply_act": 0.9144571999984237,
        "observation_computation": 0.47299040000075365,
        "powerflow_computation": 0.41649379999728353,
        "total": 1.8039413999964609
    },
    "total": 2.9949993000000177
}