{
    "Agent": {
        "total": 0.0021243999999569496
    },
    "Env": {
        "apply_act": 0.0020636000000422428,
        "observation_computation": 0.0005356000000347194,
        "powerflow_computation": 0.0004940000000033251,
        "total": 0.0030932000000802873
    },
    "total": 0.00796360000003915
}