{
    "Agent": {
        "total": 0.284819399821572
    },
    "Env": {
        "apply_act": 0.8998940997989848,
        "observation_computation": 0.13876680249813944,
        "powerflow_computation": 0.1210785002913326,
        "total": 1.1597394025884569
    },
    "total": 1.575298999901861
}