{
    "Agent": {
        "total": 0.5182071999995514
    },
    "Env": {
        "apply_act": 0.7564080000004196,
        "observation_computation": 0.30855960000076266,
        "powerflow_computation": 0.2680961999972169,
        "total": 1.3330637999983992
    },
    "total": 2.123704000000089
}