{
    "Agent": {
        "total": 0.07180189987411723
    },
    "Env": {
        "apply_act": 0.3223796999664046,
        "observation_computation": 0.06398830038961023,
        "powerflow_computation": 0.05748290003975853,
        "total": 0.44385090039577335
    },
    "total": 0.572556099970825
}