{
    "Agent": {
        "total": 0.009648099999964188
    },
    "Env": {
        "apply_act": 0.10934319999972786,
        "observation_computation": 0.07514799999975708,
        "powerflow_computation": 0.06277939999992554,
        "total": 0.24727059999941048
    },
    "total": 0.32679039999999304
}