{
    "Agent": {
        "total": 0.04557120000015402
    },
    "Env": {
        "apply_act": 0.3847874999993337,
        "observation_computation": 0.021207399999639165,
        "powerflow_computation": 0.017728199999737626,
        "total": 0.4237230999987105
    },
    "total": 0.489089300000046
}