{
    "Agent": {
        "total": 0.07043589999966571
    },
    "Env": {
        "apply_act": 0.10590160000060678,
        "observation_computation": 0.04965620000029958,
        "powerflow_computation": 0.041003199997248885,
        "total": 0.19656099999815524
    },
    "total": 0.3104335999998966
}