{
    "Agent": {
        "total": 0.18391430040355772
    },
    "Env": {
        "apply_act": 0.4693016001256183,
        "observation_computation": 0.12294139852747321,
        "powerflow_computation": 0.1048356001265347,
        "total": 0.6970785987796262
    },
    "total": 0.9900942000094801
}