{
    "Agent": {
        "total": 0.06426309999915247
    },
    "Env": {
        "apply_act": 0.17158649999691988,
        "observation_computation": 0.02625689999831593,
        "powerflow_computation": 0.023533399998541427,
        "total": 0.22137679999377724
    },
    "total": 0.31172160000005533
}