{
    "Agent": {
        "total": 0.01063519949093461
    },
    "Env": {
        "apply_act": 0.025804399978369474,
        "observation_computation": 0.004647299414500594,
        "powerflow_computation": 0.006222100229933858,
        "total": 0.036673799622803926
    },
    "total": 0.05201069999020547
}