{
    "Agent": {
        "total": 0.03683530000000701
    },
    "Env": {
        "apply_act": 0.07079890000056821,
        "observation_computation": 0.016874000000143496,
        "powerflow_computation": 0.014230700000439356,
        "total": 0.10190360000115106
    },
    "total": 0.15652890000001207
}