{
    "Agent": {
        "total": 0.0007956000044941902
    },
    "Env": {
        "apply_act": 0.0,
        "observation_computation": 0.0,
        "powerflow_computation": 0.0,
        "total": 0.0
    },
    "total": 0.001918500056490302
}