{
    "Agent": {
        "total": 0.39666620000093644
    },
    "Env": {
        "apply_act": 0.6651905999999599,
        "observation_computation": 0.1780853000029765,
        "powerflow_computation": 0.1533147999986113,
        "total": 0.9965907000015477
    },
    "total": 1.5699396999999635
}