{
    "Agent": {
        "total": 0.06199599999979455
    },
    "Env": {
        "apply_act": 0.1405160999996724,
        "observation_computation": 0.02519929999971282,
        "powerflow_computation": 0.020882699999674514,
        "total": 0.18659809999905974
    },
    "total": 0.2738309000000072
}