{
    "Agent": {
        "total": 0.04635740000128408
    },
    "Env": {
        "apply_act": 0.4879811999995809,
        "observation_computation": 0.33274969999939685,
        "powerflow_computation": 0.2818865999994955,
        "total": 1.1026174999984732
    },
    "total": 1.6441597000000456
}