{
    "Agent": {
        "total": 0.20121819991618395
    },
    "Env": {
        "apply_act": 0.5432535994332284,
        "observation_computation": 0.12590099964290857,
        "powerflow_computation": 0.11368480033706874,
        "total": 0.7828393994132057
    },
    "total": 1.096884400001727
}