{
    "Agent": {
        "total": 0.14730360000055498
    },
    "Env": {
        "apply_act": 0.15815789999908247,
        "observation_computation": 0.09606240000005073,
        "powerflow_computation": 0.08176739999976235,
        "total": 0.33598769999889555
    },
    "total": 0.5685717999999724
}