{
    "Agent": {
        "total": 0.08325969992438331
    },
    "Env": {
        "apply_act": 0.18500709981890395,
        "observation_computation": 0.03303169968421571,
        "powerflow_computation": 0.028015899879392236,
        "total": 0.2460546993825119
    },
    "total": 0.36174100000062026
}