{
    "Agent": {
        "total": 0.2144657999942865
    },
    "Env": {
        "apply_act": 0.46192069999915475,
        "observation_computation": 0.08696749999944586,
        "powerflow_computation": 0.07313009999779752,
        "total": 0.6220182999963981
    },
    "total": 0.913460600000235
}