{
    "Agent": {
        "total": 0.21418659999767442
    },
    "Env": {
        "apply_act": 0.22320889999855353,
        "observation_computation": 0.1364412000007178,
        "powerflow_computation": 0.11189500000227781,
        "total": 0.47154510000154914
    },
    "total": 0.8067822999998953
}