{
    "Agent": {
        "total": 0.04226350000033108
    },
    "Env": {
        "apply_act": 0.10992209999960778,
        "observation_computation": 0.019211900000186688,
        "powerflow_computation": 0.015734999999835964,
        "total": 0.14486899999963043
    },
    "total": 0.20558599999992566
}