{
    "Agent": {
        "total": 0.1485960012068972
    },
    "Env": {
        "apply_act": 0.32026559964288026,
        "observation_computation": 0.10298310173675418,
        "powerflow_computation": 0.09403269842732698,
        "total": 0.5172813998069614
    },
    "total": 0.7565567001001909
}