{
    "Agent": {
        "total": 0.07340140009182505
    },
    "Env": {
        "apply_act": 0.18622310005594045,
        "observation_computation": 0.03315100015606731,
        "powerflow_computation": 0.02759670023806393,
        "total": 0.2469708004500717
    },
    "total": 0.3530568999995012
}