{
    "Agent": {
        "total": 0.043842999992193654
    },
    "Env": {
        "apply_act": 0.00974149999092333,
        "observation_computation": 0.003361599985510111,
        "powerflow_computation": 0.0038991000037640333,
        "total": 0.017002199980197474
    },
    "total": 0.06514760002028197
}