{
    "Agent": {
        "total": 0.006657300000313171
    },
    "Env": {
        "apply_act": 0.06603969999980563,
        "observation_computation": 0.04753299999998717,
        "powerflow_computation": 0.04098060000012538,
        "total": 0.15455329999991818
    },
    "total": 0.20519439999998212
}