{
    "Agent": {
        "total": 0.7409807007061318
    },
    "Env": {
        "apply_act": 1.6423329989193007,
        "observation_computation": 0.3739353980636224,
        "powerflow_computation": 0.3237422046950087,
        "total": 2.340010601677932
    },
    "total": 3.4458332000067458
}