{
    "Agent": {
        "total": 0.056903299293480814
    },
    "Env": {
        "apply_act": 0.11694390047341585,
        "observation_computation": 0.027478499920107424,
        "powerflow_computation": 0.025169500964693725,
        "total": 0.169591901358217
    },
    "total": 0.2524295001057908
}