{
    "Agent": {
        "total": 0.0007313999813050032
    },
    "Env": {
        "apply_act": 0.0,
        "observation_computation": 0.0,
        "powerflow_computation": 0.0,
        "total": 0.0
    },
    "total": 0.001815199968405068
}