{
    "Agent": {
        "total": 0.03453659999649972
    },
    "Env": {
        "apply_act": 0.10691009950824082,
        "observation_computation": 0.016747500048950315,
        "powerflow_computation": 0.01850029977504164,
        "total": 0.14215789933223277
    },
    "total": 0.19262699992395937
}