{
    "Agent": {
        "total": 0.06365119999827584
    },
    "Env": {
        "apply_act": 0.1864611000005425,
        "observation_computation": 0.027015699998628406,
        "powerflow_computation": 0.02720890000455256,
        "total": 0.24068570000372347
    },
    "total": 0.33144880000008925
}