{
    "Agent": {
        "total": 0.5369178999995938
    },
    "Env": {
        "apply_act": 0.6115558000001329,
        "observation_computation": 0.2743155999996816,
        "powerflow_computation": 0.23515509999856476,
        "total": 1.1210264999983792
    },
    "total": 1.9230623000000833
}