{
    "Agent": {
        "total": 0.05659600000029741
    },
    "Env": {
        "apply_act": 0.12380180000042174,
        "observation_computation": 0.024380300000302668,
        "powerflow_computation": 0.02255249999939224,
        "total": 0.17073460000011664
    },
    "total": 0.25054339999996955
}