{
    "Agent": {
        "total": 0.05932020000227567
    },
    "Env": {
        "apply_act": 0.19820829999616763,
        "observation_computation": 0.05775960000437408,
        "powerflow_computation": 0.047515999999632186,
        "total": 0.3034839000001739
    },
    "total": 0.415694600000279
}