{
    "Agent": {
        "total": 0.020260800000102108
    },
    "Env": {
        "apply_act": 0.18741529999988416,
        "observation_computation": 0.13570850000010637,
        "powerflow_computation": 0.11220180000054825,
        "total": 0.43532560000053877
    },
    "total": 0.5835652000000096
}