{
    "Agent": {
        "total": 0.34218319976935163
    },
    "Env": {
        "apply_act": 1.6565647008246742,
        "observation_computation": 0.3123223999282345,
        "powerflow_computation": 0.2765935000497848,
        "total": 2.2454806008026935
    },
    "total": 2.864139399956912
}