{
    "Agent": {
        "total": 0.11954060010612011
    },
    "Env": {
        "apply_act": 0.023538799956440926,
        "observation_computation": 0.00958460007677786,
        "powerflow_computation": 0.009801700070966035,
        "total": 0.04292510010418482
    },
    "total": 0.17327939998358488
}