{
    "Agent": {
        "total": 0.052134799072518945
    },
    "Env": {
        "apply_act": 0.17507870076224208,
        "observation_computation": 0.03787390189245343,
        "powerflow_computation": 0.0329624991863966,
        "total": 0.2459151018410921
    },
    "total": 0.3345149999950081
}