{
    "Agent": {
        "total": 0.030881600687280297
    },
    "Env": {
        "apply_act": 0.06578989967238158,
        "observation_computation": 0.012103400193154812,
        "powerflow_computation": 0.01137870061211288,
        "total": 0.08927200047764927
    },
    "total": 0.13234550005290657
}