{
    "Agent": {
        "total": 1.1271080999999867
    },
    "Env": {
        "apply_act": 1.3550436999955764,
        "observation_computation": 0.7272426000008636,
        "powerflow_computation": 0.6192501000064112,
        "total": 2.7015364000028512
    },
    "total": 4.747367700000041
}