{
    "Agent": {
        "total": 0.06009969930164516
    },
    "Env": {
        "apply_act": 0.15250060055404902,
        "observation_computation": 0.03529979940503836,
        "powerflow_computation": 0.03060490032657981,
        "total": 0.21840530028566718
    },
    "total": 0.30999650014564395
}