{
    "Agent": {
        "total": 2.283356100000219
    },
    "Env": {
        "apply_act": 2.975945000000138,
        "observation_computation": 1.1253696000060245,
        "powerflow_computation": 0.9922251000000415,
        "total": 5.093539700006204
    },
    "total": 8.462807300000122
}