{
    "Agent": {
        "total": 0.12903279999704864
    },
    "Env": {
        "apply_act": 0.18640960000016094,
        "observation_computation": 0.057987900001307935,
        "powerflow_computation": 0.05673740000088401,
        "total": 0.3011349000023529
    },
    "total": 0.4877848000000995
}