{
    "Agent": {
        "total": 0.03213860001415014
    },
    "Env": {
        "apply_act": 0.00729239996871911,
        "observation_computation": 0.0023884999682195485,
        "powerflow_computation": 0.002449499996146187,
        "total": 0.012130399933084846
    },
    "total": 0.0477709999831859
}