{
    "Agent": {
        "total": 0.025222099999950842
    },
    "Env": {
        "apply_act": 0.2658713000004127,
        "observation_computation": 0.18484280000046738,
        "powerflow_computation": 0.15126940000033073,
        "total": 0.6019835000012108
    },
    "total": 0.7952973000000156
}