{
    "Agent": {
        "total": 0.09679010000036214
    },
    "Env": {
        "apply_act": 0.21784679999984746,
        "observation_computation": 0.03909999999939373,
        "powerflow_computation": 0.03641729999958443,
        "total": 0.2933640999988256
    },
    "total": 0.4263004000000592
}