{
    "Agent": {
        "total": 0.0007751001976430416
    },
    "Env": {
        "apply_act": 0.0,
        "observation_computation": 0.0,
        "powerflow_computation": 0.0,
        "total": 0.0
    },
    "total": 0.001901600044220686
}