{
    "Agent": {
        "total": 0.05849270007456653
    },
    "Env": {
        "apply_act": 0.1553978998272214,
        "observation_computation": 0.02730019998853095,
        "powerflow_computation": 0.023361500090686604,
        "total": 0.20605959990643896
    },
    "total": 0.291784800007008
}