{
    "Agent": {
        "total": 0.23094560066238046
    },
    "Env": {
        "apply_act": 0.4501114033628255,
        "observation_computation": 0.11602229718118906,
        "powerflow_computation": 0.10933309886604548,
        "total": 0.67546679941006
    },
    "total": 1.016920099966228
}