{
    "Agent": {
        "total": 0.11513259996718261
    },
    "Env": {
        "apply_act": 0.5453584999777377,
        "observation_computation": 0.10728469998866785,
        "powerflow_computation": 0.10019020014442503,
        "total": 0.7528334001108306
    },
    "total": 0.9642523000075016
}