{
    "Agent": {
        "total": 0.12919390000070052
    },
    "Env": {
        "apply_act": 0.23466660000144657,
        "observation_computation": 0.05620049999947696,
        "powerflow_computation": 0.055250800001431344,
        "total": 0.3461179000023549
    },
    "total": 0.5280671000000439
}