{
    "Agent": {
        "total": 0.006048700000178542
    },
    "Env": {
        "apply_act": 0.012395800000035706,
        "observation_computation": 0.0020609000000604283,
        "powerflow_computation": 0.003073999999969601,
        "total": 0.017530700000065735
    },
    "total": 0.025737499999991087
}