{
    "Agent": {
        "total": 0.005557699999144461
    },
    "Env": {
        "apply_act": 0.004570600000079139,
        "observation_computation": 0.0024378999992222816,
        "powerflow_computation": 0.0026829999999335996,
        "total": 0.00969149999923502
    },
    "total": 0.01786379999998644
}