{
    "Agent": {
        "total": 0.07582019991241395
    },
    "Env": {
        "apply_act": 0.3225410997401923,
        "observation_computation": 0.05496799759566784,
        "powerflow_computation": 0.04684749967418611,
        "total": 0.42435659701004624
    },
    "total": 0.5519991000182927
}