{
    "Agent": {
        "total": 0.20705800055293366
    },
    "Env": {
        "apply_act": 0.953834600513801,
        "observation_computation": 0.1884988997480832,
        "powerflow_computation": 0.16327630024170503,
        "total": 1.3056098005035892
    },
    "total": 1.6817037999862805
}