{
    "Agent": {
        "total": 0.025873899983707815
    },
    "Env": {
        "apply_act": 0.05027680002967827,
        "observation_computation": 0.011734699946828187,
        "powerflow_computation": 0.01101570003083907,
        "total": 0.07302720000734553
    },
    "total": 0.11054890000377782
}