{
    "Agent": {
        "total": 0.1734996000004685
    },
    "Env": {
        "apply_act": 0.46225040000263107,
        "observation_computation": 0.07722239999793601,
        "powerflow_computation": 0.06452530000115075,
        "total": 0.6039981000017178
    },
    "total": 0.8476997000002484
}