{
    "Agent": {
        "total": 0.004080499999957965
    },
    "Env": {
        "apply_act": 0.04501279999982444,
        "observation_computation": 0.032267100000098026,
        "powerflow_computation": 0.03133240000008186,
        "total": 0.10861230000000432
    },
    "total": 0.14199619999999413
}