{
    "Agent": {
        "total": 0.18610520035144873
    },
    "Env": {
        "apply_act": 0.6107806996733416,
        "observation_computation": 0.08804119960404932,
        "powerflow_computation": 0.07573509978828952,
        "total": 0.7745569990656804
    },
    "total": 1.0448966999829281
}