{
    "Agent": {
        "total": 0.1835204999973712
    },
    "Env": {
        "apply_act": 0.20034050000072057,
        "observation_computation": 0.09171159999959855,
        "powerflow_computation": 0.07963220000044657,
        "total": 0.3716843000007657
    },
    "total": 0.6456097000000227
}