{
    "Agent": {
        "total": 0.009411000000227432
    },
    "Env": {
        "apply_act": 0.024001100000077713,
        "observation_computation": 0.00635420000025988,
        "powerflow_computation": 0.005784100000255421,
        "total": 0.036139400000593014
    },
    "total": 0.052224699999896984
}