{
    "Agent": {
        "total": 0.0018974999999841202
    },
    "Env": {
        "apply_act": 0.020916400000004387,
        "observation_computation": 0.01463240000003907,
        "powerflow_computation": 0.013866400000210888,
        "total": 0.049415200000254345
    },
    "total": 0.0650320000000022
}