{
    "Agent": {
        "total": 0.025355000000388372
    },
    "Env": {
        "apply_act": 0.2768719999996847,
        "observation_computation": 0.2015752999994902,
        "powerflow_computation": 0.167607199999793,
        "total": 0.6460544999989679
    },
    "total": 0.8599598000000128
}