{
    "Agent": {
        "total": 0.0010623999405652285
    },
    "Env": {
        "apply_act": 0.0,
        "observation_computation": 0.0,
        "powerflow_computation": 0.0,
        "total": 0.0
    },
    "total": 0.0033565000630915165
}