{
    "Agent": {
        "total": 0.059044999798061326
    },
    "Env": {
        "apply_act": 0.14497609983664006,
        "observation_computation": 0.0279457998694852,
        "powerflow_computation": 0.023758199793519452,
        "total": 0.1966800994996447
    },
    "total": 0.2832081999804359
}