{
    "Agent": {
        "total": 0.090214699273929
    },
    "Env": {
        "apply_act": 0.17693199892528355,
        "observation_computation": 0.046252899803221226,
        "powerflow_computation": 0.04487139987759292,
        "total": 0.2680562986060977
    },
    "total": 0.4018413000740111
}