{
    "Agent": {
        "total": 0.02615399999966428
    },
    "Env": {
        "apply_act": 0.30165869999994754,
        "observation_computation": 0.21807169999981113,
        "powerflow_computation": 0.19134860000011145,
        "total": 0.7110789999998701
    },
    "total": 0.9417358000000036
}