{
    "Agent": {
        "total": 0.1936533007537946
    },
    "Env": {
        "apply_act": 0.5339346990222111,
        "observation_computation": 0.08420669846236706,
        "powerflow_computation": 0.0748054007999599,
        "total": 0.6929467982845381
    },
    "total": 0.9697330000344664
}