{
    "Agent": {
        "total": 0.017968900000028043
    },
    "Env": {
        "apply_act": 0.015212199999950826,
        "observation_computation": 0.009347200000206612,
        "powerflow_computation": 0.008078799999793773,
        "total": 0.03263819999995121
    },
    "total": 0.05950710000001891
}