{
    "Agent": {
        "total": 0.062106299999641124
    },
    "Env": {
        "apply_act": 0.13304190000053495,
        "observation_computation": 0.028918500000827407,
        "powerflow_computation": 0.02506710000034218,
        "total": 0.18702750000170454
    },
    "total": 0.27688799999998537
}