{
    "Agent": {
        "total": 0.06702450000034332
    },
    "Env": {
        "apply_act": 0.13269680000053086,
        "observation_computation": 0.028994599998213744,
        "powerflow_computation": 0.02450249999924381,
        "total": 0.1861938999979884
    },
    "total": 0.2829275999999936
}