{
    "Agent": {
        "total": 0.1263987012207508
    },
    "Env": {
        "apply_act": 0.3475407985970378,
        "observation_computation": 0.07773989881388843,
        "powerflow_computation": 0.07379100099205971,
        "total": 0.49907169840298593
    },
    "total": 0.6952794999815524
}