{
    "Agent": {
        "total": 0.010552200000176981
    },
    "Env": {
        "apply_act": 0.11448659999989275,
        "observation_computation": 0.08536650000012003,
        "powerflow_computation": 0.06980149999982643,
        "total": 0.2696545999998392
    },
    "total": 0.35865870000000655
}