{
    "Agent": {
        "total": 0.00859519999994518
    },
    "Env": {
        "apply_act": 0.03026880000015808,
        "observation_computation": 0.003942200000437879,
        "powerflow_computation": 0.0039743000006637885,
        "total": 0.03818530000125975
    },
    "total": 0.05097249999971609
}