{
    "Agent": {
        "total": 0.20742759999984628
    },
    "Env": {
        "apply_act": 0.9194959999990715,
        "observation_computation": 0.0996322999963013,
        "powerflow_computation": 0.08768890000055762,
        "total": 1.1068171999959304
    },
    "total": 1.4110982000001968
}