{
    "Agent": {
        "total": 0.1693211999918276
    },
    "Env": {
        "apply_act": 0.9779124999868145,
        "observation_computation": 0.1231446000001597,
        "powerflow_computation": 0.10843889999523526,
        "total": 1.2094959999822095
    },
    "total": 1.4823397000000114
}