{
    "Agent": {
        "total": 0.016336600000187218
    },
    "Env": {
        "apply_act": 0.16457350000003856,
        "observation_computation": 0.11897790000007546,
        "powerflow_computation": 0.10195909999993802,
        "total": 0.38551050000005205
    },
    "total": 0.5157404999999997
}