{
    "Agent": {
        "total": 0.11670079897157848
    },
    "Env": {
        "apply_act": 0.4854059009812772,
        "observation_computation": 0.08521820302121341,
        "powerflow_computation": 0.07915299781598151,
        "total": 0.6497771018184721
    },
    "total": 0.8485044999979436
}