{
    "Agent": {
        "total": 0.049702700001489575
    },
    "Env": {
        "apply_act": 0.25951860000122906,
        "observation_computation": 0.04947910000146294,
        "powerflow_computation": 0.04268729999921561,
        "total": 0.3516850000019076
    },
    "total": 0.44464319999997315
}