{
    "Agent": {
        "total": 0.09316399988892954
    },
    "Env": {
        "apply_act": 0.44154389992763754,
        "observation_computation": 0.08188139996491373,
        "powerflow_computation": 0.0763368000916671,
        "total": 0.5997620999842184
    },
    "total": 0.7651571000023978
}