{
    "Agent": {
        "total": 0.06092409999979509
    },
    "Env": {
        "apply_act": 0.14611899999999878,
        "observation_computation": 0.025455700000236448,
        "powerflow_computation": 0.021961699999963002,
        "total": 0.19353640000019823
    },
    "total": 0.2814799000000221
}