{
    "Agent": {
        "total": 0.0005544999999074207
    },
    "Env": {
        "apply_act": 0.006589799999972001,
        "observation_computation": 0.004099800000005871,
        "powerflow_computation": 0.005337999999937892,
        "total": 0.016027599999915765
    },
    "total": 0.02082550000000083
}