{
    "Agent": {
        "total": 0.3515596002980601
    },
    "Env": {
        "apply_act": 1.4541535998869222,
        "observation_computation": 0.1669569998048246,
        "powerflow_computation": 0.13929830049164593,
        "total": 1.7604089001833927
    },
    "total": 2.264078599982895
}