{
    "Agent": {
        "total": 0.24715350000724357
    },
    "Env": {
        "apply_act": 0.2831183000002966,
        "observation_computation": 0.1731888000017534,
        "powerflow_computation": 0.14587419999679696,
        "total": 0.602181299998847
    },
    "total": 1.0007752999999866
}