{
    "Agent": {
        "total": 0.08919999958015978
    },
    "Env": {
        "apply_act": 0.2376243988983333,
        "observation_computation": 0.05437040061224252,
        "powerflow_computation": 0.047659799573011696,
        "total": 0.3396545990835875
    },
    "total": 0.4793831999413669
}