{
    "Agent": {
        "total": 0.05378270003711805
    },
    "Env": {
        "apply_act": 0.1733462999400217,
        "observation_computation": 0.02525929972762242,
        "powerflow_computation": 0.02133960003266111,
        "total": 0.21994519970030524
    },
    "total": 0.2990015000104904
}