{
    "Agent": {
        "total": 0.013983999844640493
    },
    "Env": {
        "apply_act": 0.03279619920067489,
        "observation_computation": 0.006095199612900615,
        "powerflow_computation": 0.005202099913731217,
        "total": 0.044093498727306724
    },
    "total": 0.06489260005764663
}