{
    "Agent": {
        "total": 0.3877490000013495
    },
    "Env": {
        "apply_act": 0.5528320000030362,
        "observation_computation": 0.19364489999884427,
        "powerflow_computation": 0.18348240000159421,
        "total": 0.9299593000034747
    },
    "total": 1.5056667000001198
}