{
    "Agent": {
        "total": 0.004455499999949097
    },
    "Env": {
        "apply_act": 0.0510237000000302,
        "observation_computation": 0.03328519999990931,
        "powerflow_computation": 0.02997499999997899,
        "total": 0.1142838999999185
    },
    "total": 0.14978320000000167
}