{
    "Agent": {
        "total": 0.027271500000153992
    },
    "Env": {
        "apply_act": 0.28838870000032557,
        "observation_computation": 0.19676669999972773,
        "powerflow_computation": 0.1632997000003229,
        "total": 0.6484551000003762
    },
    "total": 0.8600348999999596
}