{
    "Agent": {
        "total": 0.031207200372591615
    },
    "Env": {
        "apply_act": 0.06871099886484444,
        "observation_computation": 0.013066299259662628,
        "powerflow_computation": 0.011600399622693658,
        "total": 0.09337769774720073
    },
    "total": 0.13822290021926165
}