{
    "Agent": {
        "total": 0.029759800527244806
    },
    "Env": {
        "apply_act": 0.0948446998372674,
        "observation_computation": 0.022859500837512314,
        "powerflow_computation": 0.019844799884594977,
        "total": 0.1375490005593747
    },
    "total": 0.1888704999582842
}