{
    "Agent": {
        "total": 0.0007611999753862619
    },
    "Env": {
        "apply_act": 0.0,
        "observation_computation": 0.0,
        "powerflow_computation": 0.0,
        "total": 0.0
    },
    "total": 0.001957300119102001
}