{
    "Agent": {
        "total": 0.11966490000486374
    },
    "Env": {
        "apply_act": 0.24791459954576567,
        "observation_computation": 0.04617229982977733,
        "powerflow_computation": 0.043330899556167424,
        "total": 0.3374177989317104
    },
    "total": 0.5038941000238992
}