{
    "Agent": {
        "total": 2.5395264000047746
    },
    "Env": {
        "apply_act": 9.189059600004839,
        "observation_computation": 1.3467336000003343,
        "powerflow_computation": 1.1578512999989243,
        "total": 11.693644500004098
    },
    "total": 15.482577600000013
}