{
    "Agent": {
        "total": 0.0010733999999956723
    },
    "Env": {
        "apply_act": 0.0,
        "observation_computation": 0.0,
        "powerflow_computation": 0.0,
        "total": 0.0
    },
    "total": 0.0036207000000558764
}