{
    "Agent": {
        "total": 0.10601429999962875
    },
    "Env": {
        "apply_act": 0.2951420000010785,
        "observation_computation": 0.07353829999919981,
        "powerflow_computation": 0.06394990000012513,
        "total": 0.4326302000004034
    },
    "total": 0.6033836000000292
}