{
    "Agent": {
        "total": 0.556873399822507
    },
    "Env": {
        "apply_act": 1.2522275997325778,
        "observation_computation": 0.2206903004553169,
        "powerflow_computation": 0.18871489935554564,
        "total": 1.6616327995434403
    },
    "total": 2.436025500006508
}