{
    "Agent": {
        "total": 0.017727300000387913
    },
    "Env": {
        "apply_act": 0.0620733000000655,
        "observation_computation": 0.009486800000104267,
        "powerflow_computation": 0.009126700000706478,
        "total": 0.08068680000087625
    },
    "total": 0.10748830000011367
}