{
    "Agent": {
        "total": 0.06619669951032847
    },
    "Env": {
        "apply_act": 0.16587070061359555,
        "observation_computation": 0.04224139906000346,
        "powerflow_computation": 0.046943299705162644,
        "total": 0.25505539937876165
    },
    "total": 0.3583421000512317
}