{
    "Agent": {
        "total": 0.2967079016380012
    },
    "Env": {
        "apply_act": 0.8180493003455922,
        "observation_computation": 0.18035339936614037,
        "powerflow_computation": 0.1666245002998039,
        "total": 1.1650272000115365
    },
    "total": 1.6215400999644771
}