{
    "Agent": {
        "total": 0.010624999995343387
    },
    "Env": {
        "apply_act": 0.03467870061285794,
        "observation_computation": 0.007271199952811003,
        "powerflow_computation": 0.007412499864585698,
        "total": 0.04936240043025464
    },
    "total": 0.0670856999931857
}