{
    "Agent": {
        "total": 0.012268600286915898
    },
    "Env": {
        "apply_act": 0.024063100572675467,
        "observation_computation": 0.0056641013361513615,
        "powerflow_computation": 0.004785100230947137,
        "total": 0.034512302139773965
    },
    "total": 0.053184499964118004
}