{
    "Agent": {
        "total": 0.004841399999918394
    },
    "Env": {
        "apply_act": 0.05439469999994628,
        "observation_computation": 0.03854749999996443,
        "powerflow_computation": 0.0319743000000301,
        "total": 0.12491649999994081
    },
    "total": 0.16655710000000568
}