{
    "Agent": {
        "total": 0.021689899847842753
    },
    "Env": {
        "apply_act": 0.07453030056785792,
        "observation_computation": 0.015006299945525825,
        "powerflow_computation": 0.013578300015069544,
        "total": 0.10311490052845329
    },
    "total": 0.13948890008032322
}