{
    "Agent": {
        "total": 0.7581815988523886
    },
    "Env": {
        "apply_act": 2.090832098037936,
        "observation_computation": 0.3134915998671204,
        "powerflow_computation": 0.2815119036240503,
        "total": 2.6858356015291065
    },
    "total": 3.7441136999987066
}