{
    "Agent": {
        "total": 0.028875699999758808
    },
    "Env": {
        "apply_act": 0.3214249999998344,
        "observation_computation": 0.21577999999956887,
        "powerflow_computation": 0.18934679999998139,
        "total": 0.7265517999993847
    },
    "total": 0.950981999999982
}