{
    "Agent": {
        "total": 0.02107420000061211
    },
    "Env": {
        "apply_act": 0.04294180000022152,
        "observation_computation": 0.01030439999999544,
        "powerflow_computation": 0.008808100000123886,
        "total": 0.062054300000340845
    },
    "total": 0.09285629999999401
}