{
    "Agent": {
        "total": 0.08288629975868389
    },
    "Env": {
        "apply_act": 0.17805600020801648,
        "observation_computation": 0.030891300237271935,
        "powerflow_computation": 0.027732999122235924,
        "total": 0.23668029956752434
    },
    "total": 0.3497328999801539
}