{
    "Agent": {
        "total": 0.08285589958541095
    },
    "Env": {
        "apply_act": 0.09410100081004202,
        "observation_computation": 0.0447891999501735,
        "powerflow_computation": 0.03880000161007047,
        "total": 0.177690202370286
    },
    "total": 0.30182970012538135
}