{
    "Agent": {
        "total": 0.5679695999979231
    },
    "Env": {
        "apply_act": 0.5637583999980507,
        "observation_computation": 0.18986180000410968,
        "powerflow_computation": 0.16409239999939018,
        "total": 0.9177126000015505
    },
    "total": 1.6584694999999101
}