{
    "Agent": {
        "total": 0.7548935999996047
    },
    "Env": {
        "apply_act": 1.6385495000017727,
        "observation_computation": 0.48410499999909007,
        "powerflow_computation": 0.41869660000611475,
        "total": 2.5413511000069775
    },
    "total": 3.7220264000000043
}