{
    "Agent": {
        "total": 0.011793799698352814
    },
    "Env": {
        "apply_act": 0.012665599584579468,
        "observation_computation": 0.005748700234107673,
        "powerflow_computation": 0.0076016002567484975,
        "total": 0.02601590007543564
    },
    "total": 0.043423900031484663
}