{
    "Agent": {
        "total": 0.6359172995144036
    },
    "Env": {
        "apply_act": 2.3494831001735292,
        "observation_computation": 0.3555734995752573,
        "powerflow_computation": 0.30672159988898784,
        "total": 3.0117781996377744
    },
    "total": 3.9629164000216406
}