{
    "Agent": {
        "total": 0.03110329998889938
    },
    "Env": {
        "apply_act": 0.14273699998739175,
        "observation_computation": 0.028283499952522106,
        "powerflow_computation": 0.02410260000033304,
        "total": 0.1951230999402469
    },
    "total": 0.2532844999950612
}