{
    "Agent": {
        "total": 0.07675999999628402
    },
    "Env": {
        "apply_act": 0.3543345999205485,
        "observation_computation": 0.07208099983108696,
        "powerflow_computation": 0.07677330009755678,
        "total": 0.5031888998491922
    },
    "total": 0.6433389000012539
}