{
    "Agent": {
        "total": 0.0039417999999216136
    },
    "Env": {
        "apply_act": 0.04380829999993807,
        "observation_computation": 0.03203079999990166,
        "powerflow_computation": 0.026483799999923008,
        "total": 0.10232289999976274
    },
    "total": 0.13535050000000126
}