{
    "Agent": {
        "total": 0.6272050997940823
    },
    "Env": {
        "apply_act": 1.326403598068282,
        "observation_computation": 0.3092817972647026,
        "powerflow_computation": 0.28266850288491696,
        "total": 1.9183538982179016
    },
    "total": 2.8418079999973997
}