{
    "Agent": {
        "total": 0.09360660007223487
    },
    "Env": {
        "apply_act": 0.394704298581928,
        "observation_computation": 0.06731589988339692,
        "powerflow_computation": 0.05716770130675286,
        "total": 0.5191878997720778
    },
    "total": 0.6765204999828711
}