{
    "Agent": {
        "total": 0.7685113999959867
    },
    "Env": {
        "apply_act": 2.423112899980879,
        "observation_computation": 0.41119980001622025,
        "powerflow_computation": 0.379947399993398,
        "total": 3.214260099990497
    },
    "total": 4.359331700000439
}