{
    "Agent": {
        "total": 0.03361980046611279
    },
    "Env": {
        "apply_act": 0.05334810062777251,
        "observation_computation": 0.015273800236172974,
        "powerflow_computation": 0.013255999074317515,
        "total": 0.081877899938263
    },
    "total": 0.13058240001555532
}