{
    "Agent": {
        "total": 0.1491987000026711
    },
    "Env": {
        "apply_act": 1.0050242000002072,
        "observation_computation": 0.14739059999692472,
        "powerflow_computation": 0.1319061999988662,
        "total": 1.2843209999959981
    },
    "total": 1.5634076999999706
}