{
    "Agent": {
        "total": 0.11486959995818324
    },
    "Env": {
        "apply_act": 0.2939006004598923,
        "observation_computation": 0.052806399849941954,
        "powerflow_computation": 0.04717459992389195,
        "total": 0.3938816002337262
    },
    "total": 0.5597950000083074
}