{
    "Agent": {
        "total": 0.06767370000056872
    },
    "Env": {
        "apply_act": 0.24695690000044124,
        "observation_computation": 0.03575179999950251,
        "powerflow_computation": 0.03231089999997039,
        "total": 0.31501959999991413
    },
    "total": 0.4161485999999286
}