{
    "Agent": {
        "total": 0.03138569951988757
    },
    "Env": {
        "apply_act": 0.06612740061245859,
        "observation_computation": 0.015023801010102034,
        "powerflow_computation": 0.01278300117701292,
        "total": 0.09393420279957354
    },
    "total": 0.1408160999417305
}