{
    "Agent": {
        "total": 0.18201079990831204
    },
    "Env": {
        "apply_act": 0.0377097001473885,
        "observation_computation": 0.015262000059010461,
        "powerflow_computation": 0.01492719998350367,
        "total": 0.06789890018990263
    },
    "total": 0.26685279997764155
}