{
    "Agent": {
        "total": 0.38381159817799926
    },
    "Env": {
        "apply_act": 0.7711619010660797,
        "observation_computation": 0.195854299236089,
        "powerflow_computation": 0.17482620012015104,
        "total": 1.1418424004223198
    },
    "total": 1.7085556001402438
}