{
    "Agent": {
        "total": 0.003966199999979381
    },
    "Env": {
        "apply_act": 0.04518039999987877,
        "observation_computation": 0.02945489999996198,
        "powerflow_computation": 0.025859700000182784,
        "total": 0.10049500000002354
    },
    "total": 0.13244720000000143
}