{
    "Agent": {
        "total": 1.0961458000092534
    },
    "Env": {
        "apply_act": 2.522053200006667,
        "observation_computation": 0.4038695999943229,
        "powerflow_computation": 0.34273489998213336,
        "total": 3.268657699983123
    },
    "total": 4.6998162999998385
}