{
    "Agent": {
        "total": 0.22515999999359337
    },
    "Env": {
        "apply_act": 0.7337039999943045,
        "observation_computation": 0.1426973999959955,
        "powerflow_computation": 0.13338409999914802,
        "total": 1.009785499989448
    },
    "total": 1.3525413000002118
}