{
    "Agent": {
        "total": 0.2846064993645996
    },
    "Env": {
        "apply_act": 0.6276329007232562,
        "observation_computation": 0.11280420009279624,
        "powerflow_computation": 0.10066850087605417,
        "total": 0.8411056016921066
    },
    "total": 1.2370419999933802
}