{
    "Agent": {
        "total": 0.00824679999996647
    },
    "Env": {
        "apply_act": 0.09182739999974388,
        "observation_computation": 0.0684223999998892,
        "powerflow_computation": 0.0572794000003114,
        "total": 0.21752919999994447
    },
    "total": 0.2897336999999993
}