{
    "Agent": {
        "total": 0.1516867999976057
    },
    "Env": {
        "apply_act": 0.16645039999798428,
        "observation_computation": 0.09916690000113704,
        "powerflow_computation": 0.09090379999747711,
        "total": 0.3565210999965984
    },
    "total": 0.5952047999999195
}