{
    "Agent": {
        "total": 0.14955280000049243
    },
    "Env": {
        "apply_act": 0.33855589999939184,
        "observation_computation": 0.05355329999974856,
        "powerflow_computation": 0.04628540000294379,
        "total": 0.4383946000020842
    },
    "total": 0.6380881999998564
}