{
    "Agent": {
        "total": 0.19185270000343735
    },
    "Env": {
        "apply_act": 0.2515783999992891,
        "observation_computation": 0.12739620000093055,
        "powerflow_computation": 0.10630879999825993,
        "total": 0.4852833999984796
    },
    "total": 0.7881790000001274
}