{
    "Agent": {
        "total": 0.8490269999983866
    },
    "Env": {
        "apply_act": 1.1449985999985302,
        "observation_computation": 0.3982497999992347,
        "powerflow_computation": 0.3407336000017267,
        "total": 1.8839819999994916
    },
    "total": 3.116201799999999
}