{
    "Agent": {
        "total": 0.08382389694452286
    },
    "Env": {
        "apply_act": 0.3375829008873552,
        "observation_computation": 0.05896380101330578,
        "powerflow_computation": 0.05145040270872414,
        "total": 0.44799710460938513
    },
    "total": 0.5881823000963777
}