{
    "Agent": {
        "total": 0.08854540000038469
    },
    "Env": {
        "apply_act": 0.1756065999996963,
        "observation_computation": 0.041862900000410264,
        "powerflow_computation": 0.0412631000001511,
        "total": 0.25873260000025766
    },
    "total": 0.3854022000000441
}