{
    "Agent": {
        "total": 0.0685257000150159
    },
    "Env": {
        "apply_act": 0.01485009997850284,
        "observation_computation": 0.005316200025845319,
        "powerflow_computation": 0.0061508999788202345,
        "total": 0.026317199983168393
    },
    "total": 0.10101189999841154
}