{
    "Agent": {
        "total": 0.007508600130677223
    },
    "Env": {
        "apply_act": 0.013666800456121564,
        "observation_computation": 0.0032687003258615732,
        "powerflow_computation": 0.003517399774864316,
        "total": 0.020452900556847453
    },
    "total": 0.03136690007522702
}