{
    "Agent": {
        "total": 0.2472719000052166
    },
    "Env": {
        "apply_act": 0.5289012000021103,
        "observation_computation": 0.08702149999771791,
        "powerflow_computation": 0.07419709999794577,
        "total": 0.690119799997774
    },
    "total": 1.027660300000207
}