{
    "Agent": {
        "total": 0.045848299749195576
    },
    "Env": {
        "apply_act": 0.13967890001367778,
        "observation_computation": 0.030622699996456504,
        "powerflow_computation": 0.02698689920362085,
        "total": 0.19728849921375513
    },
    "total": 0.2706900000339374
}