{
    "Agent": {
        "total": 0.02333859999933452
    },
    "Env": {
        "apply_act": 0.2675211000001525,
        "observation_computation": 0.18870009999940862,
        "powerflow_computation": 0.17204719999995177,
        "total": 0.6282683999995129
    },
    "total": 0.8263578000000109
}