{
    "Agent": {
        "total": 0.18892979912925512
    },
    "Env": {
        "apply_act": 0.7124027998652309,
        "observation_computation": 0.1349816002184525,
        "powerflow_computation": 0.13606210111174732,
        "total": 0.9834465011954308
    },
    "total": 1.3006909999530762
}