{
    "Agent": {
        "total": 0.05438230000436306
    },
    "Env": {
        "apply_act": 0.171011499944143,
        "observation_computation": 0.02553860004991293,
        "powerflow_computation": 0.022144499234855175,
        "total": 0.2186945992289111
    },
    "total": 0.2987250000005588
}