{
    "Agent": {
        "total": 0.001061100047081709
    },
    "Env": {
        "apply_act": 0.0,
        "observation_computation": 0.0,
        "powerflow_computation": 0.0,
        "total": 0.0
    },
    "total": 0.0033190001267939806
}