{
    "Agent": {
        "total": 0.0007008000000041648
    },
    "Env": {
        "apply_act": 0.0,
        "observation_computation": 0.0,
        "powerflow_computation": 0.0,
        "total": 0.0
    },
    "total": 0.00196219999997993
}