{
    "Agent": {
        "total": 0.021976700000777782
    },
    "Env": {
        "apply_act": 0.09668870000018615,
        "observation_computation": 0.011774500000001353,
        "powerflow_computation": 0.012510199999724136,
        "total": 0.12097339999991163
    },
    "total": 0.1540448999999171
}