{
    "Agent": {
        "total": 0.022981199901551008
    },
    "Env": {
        "apply_act": 0.05323140032123774,
        "observation_computation": 0.009630599990487099,
        "powerflow_computation": 0.009132299805060029,
        "total": 0.07199430011678487
    },
    "total": 0.10492150008212775
}