{
    "Agent": {
        "total": 0.041843000799417496
    },
    "Env": {
        "apply_act": 0.09146060049533844,
        "observation_computation": 0.021032400080002844,
        "powerflow_computation": 0.018662400194443762,
        "total": 0.13115540076978505
    },
    "total": 0.19339859997853637
}