{
    "Agent": {
        "total": 0.014939699999700906
    },
    "Env": {
        "apply_act": 0.1696300999999778,
        "observation_computation": 0.12064340000017637,
        "powerflow_computation": 0.10465779999952929,
        "total": 0.39493129999968346
    },
    "total": 0.5236582999999939
}