{
    "Agent": {
        "total": 0.006516500000316228
    },
    "Env": {
        "apply_act": 0.0060310999992907455,
        "observation_computation": 0.002794900000480993,
        "powerflow_computation": 0.003616899999542511,
        "total": 0.01244289999931425
    },
    "total": 0.021742700000004334
}