{
    "Agent": {
        "total": 0.01237900000000991
    },
    "Env": {
        "apply_act": 0.14301540000013802,
        "observation_computation": 0.10293899999959422,
        "powerflow_computation": 0.08467250000018112,
        "total": 0.33062689999991335
    },
    "total": 0.43687640000001693
}