{
    "Agent": {
        "total": 0.04152860000021974
    },
    "Env": {
        "apply_act": 0.2551585999999588,
        "observation_computation": 0.03891659999771946,
        "powerflow_computation": 0.03413419999787948,
        "total": 0.32820939999555776
    },
    "total": 0.4043031000001065
}