{
    "Agent": {
        "total": 0.020136599999659666
    },
    "Env": {
        "apply_act": 0.07525940000004994,
        "observation_computation": 0.010305399999197107,
        "powerflow_computation": 0.010977700000694313,
        "total": 0.09654249999994136
    },
    "total": 0.12647359999982655
}