{
    "Agent": {
        "total": 0.058350400005110714
    },
    "Env": {
        "apply_act": 0.16367260000242823,
        "observation_computation": 0.024815599999783444,
        "powerflow_computation": 0.020841499998368818,
        "total": 0.2093297000005805
    },
    "total": 0.29248809999990044
}