{
    "Agent": {
        "total": 0.22993819996190723
    },
    "Env": {
        "apply_act": 0.619622999933199,
        "observation_computation": 0.10624810002627783,
        "powerflow_computation": 0.0971545000502374,
        "total": 0.8230256000097143
    },
    "total": 1.157712399995944
}