{
    "Agent": {
        "total": 0.03363459999991392
    },
    "Env": {
        "apply_act": 0.06495900000072652,
        "observation_computation": 0.015623600000367333,
        "powerflow_computation": 0.013423700000203098,
        "total": 0.09400630000129695
    },
    "total": 0.14256960000000163
}