{
    "Agent": {
        "total": 0.13237810065038502
    },
    "Env": {
        "apply_act": 0.5279869007645175,
        "observation_computation": 0.09529009985271841,
        "powerflow_computation": 0.08881600119639188,
        "total": 0.7120930018136278
    },
    "total": 0.9360378999263048
}