{
    "Agent": {
        "total": 0.053615199751220644
    },
    "Env": {
        "apply_act": 0.14690599928144366,
        "observation_computation": 0.02411940007004887,
        "powerflow_computation": 0.02080920059233904,
        "total": 0.19183459994383156
    },
    "total": 0.2692011999897659
}