{
    "Agent": {
        "total": 0.11381360000154928
    },
    "Env": {
        "apply_act": 0.08972379999954683,
        "observation_computation": 0.05246530000044913,
        "powerflow_computation": 0.04450030000032257,
        "total": 0.18668940000031853
    },
    "total": 0.35166289999995115
}