{
    "Agent": {
        "total": 0.0007681000000161475
    },
    "Env": {
        "apply_act": 0.00855879999993192,
        "observation_computation": 0.0065652999999770145,
        "powerflow_computation": 0.00541559999994945,
        "total": 0.020539699999858385
    },
    "total": 0.02746519999999464
}