{
    "Agent": {
        "total": 0.040584799367934465
    },
    "Env": {
        "apply_act": 0.11008780123665929,
        "observation_computation": 0.01847829925827682,
        "powerflow_computation": 0.015556298429146409,
        "total": 0.14412239892408252
    },
    "total": 0.20324239996261895
}