{
    "Agent": {
        "total": 0.05951160003314726
    },
    "Env": {
        "apply_act": 0.15240089991129935,
        "observation_computation": 0.027627500123344362,
        "powerflow_computation": 0.023601400083862245,
        "total": 0.20362980011850595
    },
    "total": 0.2908373000100255
}