{
    "Agent": {
        "total": 0.0967884000046979
    },
    "Env": {
        "apply_act": 0.1091024000024845,
        "observation_computation": 0.06649410000045464,
        "powerflow_computation": 0.05888119999963237,
        "total": 0.2344777000025715
    },
    "total": 0.5924425999996856
}