{
    "Agent": {
        "total": 0.40027939999617956
    },
    "Env": {
        "apply_act": 0.4877718999953231,
        "observation_computation": 0.20657339999229407,
        "powerflow_computation": 0.17418739999698118,
        "total": 0.8685326999845984
    },
    "total": 1.462622999999894
}