{
    "Agent": {
        "total": 0.046518699964508414
    },
    "Env": {
        "apply_act": 0.1452919994480908,
        "observation_computation": 0.031760100508108735,
        "powerflow_computation": 0.028087498852983117,
        "total": 0.20513959880918264
    },
    "total": 0.2829619999974966
}