{
    "Agent": {
        "total": 0.6265645999937988
    },
    "Env": {
        "apply_act": 1.5116224999874248,
        "observation_computation": 0.24457829999209935,
        "powerflow_computation": 0.22275640000407293,
        "total": 1.978957199983597
    },
    "total": 2.8460101000000577
}