{
    "Agent": {
        "total": 0.26302750007016584
    },
    "Env": {
        "apply_act": 0.5388298001489602,
        "observation_computation": 0.0990214996272698,
        "powerflow_computation": 0.08924919995479286,
        "total": 0.7271004997310229
    },
    "total": 1.0873789999750443
}