{
    "Agent": {
        "total": 0.08316499999909865
    },
    "Env": {
        "apply_act": 0.307675999996718,
        "observation_computation": 0.049403500001972134,
        "powerflow_computation": 0.05014639999671999,
        "total": 0.40722589999541015
    },
    "total": 0.5363658000001124
}