{
    "Agent": {
        "total": 0.22126989999105717
    },
    "Env": {
        "apply_act": 0.7203563999946709,
        "observation_computation": 0.11674150000180816,
        "powerflow_computation": 0.12189540000781562,
        "total": 0.9589933000042947
    },
    "total": 1.2958056999996188
}