{
    "Agent": {
        "total": 0.23389459820464253
    },
    "Env": {
        "apply_act": 0.46964130364358425,
        "observation_computation": 0.11571870115585625,
        "powerflow_computation": 0.11132929753512144,
        "total": 0.6966893023345619
    },
    "total": 1.0417564997915179
}