{
    "Agent": {
        "total": 0.0006838000845164061
    },
    "Env": {
        "apply_act": 0.0,
        "observation_computation": 0.0,
        "powerflow_computation": 0.0,
        "total": 0.0
    },
    "total": 0.001848400104790926
}