{
    "Agent": {
        "total": 0.6640236979583278
    },
    "Env": {
        "apply_act": 1.7626575968461111,
        "observation_computation": 0.44312000076752156,
        "powerflow_computation": 0.3797065014950931,
        "total": 2.585484099108726
    },
    "total": 3.6413489999249578
}