{
    "Agent": {
        "total": 2.007739899991293
    },
    "Env": {
        "apply_act": 2.5942437000021528,
        "observation_computation": 0.9453191000029619,
        "powerflow_computation": 0.8491080000153488,
        "total": 4.3886708000204635
    },
    "total": 7.316090799999984
}