{
    "Agent": {
        "total": 0.08244870137423277
    },
    "Env": {
        "apply_act": 0.38713030191138387,
        "observation_computation": 0.057673999574035406,
        "powerflow_computation": 0.04888549924362451,
        "total": 0.4936898007290438
    },
    "total": 0.6313022000249475
}