{
    "Agent": {
        "total": 0.0010024999999700412
    },
    "Env": {
        "apply_act": 0.00895840000001158,
        "observation_computation": 0.006102900000115596,
        "powerflow_computation": 0.0059927000000925545,
        "total": 0.02105400000021973
    },
    "total": 0.027912700000001678
}