{
    "Agent": {
        "total": 0.034240899491123855
    },
    "Env": {
        "apply_act": 0.07349750027060509,
        "observation_computation": 0.017113999580033123,
        "powerflow_computation": 0.014426300767809153,
        "total": 0.10503780061844736
    },
    "total": 0.15663900005165488
}