{
    "Agent": {
        "total": 0.07126339999877018
    },
    "Env": {
        "apply_act": 0.21131539999760207,
        "observation_computation": 0.03143960000033985,
        "powerflow_computation": 0.029701600000862527,
        "total": 0.27245659999880445
    },
    "total": 0.3748031999998602
}