{
    "Agent": {
        "total": 0.02179739999985486
    },
    "Env": {
        "apply_act": 0.23542300000013938,
        "observation_computation": 0.1704463000010037,
        "powerflow_computation": 0.14630009999967797,
        "total": 0.552169400000821
    },
    "total": 0.732095299999969
}