{
    "Agent": {
        "total": 0.05504450000034922
    },
    "Env": {
        "apply_act": 0.1756244999999126,
        "observation_computation": 0.027968299999542978,
        "powerflow_computation": 0.02527970000062396,
        "total": 0.22887250000007953
    },
    "total": 0.3101342999999588
}