{
    "Agent": {
        "total": 0.047470700345002115
    },
    "Env": {
        "apply_act": 0.12241200020071119,
        "observation_computation": 0.018936499254778028,
        "powerflow_computation": 0.018078699707984924,
        "total": 0.15942719916347414
    },
    "total": 0.2257266000378877
}