{
    "Agent": {
        "total": 0.08186219999959121
    },
    "Env": {
        "apply_act": 0.16512450000038825,
        "observation_computation": 0.03632289999973182,
        "powerflow_computation": 0.032690699999875505,
        "total": 0.23413809999999557
    },
    "total": 0.3518331999999873
}