{
    "Agent": {
        "total": 0.08067289902828634
    },
    "Env": {
        "apply_act": 0.12187920231372118,
        "observation_computation": 0.040551298297941685,
        "powerflow_computation": 0.03550569876097143,
        "total": 0.1979361993726343
    },
    "total": 0.3163143000565469
}