{
    "Agent": {
        "total": 0.24884019999967677
    },
    "Env": {
        "apply_act": 0.5038208999974358,
        "observation_computation": 0.12459320000380103,
        "powerflow_computation": 0.1261202000043795,
        "total": 0.7545343000056164
    },
    "total": 1.128099499999962
}