{
    "Agent": {
        "total": 0.05861259999869617
    },
    "Env": {
        "apply_act": 0.06878219999907742,
        "observation_computation": 0.04157949999989796,
        "powerflow_computation": 0.0374386000009963,
        "total": 0.14780029999997168
    },
    "total": 0.24326449999989563
}