{
    "Agent": {
        "total": 0.23557340000002114
    },
    "Env": {
        "apply_act": 0.5216446999992286,
        "observation_computation": 0.11495810000064921,
        "powerflow_computation": 0.09759509999878446,
        "total": 0.7341978999986623
    },
    "total": 1.0801811000000043
}