{
    "Agent": {
        "total": 0.09574759999986782
    },
    "Env": {
        "apply_act": 0.1951455000002511,
        "observation_computation": 0.036616200000196386,
        "powerflow_computation": 0.028626500000086708,
        "total": 0.2603882000005342
    },
    "total": 0.39337960000000294
}