{
    "Agent": {
        "total": 0.1611323999995875
    },
    "Env": {
        "apply_act": 0.16823079999903712,
        "observation_computation": 0.10038210000038816,
        "powerflow_computation": 0.08795689999919887,
        "total": 0.35656979999862415
    },
    "total": 0.6070633000001635
}