{
    "Agent": {
        "total": 0.11798249999947075
    },
    "Env": {
        "apply_act": 0.13414269999907447,
        "observation_computation": 0.057676400000218564,
        "powerflow_computation": 0.04915969999910885,
        "total": 0.24097879999840188
    },
    "total": 0.4092164999999568
}