{
    "Agent": {
        "total": 0.0778811996569857
    },
    "Env": {
        "apply_act": 0.2549367001047358,
        "observation_computation": 0.03732559969648719,
        "powerflow_computation": 0.03232710005249828,
        "total": 0.32458939985372126
    },
    "total": 0.43901650002226233
}