{
    "Agent": {
        "total": 0.03355630021542311
    },
    "Env": {
        "apply_act": 0.12995119963306934,
        "observation_computation": 0.022813200252130628,
        "powerflow_computation": 0.018760699778795242,
        "total": 0.1715250996639952
    },
    "total": 0.22787589998915792
}