{
    "Agent": {
        "total": 0.19741249999958654
    },
    "Env": {
        "apply_act": 0.7144729000004872,
        "observation_computation": 0.10284240000021327,
        "powerflow_computation": 0.0890549000014289,
        "total": 0.9063702000021294
    },
    "total": 1.200464600000032
}