{
    "Agent": {
        "total": 0.006412899999816091
    },
    "Env": {
        "apply_act": 0.07204439999986789,
        "observation_computation": 0.0497261000001572,
        "powerflow_computation": 0.04085219999979017,
        "total": 0.16262269999981527
    },
    "total": 0.21354709999997112
}