{
    "Agent": {
        "total": 0.15160139999989042
    },
    "Env": {
        "apply_act": 0.16227709999770923,
        "observation_computation": 0.10072009999885267,
        "powerflow_computation": 0.08674380000047677,
        "total": 0.34974099999703867
    },
    "total": 0.5898669999999129
}