{
    "Agent": {
        "total": 0.029886999633163214
    },
    "Env": {
        "apply_act": 0.06952869985252619,
        "observation_computation": 0.013516999082639813,
        "powerflow_computation": 0.01189430058002472,
        "total": 0.09493999951519072
    },
    "total": 0.13881130004301667
}