{
    "Agent": {
        "total": 0.1892338001052849
    },
    "Env": {
        "apply_act": 0.4684708001150284,
        "observation_computation": 0.08360790036385879,
        "powerflow_computation": 0.0781280999945011,
        "total": 0.6302068004733883
    },
    "total": 0.9007039999996778
}