{
    "Agent": {
        "total": 0.02349340000000666
    },
    "Env": {
        "apply_act": 0.07964900000069974,
        "observation_computation": 0.012053700001160905,
        "powerflow_computation": 0.011613899999701971,
        "total": 0.10331660000156262
    },
    "total": 0.1383811999999125
}