{
    "Agent": {
        "total": 1.2486186001915485
    },
    "Env": {
        "apply_act": 0.27424570024595596,
        "observation_computation": 0.10365100001217797,
        "powerflow_computation": 0.10597269999561831,
        "total": 0.48386940025375225
    },
    "total": 1.8542527999961749
}