{
    "Agent": {
        "total": 0.43984560000535566
    },
    "Env": {
        "apply_act": 0.9308923000126015,
        "observation_computation": 0.15777559999878576,
        "powerflow_computation": 0.12790169999789214,
        "total": 1.2165696000092794
    },
    "total": 1.7945839000003616
}