{
    "Agent": {
        "total": 0.14006130000143457
    },
    "Env": {
        "apply_act": 0.3151521000000912,
        "observation_computation": 0.07007619999876624,
        "powerflow_computation": 0.061952799998039154,
        "total": 0.4471810999968966
    },
    "total": 0.6532614000000194
}