{
    "Agent": {
        "total": 0.0626796999713406
    },
    "Env": {
        "apply_act": 0.16508700005942956,
        "observation_computation": 0.02750009996816516,
        "powerflow_computation": 0.02319139993051067,
        "total": 0.21577849995810539
    },
    "total": 0.3059214999957476
}