{
    "Agent": {
        "total": 0.06363619999979164
    },
    "Env": {
        "apply_act": 0.13886380000036525,
        "observation_computation": 0.029309400000386177,
        "powerflow_computation": 0.021768499999836877,
        "total": 0.1899417000005883
    },
    "total": 0.27957370000001447
}