{
    "Agent": {
        "total": 0.1384909000009884
    },
    "Env": {
        "apply_act": 0.1664034000009451,
        "observation_computation": 0.09044870000138872,
        "powerflow_computation": 0.08933739999702084,
        "total": 0.34618949999935467
    },
    "total": 0.564908800000012
}