{
    "Agent": {
        "total": 0.004922000000163962
    },
    "Env": {
        "apply_act": 0.07555860000019265,
        "observation_computation": 0.038406300000161764,
        "powerflow_computation": 0.04193859999969618,
        "total": 0.1559035000000506
    },
    "total": 0.19709069999998974
}