{
    "Agent": {
        "total": 0.021744100000233857
    },
    "Env": {
        "apply_act": 0.36969730000012646,
        "observation_computation": 0.17179619999961915,
        "powerflow_computation": 0.15473919999990926,
        "total": 0.6962326999996549
    },
    "total": 0.8783123999999987
}