{
    "Agent": {
        "total": 0.0008840999998938059
    },
    "Env": {
        "apply_act": 0.0,
        "observation_computation": 0.0,
        "powerflow_computation": 0.0,
        "total": 0.0
    },
    "total": 0.0020051999999850523
}