{
    "Agent": {
        "total": 0.15812210002331994
    },
    "Env": {
        "apply_act": 0.5919043002068065,
        "observation_computation": 0.0929759003338404,
        "powerflow_computation": 0.08385319990338758,
        "total": 0.7687334004440345
    },
    "total": 1.0107229999848641
}