{
    "Agent": {
        "total": 0.09259079999765163
    },
    "Env": {
        "apply_act": 0.22215430000278502,
        "observation_computation": 0.05939969999826644,
        "powerflow_computation": 0.05056400000103167,
        "total": 0.33211800000208314
    },
    "total": 0.4766190000000279
}