{
    "Agent": {
        "total": 0.024967199999082368
    },
    "Env": {
        "apply_act": 0.061741900000470196,
        "observation_computation": 0.012986499999897205,
        "powerflow_computation": 0.010854900001049828,
        "total": 0.08558330000141723
    },
    "total": 0.12568559999999707
}