{
    "Agent": {
        "total": 0.04991739999741185
    },
    "Env": {
        "apply_act": 0.05788229999870964,
        "observation_computation": 0.0336020999984612,
        "powerflow_computation": 0.030619200002547586,
        "total": 0.12210359999971843
    },
    "total": 0.2017655999998169
}