{
    "Agent": {
        "total": 0.2678294000002097
    },
    "Env": {
        "apply_act": 0.31541809999998804,
        "observation_computation": 0.17323540000052162,
        "powerflow_computation": 0.14273629999843251,
        "total": 0.6313897999989422
    },
    "total": 1.0516442999996798
}