{
    "Agent": {
        "total": 0.008240099996328354
    },
    "Env": {
        "apply_act": 0.019511200487613678,
        "observation_computation": 0.005677700275555253,
        "powerflow_computation": 0.004932699492201209,
        "total": 0.03012160025537014
    },
    "total": 0.04474389995448291
}