{
    "Agent": {
        "total": 0.059099000034620985
    },
    "Env": {
        "apply_act": 0.16688490012893453,
        "observation_computation": 0.02626149993739091,
        "powerflow_computation": 0.02225120016373694,
        "total": 0.21539760023006238
    },
    "total": 0.3010708999936469
}