{
    "Agent": {
        "total": 0.0015679000001114218
    },
    "Env": {
        "apply_act": 0.017871700000057444,
        "observation_computation": 0.01130200000000059,
        "powerflow_computation": 0.01080899999999474,
        "total": 0.03998270000005277
    },
    "total": 0.052674300000035146
}