{
    "Agent": {
        "total": 0.0028116000000864005
    },
    "Env": {
        "apply_act": 0.03187270000017861,
        "observation_computation": 0.022476599999947666,
        "powerflow_computation": 0.018212100000141618,
        "total": 0.0725614000002679
    },
    "total": 0.09563929999995935
}