{
    "Agent": {
        "total": 0.07042950013419613
    },
    "Env": {
        "apply_act": 0.18119169972487725,
        "observation_computation": 0.03399359999457374,
        "powerflow_computation": 0.028716599714243785,
        "total": 0.24390189943369478
    },
    "total": 0.34827539999969304
}