{
    "Agent": {
        "total": 0.0071337999999627755
    },
    "Env": {
        "apply_act": 0.07764700000006997,
        "observation_computation": 0.05202180000003409,
        "powerflow_computation": 0.04597939999985101,
        "total": 0.17564819999995507
    },
    "total": 0.2272810999999706
}