{
    "Agent": {
        "total": 0.010301400000074068
    },
    "Env": {
        "apply_act": 0.10501109999992764,
        "observation_computation": 0.07423930000004475,
        "powerflow_computation": 0.06550250000002222,
        "total": 0.2447528999999946
    },
    "total": 0.32465770000000305
}