{
    "Agent": {
        "total": 0.05028519999996206
    },
    "Env": {
        "apply_act": 0.16620769999985896,
        "observation_computation": 0.03598880000208737,
        "powerflow_computation": 0.03116719999866291,
        "total": 0.23336370000060924
    },
    "total": 0.31853350000005776
}