{
    "Agent": {
        "total": 0.13758479995885864
    },
    "Env": {
        "apply_act": 0.02797269998700358,
        "observation_computation": 0.011153999977977946,
        "powerflow_computation": 0.01149279999663122,
        "total": 0.050619499961612746
    },
    "total": 0.20067230000859126
}