{
    "Agent": {
        "total": 0.14279950000002373
    },
    "Env": {
        "apply_act": 0.4412669999994705,
        "observation_computation": 0.07960980000041218,
        "powerflow_computation": 0.06641979999960768,
        "total": 0.5872965999994904
    },
    "total": 0.8049482999999782
}