{
    "Agent": {
        "total": 0.0028546000000488903
    },
    "Env": {
        "apply_act": 0.030244199999899024,
        "observation_computation": 0.021488700000048766,
        "powerflow_computation": 0.018316599999963046,
        "total": 0.07004949999991084
    },
    "total": 0.09354240000000402
}