{
    "Agent": {
        "total": 0.27084179999974367
    },
    "Env": {
        "apply_act": 0.8046881999975994,
        "observation_computation": 0.1370150000011563,
        "powerflow_computation": 0.12137920000304803,
        "total": 1.0630824000018038
    },
    "total": 1.4644720000001143
}