{
    "Agent": {
        "total": 0.6822448999985227
    },
    "Env": {
        "apply_act": 0.6107737999959681,
        "observation_computation": 0.367171899998084,
        "powerflow_computation": 0.30980220000105874,
        "total": 1.2877478999951109
    },
    "total": 2.2899094000001696
}