{
    "Agent": {
        "total": 0.06173300067894161
    },
    "Env": {
        "apply_act": 0.17453570023644716,
        "observation_computation": 0.029619200620800257,
        "powerflow_computation": 0.02769239980261773,
        "total": 0.23184730065986514
    },
    "total": 0.3230688999174163
}