{
    "Agent": {
        "total": 0.3017624005442485
    },
    "Env": {
        "apply_act": 0.6618005995405838,
        "observation_computation": 0.14061239920556545,
        "powerflow_computation": 0.11806020012591034,
        "total": 0.9204731988720596
    },
    "total": 1.3612931999377906
}