{
    "Agent": {
        "total": 0.0888183010974899
    },
    "Env": {
        "apply_act": 0.3282087005209178,
        "observation_computation": 0.06525169953238219,
        "powerflow_computation": 0.05756450060289353,
        "total": 0.4510249006561935
    },
    "total": 0.6008096999721602
}