{
    "Agent": {
        "total": 0.2434544999996433
    },
    "Env": {
        "apply_act": 0.5230921999997236,
        "observation_computation": 0.11176559999819347,
        "powerflow_computation": 0.0966795999995611,
        "total": 0.7315373999974781
    },
    "total": 1.0837658000000374
}