{
    "Agent": {
        "total": 0.41658329999916077
    },
    "Env": {
        "apply_act": 0.8244029000019282,
        "observation_computation": 0.2923969999988003,
        "powerflow_computation": 0.25661030000071605,
        "total": 1.3734102000014445
    },
    "total": 2.04912319999994
}