{
    "Agent": {
        "total": 0.03935540048405528
    },
    "Env": {
        "apply_act": 0.12604669947177172,
        "observation_computation": 0.027647800277918577,
        "powerflow_computation": 0.02547770063392818,
        "total": 0.17917220038361847
    },
    "total": 0.24554170004557818
}