{
    "Agent": {
        "total": 0.21197369999799776
    },
    "Env": {
        "apply_act": 0.39804510000021764,
        "observation_computation": 0.09176389999811363,
        "powerflow_computation": 0.07558459999836487,
        "total": 0.5653935999966961
    },
    "total": 0.8694239000001289
}