{
    "Agent": {
        "total": 0.10051030083559453
    },
    "Env": {
        "apply_act": 0.26994580146856606,
        "observation_computation": 0.061610598815605044,
        "powerflow_computation": 0.05392700037918985,
        "total": 0.38548340066336095
    },
    "total": 0.541109099984169
}