{
    "Agent": {
        "total": 0.11394669977016747
    },
    "Env": {
        "apply_act": 0.4135541998548433,
        "observation_computation": 0.06636400011484511,
        "powerflow_computation": 0.05649920008727349,
        "total": 0.5364174000569619
    },
    "total": 0.7169381999992765
}