{
    "Agent": {
        "total": 0.07185270000024957
    },
    "Env": {
        "apply_act": 0.0974449000000277,
        "observation_computation": 0.0198406999998042,
        "powerflow_computation": 0.02060759999989159,
        "total": 0.1378931999997235
    },
    "total": 0.23043749999999363
}