{
    "Agent": {
        "total": 0.005100699999900371
    },
    "Env": {
        "apply_act": 0.055749699999836366,
        "observation_computation": 0.03568269999991003,
        "powerflow_computation": 0.03428430000019489,
        "total": 0.12571669999994128
    },
    "total": 0.1637333000000183
}