{
    "Agent": {
        "total": 0.29154530086088926
    },
    "Env": {
        "apply_act": 0.6435844009974971,
        "observation_computation": 0.14350199920590967,
        "powerflow_computation": 0.13127169862855226,
        "total": 0.9183580988319591
    },
    "total": 1.3477652000728995
}