{
    "Agent": {
        "total": 0.08826220000082685
    },
    "Env": {
        "apply_act": 0.16221589999872776,
        "observation_computation": 0.0386981000006017,
        "powerflow_computation": 0.03613499999914893,
        "total": 0.2370489999984784
    },
    "total": 0.36246859999982917
}