{
    "Agent": {
        "total": 0.27173779741860926
    },
    "Env": {
        "apply_act": 0.5362152976449579,
        "observation_computation": 0.13925919984467328,
        "powerflow_computation": 0.1328850998543203,
        "total": 0.8083595973439515
    },
    "total": 1.2117691000457853
}