{
    "Agent": {
        "total": 0.9686320000012074
    },
    "Env": {
        "apply_act": 0.7325667999969028,
        "observation_computation": 0.42313729999705174,
        "powerflow_computation": 0.3743380000000798,
        "total": 1.5300420999940343
    },
    "total": 2.8991386000000148
}