{
    "Agent": {
        "total": 0.0010719000000563028
    },
    "Env": {
        "apply_act": 0.0,
        "observation_computation": 0.0,
        "powerflow_computation": 0.0,
        "total": 0.0
    },
    "total": 0.003403499999990345
}