{
    "Agent": {
        "total": 0.008741599999950722
    },
    "Env": {
        "apply_act": 0.029749599999888687,
        "observation_computation": 0.004215000000044711,
        "powerflow_computation": 0.003505000000018299,
        "total": 0.0374695999999517
    },
    "total": 0.05222759999998061
}