{
    "Agent": {
        "total": 0.16651920000231257
    },
    "Env": {
        "apply_act": 0.4944105999995827,
        "observation_computation": 0.11601329999780319,
        "powerflow_computation": 0.09700329999827773,
        "total": 0.7074271999956636
    },
    "total": 0.9764658999999938
}