{
    "Agent": {
        "total": 0.03682150000048523
    },
    "Env": {
        "apply_act": 0.39671400000071344,
        "observation_computation": 0.27432820000103675,
        "powerflow_computation": 0.22509510000060118,
        "total": 0.8961373000023514
    },
    "total": 1.1815268999999944
}