{
    "Agent": {
        "total": 0.05307550053112209
    },
    "Env": {
        "apply_act": 0.13695960107725114,
        "observation_computation": 0.021276600775308907,
        "powerflow_computation": 0.02187040029093623,
        "total": 0.18010660214349627
    },
    "total": 0.25469069997780025
}