{
    "Agent": {
        "total": 0.06810829999949419
    },
    "Env": {
        "apply_act": 0.18907649999800924,
        "observation_computation": 0.02946580000116228,
        "powerflow_computation": 0.025027000002864952,
        "total": 0.24356930000203647
    },
    "total": 0.34071640000001935
}