{
    "Agent": {
        "total": 0.21247439999820017
    },
    "Env": {
        "apply_act": 0.24818760000266593,
        "observation_computation": 0.15213500000095337,
        "powerflow_computation": 0.13115549999974974,
        "total": 0.531478100003369
    },
    "total": 0.8781774999999925
}