{
    "Agent": {
        "total": 0.017700000000161253
    },
    "Env": {
        "apply_act": 0.033936999999980344,
        "observation_computation": 0.0067883999998343825,
        "powerflow_computation": 0.00532560000004878,
        "total": 0.04605099999986351
    },
    "total": 0.07143120000000636
}