{
    "Agent": {
        "total": 0.7869574999972428
    },
    "Env": {
        "apply_act": 1.227599500006363,
        "observation_computation": 0.49576850001176354,
        "powerflow_computation": 0.43332720000398695,
        "total": 2.1566952000221136
    },
    "total": 3.3834814000001643
}