{
    "Agent": {
        "total": 0.07959600000026512
    },
    "Env": {
        "apply_act": 0.1495398000008663,
        "observation_computation": 0.03657020000036937,
        "powerflow_computation": 0.03303319999940868,
        "total": 0.21914320000064436
    },
    "total": 0.33276890000001913
}