{
    "Agent": {
        "total": 0.5124123000066447
    },
    "Env": {
        "apply_act": 0.710372399998505,
        "observation_computation": 0.26348979999693256,
        "powerflow_computation": 0.23840659999677882,
        "total": 1.2122687999922164
    },
    "total": 1.976377100000036
}