{
    "Agent": {
        "total": 0.07692009999914262
    },
    "Env": {
        "apply_act": 0.8493342999997822,
        "observation_computation": 0.7203022999995596,
        "powerflow_computation": 0.48577810000091404,
        "total": 2.055414700000256
    },
    "total": 2.658568100000025
}