{
    "Agent": {
        "total": 0.00628580000011425
    },
    "Env": {
        "apply_act": 0.007252100000187056,
        "observation_computation": 0.0034962000001996785,
        "powerflow_computation": 0.004745599999978367,
        "total": 0.015493900000365102
    },
    "total": 0.025226199999906385
}