{
    "Agent": {
        "total": 0.4687744000239036
    },
    "Env": {
        "apply_act": 0.26487269998506235,
        "observation_computation": 0.1774417000106041,
        "powerflow_computation": 0.1472751999990578,
        "total": 0.5895895999947243
    },
    "total": 1.2206615000004604
}