{
    "Agent": {
        "total": 0.24429210112430155
    },
    "Env": {
        "apply_act": 0.48000929574482143,
        "observation_computation": 0.12418960081413388,
        "powerflow_computation": 0.11268130247481167,
        "total": 0.716880199033767
    },
    "total": 1.078320800093934
}