{
    "Agent": {
        "total": 0.34429149969946593
    },
    "Env": {
        "apply_act": 0.787926398566924,
        "observation_computation": 0.12746620154939592,
        "powerflow_computation": 0.11871340160723776,
        "total": 1.0341060017235577
    },
    "total": 1.4986612999346107
}