{
    "Agent": {
        "total": 0.11263530049473047
    },
    "Env": {
        "apply_act": 0.5267229998717085,
        "observation_computation": 0.07652539969421923,
        "powerflow_computation": 0.06511740025598556,
        "total": 0.6683657998219132
    },
    "total": 0.8585850999224931
}