{
    "Agent": {
        "total": 0.1205338999993728
    },
    "Env": {
        "apply_act": 0.29075049999960356,
        "observation_computation": 0.059106400000473514,
        "powerflow_computation": 0.05629659999976866,
        "total": 0.40615349999984574
    },
    "total": 0.5837862000000769
}