{
    "Agent": {
        "total": 0.13517479999245552
    },
    "Env": {
        "apply_act": 0.07342859999334905,
        "observation_computation": 0.045027700003629434,
        "powerflow_computation": 0.042744699999275326,
        "total": 0.1612009999962538
    },
    "total": 0.33966199999940727
}