{
    "Agent": {
        "total": 0.15140430007886607
    },
    "Env": {
        "apply_act": 0.7239791999891168,
        "observation_computation": 0.12297990004299209,
        "powerflow_computation": 0.12674349993176293,
        "total": 0.9737025999638718
    },
    "total": 1.2328760999953374
}