{
    "Agent": {
        "total": 0.20532550000280025
    },
    "Env": {
        "apply_act": 0.5701191999969524,
        "observation_computation": 0.08843469999919762,
        "powerflow_computation": 0.07617969999500929,
        "total": 0.7347335999911593
    },
    "total": 1.0265480999996726
}