{
    "Agent": {
        "total": 0.03392330027418211
    },
    "Env": {
        "apply_act": 0.07716509990859777,
        "observation_computation": 0.03178819996537641,
        "powerflow_computation": 0.034140400297474116,
        "total": 0.1430937001714483
    },
    "total": 0.2055506000178866
}