{
    "Agent": {
        "total": 0.07822209999903862
    },
    "Env": {
        "apply_act": 0.37876789999609173,
        "observation_computation": 0.062186899996959255,
        "powerflow_computation": 0.05789380000169331,
        "total": 0.4988485999947443
    },
    "total": 0.6314824000000954
}