{
    "Agent": {
        "total": 0.26410639999448904
    },
    "Env": {
        "apply_act": 0.13727729999754956,
        "observation_computation": 0.08895429999847693,
        "powerflow_computation": 0.07325929999296932,
        "total": 0.2994908999889958
    },
    "total": 0.6499933999994028
}