{
    "Agent": {
        "total": 0.005278400000150896
    },
    "Env": {
        "apply_act": 0.05906639999997765,
        "observation_computation": 0.04080570000013495,
        "powerflow_computation": 0.03624399999998218,
        "total": 0.13611610000009478
    },
    "total": 0.18009129999998663
}