{
    "Agent": {
        "total": 0.033982400549575686
    },
    "Env": {
        "apply_act": 0.10965449921786785,
        "observation_computation": 0.023351100273430347,
        "powerflow_computation": 0.01951330085285008,
        "total": 0.15251890034414828
    },
    "total": 0.2099489001557231
}