{
    "Agent": {
        "total": 0.10307600058149546
    },
    "Env": {
        "apply_act": 0.20779589866288006,
        "observation_computation": 0.051302698790095747,
        "powerflow_computation": 0.043169100070372224,
        "total": 0.30226769752334803
    },
    "total": 0.4544973000884056
}