{
    "Agent": {
        "total": 0.04903429909609258
    },
    "Env": {
        "apply_act": 0.11671879934147,
        "observation_computation": 0.020079501206055284,
        "powerflow_computation": 0.016332199797034264,
        "total": 0.15313050034455955
    },
    "total": 0.22210170002654195
}