{
    "Agent": {
        "total": 0.07357699999965917
    },
    "Env": {
        "apply_act": 0.21091769999929966,
        "observation_computation": 0.032138999997641804,
        "powerflow_computation": 0.02684889999909501,
        "total": 0.26990559999603647
    },
    "total": 0.37550320000036663
}