{
    "Agent": {
        "total": 0.06956540000010136
    },
    "Env": {
        "apply_act": 0.16893420000110382,
        "observation_computation": 0.029039400000101523,
        "powerflow_computation": 0.025092299998050294,
        "total": 0.22306589999925563
    },
    "total": 0.3225219000000834
}