{
    "Agent": {
        "total": 0.04040890000078434
    },
    "Env": {
        "apply_act": 0.0644298000006529,
        "observation_computation": 0.021763799999916955,
        "powerflow_computation": 0.01522819999991043,
        "total": 0.10142180000048029
    },
    "total": 0.16045469999994566
}