{
    "Agent": {
        "total": 0.12773639953229576
    },
    "Env": {
        "apply_act": 0.33938519982621074,
        "observation_computation": 0.07552110054530203,
        "powerflow_computation": 0.06381090078502893,
        "total": 0.4787172011565417
    },
    "total": 0.6790215999353677
}