{
    "Agent": {
        "total": 0.04142419999914182
    },
    "Env": {
        "apply_act": 0.08307660000036776,
        "observation_computation": 0.019807400000217967,
        "powerflow_computation": 0.018137600000500242,
        "total": 0.12102160000108597
    },
    "total": 0.18326839999997446
}