{
    "Agent": {
        "total": 0.010826799999904324
    },
    "Env": {
        "apply_act": 0.020429900000181078,
        "observation_computation": 0.0044617999997171864,
        "powerflow_computation": 0.007411800000227231,
        "total": 0.032303500000125496
    },
    "total": 0.04749519999995755
}