{
    "Agent": {
        "total": 0.035983100067824125
    },
    "Env": {
        "apply_act": 0.31052870070561767,
        "observation_computation": 0.01754540076944977,
        "powerflow_computation": 0.015847899834625423,
        "total": 0.34392200130969286
    },
    "total": 0.3969268000219017
}