{
    "Agent": {
        "total": 0.07876289979321882
    },
    "Env": {
        "apply_act": 0.22007650023442693,
        "observation_computation": 0.03696469985879958,
        "powerflow_computation": 0.031360099877929315,
        "total": 0.2884012999711558
    },
    "total": 0.4044419999991078
}