{
    "Agent": {
        "total": 0.35232500004349276
    },
    "Env": {
        "apply_act": 1.9168187999603106,
        "observation_computation": 0.3369007996370783,
        "powerflow_computation": 0.32366349987569265,
        "total": 2.5773830994730815
    },
    "total": 3.2219192999909865
}