{
    "Agent": {
        "total": 0.0047670999999525066
    },
    "Env": {
        "apply_act": 0.05287380000004305,
        "observation_computation": 0.03907629999983442,
        "powerflow_computation": 0.03409570000016515,
        "total": 0.12604580000004262
    },
    "total": 0.16700410000001398
}