{
    "Agent": {
        "total": 0.2762435000622645
    },
    "Env": {
        "apply_act": 0.6587367990287021,
        "observation_computation": 0.14543920091819018,
        "powerflow_computation": 0.12579369882587343,
        "total": 0.9299696987727657
    },
    "total": 1.3466519999783486
}