{
    "Agent": {
        "total": 0.21063010000091253
    },
    "Env": {
        "apply_act": 0.6780843000009327,
        "observation_computation": 0.09809339999867461,
        "powerflow_computation": 0.0878095999986499,
        "total": 0.8639872999982572
    },
    "total": 1.1670566000000235
}