{
    "Agent": {
        "total": 0.062253000000282555
    },
    "Env": {
        "apply_act": 0.12101779999898099,
        "observation_computation": 0.02610520000098404,
        "powerflow_computation": 0.021926800000073854,
        "total": 0.16904980000003889
    },
    "total": 0.2581926000000294
}