{
    "Agent": {
        "total": 0.049244499183259904
    },
    "Env": {
        "apply_act": 0.12575420003850013,
        "observation_computation": 0.023103100014850497,
        "powerflow_computation": 0.019805900403298438,
        "total": 0.16866320045664907
    },
    "total": 0.24090049997903407
}