{
    "Agent": {
        "total": 0.14307490000010148
    },
    "Env": {
        "apply_act": 0.17836589999956232,
        "observation_computation": 0.09352269999772034,
        "powerflow_computation": 0.08196720000023561,
        "total": 0.35385579999751826
    },
    "total": 0.5797139000001152
}