{
    "Agent": {
        "total": 0.09744279999972605
    },
    "Env": {
        "apply_act": 0.0738018000009788,
        "observation_computation": 0.04259170000011636,
        "powerflow_computation": 0.04085219999990386,
        "total": 0.15724570000099902
    },
    "total": 0.2968525999999656
}