{
    "Agent": {
        "total": 0.48754070000450156
    },
    "Env": {
        "apply_act": 0.2527901000012207,
        "observation_computation": 0.16705750001892739,
        "powerflow_computation": 0.1528298000112045,
        "total": 0.5726774000313526
    },
    "total": 1.218500099999801
}