{
    "Agent": {
        "total": 0.03260730003239587
    },
    "Env": {
        "apply_act": 0.007935700006783009,
        "observation_computation": 0.002388700027950108,
        "powerflow_computation": 0.0034555999445728958,
        "total": 0.013779999979306012
    },
    "total": 0.04961750001530163
}