{
    "Agent": {
        "total": 0.3891177999980755
    },
    "Env": {
        "apply_act": 0.41328430000385197,
        "observation_computation": 0.24901909999607597,
        "powerflow_computation": 0.22352200000341327,
        "total": 0.8858254000033412
    },
    "total": 1.491494700000203
}