{
    "Agent": {
        "total": 0.010703200357966125
    },
    "Env": {
        "apply_act": 0.035288900253362954,
        "observation_computation": 0.00708750041667372,
        "powerflow_computation": 0.00593029975425452,
        "total": 0.048306700424291193
    },
    "total": 0.06708119995892048
}