{
    "Agent": {
        "total": 0.13907310000035977
    },
    "Env": {
        "apply_act": 0.18548540000074354,
        "observation_computation": 0.06596010000157548,
        "powerflow_computation": 0.058869500001719643,
        "total": 0.31031500000403867
    },
    "total": 0.512940800000024
}