{
    "Agent": {
        "total": 0.0009302999824285507
    },
    "Env": {
        "apply_act": 0.0,
        "observation_computation": 0.0,
        "powerflow_computation": 0.0,
        "total": 0.0
    },
    "total": 0.0020008001010864973
}