{
    "Agent": {
        "total": 0.23745489995053504
    },
    "Env": {
        "apply_act": 0.6176462999428622,
        "observation_computation": 0.11316640006407397,
        "powerflow_computation": 0.09655799993197434,
        "total": 0.8273706999389105
    },
    "total": 1.1744853000054718
}