{
    "Agent": {
        "total": 0.011768899974413216
    },
    "Env": {
        "apply_act": 0.0351156999822706,
        "observation_computation": 0.008163799764588475,
        "powerflow_computation": 0.006903400528244674,
        "total": 0.05018290027510375
    },
    "total": 0.07080659992061555
}