{
    "Agent": {
        "total": 0.04007889999945746
    },
    "Env": {
        "apply_act": 0.42720200000059094,
        "observation_computation": 0.4572083000001612,
        "powerflow_computation": 0.2411524000003169,
        "total": 1.125562700001069
    },
    "total": 1.4369773999999893
}