{
    "Agent": {
        "total": 0.07932950000065375
    },
    "Env": {
        "apply_act": 0.15629900000044472,
        "observation_computation": 0.03510480000113603,
        "powerflow_computation": 0.028929099999345453,
        "total": 0.2203329000009262
    },
    "total": 0.332937099999981
}