{
    "Agent": {
        "total": 0.11340519988152664
    },
    "Env": {
        "apply_act": 0.5164015999180265,
        "observation_computation": 0.10154330005752854,
        "powerflow_computation": 0.09008129987341817,
        "total": 0.7080261998489732
    },
    "total": 0.910363300004974
}