{
    "Agent": {
        "total": 0.28204310000000987
    },
    "Env": {
        "apply_act": 0.7398617000039849,
        "observation_computation": 0.11937729999499425,
        "powerflow_computation": 0.1109073000029639,
        "total": 0.970146300001943
    },
    "total": 1.3925733999999466
}