{
    "Agent": {
        "total": 0.026796099999955914
    },
    "Env": {
        "apply_act": 0.07984359999932167,
        "observation_computation": 0.02013449999844852,
        "powerflow_computation": 0.01695089999998345,
        "total": 0.11692899999775364
    },
    "total": 0.16262920000008307
}