{
    "Agent": {
        "total": 0.030427199999508048
    },
    "Env": {
        "apply_act": 0.028816499999948064,
        "observation_computation": 0.014860799999496521,
        "powerflow_computation": 0.018694099999720493,
        "total": 0.06237139999916508
    },
    "total": 0.10710619999997562
}