{
    "Agent": {
        "total": 0.08341539999810266
    },
    "Env": {
        "apply_act": 0.5576345000026777,
        "observation_computation": 0.08458820000168998,
        "powerflow_computation": 0.0787289999971108,
        "total": 0.7209517000014785
    },
    "total": 0.8790208999998868
}