{
    "Agent": {
        "total": 0.3271406000019397
    },
    "Env": {
        "apply_act": 0.28967039999815825,
        "observation_computation": 0.15873520000218377,
        "powerflow_computation": 0.13598729999512216,
        "total": 0.5843928999954642
    },
    "total": 1.0603989999999612
}