{
    "Agent": {
        "total": 0.10607770178467035
    },
    "Env": {
        "apply_act": 0.41190589871257544,
        "observation_computation": 0.07689740229398012,
        "powerflow_computation": 0.0691884986590594,
        "total": 0.557991799665615
    },
    "total": 0.7366851000115275
}