{
    "Agent": {
        "total": 0.579947099999572
    },
    "Env": {
        "apply_act": 2.0459663999974964,
        "observation_computation": 0.36061660000154916,
        "powerflow_computation": 0.30725089999555166,
        "total": 2.7138338999945972
    },
    "total": 3.6083295000000817
}