{
    "Agent": {
        "total": 0.1781652998761274
    },
    "Env": {
        "apply_act": 0.9435372998559615,
        "observation_computation": 0.16939429995545652,
        "powerflow_computation": 0.1550250998843694,
        "total": 1.2679566996957874
    },
    "total": 1.5920779000007315
}