{
    "Agent": {
        "total": 0.3639623000094616
    },
    "Env": {
        "apply_act": 2.0050680999975157,
        "observation_computation": 0.3647050000026866,
        "powerflow_computation": 0.3080234999993081,
        "total": 2.6777965999995104
    },
    "total": 3.3603401000000304
}