{
    "Agent": {
        "total": 0.04968809999991208
    },
    "Env": {
        "apply_act": 0.19017020000319462,
        "observation_computation": 0.04245570005150512,
        "powerflow_computation": 0.041713700018590316,
        "total": 0.27433960007329006
    },
    "total": 0.36378179999883287
}