{
    "Agent": {
        "total": 0.0008050000760704279
    },
    "Env": {
        "apply_act": 0.0,
        "observation_computation": 0.0,
        "powerflow_computation": 0.0,
        "total": 0.0
    },
    "total": 0.001932599931024015
}