{
    "Agent": {
        "total": 0.26252360141370445
    },
    "Env": {
        "apply_act": 0.5539474000688642,
        "observation_computation": 0.13246190070640296,
        "powerflow_computation": 0.12123900093138218,
        "total": 0.8076483017066494
    },
    "total": 1.1960705000674352
}