{
    "Agent": {
        "total": 0.0037020000001461995
    },
    "Env": {
        "apply_act": 0.04041070000016589,
        "observation_computation": 0.029226600000015424,
        "powerflow_computation": 0.025230199999555225,
        "total": 0.09486749999973654
    },
    "total": 0.12619440000003124
}