{
    "Agent": {
        "total": 0.0033759000002362427
    },
    "Env": {
        "apply_act": 0.03529929999999126,
        "observation_computation": 0.025565999999969335,
        "powerflow_computation": 0.022372700000232726,
        "total": 0.08323800000019332
    },
    "total": 0.11116520000001628
}