{
    "Agent": {
        "total": 0.12839300000382536
    },
    "Env": {
        "apply_act": 0.45435050000219235,
        "observation_computation": 0.09246089999714968,
        "powerflow_computation": 0.0857331999991402,
        "total": 0.6325445999984822
    },
    "total": 0.8482068999999228
}