{
    "Agent": {
        "total": 0.5334145000015269
    },
    "Env": {
        "apply_act": 1.3770773999990524,
        "observation_computation": 0.3001354999951218,
        "powerflow_computation": 0.2681583999924442,
        "total": 1.9453712999866184
    },
    "total": 2.745995199999925
}