{
    "Agent": {
        "total": 0.07342649987549521
    },
    "Env": {
        "apply_act": 0.1555727998202201,
        "observation_computation": 0.028064400132279843,
        "powerflow_computation": 0.025235699955374002,
        "total": 0.20887289990787394
    },
    "total": 0.3106989999942016
}