{
    "Agent": {
        "total": 0.057853499936754815
    },
    "Env": {
        "apply_act": 0.24776830001792405,
        "observation_computation": 0.05299779992492404,
        "powerflow_computation": 0.04515599994920194,
        "total": 0.34592209989205003
    },
    "total": 0.45306719999643974
}