{
    "Agent": {
        "total": 0.4811869000000115
    },
    "Env": {
        "apply_act": 0.5608977999995659,
        "observation_computation": 0.3383910000004562,
        "powerflow_computation": 0.29103130000203237,
        "total": 1.1903201000020545
    },
    "total": 1.9656701999999768
}