{
    "Agent": {
        "total": 0.0357645001495257
    },
    "Env": {
        "apply_act": 0.09715589950792491,
        "observation_computation": 0.022340599447488785,
        "powerflow_computation": 0.020457299891859293,
        "total": 0.139953798847273
    },
    "total": 0.19572949991561472
}