{
    "Agent": {
        "total": 0.021808899999996356
    },
    "Env": {
        "apply_act": 0.05144070000051215,
        "observation_computation": 0.009351700000479468,
        "powerflow_computation": 0.00856090000002041,
        "total": 0.06935330000101203
    },
    "total": 0.09999180000022534
}