{
    "Agent": {
        "total": 0.19346890458837152
    },
    "Env": {
        "apply_act": 0.21814950555562973,
        "observation_computation": 0.09912740206345916,
        "powerflow_computation": 0.09392400132492185,
        "total": 0.41120090894401073
    },
    "total": 0.7009649001993239
}