{
    "Agent": {
        "total": 0.3060497000033138
    },
    "Env": {
        "apply_act": 0.8739125999964017,
        "observation_computation": 0.16515589999744407,
        "powerflow_computation": 0.12958729999627394,
        "total": 1.1686557999901197
    },
    "total": 1.6289013999994495
}