{
    "Agent": {
        "total": 0.2121541999222245
    },
    "Env": {
        "apply_act": 0.5837387994979508,
        "observation_computation": 0.09868000017013401,
        "powerflow_computation": 0.0859425004455261,
        "total": 0.7683613001136109
    },
    "total": 1.074873799982015
}