{
    "Agent": {
        "total": 0.22263110004132614
    },
    "Env": {
        "apply_act": 0.5010519005008973,
        "observation_computation": 0.08834760007448494,
        "powerflow_computation": 0.07628529943758622,
        "total": 0.6656848000129685
    },
    "total": 0.9753043000237085
}