{
    "Agent": {
        "total": 0.35629429999789863
    },
    "Env": {
        "apply_act": 0.3792779999994309,
        "observation_computation": 0.22693230000095355,
        "powerflow_computation": 0.18775580000328773,
        "total": 0.7939661000036722
    },
    "total": 1.3515803999998752
}