{
    "Agent": {
        "total": 0.0274470000001088
    },
    "Env": {
        "apply_act": 0.06581329999983154,
        "observation_computation": 0.014301899999907164,
        "powerflow_computation": 0.013105799999948431,
        "total": 0.09322099999968714
    },
    "total": 0.1337586000000215
}