{
    "Agent": {
        "total": 0.39721750002354383
    },
    "Env": {
        "apply_act": 1.036864599911496,
        "observation_computation": 0.1815781997574959,
        "powerflow_computation": 0.16102610030793585,
        "total": 1.3794688999769278
    },
    "total": 1.9520311999949627
}