{
    "Agent": {
        "total": 4.897605100002011
    },
    "Env": {
        "apply_act": 5.320129599994061,
        "observation_computation": 3.2721397000070738,
        "powerflow_computation": 2.7338992999932543,
        "total": 11.32616859999439
    },
    "total": 19.087700099999893
}