{
    "Agent": {
        "total": 0.02394049963913858
    },
    "Env": {
        "apply_act": 0.04902450041845441,
        "observation_computation": 0.01136010093614459,
        "powerflow_computation": 0.009368500672280788,
        "total": 0.06975310202687979
    },
    "total": 0.10594210005365312
}