{
    "Agent": {
        "total": 0.08165840000174285
    },
    "Env": {
        "apply_act": 0.2595450000001165,
        "observation_computation": 0.057839700001068195,
        "powerflow_computation": 0.04953919999957179,
        "total": 0.3669239000007565
    },
    "total": 0.5045093999999608
}