{
    "Agent": {
        "total": 0.09897819953039289
    },
    "Env": {
        "apply_act": 0.35353739943820983,
        "observation_computation": 0.07563440001104027,
        "powerflow_computation": 0.06987599958665669,
        "total": 0.4990477990359068
    },
    "total": 0.668717100052163
}