{
    "Agent": {
        "total": 0.0010962999999719614
    },
    "Env": {
        "apply_act": 0.0,
        "observation_computation": 0.0,
        "powerflow_computation": 0.0,
        "total": 0.0
    },
    "total": 0.003370800000084273
}