{
    "Agent": {
        "total": 0.18534189893398434
    },
    "Env": {
        "apply_act": 0.39148850028868765,
        "observation_computation": 0.0910702005494386,
        "powerflow_computation": 0.08363939938135445,
        "total": 0.5661981002194807
    },
    "total": 0.8394129000371322
}