{
    "Agent": {
        "total": 0.20669429999941258
    },
    "Env": {
        "apply_act": 0.4519934000016974,
        "observation_computation": 0.10055759999966085,
        "powerflow_computation": 0.08723369999916031,
        "total": 0.6397847000005186
    },
    "total": 0.9431826999999657
}