{
    "Agent": {
        "total": 0.00846419992740266
    },
    "Env": {
        "apply_act": 0.019418699986999854,
        "observation_computation": 0.003633500076830387,
        "powerflow_computation": 0.0038035000034142286,
        "total": 0.02685570006724447
    },
    "total": 0.039141799992648885
}