{
    "Agent": {
        "total": 0.055369099999495575
    },
    "Env": {
        "apply_act": 0.6183641000006048,
        "observation_computation": 0.4261968000002696,
        "powerflow_computation": 0.3462595000003148,
        "total": 1.3908204000011892
    },
    "total": 2.0055448999999896
}