{
    "Agent": {
        "total": 0.034442999167367816
    },
    "Env": {
        "apply_act": 0.06909660040400922,
        "observation_computation": 0.012918701628223062,
        "powerflow_computation": 0.011211800388991833,
        "total": 0.09322710242122412
    },
    "total": 0.1411189001519233
}