{
    "Agent": {
        "total": 0.1260990995215252
    },
    "Env": {
        "apply_act": 0.4349678000435233,
        "observation_computation": 0.08576680102851242,
        "powerflow_computation": 0.07876489963382483,
        "total": 0.5994995007058606
    },
    "total": 0.8078571000369266
}