{
    "Agent": {
        "total": 0.026240500000113798
    },
    "Env": {
        "apply_act": 0.267380899999921,
        "observation_computation": 0.19761560000006284,
        "powerflow_computation": 0.16298869999997123,
        "total": 0.6279851999999551
    },
    "total": 0.8382579999999962
}