{
    "Agent": {
        "total": 0.009909499999707805
    },
    "Env": {
        "apply_act": 0.10520930000002693,
        "observation_computation": 0.07823229999998205,
        "powerflow_computation": 0.06433359999999766,
        "total": 0.24777520000000663
    },
    "total": 0.32932759999999917
}