{
    "Agent": {
        "total": 0.08881619999965551
    },
    "Env": {
        "apply_act": 0.15049719999888111,
        "observation_computation": 0.05546349999985978,
        "powerflow_computation": 0.04689470000016627,
        "total": 0.25285539999890716
    },
    "total": 0.3927179999998316
}