{
    "Agent": {
        "total": 0.3690024995012209
    },
    "Env": {
        "apply_act": 0.8967548011569306,
        "observation_computation": 0.22988589841406792,
        "powerflow_computation": 0.216779897804372,
        "total": 1.3434205973753706
    },
    "total": 1.9178290999261662
}