{
    "Agent": {
        "total": 0.0647815999109298
    },
    "Env": {
        "apply_act": 0.14172580046579242,
        "observation_computation": 0.026313399779610336,
        "powerflow_computation": 0.023272000602446496,
        "total": 0.19131120084784925
    },
    "total": 0.28259600000455976
}