{
    "Agent": {
        "total": 0.02888410002196906
    },
    "Env": {
        "apply_act": 0.0785156000056304,
        "observation_computation": 0.013868100024410523,
        "powerflow_computation": 0.012453700001060497,
        "total": 0.10483740003110142
    },
    "total": 0.14729329999681795
}