{
    "Agent": {
        "total": 0.4342441999967832
    },
    "Env": {
        "apply_act": 0.5518106999963948,
        "observation_computation": 0.19588370000201394,
        "powerflow_computation": 0.16786869999668852,
        "total": 0.9155630999950972
    },
    "total": 1.5406636000000162
}