{
    "Agent": {
        "total": 0.015374699999938457
    },
    "Env": {
        "apply_act": 0.056748899999547575,
        "observation_computation": 0.008628300000054878,
        "powerflow_computation": 0.008103900001515285,
        "total": 0.07348110000111774
    },
    "total": 0.09710919999997714
}