{
    "Agent": {
        "total": 0.005211000000429067
    },
    "Env": {
        "apply_act": 0.051320000000089294,
        "observation_computation": 0.03211879999980738,
        "powerflow_computation": 0.028491499999802272,
        "total": 0.11193029999969895
    },
    "total": 0.14594110000001592
}