{
    "Agent": {
        "total": 0.1000802005873993
    },
    "Env": {
        "apply_act": 0.26589099946431816,
        "observation_computation": 0.059728700667619705,
        "powerflow_computation": 0.051131900283508,
        "total": 0.37675160041544586
    },
    "total": 0.5301572999451309
}