{
    "Agent": {
        "total": 0.061466400000142585
    },
    "Env": {
        "apply_act": 0.13758160000003272,
        "observation_computation": 0.024363499999878968,
        "powerflow_computation": 0.020023500000036165,
        "total": 0.18196859999994786
    },
    "total": 0.26825689999998303
}