{
    "Agent": {
        "total": 0.058783499989658594
    },
    "Env": {
        "apply_act": 0.13562509999610484,
        "observation_computation": 0.030259700259193778,
        "powerflow_computation": 0.027618599822744727,
        "total": 0.19350340007804334
    },
    "total": 0.28172339987941086
}