{
    "Agent": {
        "total": 0.10807250000004842
    },
    "Env": {
        "apply_act": 0.14413269999965905,
        "observation_computation": 0.05490659999964009,
        "powerflow_computation": 0.048865300001125433,
        "total": 0.24790460000042458
    },
    "total": 0.40784689999998136
}