{
    "Agent": {
        "total": 0.030944900000001496
    },
    "Env": {
        "apply_act": 0.3507201999999445,
        "observation_computation": 0.2373807999999542,
        "powerflow_computation": 0.18943990000004263,
        "total": 0.7775408999999414
    },
    "total": 1.020507600000002
}