{
    "Agent": {
        "total": 0.3794251006329432
    },
    "Env": {
        "apply_act": 0.9449413970578462,
        "observation_computation": 0.141836098395288,
        "powerflow_computation": 0.11684840265661478,
        "total": 1.203625898109749
    },
    "total": 1.7237105999374762
}