{
    "Agent": {
        "total": 0.052977100713178515
    },
    "Env": {
        "apply_act": 0.1347222994081676,
        "observation_computation": 0.02386670117266476,
        "powerflow_computation": 0.01969570037908852,
        "total": 0.17828470095992088
    },
    "total": 0.25454590003937483
}