{
    "Agent": {
        "total": 0.07850610000059532
    },
    "Env": {
        "apply_act": 0.2517371999979332,
        "observation_computation": 0.0466044999989208,
        "powerflow_computation": 0.049313099996652454,
        "total": 0.34765479999350646
    },
    "total": 0.46911439999985305
}