{
    "Agent": {
        "total": 0.1083953001361806
    },
    "Env": {
        "apply_act": 0.4289959998859558,
        "observation_computation": 0.06347160020959564,
        "powerflow_computation": 0.05467340012546629,
        "total": 0.5471410002210177
    },
    "total": 0.7149068999860901
}