{
    "Agent": {
        "total": 0.10037579957861453
    },
    "Env": {
        "apply_act": 0.4010405014269054,
        "observation_computation": 0.0707571990787983,
        "powerflow_computation": 0.0657873002346605,
        "total": 0.5375850007403642
    },
    "total": 0.7055739000206813
}