{
    "Agent": {
        "total": 0.006352200000122821
    },
    "Env": {
        "apply_act": 0.07661279999973658,
        "observation_computation": 0.0505544000001521,
        "powerflow_computation": 0.05055550000005837,
        "total": 0.17772269999994705
    },
    "total": 0.23083950000000186
}