{
    "Agent": {
        "total": 0.02833759999970198
    },
    "Env": {
        "apply_act": 0.06457150000017009,
        "observation_computation": 0.009264700000187531,
        "powerflow_computation": 0.009321599999850605,
        "total": 0.08315780000020823
    },
    "total": 0.12243519999998398
}