{
    "Agent": {
        "total": 0.16378889977931976
    },
    "Env": {
        "apply_act": 0.4451969008659944,
        "observation_computation": 0.09762169909663498,
        "powerflow_computation": 0.08241739985533059,
        "total": 0.62523599981796
    },
    "total": 0.8791283000027761
}