{
    "Agent": {
        "total": 0.013415899826213717
    },
    "Env": {
        "apply_act": 0.02540750044863671,
        "observation_computation": 0.005603100289590657,
        "powerflow_computation": 0.005617899936623871,
        "total": 0.03662850067485124
    },
    "total": 0.055890699964948
}