{
    "Agent": {
        "total": 0.7158976000087023
    },
    "Env": {
        "apply_act": 0.8568330000057358,
        "observation_computation": 0.37360879999482677,
        "powerflow_computation": 0.3088894999987133,
        "total": 1.5393312999992759
    },
    "total": 2.606618199999957
}