{
    "Agent": {
        "total": 0.012694399803876877
    },
    "Env": {
        "apply_act": 0.025270799989812076,
        "observation_computation": 0.005080800270661712,
        "powerflow_computation": 0.0041905001271516085,
        "total": 0.034542100387625396
    },
    "total": 0.05194229993503541
}