{
    "Agent": {
        "total": 0.06120800002827309
    },
    "Env": {
        "apply_act": 0.1830723999737529,
        "observation_computation": 0.029655800011823885,
        "powerflow_computation": 0.025421200021810364,
        "total": 0.23814940000738716
    },
    "total": 0.32987400000274647
}