{
    "Agent": {
        "total": 0.14295459969434887
    },
    "Env": {
        "apply_act": 0.31244749983306974,
        "observation_computation": 0.05504010012373328,
        "powerflow_computation": 0.04840769985457882,
        "total": 0.41589529981138185
    },
    "total": 0.6134697999805212
}