{
    "Agent": {
        "total": 0.03160200081765652
    },
    "Env": {
        "apply_act": 0.09903309843502939,
        "observation_computation": 0.02196410042233765,
        "powerflow_computation": 0.018974498845636845,
        "total": 0.13997169770300388
    },
    "total": 0.1924882000312209
}