{
    "Agent": {
        "total": 0.35426670030574314
    },
    "Env": {
        "apply_act": 0.9017191998136695,
        "observation_computation": 0.16315020018373616,
        "powerflow_computation": 0.14709999941987917,
        "total": 1.2119693994172849
    },
    "total": 1.725016999989748
}