{
    "Agent": {
        "total": 0.0009577000746503472
    },
    "Env": {
        "apply_act": 0.0,
        "observation_computation": 0.0,
        "powerflow_computation": 0.0,
        "total": 0.0
    },
    "total": 0.0020288999658077955
}