{
    "Agent": {
        "total": 0.1704641001924756
    },
    "Env": {
        "apply_act": 0.5036135000846116,
        "observation_computation": 0.08473999994021142,
        "powerflow_computation": 0.07124209999165032,
        "total": 0.6595956000164733
    },
    "total": 0.9125439999988885
}