{
    "Agent": {
        "total": 0.013925499999771773
    },
    "Env": {
        "apply_act": 0.15492419999995377,
        "observation_computation": 0.11241489999957821,
        "powerflow_computation": 0.0934025000000247,
        "total": 0.3607415999995567
    },
    "total": 0.4786024999999938
}