{
    "Agent": {
        "total": 0.0699862000055873
    },
    "Env": {
        "apply_act": 0.038804600006187684,
        "observation_computation": 0.025424699998438882,
        "powerflow_computation": 0.024273099991660274,
        "total": 0.08850239999628684
    },
    "total": 0.18245289999958914
}