{
    "Agent": {
        "total": 0.2473998989444226
    },
    "Env": {
        "apply_act": 0.7654970000148751,
        "observation_computation": 0.09643260017037392,
        "powerflow_computation": 0.08483479969436303,
        "total": 0.946764399879612
    },
    "total": 1.2908373999525793
}