{
    "Agent": {
        "total": 0.03421430033631623
    },
    "Env": {
        "apply_act": 0.06401199963875115,
        "observation_computation": 0.015977300936356187,
        "powerflow_computation": 0.014366500079631805,
        "total": 0.09435580065473914
    },
    "total": 0.14419050002470613
}