{
    "Agent": {
        "total": 0.026544799984549172
    },
    "Env": {
        "apply_act": 0.09943549994204659,
        "observation_computation": 0.02264200008357875,
        "powerflow_computation": 0.019179000039002858,
        "total": 0.1412565000646282
    },
    "total": 0.18995329999597743
}