{
    "Agent": {
        "total": 0.0300133996643126
    },
    "Env": {
        "apply_act": 0.06528849911410362,
        "observation_computation": 0.013744699768722057,
        "powerflow_computation": 0.016340600326657295,
        "total": 0.09537379920948297
    },
    "total": 0.13882739993277937
}