{
    "Agent": {
        "total": 0.21619860001374036
    },
    "Env": {
        "apply_act": 0.5334789991611615,
        "observation_computation": 0.0903667010134086,
        "powerflow_computation": 0.07640130096115172,
        "total": 0.7002470011357218
    },
    "total": 1.0050165000138804
}