{
    "Agent": {
        "total": 0.4577684999974281
    },
    "Env": {
        "apply_act": 0.6190331999985119,
        "observation_computation": 0.2981063000013364,
        "powerflow_computation": 0.2531408999998348,
        "total": 1.1702803999996831
    },
    "total": 1.8913167000000612
}