{
    "Agent": {
        "total": 0.10226429952308536
    },
    "Env": {
        "apply_act": 0.21623059996636584,
        "observation_computation": 0.03956360026495531,
        "powerflow_computation": 0.03473360015777871,
        "total": 0.29052780038909987
    },
    "total": 0.4319893000065349
}