{
    "Agent": {
        "total": 0.14429070090409368
    },
    "Env": {
        "apply_act": 0.6600224993890151,
        "observation_computation": 0.10452220065053552,
        "powerflow_computation": 0.10354970162734389,
        "total": 0.8680944016668946
    },
    "total": 1.1112880000146106
}