{
    "Agent": {
        "total": 0.28958220001459267
    },
    "Env": {
        "apply_act": 1.3518419000083668,
        "observation_computation": 0.21071690000280796,
        "powerflow_computation": 0.1806081999957314,
        "total": 1.7431670000069062
    },
    "total": 2.2233876000000237
}