{
    "Agent": {
        "total": 0.008049600757658482
    },
    "Env": {
        "apply_act": 0.01771649904549122,
        "observation_computation": 0.00390809983946383,
        "powerflow_computation": 0.003598699811846018,
        "total": 0.025223298696801066
    },
    "total": 0.03699159994721413
}