{
    "Agent": {
        "total": 0.0007427000000461703
    },
    "Env": {
        "apply_act": 0.0,
        "observation_computation": 0.0,
        "powerflow_computation": 0.0,
        "total": 0.0
    },
    "total": 0.002033700000083627
}