{
    "Agent": {
        "total": 0.041792799998461305
    },
    "Env": {
        "apply_act": 0.4484594000008997,
        "observation_computation": 0.48895690000057357,
        "powerflow_computation": 0.2653457000008643,
        "total": 1.2027620000023376
    },
    "total": 1.5629225000000133
}