{
    "Agent": {
        "total": 0.08699330000035843
    },
    "Env": {
        "apply_act": 0.38058519999776763,
        "observation_computation": 0.06251019999990604,
        "powerflow_computation": 0.04468690000248898,
        "total": 0.48778230000016265
    },
    "total": 0.6238023999999314
}