{
    "Agent": {
        "total": 0.02374529999974584
    },
    "Env": {
        "apply_act": 0.044116199999507444,
        "observation_computation": 0.009958900000356152,
        "powerflow_computation": 0.009689199999684206,
        "total": 0.0637642999995478
    },
    "total": 0.09936770000012984
}