{
    "Agent": {
        "total": 0.065812399960123
    },
    "Env": {
        "apply_act": 0.16517499982728623,
        "observation_computation": 0.03219800002989359,
        "powerflow_computation": 0.029109299939591438,
        "total": 0.22648229979677126
    },
    "total": 0.32428230001823977
}