{
    "Agent": {
        "total": 0.006900999999956525
    },
    "Env": {
        "apply_act": 0.078515499999952,
        "observation_computation": 0.0562575000000578,
        "powerflow_computation": 0.050987700000106884,
        "total": 0.18576070000011669
    },
    "total": 0.24517000000000166
}