{
    "Agent": {
        "total": 0.6978501000558026
    },
    "Env": {
        "apply_act": 0.1659691999957431,
        "observation_computation": 0.05794600004446693,
        "powerflow_computation": 0.05518489994574338,
        "total": 0.2791000999859534
    },
    "total": 1.0417539000045508
}