{
    "Agent": {
        "total": 0.053068800000801275
    },
    "Env": {
        "apply_act": 0.25177969999958805,
        "observation_computation": 0.051938299997345894,
        "powerflow_computation": 0.043841100000463484,
        "total": 0.3475590999973974
    },
    "total": 0.44650700000011057
}