{
    "Agent": {
        "total": 0.021699499804526567
    },
    "Env": {
        "apply_act": 0.07705240044742823,
        "observation_computation": 0.013212299207225442,
        "powerflow_computation": 0.012233700137585402,
        "total": 0.10249839979223907
    },
    "total": 0.13754769996739924
}