{
    "Agent": {
        "total": 0.05565290176309645
    },
    "Env": {
        "apply_act": 0.14247109927237034,
        "observation_computation": 0.03342620097100735,
        "powerflow_computation": 0.029305299976840615,
        "total": 0.2052026002202183
    },
    "total": 0.29105730005539954
}