{
    "Agent": {
        "total": 0.02239589999680902
    },
    "Env": {
        "apply_act": 0.07651479999822186,
        "observation_computation": 0.015081499997904757,
        "powerflow_computation": 0.012886400000752474,
        "total": 0.10448269999687909
    },
    "total": 0.14594920000035927
}