{
    "Agent": {
        "total": 0.03963150000049609
    },
    "Env": {
        "apply_act": 0.06183270000042285,
        "observation_computation": 0.013111499999467924,
        "powerflow_computation": 0.011292900000398731,
        "total": 0.0862371000002895
    },
    "total": 0.14504220000003443
}