{
    "Agent": {
        "total": 0.10143100001732819
    },
    "Env": {
        "apply_act": 0.26725890005764086,
        "observation_computation": 0.05047609999746783,
        "powerflow_computation": 0.04396340002131183,
        "total": 0.3616984000764205
    },
    "total": 0.5117275000011432
}