{
    "Agent": {
        "total": 0.16685570000208827
    },
    "Env": {
        "apply_act": 0.4901469999931578,
        "observation_computation": 0.07433409999430296,
        "powerflow_computation": 0.07153549999748066,
        "total": 0.6360165999849414
    },
    "total": 0.8729456999999456
}