{
    "Agent": {
        "total": 0.19542189999901893
    },
    "Env": {
        "apply_act": 0.15685630000007222,
        "observation_computation": 0.09195449999879202,
        "powerflow_computation": 0.07997040000009292,
        "total": 0.32878119999895716
    },
    "total": 0.6115471000000525
}