{
    "Agent": {
        "total": 0.049220499999137246
    },
    "Env": {
        "apply_act": 0.19296829999530019,
        "observation_computation": 0.04764289999729954,
        "powerflow_computation": 0.03971810000257392,
        "total": 0.28032929999517364
    },
    "total": 0.373917800000072
}