{
    "Agent": {
        "total": 0.0306127006188035
    },
    "Env": {
        "apply_act": 0.08108410006389022,
        "observation_computation": 0.014396400307305157,
        "powerflow_computation": 0.012784099788405001,
        "total": 0.10826460015960038
    },
    "total": 0.1530971999745816
}