{
    "Agent": {
        "total": 0.10441830000172558
    },
    "Env": {
        "apply_act": 0.5429499000024407,
        "observation_computation": 0.10372349999806829,
        "powerflow_computation": 0.09433600000238584,
        "total": 0.7410094000028948
    },
    "total": 0.9361886000001505
}