{
    "Agent": {
        "total": 0.06446289999973942
    },
    "Env": {
        "apply_act": 0.15531229999976404,
        "observation_computation": 0.0274452999997834,
        "powerflow_computation": 0.02307679999995571,
        "total": 0.20583439999950315
    },
    "total": 0.29752719999999044
}