{
    "Agent": {
        "total": 0.02344940000000406
    },
    "Env": {
        "apply_act": 0.2621751999997741,
        "observation_computation": 0.17708520000019234,
        "powerflow_computation": 0.1493189000000541,
        "total": 0.5885793000000206
    },
    "total": 0.7763957999999889
}