{
    "Agent": {
        "total": 0.011174600000032342
    },
    "Env": {
        "apply_act": 0.12373379999982603,
        "observation_computation": 0.1927686000001927,
        "powerflow_computation": 0.0792437000000632,
        "total": 0.3957461000000819
    },
    "total": 0.4919648000000052
}