{
    "Agent": {
        "total": 0.2887378003215417
    },
    "Env": {
        "apply_act": 1.0263707991689444,
        "observation_computation": 0.14079349930398166,
        "powerflow_computation": 0.12428720167372376,
        "total": 1.2914515001466498
    },
    "total": 1.7158353999257088
}