{
    "Agent": {
        "total": 0.1999114000022928
    },
    "Env": {
        "apply_act": 0.1698265999962132,
        "observation_computation": 0.09273419999885846,
        "powerflow_computation": 0.08471839999856456,
        "total": 0.3472791999936362
    },
    "total": 0.6349698000001354
}