{
    "Agent": {
        "total": 0.8093152000012651
    },
    "Env": {
        "apply_act": 1.3742636999954811,
        "observation_computation": 0.5153679000020475,
        "powerflow_computation": 0.4637473999989652,
        "total": 2.353378999996494
    },
    "total": 3.6150951000001896
}