{
    "Agent": {
        "total": 0.0073466000612825155
    },
    "Env": {
        "apply_act": 0.01708549994509667,
        "observation_computation": 0.0033919999841600657,
        "powerflow_computation": 0.0029064000118523836,
        "total": 0.02338389994110912
    },
    "total": 0.035922099952585995
}