{
    "Agent": {
        "total": 0.12066360015887767
    },
    "Env": {
        "apply_act": 0.3372128000482917,
        "observation_computation": 0.05694120028056204,
        "powerflow_computation": 0.0488694999658037,
        "total": 0.4430235002946574
    },
    "total": 0.6185416000080295
}