{
    "Agent": {
        "total": 0.07498670000040875
    },
    "Env": {
        "apply_act": 0.8397467000004895,
        "observation_computation": 0.7184473999997749,
        "powerflow_computation": 0.4586621000001969,
        "total": 2.0168562000004613
    },
    "total": 2.593559500000026
}