{
    "Agent": {
        "total": 0.008290299999998751
    },
    "Env": {
        "apply_act": 0.09447469999997793,
        "observation_computation": 0.06104180000001236,
        "powerflow_computation": 0.055445099999985814,
        "total": 0.2109615999999761
    },
    "total": 0.2760157000000021
}