{
    "Agent": {
        "total": 0.027287300443276763
    },
    "Env": {
        "apply_act": 0.12246150057762861,
        "observation_computation": 0.020540799712762237,
        "powerflow_computation": 0.01738219941034913,
        "total": 0.16038449970073998
    },
    "total": 0.20771830005105585
}