{
    "Agent": {
        "total": 0.008495700000082707
    },
    "Env": {
        "apply_act": 0.09851730000013958,
        "observation_computation": 0.064416099999562,
        "powerflow_computation": 0.06136470000041072,
        "total": 0.2242981000001123
    },
    "total": 0.29148279999998294
}