{
    "Agent": {
        "total": 0.06607730069663376
    },
    "Env": {
        "apply_act": 0.24384109966922551,
        "observation_computation": 0.04557900014333427,
        "powerflow_computation": 0.039634599699638784,
        "total": 0.32905469951219857
    },
    "total": 0.43926659994758666
}