{
    "Agent": {
        "total": 0.1522052999926018
    },
    "Env": {
        "apply_act": 0.09124419999716338,
        "observation_computation": 0.05697580000014568,
        "powerflow_computation": 0.05221190000156639,
        "total": 0.20043189999887545
    },
    "total": 0.4052528000001985
}