{
    "Agent": {
        "total": 0.16691689981962554
    },
    "Env": {
        "apply_act": 0.8216306997928768,
        "observation_computation": 0.10389099974418059,
        "powerflow_computation": 0.08995739990496077,
        "total": 1.0154790994420182
    },
    "total": 1.2765444999968167
}