{
    "Agent": {
        "total": 0.001805899999951066
    },
    "Env": {
        "apply_act": 0.021212700000020845,
        "observation_computation": 0.013333099999982778,
        "powerflow_computation": 0.012128199999978051,
        "total": 0.046673999999981675
    },
    "total": 0.06119509999999195
}