{
    "Agent": {
        "total": 0.023211399908177555
    },
    "Env": {
        "apply_act": 0.0516666000476107,
        "observation_computation": 0.011143299518153071,
        "powerflow_computation": 0.010052299941889942,
        "total": 0.07286219950765371
    },
    "total": 0.10706000006757677
}