{
    "Agent": {
        "total": 0.003920199999754459
    },
    "Env": {
        "apply_act": 0.043543899999974656,
        "observation_computation": 0.03188929999987522,
        "powerflow_computation": 0.027693900000144822,
        "total": 0.1031270999999947
    },
    "total": 0.13741319999999746
}