{
    "Agent": {
        "total": 0.6831172000061088
    },
    "Env": {
        "apply_act": 1.4819514999981038,
        "observation_computation": 0.27789629999460885,
        "powerflow_computation": 0.22843879999436467,
        "total": 1.9882865999870774
    },
    "total": 2.9037347000003138
}