{
    "Agent": {
        "total": 0.32787799993820954
    },
    "Env": {
        "apply_act": 1.0727815002101124,
        "observation_computation": 0.1562757000720012,
        "powerflow_computation": 0.14313010008481797,
        "total": 1.3721873003669316
    },
    "total": 1.858504499999981
}