{
    "Agent": {
        "total": 0.12652349999962098
    },
    "Env": {
        "apply_act": 0.2622340999990911,
        "observation_computation": 0.05548309999880985,
        "powerflow_computation": 0.04958639999972547,
        "total": 0.3673035999976264
    },
    "total": 0.5502895000000763
}