{
    "Agent": {
        "total": 0.062170000514015555
    },
    "Env": {
        "apply_act": 0.12329020060133189,
        "observation_computation": 0.03094399976544082,
        "powerflow_computation": 0.0278624992351979,
        "total": 0.1820966996019706
    },
    "total": 0.2744046999141574
}