{
    "Agent": {
        "total": 0.15989559999616176
    },
    "Env": {
        "apply_act": 0.7839368999952967,
        "observation_computation": 0.16003260000024966,
        "powerflow_computation": 0.13304850000349688,
        "total": 1.0770179999990432
    },
    "total": 1.3797927999999047
}