{
    "Agent": {
        "total": 0.09929640043992549
    },
    "Env": {
        "apply_act": 0.25365640013478696,
        "observation_computation": 0.06542079988867044,
        "powerflow_computation": 0.05630570009816438,
        "total": 0.3753829001216218
    },
    "total": 0.5331023000180721
}