{
    "Agent": {
        "total": 0.03862290037795901
    },
    "Env": {
        "apply_act": 0.08509870083071291,
        "observation_computation": 0.027957199956290424,
        "powerflow_computation": 0.02650139993056655,
        "total": 0.1395573007175699
    },
    "total": 0.2046318999491632
}