{
    "Agent": {
        "total": 0.023026300594210625
    },
    "Env": {
        "apply_act": 0.06886759959161282,
        "observation_computation": 0.016987399896606803,
        "powerflow_computation": 0.014587400015443563,
        "total": 0.10044239950366318
    },
    "total": 0.14001949992962182
}