{
    "Agent": {
        "total": 0.0745083000510931
    },
    "Env": {
        "apply_act": 0.15258990006987005,
        "observation_computation": 0.02986940008122474,
        "powerflow_computation": 0.025593200232833624,
        "total": 0.20805250038392842
    },
    "total": 0.3125897000427358
}