{
    "Agent": {
        "total": 0.1094266000004609
    },
    "Env": {
        "apply_act": 0.11956940000004579,
        "observation_computation": 0.0720437999996193,
        "powerflow_computation": 0.06295320000094762,
        "total": 0.2545664000006127
    },
    "total": 0.42771730000004027
}