{
    "Agent": {
        "total": 0.2130412010010332
    },
    "Env": {
        "apply_act": 0.408845302881673,
        "observation_computation": 0.10380250192247331,
        "powerflow_computation": 0.09739010245539248,
        "total": 0.6100379072595388
    },
    "total": 0.9228669998701662
}