{
    "Agent": {
        "total": 0.05294800037518144
    },
    "Env": {
        "apply_act": 0.10944720020052046,
        "observation_computation": 0.026120901573449373,
        "powerflow_computation": 0.02479299937840551,
        "total": 0.16036110115237534
    },
    "total": 0.23922350001521409
}