{
    "Agent": {
        "total": 0.08777710000504158
    },
    "Env": {
        "apply_act": 0.2544027000017195,
        "observation_computation": 0.06176950000053694,
        "powerflow_computation": 0.05256399999871064,
        "total": 0.3687362000009671
    },
    "total": 0.5126789000000826
}