{
    "Agent": {
        "total": 0.28090300000121715
    },
    "Env": {
        "apply_act": 0.545946700000286,
        "observation_computation": 0.12783570000055988,
        "powerflow_computation": 0.1272752999975637,
        "total": 0.8010576999984096
    },
    "total": 1.2070287999999891
}