{
    "Agent": {
        "total": 0.0006533999999973616
    },
    "Env": {
        "apply_act": 0.007496000000024594,
        "observation_computation": 0.0049900000000278055,
        "powerflow_computation": 0.0057817999999869585,
        "total": 0.018267800000039358
    },
    "total": 0.02377469999999704
}