{
    "Agent": {
        "total": 0.08683540000043877
    },
    "Env": {
        "apply_act": 0.1806396000002337,
        "observation_computation": 0.03272930000031238,
        "powerflow_computation": 0.026119699999810564,
        "total": 0.23948860000035666
    },
    "total": 0.35873900000001413
}