{
    "Agent": {
        "total": 0.1086340983165428
    },
    "Env": {
        "apply_act": 0.3259101990843192,
        "observation_computation": 0.07523910014424473,
        "powerflow_computation": 0.0658448989270255,
        "total": 0.4669941981555894
    },
    "total": 0.6500777000328526
}