{
    "Agent": {
        "total": 0.013219199999127795
    },
    "Env": {
        "apply_act": 0.155895900000246,
        "observation_computation": 0.10746239999997442,
        "powerflow_computation": 0.09419100000019398,
        "total": 0.3575493000004144
    },
    "total": 0.4728201000000354
}