{
    "Agent": {
        "total": 0.008807600010186434
    },
    "Env": {
        "apply_act": 0.018085099989548326,
        "observation_computation": 0.004927600501105189,
        "powerflow_computation": 0.004535300889983773,
        "total": 0.027548001380637288
    },
    "total": 0.04099310003221035
}