{
    "Agent": {
        "total": 0.07178870000120696
    },
    "Env": {
        "apply_act": 0.2573217999984081,
        "observation_computation": 0.050334199997450924,
        "powerflow_computation": 0.042761999999356703,
        "total": 0.3504179999952157
    },
    "total": 0.46879939999985254
}