{
    "Agent": {
        "total": 0.03492370038293302
    },
    "Env": {
        "apply_act": 0.09314740053378046,
        "observation_computation": 0.01586329936981201,
        "powerflow_computation": 0.013761100126430392,
        "total": 0.12277180003002286
    },
    "total": 0.17386570014059544
}