{
    "Agent": {
        "total": 0.7433711987687275
    },
    "Env": {
        "apply_act": 2.0118484006961808,
        "observation_computation": 0.4674852992175147,
        "powerflow_computation": 0.40517180203460157,
        "total": 2.884505501948297
    },
    "total": 4.041180800064467
}