{
    "Agent": {
        "total": 0.0008799999486654997
    },
    "Env": {
        "apply_act": 0.0,
        "observation_computation": 0.0,
        "powerflow_computation": 0.0,
        "total": 0.0
    },
    "total": 0.002005399903282523
}