{
    "Agent": {
        "total": 0.09919189999959599
    },
    "Env": {
        "apply_act": 0.4895827000002555,
        "observation_computation": 0.046341499999812186,
        "powerflow_computation": 0.039214700000115954,
        "total": 0.5751389000001836
    },
    "total": 0.7182189000000108
}