{
    "Agent": {
        "total": 0.09355700000014622
    },
    "Env": {
        "apply_act": 0.20032830000002377,
        "observation_computation": 0.03603299999980436,
        "powerflow_computation": 0.03359050000011621,
        "total": 0.26995179999994434
    },
    "total": 0.3992721000000188
}