{
    "Agent": {
        "total": 0.2786044999988917
    },
    "Env": {
        "apply_act": 0.36013249999791697,
        "observation_computation": 0.1294567000004463,
        "powerflow_computation": 0.12115440000093258,
        "total": 0.6107435999992958
    },
    "total": 1.012792300000001
}