{
    "Agent": {
        "total": 0.3179522000009456
    },
    "Env": {
        "apply_act": 0.8202073999873392,
        "observation_computation": 0.12565799999902083,
        "powerflow_computation": 0.11196590000145079,
        "total": 1.0578312999878108
    },
    "total": 1.4971074000004592
}