{
    "Agent": {
        "total": 0.0038164000000762144
    },
    "Env": {
        "apply_act": 0.04052190000008693,
        "observation_computation": 0.02866669999993121,
        "powerflow_computation": 0.024649199999956295,
        "total": 0.09383779999997444
    },
    "total": 0.12566730000000348
}