{
    "Agent": {
        "total": 0.08253309999713565
    },
    "Env": {
        "apply_act": 0.09858080000412883,
        "observation_computation": 0.042644399999744564,
        "powerflow_computation": 0.036312199999656514,
        "total": 0.1775374000035299
    },
    "total": 0.30096499999990556
}