{
    "Agent": {
        "total": 0.03071640059351921
    },
    "Env": {
        "apply_act": 0.09639359836000949,
        "observation_computation": 0.022152999765239656,
        "powerflow_computation": 0.019287901232019067,
        "total": 0.13783449935726821
    },
    "total": 0.18981969996821135
}