{
    "Agent": {
        "total": 0.09103849999974045
    },
    "Env": {
        "apply_act": 0.38096869999935734,
        "observation_computation": 0.09018300000025192,
        "powerflow_computation": 0.07482080000045244,
        "total": 0.5459725000000617
    },
    "total": 0.7164572000001499
}