{
    "Agent": {
        "total": 0.04509890000917949
    },
    "Env": {
        "apply_act": 0.00948080001398921,
        "observation_computation": 0.003251199988881126,
        "powerflow_computation": 0.0037165000394452363,
        "total": 0.016448500042315573
    },
    "total": 0.06559820001712069
}