{
    "Agent": {
        "total": 0.0010010999997120962
    },
    "Env": {
        "apply_act": 0.013062300000001414,
        "observation_computation": 0.008283100000085142,
        "powerflow_computation": 0.008852500000102737,
        "total": 0.030197900000189293
    },
    "total": 0.03935549999999921
}