{
    "Agent": {
        "total": 0.31471279999959734
    },
    "Env": {
        "apply_act": 0.9514064999975744,
        "observation_computation": 0.19814440000254763,
        "powerflow_computation": 0.1925288000047658,
        "total": 1.3420797000048879
    },
    "total": 1.8354412999997294
}