{
    "Agent": {
        "total": 0.11010900000110269
    },
    "Env": {
        "apply_act": 0.21982449999950404,
        "observation_computation": 0.07725960000084342,
        "powerflow_computation": 0.06483130000003712,
        "total": 0.3619154000003846
    },
    "total": 0.5401200999999674
}