{
    "Agent": {
        "total": 0.025018499814905226
    },
    "Env": {
        "apply_act": 0.07169380027335137,
        "observation_computation": 0.011215000064112246,
        "powerflow_computation": 0.009986800025217235,
        "total": 0.09289560036268085
    },
    "total": 0.1290146999526769
}