{
    "Agent": {
        "total": 0.03347590000007017
    },
    "Env": {
        "apply_act": 0.38880000000010995,
        "observation_computation": 0.2606129999999922,
        "powerflow_computation": 0.22716980000009102,
        "total": 0.8765828000001932
    },
    "total": 1.146542100000005
}