{
    "Agent": {
        "total": 0.07674600000245846
    },
    "Env": {
        "apply_act": 0.279362500003117,
        "observation_computation": 0.0448305000027176,
        "powerflow_computation": 0.03868470000270463,
        "total": 0.36287770000853925
    },
    "total": 0.48170459999982995
}