{
    "Agent": {
        "total": 0.009680399999979272
    },
    "Env": {
        "apply_act": 0.10864960000043311,
        "observation_computation": 0.07815449999947077,
        "powerflow_computation": 0.06457880000033356,
        "total": 0.25138290000023744
    },
    "total": 0.3332934000000023
}