{
    "Agent": {
        "total": 0.2663446999504231
    },
    "Env": {
        "apply_act": 0.05828009988181293,
        "observation_computation": 0.02257260016631335,
        "powerflow_computation": 0.021710300032282248,
        "total": 0.10256300008040853
    },
    "total": 0.3944705000030808
}