{
    "Agent": {
        "total": 0.3751651998318266
    },
    "Env": {
        "apply_act": 0.9061196001130156,
        "observation_computation": 0.16124060019501485,
        "powerflow_computation": 0.14609729981748387,
        "total": 1.2134575001255143
    },
    "total": 1.748802899994189
}