{
    "Agent": {
        "total": 0.4216251003672369
    },
    "Env": {
        "apply_act": 0.9006773995351978,
        "observation_computation": 0.16586330032441765,
        "powerflow_computation": 0.15719750040443614,
        "total": 1.2237382002640516
    },
    "total": 1.8110590999713168
}