{
    "Agent": {
        "total": 0.049921200000085264
    },
    "Env": {
        "apply_act": 0.11418770000017275,
        "observation_computation": 0.02111460000014631,
        "powerflow_computation": 0.018645300000173393,
        "total": 0.15394760000049246
    },
    "total": 0.22438369999997576
}