{
    "Agent": {
        "total": 0.18134140000302068
    },
    "Env": {
        "apply_act": 0.19805079999810005,
        "observation_computation": 0.12005849999854945,
        "powerflow_computation": 0.10376970000038455,
        "total": 0.42187899999703404
    },
    "total": 0.7096509000000424
}