{
    "Agent": {
        "total": 0.2563577003311366
    },
    "Env": {
        "apply_act": 0.5326628002221696,
        "observation_computation": 0.09783439908642322,
        "powerflow_computation": 0.09003970032790676,
        "total": 0.7205368996364996
    },
    "total": 1.0744529999792576
}