{
    "Agent": {
        "total": 0.2721209999979237
    },
    "Env": {
        "apply_act": 0.3721550999991905,
        "observation_computation": 0.17976199999884557,
        "powerflow_computation": 0.15033320000202366,
        "total": 0.7022503000000597
    },
    "total": 1.1326516000001448
}