{
    "Agent": {
        "total": 0.0059904002118855715
    },
    "Env": {
        "apply_act": 0.013729200465604663,
        "observation_computation": 0.0029233002569526434,
        "powerflow_computation": 0.002909100381657481,
        "total": 0.019561601104214787
    },
    "total": 0.02844229992479086
}