{
    "Agent": {
        "total": 0.1315314999965267
    },
    "Env": {
        "apply_act": 0.6349559999907797,
        "observation_computation": 0.10446700000193232,
        "powerflow_computation": 0.09507440000561473,
        "total": 0.8344973999983267
    },
    "total": 1.0587116999995487
}