{
    "Agent": {
        "total": 0.18703700000105528
    },
    "Env": {
        "apply_act": 0.5445363999992878,
        "observation_computation": 0.08461119999810762,
        "powerflow_computation": 0.0749266999982865,
        "total": 0.7040742999956819
    },
    "total": 0.9732622000001356
}