{
    "Agent": {
        "total": 0.04925230355001986
    },
    "Env": {
        "apply_act": 0.19678029837086797,
        "observation_computation": 0.037248800275847316,
        "powerflow_computation": 0.035354702500626445,
        "total": 0.26938380114734173
    },
    "total": 0.3531704000197351
}