{
    "Agent": {
        "total": 0.17555589999983567
    },
    "Env": {
        "apply_act": 0.35563149999916277,
        "observation_computation": 0.08319630000005418,
        "powerflow_computation": 0.07250099999998838,
        "total": 0.5113287999992053
    },
    "total": 0.7674111000000039
}