{
    "Agent": {
        "total": 0.16964569757692516
    },
    "Env": {
        "apply_act": 0.20205450081266463,
        "observation_computation": 0.09043470141477883,
        "powerflow_computation": 0.0791178997606039,
        "total": 0.37160710198804736
    },
    "total": 0.6260271999053657
}