{
    "Agent": {
        "total": 0.09327600081451237
    },
    "Env": {
        "apply_act": 0.2680596000282094,
        "observation_computation": 0.04653660103213042,
        "powerflow_computation": 0.040302699082531035,
        "total": 0.35489890014287084
    },
    "total": 0.4918980000074953
}