{
    "Agent": {
        "total": 2.0506816000047365
    },
    "Env": {
        "apply_act": 2.7994713999976284,
        "observation_computation": 0.9700434999988374,
        "powerflow_computation": 0.8766200000120534,
        "total": 4.646134900008519
    },
    "total": 7.626122599999917
}