{
    "Agent": {
        "total": 0.09207440000045608
    },
    "Env": {
        "apply_act": 0.1953773000008141,
        "observation_computation": 0.03503839999916636,
        "powerflow_computation": 0.03675509999914084,
        "total": 0.2671707999991213
    },
    "total": 0.39529700000002777
}