{
    "Agent": {
        "total": 0.0008541999850422144
    },
    "Env": {
        "apply_act": 0.0,
        "observation_computation": 0.0,
        "powerflow_computation": 0.0,
        "total": 0.0
    },
    "total": 0.001955099869519472
}