{
    "Agent": {
        "total": 0.26694769999966184
    },
    "Env": {
        "apply_act": 0.6145997000004968,
        "observation_computation": 0.1072662999999352,
        "powerflow_computation": 0.0876362000002473,
        "total": 0.8095022000006793
    },
    "total": 1.1789489999999887
}