{
    "Agent": {
        "total": 0.33151719978195615
    },
    "Env": {
        "apply_act": 1.2087580999941565,
        "observation_computation": 0.20058299985248595,
        "powerflow_computation": 0.1844889999483712,
        "total": 1.5938300997950137
    },
    "total": 2.1069332999759354
}