{
    "Agent": {
        "total": 0.13866779999534629
    },
    "Env": {
        "apply_act": 0.07835020000402437,
        "observation_computation": 0.048565399993094616,
        "powerflow_computation": 0.04522779999933846,
        "total": 0.17214339999645745
    },
    "total": 0.35766960000000836
}