{
    "Agent": {
        "total": 0.21609090056153946
    },
    "Env": {
        "apply_act": 0.5188858999172226,
        "observation_computation": 0.09493139979895204,
        "powerflow_computation": 0.09295059987925924,
        "total": 0.7067678995954338
    },
    "total": 1.0148601999972016
}