{
    "Agent": {
        "total": 0.02198489999909725
    },
    "Env": {
        "apply_act": 0.06330159999993157,
        "observation_computation": 0.015845200000057957,
        "powerflow_computation": 0.013459299999112773,
        "total": 0.0926060999991023
    },
    "total": 0.1299681000000419
}