{
    "Agent": {
        "total": 0.12776049983222038
    },
    "Env": {
        "apply_act": 0.3386606000130996,
        "observation_computation": 0.051840900094248354,
        "powerflow_computation": 0.04786820017034188,
        "total": 0.43836970027768984
    },
    "total": 0.613892900000792
}