{
    "Agent": {
        "total": 0.027073698583990335
    },
    "Env": {
        "apply_act": 0.07540830038487911,
        "observation_computation": 0.016590999206528068,
        "powerflow_computation": 0.01534139970317483,
        "total": 0.10734069929458201
    },
    "total": 0.14958299999125302
}