{
    "Agent": {
        "total": 0.028134399999686366
    },
    "Env": {
        "apply_act": 0.3155280000000005,
        "observation_computation": 0.213173000000495,
        "powerflow_computation": 0.18244940000036536,
        "total": 0.7111504000008608
    },
    "total": 0.939569199999994
}