{
    "Agent": {
        "total": 0.07819770000560311
    },
    "Env": {
        "apply_act": 0.4086864999990212,
        "observation_computation": 0.07731599999851824,
        "powerflow_computation": 0.06610719999707726,
        "total": 0.5521096999946167
    },
    "total": 0.6990773000002264
}