{
    "Agent": {
        "total": 0.6209092945791781
    },
    "Env": {
        "apply_act": 0.822562403511256,
        "observation_computation": 0.32751510269008577,
        "powerflow_computation": 0.29638260579667985,
        "total": 1.4464601119980216
    },
    "total": 2.3788499999791384
}