{
    "Agent": {
        "total": 0.001174800000057985
    },
    "Env": {
        "apply_act": 0.0,
        "observation_computation": 0.0,
        "powerflow_computation": 0.0,
        "total": 0.0
    },
    "total": 0.0035053999999945518
}