{
    "Agent": {
        "total": 0.06188879976980388
    },
    "Env": {
        "apply_act": 0.12242340110242367,
        "observation_computation": 0.024824399733915925,
        "powerflow_computation": 0.021513100247830153,
        "total": 0.16876090108416975
    },
    "total": 0.2561222999356687
}