{
    "Agent": {
        "total": 0.028647099999943748
    },
    "Env": {
        "apply_act": 0.09015199999976176,
        "observation_computation": 0.025294399998983863,
        "powerflow_computation": 0.02293839999856573,
        "total": 0.13838479999731135
    },
    "total": 0.18981369999983144
}