{
    "Agent": {
        "total": 0.030314799999814568
    },
    "Env": {
        "apply_act": 0.07324409999995396,
        "observation_computation": 0.013366200000007211,
        "powerflow_computation": 0.012540599999795177,
        "total": 0.09915089999975635
    },
    "total": 0.14239930000002232
}