{
    "Agent": {
        "total": 0.1820823000011842
    },
    "Env": {
        "apply_act": 1.1390910000000076,
        "observation_computation": 0.18109970000568865,
        "powerflow_computation": 0.16148810000004232,
        "total": 1.4816788000057386
    },
    "total": 1.8228373000001739
}