{
    "Agent": {
        "total": 0.026149900048039854
    },
    "Env": {
        "apply_act": 0.05861149949487299,
        "observation_computation": 0.013534400379285216,
        "powerflow_computation": 0.013226999435573816,
        "total": 0.08537289930973202
    },
    "total": 0.12433859996963292
}