{
    "Agent": {
        "total": 0.04323209999893152
    },
    "Env": {
        "apply_act": 0.151561200001197,
        "observation_computation": 0.025145500002054177,
        "powerflow_computation": 0.022267700001975754,
        "total": 0.19897440000522693
    },
    "total": 0.2659318999999414
}