{
    "Agent": {
        "total": 0.0036875000000833325
    },
    "Env": {
        "apply_act": 0.042315699999988965,
        "observation_computation": 0.029788200000027132,
        "powerflow_computation": 0.025532699999985198,
        "total": 0.0976366000000013
    },
    "total": 0.12894319999999482
}