{
    "Agent": {
        "total": 0.6338308982085437
    },
    "Env": {
        "apply_act": 1.5141918004956096,
        "observation_computation": 0.3953517032787204,
        "powerflow_computation": 0.3444928008830175,
        "total": 2.2540363046573475
    },
    "total": 3.241491299937479
}