{
    "Agent": {
        "total": 0.23824300000114818
    },
    "Env": {
        "apply_act": 0.41560080000135713,
        "observation_computation": 0.10105800000110321,
        "powerflow_computation": 0.10086130000013327,
        "total": 0.6175201000025936
    },
    "total": 0.9544949000000997
}