{
    "Agent": {
        "total": 0.2086963001638651
    },
    "Env": {
        "apply_act": 0.5996145020471886,
        "observation_computation": 0.09888300183229148,
        "powerflow_computation": 0.08721929881721735,
        "total": 0.7857168026966974
    },
    "total": 1.089380000019446
}