{
    "Agent": {
        "total": 0.08274170000049708
    },
    "Env": {
        "apply_act": 0.08680769999887161,
        "observation_computation": 0.0537712000002557,
        "powerflow_computation": 0.04849470000203837,
        "total": 0.1890736000011657
    },
    "total": 0.31928689999995186
}