{
    "Agent": {
        "total": 0.046532300068065524
    },
    "Env": {
        "apply_act": 0.11441490007564425,
        "observation_computation": 0.020375501131638885,
        "powerflow_computation": 0.018842000514268875,
        "total": 0.15363240172155201
    },
    "total": 0.2204467998817563
}