{
    "Agent": {
        "total": 0.6474773999934769
    },
    "Env": {
        "apply_act": 1.627116999993632,
        "observation_computation": 0.25497559999166697,
        "powerflow_computation": 0.22474960000454303,
        "total": 2.106842199989842
    },
    "total": 2.9992898999998943
}