{
    "Agent": {
        "total": 0.28688509999938105
    },
    "Env": {
        "apply_act": 0.29258700000059434,
        "observation_computation": 0.18201600000099916,
        "powerflow_computation": 0.15165339999975913,
        "total": 0.6262564000013526
    },
    "total": 1.07518790000006
}