{
    "Agent": {
        "total": 0.06343339999739328
    },
    "Env": {
        "apply_act": 0.33810500000117827,
        "observation_computation": 0.06330360000310975,
        "powerflow_computation": 0.053672599999117665,
        "total": 0.4550812000034057
    },
    "total": 0.574483699999746
}