{
    "Agent": {
        "total": 0.026422899999090532
    },
    "Env": {
        "apply_act": 0.31563879999981737,
        "observation_computation": 0.3544725000012363,
        "powerflow_computation": 0.1967610999991507,
        "total": 0.8668724000002044
    },
    "total": 1.105989300000033
}