{
    "Agent": {
        "total": 0.07660989999862977
    },
    "Env": {
        "apply_act": 0.41183400000045367,
        "observation_computation": 0.049776300000075935,
        "powerflow_computation": 0.04064489999768739,
        "total": 0.502255199998217
    },
    "total": 0.6246398999999201
}