{
    "Agent": {
        "total": 0.24021510000170565
    },
    "Env": {
        "apply_act": 0.2895183000000543,
        "observation_computation": 0.12225460000104249,
        "powerflow_computation": 0.10352369999986877,
        "total": 0.5152966000009656
    },
    "total": 0.8702617999999802
}