{
    "Agent": {
        "total": 0.026900899945758283
    },
    "Env": {
        "apply_act": 0.05501480051316321,
        "observation_computation": 0.017431900720112026,
        "powerflow_computation": 0.01512959913816303,
        "total": 0.08757630037143826
    },
    "total": 0.1324384999461472
}