{
    "Agent": {
        "total": 0.5248783000026833
    },
    "Env": {
        "apply_act": 0.9671853999984705,
        "observation_computation": 0.3370427000008931,
        "powerflow_computation": 0.29359029999795894,
        "total": 1.5978183999973226
    },
    "total": 2.422363099999984
}