{
    "Agent": {
        "total": 0.0006755999999725759
    },
    "Env": {
        "apply_act": 0.007924999999993076,
        "observation_computation": 0.00518030000001346,
        "powerflow_computation": 0.006011299999997277,
        "total": 0.019116600000003814
    },
    "total": 0.024948699999995938
}