{
    "Agent": {
        "total": 0.011312300339341164
    },
    "Env": {
        "apply_act": 0.02180629945360124,
        "observation_computation": 0.005305800354108214,
        "powerflow_computation": 0.0055480997543782,
        "total": 0.032660199562087655
    },
    "total": 0.0490508999209851
}