{
    "Agent": {
        "total": 2.4569267999861495
    },
    "Env": {
        "apply_act": 3.4538820999980544,
        "observation_computation": 1.5625635999999758,
        "powerflow_computation": 1.3206418000054327,
        "total": 6.337087500003463
    },
    "total": 10.179405599999882
}