{
    "Agent": {
        "total": 0.011509000090882182
    },
    "Env": {
        "apply_act": 0.028178600361570716,
        "observation_computation": 0.005035399924963713,
        "powerflow_computation": 0.005378599860705435,
        "total": 0.038592600147239864
    },
    "total": 0.05514539999421686
}