{
    "Agent": {
        "total": 0.22971669999975575
    },
    "Env": {
        "apply_act": 0.44737900000046693,
        "observation_computation": 0.08292350000027682,
        "powerflow_computation": 0.0784883999996282,
        "total": 0.608790900000372
    },
    "total": 0.9207485999999676
}