{
    "Agent": {
        "total": 0.7457914011320099
    },
    "Env": {
        "apply_act": 1.5776689981576055,
        "observation_computation": 0.3710542011540383,
        "powerflow_computation": 0.32729020074475557,
        "total": 2.2760134000563994
    },
    "total": 3.3815897000022233
}