{
    "Agent": {
        "total": 0.0013657000000080188
    },
    "Env": {
        "apply_act": 0.0,
        "observation_computation": 0.0,
        "powerflow_computation": 0.0,
        "total": 0.0
    },
    "total": 0.003183700000022327
}