{
    "Agent": {
        "total": 5.590429206145927
    },
    "Env": {
        "apply_act": 10.101257403381169,
        "observation_computation": 3.4512461076956242,
        "powerflow_computation": 2.9857596962247044,
        "total": 16.538263207301497
    },
    "total": 25.173828600207344
}