{
    "Agent": {
        "total": 0.03533930000037344
    },
    "Env": {
        "apply_act": 0.0686123999995516,
        "observation_computation": 0.01649640000061936,
        "powerflow_computation": 0.014814600000363498,
        "total": 0.09992340000053446
    },
    "total": 0.15076539999995475
}