{
    "Agent": {
        "total": 0.17108689999963644
    },
    "Env": {
        "apply_act": 0.37406240000007074,
        "observation_computation": 0.08298330000184251,
        "powerflow_computation": 0.06946609999977227,
        "total": 0.5265118000016855
    },
    "total": 0.7781578000000309
}