{
    "Agent": {
        "total": 0.42553270113421604
    },
    "Env": {
        "apply_act": 1.1191723007941619,
        "observation_computation": 0.1691147989477031,
        "powerflow_computation": 0.1544066004571505,
        "total": 1.4426937001990154
    },
    "total": 2.0417519999900833
}