{
    "Agent": {
        "total": 0.0007684999145567417
    },
    "Env": {
        "apply_act": 0.0,
        "observation_computation": 0.0,
        "powerflow_computation": 0.0,
        "total": 0.0
    },
    "total": 0.001849000109359622
}