{
    "Agent": {
        "total": 0.13329829999838694
    },
    "Env": {
        "apply_act": 0.4645120000020597,
        "observation_computation": 0.09556869999892115,
        "powerflow_computation": 0.08293240000239166,
        "total": 0.6430131000033725
    },
    "total": 0.8688887999999224
}