{
    "Agent": {
        "total": 0.11036810127552599
    },
    "Env": {
        "apply_act": 0.4200913002714515,
        "observation_computation": 0.07831329957116395,
        "powerflow_computation": 0.07340220094192773,
        "total": 0.5718068007845432
    },
    "total": 0.7572547000600025
}