{
    "Agent": {
        "total": 0.020166299998436443
    },
    "Env": {
        "apply_act": 0.07887589999836564,
        "observation_computation": 0.019654200001696154,
        "powerflow_computation": 0.017466800000875082,
        "total": 0.11599690000093688
    },
    "total": 0.1538377000001674
}