{
    "Agent": {
        "total": 0.5414780000012342
    },
    "Env": {
        "apply_act": 1.142552600000954,
        "observation_computation": 0.2513321999949767,
        "powerflow_computation": 0.24150089999920965,
        "total": 1.6353856999951404
    },
    "total": 2.420241299999816
}