{
    "Agent": {
        "total": 0.2057462999995323
    },
    "Env": {
        "apply_act": 0.18022570000016458,
        "observation_computation": 0.10573300000032759,
        "powerflow_computation": 0.09676880000074561,
        "total": 0.3827275000012378
    },
    "total": 0.6901664999999184
}