{
    "Agent": {
        "total": 0.07016939997993177
    },
    "Env": {
        "apply_act": 0.21346580005047144,
        "observation_computation": 0.03444409991061548,
        "powerflow_computation": 0.030695699875650462,
        "total": 0.2786055998367374
    },
    "total": 0.3821874999994179
}