{
    "Agent": {
        "total": 0.6938567999975476
    },
    "Env": {
        "apply_act": 0.8763885999978811,
        "observation_computation": 0.34179280000080325,
        "powerflow_computation": 0.30428169999663623,
        "total": 1.5224630999953206
    },
    "total": 2.5408378000001903
}