{
    "Agent": {
        "total": 0.033190699999749995
    },
    "Env": {
        "apply_act": 0.03390899999931207,
        "observation_computation": 0.02033730000016476,
        "powerflow_computation": 0.01980530000014369,
        "total": 0.07405159999962052
    },
    "total": 0.12556949999998324
}