{
    "Agent": {
        "total": 0.4073097021318972
    },
    "Env": {
        "apply_act": 1.3842409967910498,
        "observation_computation": 0.3048812001943588,
        "powerflow_computation": 0.26649470115080476,
        "total": 1.9556168981362134
    },
    "total": 2.649065800011158
}