{
    "Agent": {
        "total": 0.0009473999962210655
    },
    "Env": {
        "apply_act": 0.0,
        "observation_computation": 0.0,
        "powerflow_computation": 0.0,
        "total": 0.0
    },
    "total": 0.002022000029683113
}