{
    "Agent": {
        "total": 0.03439710000020568
    },
    "Env": {
        "apply_act": 0.19835369999964314,
        "observation_computation": 0.034386799999992945,
        "powerflow_computation": 0.031139699999130244,
        "total": 0.26388019999876633
    },
    "total": 0.32897189999994225
}