{
    "Agent": {
        "total": 0.22952060005627573
    },
    "Env": {
        "apply_act": 0.44134559971280396,
        "observation_computation": 0.11340769985690713,
        "powerflow_computation": 0.10348900151439011,
        "total": 0.6582423010841012
    },
    "total": 0.9983248999342322
}