{
    "Agent": {
        "total": 0.0007749999999759893
    },
    "Env": {
        "apply_act": 0.0,
        "observation_computation": 0.0,
        "powerflow_computation": 0.0,
        "total": 0.0
    },
    "total": 0.002408299999956398
}