{
    "Agent": {
        "total": 0.26242330158129334
    },
    "Env": {
        "apply_act": 0.5035742034669966,
        "observation_computation": 0.12572609912604094,
        "powerflow_computation": 0.11275110254064202,
        "total": 0.7420514051336795
    },
    "total": 1.1262107000220567
}