{
    "Agent": {
        "total": 0.006897600000002058
    },
    "Env": {
        "apply_act": 0.01342359999978271,
        "observation_computation": 0.002787600000033308,
        "powerflow_computation": 0.0035731000000396307,
        "total": 0.019784299999855648
    },
    "total": 0.029616200000077697
}