{
    "Agent": {
        "total": 0.11836320000008982
    },
    "Env": {
        "apply_act": 0.35685270000021774,
        "observation_computation": 0.061052900001413946,
        "powerflow_computation": 0.05136399999878449,
        "total": 0.4692696000004162
    },
    "total": 0.6468695999999454
}