{
    "Agent": {
        "total": 0.010335400000030859
    },
    "Env": {
        "apply_act": 0.12012579999989725,
        "observation_computation": 0.08552599999997312,
        "powerflow_computation": 0.0735280000000813,
        "total": 0.2791797999999517
    },
    "total": 0.36919919999999706
}