{
    "Agent": {
        "total": 0.4728957000020273
    },
    "Env": {
        "apply_act": 0.677791100001059,
        "observation_computation": 0.23750630000381534,
        "powerflow_computation": 0.21093780000296647,
        "total": 1.1262352000078408
    },
    "total": 1.8262666999999055
}