{
    "Agent": {
        "total": 0.3553106000040316
    },
    "Env": {
        "apply_act": 0.3686328999997386,
        "observation_computation": 0.16612330000316433,
        "powerflow_computation": 0.15247240000098827,
        "total": 0.6872286000038912
    },
    "total": 1.1976037000001725
}