{
    "Agent": {
        "total": 0.10267150000163383
    },
    "Env": {
        "apply_act": 0.11583700000142017,
        "observation_computation": 0.06850449999842567,
        "powerflow_computation": 0.06617519999849719,
        "total": 0.25051669999834303
    },
    "total": 0.4128858000001401
}