{
    "Agent": {
        "total": 0.14735679999955664
    },
    "Env": {
        "apply_act": 0.29863959999920553,
        "observation_computation": 0.06894429999931617,
        "powerflow_computation": 0.060603200000514335,
        "total": 0.42818709999903604
    },
    "total": 0.6420750999999427
}