{
    "Agent": {
        "total": 0.32245609999381486
    },
    "Env": {
        "apply_act": 1.3339896999964367,
        "observation_computation": 0.3002912000001743,
        "powerflow_computation": 0.25584039999830566,
        "total": 1.8901212999949166
    },
    "total": 2.4800185999997666
}