{
    "Agent": {
        "total": 0.009316799999993464
    },
    "Env": {
        "apply_act": 0.10043529999990142,
        "observation_computation": 0.07187069999989149,
        "powerflow_computation": 0.05935380000013879,
        "total": 0.2316597999999317
    },
    "total": 0.30389010000001804
}