{
    "Agent": {
        "total": 0.026893300702795386
    },
    "Env": {
        "apply_act": 0.05657439993228763,
        "observation_computation": 0.013000700273551047,
        "powerflow_computation": 0.01146040007006377,
        "total": 0.08103550027590245
    },
    "total": 0.12102779990527779
}