{
    "Agent": {
        "total": 0.0007410000000618311
    },
    "Env": {
        "apply_act": 0.0,
        "observation_computation": 0.0,
        "powerflow_computation": 0.0,
        "total": 0.0
    },
    "total": 0.002091199999995297
}