{
    "Agent": {
        "total": 0.06570810000005167
    },
    "Env": {
        "apply_act": 0.16745319999978392,
        "observation_computation": 0.03230900000033898,
        "powerflow_computation": 0.02729740000017955,
        "total": 0.22705960000030245
    },
    "total": 0.3254261000000156
}