{
    "Agent": {
        "total": 0.0006890000076964498
    },
    "Env": {
        "apply_act": 0.0,
        "observation_computation": 0.0,
        "powerflow_computation": 0.0,
        "total": 0.0
    },
    "total": 0.001729399897158146
}