{
    "Agent": {
        "total": 0.03838930001074914
    },
    "Env": {
        "apply_act": 0.14580479990399908,
        "observation_computation": 0.033632999984547496,
        "powerflow_computation": 0.028419900016160682,
        "total": 0.20785769990470726
    },
    "total": 0.27831789999618195
}