{
    "Agent": {
        "total": 0.04715599999985898
    },
    "Env": {
        "apply_act": 0.08684770000013486,
        "observation_computation": 0.02321379999943929,
        "powerflow_computation": 0.018823500001417415,
        "total": 0.12888500000099157
    },
    "total": 0.19568860000003951
}