{
    "Agent": {
        "total": 0.022517200000493176
    },
    "Env": {
        "apply_act": 0.07467219999944064,
        "observation_computation": 0.013025900000684487,
        "powerflow_computation": 0.010776500001156819,
        "total": 0.09847460000128194
    },
    "total": 0.1352854000001571
}