{
    "Agent": {
        "total": 0.0006928999999900043
    },
    "Env": {
        "apply_act": 0.0,
        "observation_computation": 0.0,
        "powerflow_computation": 0.0,
        "total": 0.0
    },
    "total": 0.0021465999999463747
}