{
    "Agent": {
        "total": 0.05566469975747168
    },
    "Env": {
        "apply_act": 0.2523007985437289,
        "observation_computation": 0.038057599449530244,
        "powerflow_computation": 0.03328920039348304,
        "total": 0.3236475983867422
    },
    "total": 0.4163096999982372
}