{
    "Agent": {
        "total": 0.41773849999981394
    },
    "Env": {
        "apply_act": 0.9839274000004252,
        "observation_computation": 0.24917240000115726,
        "powerflow_computation": 0.21439109999880657,
        "total": 1.447490900000389
    },
    "total": 2.086729300000002
}