{
    "Agent": {
        "total": 0.16435969923622906
    },
    "Env": {
        "apply_act": 0.5772520006867126,
        "observation_computation": 0.13142420095391572,
        "powerflow_computation": 0.13506750005763024,
        "total": 0.8437437016982585
    },
    "total": 1.1305904999608174
}