{
    "Agent": {
        "total": 0.04040560000024129
    },
    "Env": {
        "apply_act": 0.4536233000000607,
        "observation_computation": 0.31007079999966436,
        "powerflow_computation": 0.252801499999876,
        "total": 1.016495599999601
    },
    "total": 1.3346489000000048
}