{
    "Agent": {
        "total": 0.3152016004023608
    },
    "Env": {
        "apply_act": 1.2953346000576857,
        "observation_computation": 0.1943463999486994,
        "powerflow_computation": 0.16433270028210245,
        "total": 1.6540137002884876
    },
    "total": 2.144361899991054
}