{
    "Agent": {
        "total": 0.3239390004891902
    },
    "Env": {
        "apply_act": 0.728202499798499,
        "observation_computation": 0.21033269923646003,
        "powerflow_computation": 0.18807769939303398,
        "total": 1.126612898427993
    },
    "total": 1.6380930000450462
}