{
    "Agent": {
        "total": 0.020038500195369124
    },
    "Env": {
        "apply_act": 0.07926530088298023,
        "observation_computation": 0.014810798456892371,
        "powerflow_computation": 0.015545998932793736,
        "total": 0.10962209827266634
    },
    "total": 0.14367299992591143
}