{
    "Agent": {
        "total": 0.6830573000017921
    },
    "Env": {
        "apply_act": 0.9288806000004115,
        "observation_computation": 0.37387750000675624,
        "powerflow_computation": 0.2996351000010691,
        "total": 1.6023932000082368
    },
    "total": 2.618233799999871
}