{
    "Agent": {
        "total": 0.007580400000165355
    },
    "Env": {
        "apply_act": 0.08957870000025991,
        "observation_computation": 0.06450649999985103,
        "powerflow_computation": 0.053204600000015034,
        "total": 0.20728980000012598
    },
    "total": 0.27625470000000973
}