{
    "Agent": {
        "total": 0.13359869999902685
    },
    "Env": {
        "apply_act": 0.31380010000032144,
        "observation_computation": 0.05637910000029933,
        "powerflow_computation": 0.04908150000022715,
        "total": 0.4192607000008479
    },
    "total": 0.6096835999999826
}