{
    "Agent": {
        "total": 0.12160550011321902
    },
    "Env": {
        "apply_act": 0.3488202003063634,
        "observation_computation": 0.05691390053834766,
        "powerflow_computation": 0.04971409938298166,
        "total": 0.4554482002276927
    },
    "total": 0.6326039999257773
}