{
    "Agent": {
        "total": 0.1667603999990206
    },
    "Env": {
        "apply_act": 0.6685026999944057,
        "observation_computation": 0.16588429999592336,
        "powerflow_computation": 0.14025230000333977,
        "total": 0.9746392999936688
    },
    "total": 1.2871565000000373
}