{
    "Agent": {
        "total": 0.04198859946336597
    },
    "Env": {
        "apply_act": 0.16317750071175396,
        "observation_computation": 0.03128380002453923,
        "powerflow_computation": 0.027826299192383885,
        "total": 0.22228759992867708
    },
    "total": 0.29396030004136264
}