{
    "Agent": {
        "total": 0.03979800106026232
    },
    "Env": {
        "apply_act": 0.09791139978915453,
        "observation_computation": 0.016874998109415174,
        "powerflow_computation": 0.013838600600138307,
        "total": 0.128624998498708
    },
    "total": 0.1853257000911981
}