{
    "Agent": {
        "total": 0.06454560000003084
    },
    "Env": {
        "apply_act": 0.12387489999974832,
        "observation_computation": 0.024895999999728247,
        "powerflow_computation": 0.024956800000154544,
        "total": 0.1737276999996311
    },
    "total": 0.2637288999999896
}