{
    "Agent": {
        "total": 0.10586300049908459
    },
    "Env": {
        "apply_act": 0.3655645006801933,
        "observation_computation": 0.09871800011023879,
        "powerflow_computation": 0.08368600066751242,
        "total": 0.5479685014579445
    },
    "total": 0.7415025000227615
}