{
    "Agent": {
        "total": 0.0007856000447645783
    },
    "Env": {
        "apply_act": 0.0,
        "observation_computation": 0.0,
        "powerflow_computation": 0.0,
        "total": 0.0
    },
    "total": 0.001871999935247004
}