{
    "Agent": {
        "total": 0.3055419000021402
    },
    "Env": {
        "apply_act": 0.3130158000026313,
        "observation_computation": 0.15875440000070284,
        "powerflow_computation": 0.14476789999775974,
        "total": 0.6165381000010939
    },
    "total": 1.0722107999999935
}