{
    "Agent": {
        "total": 0.11020160003681667
    },
    "Env": {
        "apply_act": 0.023869300028309226,
        "observation_computation": 0.009309199958806857,
        "powerflow_computation": 0.009477599989622831,
        "total": 0.042656099976738915
    },
    "total": 0.16332679998595268
}