{
    "Agent": {
        "total": 0.012970400000023474
    },
    "Env": {
        "apply_act": 0.1471394999999891,
        "observation_computation": 0.17191490000000087,
        "powerflow_computation": 0.09403030000002133,
        "total": 0.4130847000000113
    },
    "total": 0.5234383000000005
}