{
    "Agent": {
        "total": 0.33599820000017644
    },
    "Env": {
        "apply_act": 0.7370041999995465,
        "observation_computation": 0.2387226999981067,
        "powerflow_computation": 0.22064390000196,
        "total": 1.1963707999996132
    },
    "total": 1.7420256999998855
}