{
    "Agent": {
        "total": 0.004856700000175351
    },
    "Env": {
        "apply_act": 0.0518695000003504,
        "observation_computation": 0.03882340000006934,
        "powerflow_computation": 0.0325481999998658,
        "total": 0.12324110000028554
    },
    "total": 0.16475650000000996
}