{
    "Agent": {
        "total": 0.04462049999999351
    },
    "Env": {
        "apply_act": 0.4758255000001128,
        "observation_computation": 0.3460452000001979,
        "powerflow_computation": 0.2985467000000668,
        "total": 1.1204174000003775
    },
    "total": 1.4865732999999963
}