{
    "Agent": {
        "total": 0.0889640000241343
    },
    "Env": {
        "apply_act": 0.22533620009198785,
        "observation_computation": 0.039466300018830225,
        "powerflow_computation": 0.03426270023919642,
        "total": 0.2990652003500145
    },
    "total": 0.4267857999948319
}