{
    "Agent": {
        "total": 0.089792899787426
    },
    "Env": {
        "apply_act": 0.14389569987542927,
        "observation_computation": 0.060531099792569876,
        "powerflow_computation": 0.0583481986541301,
        "total": 0.26277499832212925
    },
    "total": 0.4061798001639545
}