{
    "Agent": {
        "total": 0.16364120000253024
    },
    "Env": {
        "apply_act": 0.5090644999988854,
        "observation_computation": 0.12032310000040525,
        "powerflow_computation": 0.10453019999908975,
        "total": 0.7339177999983804
    },
    "total": 1.0106198999999378
}