{
    "Agent": {
        "total": 0.7992428000134169
    },
    "Env": {
        "apply_act": 1.812258799997835,
        "observation_computation": 0.28664109999772336,
        "powerflow_computation": 0.23340919999645848,
        "total": 2.332309099992017
    },
    "total": 3.4012773000004017
}