{
    "Agent": {
        "total": 0.004142800000209945
    },
    "Env": {
        "apply_act": 0.04497899999984156,
        "observation_computation": 0.03169849999994767,
        "powerflow_computation": 0.026940099999876566,
        "total": 0.1036175999996658
    },
    "total": 0.13847690000000057
}