{
    "Agent": {
        "total": 0.16616099677048624
    },
    "Env": {
        "apply_act": 0.3285872000269592,
        "observation_computation": 0.08577009895816445,
        "powerflow_computation": 0.07947089802473783,
        "total": 0.49382819700986147
    },
    "total": 0.7416181999724358
}