{
    "Agent": {
        "total": 0.1007939000000988
    },
    "Env": {
        "apply_act": 0.2857211999998981,
        "observation_computation": 0.05117840000002616,
        "powerflow_computation": 0.042869100000018534,
        "total": 0.3797686999999428
    },
    "total": 0.5306461999999783
}