{
    "Agent": {
        "total": 0.2166068999968047
    },
    "Env": {
        "apply_act": 0.6422397000073943,
        "observation_computation": 0.1412207000039416,
        "powerflow_computation": 0.12950860000046305,
        "total": 0.9129690000117989
    },
    "total": 1.2589146999998775
}