{
    "Agent": {
        "total": 0.047133799525909126
    },
    "Env": {
        "apply_act": 0.11496249993797392,
        "observation_computation": 0.0315347007708624,
        "powerflow_computation": 0.028952199849300086,
        "total": 0.1754494005581364
    },
    "total": 0.2534904000349343
}