{
    "Agent": {
        "total": 0.17303660000152377
    },
    "Env": {
        "apply_act": 1.0633689999954186,
        "observation_computation": 0.17280750000190892,
        "powerflow_computation": 0.15285110000831992,
        "total": 1.3890276000056474
    },
    "total": 1.7133049999997638
}