{
    "Agent": {
        "total": 0.0007481000000097993
    },
    "Env": {
        "apply_act": 0.0,
        "observation_computation": 0.0,
        "powerflow_computation": 0.0,
        "total": 0.0
    },
    "total": 0.001977600000031998
}