{
    "Agent": {
        "total": 0.1156820999996171
    },
    "Env": {
        "apply_act": 0.252528399999278,
        "observation_computation": 0.048561000000177046,
        "powerflow_computation": 0.04443900000001122,
        "total": 0.3455283999994663
    },
    "total": 0.5096760000000131
}