{
    "Agent": {
        "total": 0.06368580122943968
    },
    "Env": {
        "apply_act": 0.20611920021474361,
        "observation_computation": 0.02879410015884787,
        "powerflow_computation": 0.02523449982982129,
        "total": 0.26014780020341277
    },
    "total": 0.3531131000490859
}