{
    "Agent": {
        "total": 0.022374200000285782
    },
    "Env": {
        "apply_act": 0.24192679999987377,
        "observation_computation": 0.38230039999976384,
        "powerflow_computation": 0.1482094999993251,
        "total": 0.7724366999989627
    },
    "total": 0.9598132000000135
}