{
    "Agent": {
        "total": 0.07370070007164031
    },
    "Env": {
        "apply_act": 0.21460389986168593,
        "observation_computation": 0.03652769955806434,
        "powerflow_computation": 0.03346190077718347,
        "total": 0.28459350019693375
    },
    "total": 0.3934275000356138
}