{
    "Agent": {
        "total": 0.04767599999649974
    },
    "Env": {
        "apply_act": 0.1526642000007996,
        "observation_computation": 0.023569700000734883,
        "powerflow_computation": 0.021037400000750495,
        "total": 0.197271300002285
    },
    "total": 0.26719450000018696
}