{
    "Agent": {
        "total": 0.02857170026982203
    },
    "Env": {
        "apply_act": 0.07452399993781,
        "observation_computation": 0.02543090033577755,
        "powerflow_computation": 0.022235099924728274,
        "total": 0.12219000019831583
    },
    "total": 0.17364379996433854
}