{
    "Agent": {
        "total": 0.014737399999830814
    },
    "Env": {
        "apply_act": 0.0378313999999591,
        "observation_computation": 0.0067648000001554465,
        "powerflow_computation": 0.006609899999602931,
        "total": 0.05120609999971748
    },
    "total": 0.07208940000009534
}