{
    "Agent": {
        "total": 0.08970949868671596
    },
    "Env": {
        "apply_act": 0.1853735998738557,
        "observation_computation": 0.04412289964966476,
        "powerflow_computation": 0.04336729715578258,
        "total": 0.27286379667930305
    },
    "total": 0.40525670000351965
}