{
    "Agent": {
        "total": 0.0886224000423681
    },
    "Env": {
        "apply_act": 0.019179100025212392,
        "observation_computation": 0.0073889000923372805,
        "powerflow_computation": 0.007327900035306811,
        "total": 0.033895900152856484
    },
    "total": 0.13099920001695864
}