{
    "Agent": {
        "total": 0.19110690000070463
    },
    "Env": {
        "apply_act": 0.3630111000011311,
        "observation_computation": 0.08790829999725247,
        "powerflow_computation": 0.07552020000071025,
        "total": 0.5264395999990938
    },
    "total": 0.8027563000000555
}