{
    "Agent": {
        "total": 0.2889641999968262
    },
    "Env": {
        "apply_act": 0.32449739999810845,
        "observation_computation": 0.18429550000041672,
        "powerflow_computation": 0.1553661999985252,
        "total": 0.6641590999970504
    },
    "total": 1.1191083999999591
}