{
    "Agent": {
        "total": 0.020423699999611244
    },
    "Env": {
        "apply_act": 0.22862739999996506,
        "observation_computation": 0.1556838999998149,
        "powerflow_computation": 0.1281258999997874,
        "total": 0.5124371999995674
    },
    "total": 0.6744130999999811
}