{
    "Agent": {
        "total": 0.05079310014843941
    },
    "Env": {
        "apply_act": 0.10930780053604394,
        "observation_computation": 0.0242604996310547,
        "powerflow_computation": 0.02196249959524721,
        "total": 0.15553079976234585
    },
    "total": 0.22978510009124875
}