{
    "Agent": {
        "total": 0.0008848999998463114
    },
    "Env": {
        "apply_act": 0.0,
        "observation_computation": 0.0,
        "powerflow_computation": 0.0,
        "total": 0.0
    },
    "total": 0.001975200000060795
}