{
    "Agent": {
        "total": 0.012141799903474748
    },
    "Env": {
        "apply_act": 0.022952600033022463,
        "observation_computation": 0.0041178998071700335,
        "powerflow_computation": 0.004500100156292319,
        "total": 0.031570599996484816
    },
    "total": 0.04835520009510219
}