{
    "Agent": {
        "total": 0.027890300028957427
    },
    "Env": {
        "apply_act": 0.07162929978221655,
        "observation_computation": 0.016242000041529536,
        "powerflow_computation": 0.015030400129035115,
        "total": 0.1029016999527812
    },
    "total": 0.1475741999456659
}