{
    "Agent": {
        "total": 0.5515466000101696
    },
    "Env": {
        "apply_act": 2.8019881999989593,
        "observation_computation": 0.5514587999914511,
        "powerflow_computation": 0.4785025000001042,
        "total": 3.8319494999905146
    },
    "total": 4.866759900000034
}