{
    "Agent": {
        "total": 0.01594379999988149
    },
    "Env": {
        "apply_act": 0.17247320000009125,
        "observation_computation": 0.12715340000004005,
        "powerflow_computation": 0.10296849999995317,
        "total": 0.40259510000008447
    },
    "total": 0.536685999999996
}