{
    "Agent": {
        "total": 0.028084399999876553
    },
    "Env": {
        "apply_act": 0.30482310000004276,
        "observation_computation": 0.20466390000007095,
        "powerflow_computation": 0.18844129999990855,
        "total": 0.6979283000000223
    },
    "total": 0.9052050000000023
}