{
    "Agent": {
        "total": 0.06505780000588857
    },
    "Env": {
        "apply_act": 0.014143599983071908,
        "observation_computation": 0.00528640000266023,
        "powerflow_computation": 0.005632600077660754,
        "total": 0.025062600063392892
    },
    "total": 0.09626930000376888
}