{
    "Agent": {
        "total": 0.1853619999997136
    },
    "Env": {
        "apply_act": 0.5209975999996459,
        "observation_computation": 0.08257290000528883,
        "powerflow_computation": 0.07120160000113174,
        "total": 0.6747721000060665
    },
    "total": 0.9425971999999092
}