{
    "Agent": {
        "total": 0.04854089999980715
    },
    "Env": {
        "apply_act": 0.10901130000070225,
        "observation_computation": 0.022155000000793734,
        "powerflow_computation": 0.021409800001947588,
        "total": 0.15257610000344357
    },
    "total": 0.22472109999989698
}