{
    "Agent": {
        "total": 0.04418720000003873
    },
    "Env": {
        "apply_act": 0.48492290000002214,
        "observation_computation": 0.4973534000001081,
        "powerflow_computation": 0.27141830000010714,
        "total": 1.2536946000002374
    },
    "total": 1.5957955999999953
}