{
    "Agent": {
        "total": 0.1595621999999821
    },
    "Env": {
        "apply_act": 0.2211099999981343,
        "observation_computation": 0.08077290000255744,
        "powerflow_computation": 0.07275260000210437,
        "total": 0.3746355000027961
    },
    "total": 0.6114167000000634
}