{
    "Agent": {
        "total": 0.0391697000595741
    },
    "Env": {
        "apply_act": 0.1266910001868382,
        "observation_computation": 0.03560920024756342,
        "powerflow_computation": 0.03369220031891018,
        "total": 0.1959924007533118
    },
    "total": 0.2672110000276007
}