{
    "Agent": {
        "total": 0.09745229998952709
    },
    "Env": {
        "apply_act": 0.05428809999739315,
        "observation_computation": 0.03496480000558222,
        "powerflow_computation": 0.03312620000087918,
        "total": 0.12237910000385455
    },
    "total": 0.2532682000000932
}