{
    "Agent": {
        "total": 0.07789930002763867
    },
    "Env": {
        "apply_act": 0.16046890011057258,
        "observation_computation": 0.04135369975119829,
        "powerflow_computation": 0.03639239969197661,
        "total": 0.23821499955374748
    },
    "total": 0.3558883999940008
}