{
    "Agent": {
        "total": 0.036054099909961224
    },
    "Env": {
        "apply_act": 0.1194422016851604,
        "observation_computation": 0.024548200308345258,
        "powerflow_computation": 0.024387199780903757,
        "total": 0.1683776017744094
    },
    "total": 0.2293789000250399
}