{
    "Agent": {
        "total": 0.0009530999232083559
    },
    "Env": {
        "apply_act": 0.0,
        "observation_computation": 0.0,
        "powerflow_computation": 0.0,
        "total": 0.0
    },
    "total": 0.0022499000187963247
}