{
    "Agent": {
        "total": 0.003268300206400454
    },
    "Env": {
        "apply_act": 0.011242000153288245,
        "observation_computation": 0.0019823999609798193,
        "powerflow_computation": 0.002774599939584732,
        "total": 0.015999000053852797
    },
    "total": 0.021377300028689206
}