{
    "Agent": {
        "total": 0.4372143999994478
    },
    "Env": {
        "apply_act": 0.6361018000012564,
        "observation_computation": 0.2103001000025415,
        "powerflow_computation": 0.19516069999781394,
        "total": 1.0415626000016118
    },
    "total": 1.6778944999999794
}