{
    "Agent": {
        "total": 0.11446850000015729
    },
    "Env": {
        "apply_act": 0.3022133999995731,
        "observation_computation": 0.05464800000049763,
        "powerflow_computation": 0.04826120000006995,
        "total": 0.40512260000014066
    },
    "total": 0.5691749000000073
}