{
    "Agent": {
        "total": 0.41367489999220197
    },
    "Env": {
        "apply_act": 2.497831000000133,
        "observation_computation": 0.4076471000057609,
        "powerflow_computation": 0.3500887000009243,
        "total": 3.255566800006818
    },
    "total": 4.0257965999999215
}