{
    "Agent": {
        "total": 0.020025399629957974
    },
    "Env": {
        "apply_act": 0.06316059979144484,
        "observation_computation": 0.009722300455905497,
        "powerflow_computation": 0.008261599228717387,
        "total": 0.08114449947606772
    },
    "total": 0.11198990000411868
}