{
    "Agent": {
        "total": 0.04668789999971068
    },
    "Env": {
        "apply_act": 0.545479400000545,
        "observation_computation": 0.3603933000001689,
        "powerflow_computation": 0.3039565999997649,
        "total": 1.2098293000004787
    },
    "total": 1.586904000000004
}