{
    "Agent": {
        "total": 0.0022037000000239004
    },
    "Env": {
        "apply_act": 0.024377200000117227,
        "observation_computation": 0.01725510000002828,
        "powerflow_computation": 0.014570100000014463,
        "total": 0.05620240000015997
    },
    "total": 0.0748719000000051
}