{
    "Agent": {
        "total": 0.10388860036619008
    },
    "Env": {
        "apply_act": 0.39377700071781874,
        "observation_computation": 0.07572810119017959,
        "powerflow_computation": 0.06539019802585244,
        "total": 0.5348952999338508
    },
    "total": 0.7125410001026466
}