{
    "Agent": {
        "total": 0.23786319999703665
    },
    "Env": {
        "apply_act": 0.8431131999980153,
        "observation_computation": 0.1741675000005216,
        "powerflow_computation": 0.15449260000241338,
        "total": 1.1717733000009503
    },
    "total": 1.5721849000001384
}