{
    "Agent": {
        "total": 2.0623171000136153
    },
    "Env": {
        "apply_act": 2.7582535000083226,
        "observation_computation": 0.9133008999974663,
        "powerflow_computation": 0.8232019000056425,
        "total": 4.4947563000114314
    },
    "total": 7.438310499999943
}