{
    "Agent": {
        "total": 0.08368299999619921
    },
    "Env": {
        "apply_act": 0.3022678999986965,
        "observation_computation": 0.07062320000159161,
        "powerflow_computation": 0.05631359999870256,
        "total": 0.4292046999989907
    },
    "total": 0.5737779999999475
}