{
    "Agent": {
        "total": 0.2073010999943108
    },
    "Env": {
        "apply_act": 1.2560440999991442,
        "observation_computation": 0.2037777999885293,
        "powerflow_computation": 0.17252669999652426,
        "total": 1.6323485999841978
    },
    "total": 2.01999109999997
}