{
    "Agent": {
        "total": 0.09482089999960408
    },
    "Env": {
        "apply_act": 0.1072842999999466,
        "observation_computation": 0.04674089999980424,
        "powerflow_computation": 0.03991310000242265,
        "total": 0.1939383000021735
    },
    "total": 0.3334359000000404
}