{
    "Agent": {
        "total": 0.01514599999973143
    },
    "Env": {
        "apply_act": 0.03527699999960987,
        "observation_computation": 0.005643600000325932,
        "powerflow_computation": 0.0057360999995808015,
        "total": 0.046656699999516604
    },
    "total": 0.06804180000006
}