{
    "Agent": {
        "total": 0.0287268000010954
    },
    "Env": {
        "apply_act": 0.1043889999982639,
        "observation_computation": 0.016539599999759957,
        "powerflow_computation": 0.015027699999791366,
        "total": 0.13595629999781522
    },
    "total": 0.1803351999997176
}