{
    "Agent": {
        "total": 0.019795099273324013
    },
    "Env": {
        "apply_act": 0.058914799825288355,
        "observation_computation": 0.012676200014539063,
        "powerflow_computation": 0.011723599629476666,
        "total": 0.08331459946930408
    },
    "total": 0.11593290010932833
}