{
    "Agent": {
        "total": 0.10983279987704009
    },
    "Env": {
        "apply_act": 0.34927399922162294,
        "observation_computation": 0.07532840024214238,
        "powerflow_computation": 0.06369689898565412,
        "total": 0.48829929844941944
    },
    "total": 0.6717425000388175
}