{
    "Agent": {
        "total": 0.110679999997501
    },
    "Env": {
        "apply_act": 0.3768624000008458,
        "observation_computation": 0.07172679999939646,
        "powerflow_computation": 0.06559599999582133,
        "total": 0.5141851999960636
    },
    "total": 0.6948624999999993
}