{
    "Agent": {
        "total": 0.07863890000044194
    },
    "Env": {
        "apply_act": 0.09255580000058217,
        "observation_computation": 0.05159770000000208,
        "powerflow_computation": 0.053886299999931,
        "total": 0.19803980000051524
    },
    "total": 0.32233640000004016
}