{
    "Agent": {
        "total": 0.024677399999859517
    },
    "Env": {
        "apply_act": 0.06170020000001841,
        "observation_computation": 0.0131226000002016,
        "powerflow_computation": 0.012180300000295574,
        "total": 0.08700310000051559
    },
    "total": 0.12388229999999112
}