{
    "Agent": {
        "total": 0.33064420000459904
    },
    "Env": {
        "apply_act": 0.6232386000037877,
        "observation_computation": 0.14854229999696145,
        "powerflow_computation": 0.14327240000397978,
        "total": 0.915053300004729
    },
    "total": 1.3897891000001437
}