{
    "Agent": {
        "total": 0.06810640031471848
    },
    "Env": {
        "apply_act": 0.27824449981562793,
        "observation_computation": 0.0505999008892104,
        "powerflow_computation": 0.048775900271721184,
        "total": 0.3776203009765595
    },
    "total": 0.49380520009435713
}