{
    "Agent": {
        "total": 0.350020099998801
    },
    "Env": {
        "apply_act": 0.6805373999932272,
        "observation_computation": 0.1193176000015228,
        "powerflow_computation": 0.13165489999937563,
        "total": 0.9315098999941256
    },
    "total": 1.3941703000000416
}