{
    "Agent": {
        "total": 0.0010127000000466069
    },
    "Env": {
        "apply_act": 0.010204199999975572,
        "observation_computation": 0.005786399999976766,
        "powerflow_computation": 0.007280000000065456,
        "total": 0.023270600000017794
    },
    "total": 0.030323400000014544
}