{
    "Agent": {
        "total": 0.05716139999776715
    },
    "Env": {
        "apply_act": 0.06171940000331233,
        "observation_computation": 0.03665749999936452,
        "powerflow_computation": 0.033604300002934906,
        "total": 0.13198120000561175
    },
    "total": 0.22249849999980142
}