{
    "Agent": {
        "total": 0.17511159999639858
    },
    "Env": {
        "apply_act": 0.5819434000045476,
        "observation_computation": 0.12615540000160763,
        "powerflow_computation": 0.12112029999752849,
        "total": 0.8292191000036837
    },
    "total": 1.1178343000001405
}