{
    "Agent": {
        "total": 0.017621900000051482
    },
    "Env": {
        "apply_act": 0.0641006000000175,
        "observation_computation": 0.009275999999942997,
        "powerflow_computation": 0.007861400000024332,
        "total": 0.08123799999998482
    },
    "total": 0.10940770000001976
}