{
    "Agent": {
        "total": 0.1307442975230515
    },
    "Env": {
        "apply_act": 0.40004469943232834,
        "observation_computation": 0.09684390085749328,
        "powerflow_computation": 0.09443470020778477,
        "total": 0.5913233004976064
    },
    "total": 0.8128906001802534
}