{
    "Agent": {
        "total": 0.1185846000012134
    },
    "Env": {
        "apply_act": 0.12704890000168234,
        "observation_computation": 0.07866979999835166,
        "powerflow_computation": 0.06749590000299577,
        "total": 0.2732146000030298
    },
    "total": 0.46082010000009177
}