{
    "Agent": {
        "total": 1.1988587000021198
    },
    "Env": {
        "apply_act": 1.775700799999413,
        "observation_computation": 0.6044009999964146,
        "powerflow_computation": 0.5323267000046599,
        "total": 2.9124285000004875
    },
    "total": 4.6986369000001105
}