{
    "Agent": {
        "total": 0.0007193000055849552
    },
    "Env": {
        "apply_act": 0.0,
        "observation_computation": 0.0,
        "powerflow_computation": 0.0,
        "total": 0.0
    },
    "total": 0.001771099865436554
}