{
    "Agent": {
        "total": 0.24789350010541966
    },
    "Env": {
        "apply_act": 0.8490099000555347,
        "observation_computation": 0.126012100110529,
        "powerflow_computation": 0.12413099994591903,
        "total": 1.0991530001119827
    },
    "total": 1.469993999999133
}