{
    "Agent": {
        "total": 0.28855499962810427
    },
    "Env": {
        "apply_act": 0.6618447011569515,
        "observation_computation": 0.137496798299253,
        "powerflow_computation": 0.1332077004481107,
        "total": 0.9325491999043152
    },
    "total": 1.3525287999073043
}