{
    "Agent": {
        "total": 0.05153560044709593
    },
    "Env": {
        "apply_act": 0.11957200011238456,
        "observation_computation": 0.02141649997793138,
        "powerflow_computation": 0.02181860024575144,
        "total": 0.16280710033606738
    },
    "total": 0.23603209992870688
}