{
    "Agent": {
        "total": 0.2510619999084156
    },
    "Env": {
        "apply_act": 0.6029105002817232,
        "observation_computation": 0.10237519987276755,
        "powerflow_computation": 0.09080870033358224,
        "total": 0.796094400488073
    },
    "total": 1.146947100001853
}