{
    "Agent": {
        "total": 0.04128599999967264
    },
    "Env": {
        "apply_act": 0.4742784999992864,
        "observation_computation": 0.32202730000017254,
        "powerflow_computation": 0.27013449999890327,
        "total": 1.0664402999983622
    },
    "total": 1.4033595000000219
}