{
    "Agent": {
        "total": 0.10798449907451868
    },
    "Env": {
        "apply_act": 0.40052340063266456,
        "observation_computation": 0.07479669956956059,
        "powerflow_computation": 0.06508200126700103,
        "total": 0.5404021014692262
    },
    "total": 0.7201081999810413
}