{
    "Agent": {
        "total": 0.008475700000190045
    },
    "Env": {
        "apply_act": 0.02468080000107875,
        "observation_computation": 0.0058665999997629115,
        "powerflow_computation": 0.004879899999878035,
        "total": 0.0354273000007197
    },
    "total": 0.05027250000011918
}