{
    "Agent": {
        "total": 0.1266528005944565
    },
    "Env": {
        "apply_act": 0.2971092000370845,
        "observation_computation": 0.047241900814697146,
        "powerflow_computation": 0.04181799874641001,
        "total": 0.3861690995981917
    },
    "total": 0.5577713999664411
}