{
    "Agent": {
        "total": 0.0014848000000426964
    },
    "Env": {
        "apply_act": 0.0161502000001974,
        "observation_computation": 0.010938900000013518,
        "powerflow_computation": 0.010069300000083103,
        "total": 0.03715840000029402
    },
    "total": 0.04953929999999218
}