{
    "Agent": {
        "total": 0.23299389999647246
    },
    "Env": {
        "apply_act": 0.26257200000350167,
        "observation_computation": 0.1618476999997256,
        "powerflow_computation": 0.13498630000367484,
        "total": 0.5594060000069021
    },
    "total": 0.9363715000001775
}