{
    "Agent": {
        "total": 0.24701279999908365
    },
    "Env": {
        "apply_act": 0.5846740999995745,
        "observation_computation": 0.09198800000058327,
        "powerflow_computation": 0.07579970000097092,
        "total": 0.7524618000011287
    },
    "total": 1.0899580000000242
}