{
    "Agent": {
        "total": 0.027205200000111063
    },
    "Env": {
        "apply_act": 0.3023075999997502,
        "observation_computation": 0.20539759999999774,
        "powerflow_computation": 0.1711382000002004,
        "total": 0.6788433999999484
    },
    "total": 0.8930172000000027
}