{
    "Agent": {
        "total": 0.004026000000180829
    },
    "Env": {
        "apply_act": 0.011946399999942514,
        "observation_computation": 0.001682200000004741,
        "powerflow_computation": 0.0014684000001352615,
        "total": 0.015097000000082517
    },
    "total": 0.02281429999993634
}