{
    "Agent": {
        "total": 0.14469500000063817
    },
    "Env": {
        "apply_act": 0.17776579999735986,
        "observation_computation": 0.0904137000004539,
        "powerflow_computation": 0.07748000000128741,
        "total": 0.34565949999910117
    },
    "total": 0.5701468000002023
}