{
    "Agent": {
        "total": 0.26027589999830525
    },
    "Env": {
        "apply_act": 0.31121390000362226,
        "observation_computation": 0.16630789999271656,
        "powerflow_computation": 0.1454575000011573,
        "total": 0.6229792999974961
    },
    "total": 1.0284065999999257
}