{
    "Agent": {
        "total": 0.0026051001623272896
    },
    "Env": {
        "apply_act": 0.003640600014477968,
        "observation_computation": 0.0013617000076919794,
        "powerflow_computation": 0.002169799990952015,
        "total": 0.0071721000131219625
    },
    "total": 0.01131660002283752
}