{
    "Agent": {
        "total": 0.19157979999658892
    },
    "Env": {
        "apply_act": 0.15450359999840657,
        "observation_computation": 0.09286889999793857,
        "powerflow_computation": 0.08134390000009262,
        "total": 0.32871639999643776
    },
    "total": 0.6092068000000381
}