{
    "Agent": {
        "total": 0.218255601124838
    },
    "Env": {
        "apply_act": 0.5995347989955917,
        "observation_computation": 0.13122420047875494,
        "powerflow_computation": 0.11434220022056252,
        "total": 0.8451011996949092
    },
    "total": 1.1815289999358356
}