{
    "Agent": {
        "total": 0.020640700000285506
    },
    "Env": {
        "apply_act": 0.23240119999906028,
        "observation_computation": 0.16593879999982164,
        "powerflow_computation": 0.1408537999995474,
        "total": 0.5391937999984293
    },
    "total": 0.7121863000000417
}