{
    "Agent": {
        "total": 0.02752070000000373
    },
    "Env": {
        "apply_act": 0.3081202999999526,
        "observation_computation": 0.37866289999999836,
        "powerflow_computation": 0.17384880000004088,
        "total": 0.8606319999999918
    },
    "total": 1.0781085000000026
}