{
    "Agent": {
        "total": 0.37549439999781953
    },
    "Env": {
        "apply_act": 0.7740132999994103,
        "observation_computation": 0.1623832999997603,
        "powerflow_computation": 0.14947589999883348,
        "total": 1.085872499998004
    },
    "total": 1.6163962000000538
}