{
    "Agent": {
        "total": 0.12223889934830368
    },
    "Env": {
        "apply_act": 0.2978209019638598,
        "observation_computation": 0.06615710188634694,
        "powerflow_computation": 0.05782099952921271,
        "total": 0.42179900337941945
    },
    "total": 0.6050440000835806
}