{
    "Agent": {
        "total": 0.05286950047593564
    },
    "Env": {
        "apply_act": 0.11832129955291748,
        "observation_computation": 0.021328099071979523,
        "powerflow_computation": 0.019771900726482272,
        "total": 0.15942129935137928
    },
    "total": 0.23445370001718402
}