{
    "Agent": {
        "total": 0.01039259962271899
    },
    "Env": {
        "apply_act": 0.030277599580585957,
        "observation_computation": 0.0067082998575642705,
        "powerflow_computation": 0.007167400210164487,
        "total": 0.044153299648314714
    },
    "total": 0.061199899995699525
}