{
    "Agent": {
        "total": 0.0010903000365942717
    },
    "Env": {
        "apply_act": 0.0,
        "observation_computation": 0.0,
        "powerflow_computation": 0.0,
        "total": 0.0
    },
    "total": 0.003432599827647209
}