{
    "Agent": {
        "total": 0.5070109000014327
    },
    "Env": {
        "apply_act": 0.5272196000014446,
        "observation_computation": 0.3156289999985802,
        "powerflow_computation": 0.2720845000094414,
        "total": 1.1149331000094662
    },
    "total": 1.9036181999999826
}