{
    "Agent": {
        "total": 0.07590940070804209
    },
    "Env": {
        "apply_act": 0.17213560023810714,
        "observation_computation": 0.030839500250294805,
        "powerflow_computation": 0.0258385002380237,
        "total": 0.22881360072642565
    },
    "total": 0.33545339992269874
}