{
    "Agent": {
        "total": 0.026025600032880902
    },
    "Env": {
        "apply_act": 0.06571340013761073,
        "observation_computation": 0.015096000162884593,
        "powerflow_computation": 0.013954300316981971,
        "total": 0.0947637006174773
    },
    "total": 0.13646870001684874
}