{
    "Agent": {
        "total": 0.027328000403940678
    },
    "Env": {
        "apply_act": 0.0955262016505003,
        "observation_computation": 0.01962949871085584,
        "powerflow_computation": 0.018313400447368622,
        "total": 0.13346910080872476
    },
    "total": 0.18068240000866354
}