{
    "Agent": {
        "total": 0.10336479905527085
    },
    "Env": {
        "apply_act": 0.26096329919528216,
        "observation_computation": 0.05887720047030598,
        "powerflow_computation": 0.050232199602760375,
        "total": 0.3700726992683485
    },
    "total": 0.526088900049217
}