{
    "Agent": {
        "total": 0.4950450000001183
    },
    "Env": {
        "apply_act": 0.5394928999987769,
        "observation_computation": 0.3231011999993143,
        "powerflow_computation": 0.27319660000011936,
        "total": 1.1357906999982106
    },
    "total": 1.9159066999999368
}