{
    "Agent": {
        "total": 0.01616050023585558
    },
    "Env": {
        "apply_act": 0.025749300024472177,
        "observation_computation": 0.011449699522927403,
        "powerflow_computation": 0.009701100876554847,
        "total": 0.04690010042395443
    },
    "total": 0.07442149997223169
}