{
    "Agent": {
        "total": 0.007396100088953972
    },
    "Env": {
        "apply_act": 0.017081799684092402,
        "observation_computation": 0.002991799497976899,
        "powerflow_computation": 0.002966600004583597,
        "total": 0.0230401991866529
    },
    "total": 0.03379669995047152
}