{
    "Agent": {
        "total": 0.2578257999266498
    },
    "Env": {
        "apply_act": 1.2633115996140987,
        "observation_computation": 0.22557050018804148,
        "powerflow_computation": 0.20132449991069734,
        "total": 1.6902065997128375
    },
    "total": 2.1467102999449708
}