{
    "Agent": {
        "total": 0.04373810032848269
    },
    "Env": {
        "apply_act": 0.1426138001261279,
        "observation_computation": 0.031273600179702044,
        "powerflow_computation": 0.029017599881626666,
        "total": 0.2029050001874566
    },
    "total": 0.2761351999361068
}