{
    "Agent": {
        "total": 0.026996799999096766
    },
    "Env": {
        "apply_act": 0.09511509999902046,
        "observation_computation": 0.019297600000072634,
        "powerflow_computation": 0.016991799999914292,
        "total": 0.13140449999900738
    },
    "total": 0.17702550000012707
}