{
    "Agent": {
        "total": 0.031148500000085733
    },
    "Env": {
        "apply_act": 0.06793700000025638,
        "observation_computation": 0.014108300000089002,
        "powerflow_computation": 0.013154500000496228,
        "total": 0.0951998000008416
    },
    "total": 0.1399552999999969
}