{
    "Agent": {
        "total": 0.007788399932906032
    },
    "Env": {
        "apply_act": 0.018295800546184182,
        "observation_computation": 0.0035957996733486652,
        "powerflow_computation": 0.003574100323021412,
        "total": 0.02546570054255426
    },
    "total": 0.036861700005829334
}