{
    "Agent": {
        "total": 0.05475920089520514
    },
    "Env": {
        "apply_act": 0.15961739991325885,
        "observation_computation": 0.026563601568341255,
        "powerflow_computation": 0.023954299511387944,
        "total": 0.21013530099298805
    },
    "total": 0.2912929999874905
}