{
    "Agent": {
        "total": 0.18747640000447063
    },
    "Env": {
        "apply_act": 0.6598904999964361,
        "observation_computation": 0.08319160000655756,
        "powerflow_computation": 0.07038970000485278,
        "total": 0.8134718000078465
    },
    "total": 1.0825251000001117
}