{
    "Agent": {
        "total": 0.22218909999446623
    },
    "Env": {
        "apply_act": 0.5927505999979985,
        "observation_computation": 0.09166819999609288,
        "powerflow_computation": 0.08584859999473338,
        "total": 0.7702673999888248
    },
    "total": 1.0805488999999397
}