{
    "Agent": {
        "total": 0.052313400000230104
    },
    "Env": {
        "apply_act": 0.058542299999771785,
        "observation_computation": 0.025954999999498796,
        "powerflow_computation": 0.02224480000040785,
        "total": 0.10674209999967843
    },
    "total": 0.18402500000001965
}