{
    "Agent": {
        "total": 0.02429109999911816
    },
    "Env": {
        "apply_act": 0.12120500000219181,
        "observation_computation": 0.02438159999974232,
        "powerflow_computation": 0.021702800001548894,
        "total": 0.16728940000348302
    },
    "total": 0.213033699999869
}