{
    "Agent": {
        "total": 0.060958600137382746
    },
    "Env": {
        "apply_act": 0.15561790007632226,
        "observation_computation": 0.024481299566105008,
        "powerflow_computation": 0.021053400356322527,
        "total": 0.2011525999987498
    },
    "total": 0.28613359993323684
}