{
    "Agent": {
        "total": 0.01807950041256845
    },
    "Env": {
        "apply_act": 0.058353199856355786,
        "observation_computation": 0.012502900557592511,
        "powerflow_computation": 0.010743999620899558,
        "total": 0.08160010003484786
    },
    "total": 0.11150610004551709
}