{
    "Agent": {
        "total": 0.07092620024923235
    },
    "Env": {
        "apply_act": 0.23124959866981953,
        "observation_computation": 0.04902630054857582,
        "powerflow_computation": 0.0446475010830909,
        "total": 0.32492340030148625
    },
    "total": 0.44258060003630817
}