{
    "Agent": {
        "total": 0.005676899999940588
    },
    "Env": {
        "apply_act": 0.07486600000007115,
        "observation_computation": 0.04933719999965547,
        "powerflow_computation": 0.050885699999810186,
        "total": 0.1750888999995368
    },
    "total": 0.2267411999999922
}