{
    "Agent": {
        "total": 0.04419370000050549
    },
    "Env": {
        "apply_act": 0.13236209999990933,
        "observation_computation": 0.03133509999975104,
        "powerflow_computation": 0.02905709999959072,
        "total": 0.1927542999992511
    },
    "total": 0.2663270000000466
}