{
    "Agent": {
        "total": 0.05231589952018112
    },
    "Env": {
        "apply_act": 0.13143339997623116,
        "observation_computation": 0.024469999596476555,
        "powerflow_computation": 0.020575399859808385,
        "total": 0.1764787994325161
    },
    "total": 0.2535026000114158
}