{
    "Agent": {
        "total": 0.07840650000068194
    },
    "Env": {
        "apply_act": 0.8342721000001916,
        "observation_computation": 0.5705844999998533,
        "powerflow_computation": 0.46871589999963703,
        "total": 1.873572499999682
    },
    "total": 2.4680077000000153
}