{
    "Agent": {
        "total": 0.018468699999345972
    },
    "Env": {
        "apply_act": 0.23498460000001842,
        "observation_computation": 0.1380821999997579,
        "powerflow_computation": 0.12603070000022853,
        "total": 0.49909750000000486
    },
    "total": 0.6445911000000137
}