{
    "Agent": {
        "total": 0.16238319827243686
    },
    "Env": {
        "apply_act": 0.502287600771524,
        "observation_computation": 0.07980309973936528,
        "powerflow_computation": 0.07903819938655943,
        "total": 0.6611288998974487
    },
    "total": 0.8995406000176445
}