{
    "Agent": {
        "total": 0.060644900891929865
    },
    "Env": {
        "apply_act": 0.2241157004609704,
        "observation_computation": 0.04159649694338441,
        "powerflow_computation": 0.03906530141830444,
        "total": 0.30477749882265925
    },
    "total": 0.4052321999333799
}