{
    "Agent": {
        "total": 0.2815405991859734
    },
    "Env": {
        "apply_act": 0.5491201994009316,
        "observation_computation": 0.14201050298288465,
        "powerflow_computation": 0.12648989772424102,
        "total": 0.8176206001080573
    },
    "total": 1.2350522000342607
}