{
    "Agent": {
        "total": 0.20580699876882136
    },
    "Env": {
        "apply_act": 0.40077199740335345,
        "observation_computation": 0.10595610039308667,
        "powerflow_computation": 0.0895421034656465,
        "total": 0.5962702012620866
    },
    "total": 0.9036199999973178
}