{
    "Agent": {
        "total": 0.033351499999866974
    },
    "Env": {
        "apply_act": 0.0641564000005701,
        "observation_computation": 0.014660699999922144,
        "powerflow_computation": 0.013738499999817577,
        "total": 0.09255560000030982
    },
    "total": 0.14088540000000194
}