{
    "Agent": {
        "total": 0.3171909940429032
    },
    "Env": {
        "apply_act": 0.6176359963137656,
        "observation_computation": 0.15986299933865666,
        "powerflow_computation": 0.14009270048700273,
        "total": 0.917591696139425
    },
    "total": 1.3861278998665512
}