{
    "Agent": {
        "total": 0.0007010999999010892
    },
    "Env": {
        "apply_act": 0.008192199999996319,
        "observation_computation": 0.005782199999998738,
        "powerflow_computation": 0.006059900000195739,
        "total": 0.020034300000190797
    },
    "total": 0.026319399999977122
}