{
    "Agent": {
        "total": 0.039870499953394756
    },
    "Env": {
        "apply_act": 0.1642658000055235,
        "observation_computation": 0.036068900022655725,
        "powerflow_computation": 0.03030379994015675,
        "total": 0.23063849996833596
    },
    "total": 0.30453140000463463
}