{
    "Agent": {
        "total": 0.05832839943468571
    },
    "Env": {
        "apply_act": 0.17066119913943112,
        "observation_computation": 0.040927100693807006,
        "powerflow_computation": 0.03590510017238557,
        "total": 0.2474934000056237
    },
    "total": 0.34465370001271367
}