{
    "Agent": {
        "total": 0.12471930000174325
    },
    "Env": {
        "apply_act": 0.3575008999991951,
        "observation_computation": 0.06135299999777999,
        "powerflow_computation": 0.0508252999979959,
        "total": 0.469679199994971
    },
    "total": 0.655028399999992
}