{
    "Agent": {
        "total": 0.06152890028897673
    },
    "Env": {
        "apply_act": 0.2547812002012506,
        "observation_computation": 0.04544820077717304,
        "powerflow_computation": 0.03961039974819869,
        "total": 0.33983980072662234
    },
    "total": 0.44427079998422414
}