{
    "Agent": {
        "total": 0.14028400112874806
    },
    "Env": {
        "apply_act": 0.4776468016207218,
        "observation_computation": 0.10372560261748731,
        "powerflow_computation": 0.09337199991568923,
        "total": 0.6747444041538984
    },
    "total": 0.9130239998921752
}