{
    "Agent": {
        "total": 0.1355742998130154
    },
    "Env": {
        "apply_act": 0.5062034998263698,
        "observation_computation": 0.07755470043048263,
        "powerflow_computation": 0.06505670020123944,
        "total": 0.6488149004580919
    },
    "total": 0.8553121000004467
}