{
    "Agent": {
        "total": 0.0011508999159559608
    },
    "Env": {
        "apply_act": 0.0,
        "observation_computation": 0.0,
        "powerflow_computation": 0.0,
        "total": 0.0
    },
    "total": 0.002449000021442771
}