{
    "Agent": {
        "total": 0.007152200000746234
    },
    "Env": {
        "apply_act": 0.0781030999995096,
        "observation_computation": 0.05857329999992089,
        "powerflow_computation": 0.050944500000127846,
        "total": 0.18762089999955833
    },
    "total": 0.24714640000001964
}