{
    "Agent": {
        "total": 0.06704900003387593
    },
    "Env": {
        "apply_act": 0.17895999999018386,
        "observation_computation": 0.03107669993187301,
        "powerflow_computation": 0.02660609979648143,
        "total": 0.2366427997185383
    },
    "total": 0.33502679999219254
}