{
    "Agent": {
        "total": 0.08895170000209873
    },
    "Env": {
        "apply_act": 0.17829189999974915,
        "observation_computation": 0.03947160000052463,
        "powerflow_computation": 0.034998199998653945,
        "total": 0.2527616999989277
    },
    "total": 0.3771115000001828
}