{
    "Agent": {
        "total": 0.13702709999999563
    },
    "Env": {
        "apply_act": 0.646095300000006,
        "observation_computation": 0.4797963000000198,
        "powerflow_computation": 0.3967583000000161,
        "total": 1.522649900000042
    },
    "total": 2.1122317000000006
}