{
    "Agent": {
        "total": 0.0018396001541987062
    },
    "Env": {
        "apply_act": 0.0029791000997647643,
        "observation_computation": 0.0007213999051600695,
        "powerflow_computation": 0.0006612999131903052,
        "total": 0.004361799918115139
    },
    "total": 0.007749499985948205
}