{
    "Agent": {
        "total": 0.2667639999988296
    },
    "Env": {
        "apply_act": 1.0959318999978223,
        "observation_computation": 0.19253099999673395,
        "powerflow_computation": 0.1748969000032048,
        "total": 1.463359799997761
    },
    "total": 1.9141912999998567
}