{
    "Agent": {
        "total": 0.04776690062135458
    },
    "Env": {
        "apply_act": 0.17467580025549978,
        "observation_computation": 0.035990700707770884,
        "powerflow_computation": 0.03173139994032681,
        "total": 0.24239790090359747
    },
    "total": 0.3256218999158591
}