{
    "Agent": {
        "total": 0.07045469999980014
    },
    "Env": {
        "apply_act": 0.15532850000033704,
        "observation_computation": 0.026258000000382253,
        "powerflow_computation": 0.022678299999824958,
        "total": 0.20426480000054426
    },
    "total": 0.3004197000000204
}