{
    "Agent": {
        "total": 0.010193799999981934
    },
    "Env": {
        "apply_act": 0.11471170000001507,
        "observation_computation": 0.07707139999989465,
        "powerflow_computation": 0.06298849999994616,
        "total": 0.2547715999998559
    },
    "total": 0.33576170000000616
}