{
    "Agent": {
        "total": 0.009237400023266673
    },
    "Env": {
        "apply_act": 0.015184399904683232,
        "observation_computation": 0.0036128994543105364,
        "powerflow_computation": 0.003759399987757206,
        "total": 0.022556699346750975
    },
    "total": 0.03553409990854561
}