{
    "Agent": {
        "total": 0.0070222999991074175
    },
    "Env": {
        "apply_act": 0.021270500000582615,
        "observation_computation": 0.004868300000225645,
        "powerflow_computation": 0.004780700000083016,
        "total": 0.030919500000891276
    },
    "total": 0.04287849999991522
}