{
    "Agent": {
        "total": 0.005640900000116744
    },
    "Env": {
        "apply_act": 0.011672200000475641,
        "observation_computation": 0.0017902000001868146,
        "powerflow_computation": 0.0018059999995330145,
        "total": 0.01526840000019547
    },
    "total": 0.022980299999971976
}