{
    "Agent": {
        "total": 0.015492800000174611
    },
    "Env": {
        "apply_act": 0.01827310000021498,
        "observation_computation": 0.010098099999822807,
        "powerflow_computation": 0.010956900000337555,
        "total": 0.03932810000037534
    },
    "total": 0.06403979999993226
}