{
    "Agent": {
        "total": 0.694574900004227
    },
    "Env": {
        "apply_act": 0.5588233000030414,
        "observation_computation": 0.23939109999673747,
        "powerflow_computation": 0.2028208000047016,
        "total": 1.0010352000044804
    },
    "total": 1.9095736000003853
}