{
    "Agent": {
        "total": 0.1477301000022635
    },
    "Env": {
        "apply_act": 0.08487849999892205,
        "observation_computation": 0.0551091999932396,
        "powerflow_computation": 0.052820099997006764,
        "total": 0.19280779998916842
    },
    "total": 0.390664999999899
}