{
    "Agent": {
        "total": 0.0432486004428938
    },
    "Env": {
        "apply_act": 0.1636767004383728,
        "observation_computation": 0.029487600550055504,
        "powerflow_computation": 0.02909579931292683,
        "total": 0.22226010030135512
    },
    "total": 0.29513809992931783
}