{
    "Agent": {
        "total": 0.03761079965624958
    },
    "Env": {
        "apply_act": 0.112797299050726,
        "observation_computation": 0.026156099629588425,
        "powerflow_computation": 0.023544799769297242,
        "total": 0.16249819844961166
    },
    "total": 0.22492599999532104
}