{
    "Agent": {
        "total": 0.26301089985645376
    },
    "Env": {
        "apply_act": 0.6136362997349352,
        "observation_computation": 0.11251520036603324,
        "powerflow_computation": 0.09902340057305992,
        "total": 0.8251749006740283
    },
    "total": 1.1988216000027023
}