{
    "Agent": {
        "total": 0.07084990000015523
    },
    "Env": {
        "apply_act": 0.15478889999997136,
        "observation_computation": 0.028310299999702693,
        "powerflow_computation": 0.028119200000162436,
        "total": 0.2112183999998365
    },
    "total": 0.3095956999999885
}