{
    "Agent": {
        "total": 0.11113179999961176
    },
    "Env": {
        "apply_act": 0.31951489999994465,
        "observation_computation": 0.058155599998713114,
        "powerflow_computation": 0.048794499999758045,
        "total": 0.4264649999984158
    },
    "total": 0.5941811000000143
}