{
    "Agent": {
        "total": 0.04184079880360514
    },
    "Env": {
        "apply_act": 0.16611350001767278,
        "observation_computation": 0.031945500522851944,
        "powerflow_computation": 0.027795299654826522,
        "total": 0.22585430019535124
    },
    "total": 0.2979262999724597
}