{
    "Agent": {
        "total": 0.0667235000000801
    },
    "Env": {
        "apply_act": 0.016704000008758157,
        "observation_computation": 0.005350399995222688,
        "powerflow_computation": 0.00608639998245053,
        "total": 0.028140799986431375
    },
    "total": 0.10126060000038706
}