{
    "Agent": {
        "total": 0.47257859999831453
    },
    "Env": {
        "apply_act": 0.5948409000029642,
        "observation_computation": 0.21747809999760648,
        "powerflow_computation": 0.18849799999884453,
        "total": 1.0008169999994152
    },
    "total": 1.684022700000014
}