{
    "Agent": {
        "total": 0.10326070000053278
    },
    "Env": {
        "apply_act": 1.1179830999994351,
        "observation_computation": 0.7646135999995636,
        "powerflow_computation": 0.6479726999992295,
        "total": 2.530569399998228
    },
    "total": 3.326099499999998
}