{
    "Agent": {
        "total": 0.010168399894610047
    },
    "Env": {
        "apply_act": 0.020779200829565525,
        "observation_computation": 0.004637800622731447,
        "powerflow_computation": 0.004006800940260291,
        "total": 0.029423802392557263
    },
    "total": 0.04508930002339184
}