{
    "Agent": {
        "total": 0.38156160060316324
    },
    "Env": {
        "apply_act": 1.0180753000604454,
        "observation_computation": 0.17756679997546598,
        "powerflow_computation": 0.1578283996495884,
        "total": 1.3534704996854998
    },
    "total": 1.9069714000215754
}