{
    "Agent": {
        "total": 0.31541670000069644
    },
    "Env": {
        "apply_act": 0.69920749999892,
        "observation_computation": 0.12388030000010986,
        "powerflow_computation": 0.12212360000239642,
        "total": 0.9452114000014262
    },
    "total": 1.3717249000001175
}