{
    "Agent": {
        "total": 0.06684259999997266
    },
    "Env": {
        "apply_act": 0.15126739999999472,
        "observation_computation": 0.0283099999999763,
        "powerflow_computation": 0.02369389999989835,
        "total": 0.20327129999986937
    },
    "total": 0.2984587999999917
}