{
    "Agent": {
        "total": 0.5471839000026648
    },
    "Env": {
        "apply_act": 0.8347319000015432,
        "observation_computation": 0.2541943999990508,
        "powerflow_computation": 0.21501160000116215,
        "total": 1.3039379000017561
    },
    "total": 2.0924756000001707
}