{
    "Agent": {
        "total": 0.5968580944463611
    },
    "Env": {
        "apply_act": 1.0434890012256801,
        "observation_computation": 0.3911412947345525,
        "powerflow_computation": 0.3360502030700445,
        "total": 1.7706804990302771
    },
    "total": 2.7164296000264585
}