{
    "Agent": {
        "total": 0.006188799999790717
    },
    "Env": {
        "apply_act": 0.017218799999682233,
        "observation_computation": 0.004052700000329423,
        "powerflow_computation": 0.003630900000644033,
        "total": 0.02490240000065569
    },
    "total": 0.035838600000033694
}