{
    "Agent": {
        "total": 0.4661243999967155
    },
    "Env": {
        "apply_act": 0.8550774000000274,
        "observation_computation": 0.20756319999895823,
        "powerflow_computation": 0.19756620000134717,
        "total": 1.2602068000003328
    },
    "total": 1.9273685999999088
}