{
    "Agent": {
        "total": 0.09886379993986338
    },
    "Env": {
        "apply_act": 0.4035621999501018,
        "observation_computation": 0.08836979989428073,
        "powerflow_computation": 0.07944350004254375,
        "total": 0.5713754998869263
    },
    "total": 0.7481208999961382
}