{
    "Agent": {
        "total": 0.0875509997131303
    },
    "Env": {
        "apply_act": 0.17482099833432585,
        "observation_computation": 0.04504949937108904,
        "powerflow_computation": 0.03890360053628683,
        "total": 0.2587740982417017
    },
    "total": 0.38932349998503923
}