{
    "Agent": {
        "total": 0.180162001401186
    },
    "Env": {
        "apply_act": 0.48720299918204546,
        "observation_computation": 0.08614919858518988,
        "powerflow_computation": 0.07549080078024417,
        "total": 0.6488429985474795
    },
    "total": 0.9129884000867605
}