{
    "Agent": {
        "total": 0.26064590021269396
    },
    "Env": {
        "apply_act": 0.5562025005929172,
        "observation_computation": 0.10075920057715848,
        "powerflow_computation": 0.09755760029656813,
        "total": 0.7545193014666438
    },
    "total": 1.1138620999990962
}