{
    "Agent": {
        "total": 0.3553677000020343
    },
    "Env": {
        "apply_act": 0.36721459999580475,
        "observation_computation": 0.16467389999843363,
        "powerflow_computation": 0.1455121000028612,
        "total": 0.6774005999970996
    },
    "total": 1.1914993999998842
}