{
    "Agent": {
        "total": 0.09358110022731125
    },
    "Env": {
        "apply_act": 0.180849400581792,
        "observation_computation": 0.045269802678376436,
        "powerflow_computation": 0.043036500457674265,
        "total": 0.2691557037178427
    },
    "total": 0.4088435999583453
}