{
    "Agent": {
        "total": 0.04133660043589771
    },
    "Env": {
        "apply_act": 0.08416069904342294,
        "observation_computation": 0.019970199093222618,
        "powerflow_computation": 0.01769230025820434,
        "total": 0.1218231983948499
    },
    "total": 0.1822264000074938
}