{
    "Agent": {
        "total": 0.14698569999882238
    },
    "Env": {
        "apply_act": 0.15798420000078295,
        "observation_computation": 0.09744819999968968,
        "powerflow_computation": 0.08128300000043964,
        "total": 0.33671540000091227
    },
    "total": 0.5702768000001015
}