{
    "Agent": {
        "total": 0.36439550000000054
    },
    "Env": {
        "apply_act": 1.5331570999985615,
        "observation_computation": 0.189353200001392,
        "powerflow_computation": 0.1774038000003202,
        "total": 1.8999141000002737
    },
    "total": 2.4456306000000723
}