{
    "Agent": {
        "total": 0.009147000000325534
    },
    "Env": {
        "apply_act": 0.09826349999991635,
        "observation_computation": 0.07359079999986307,
        "powerflow_computation": 0.060781199999837554,
        "total": 0.23263549999961697
    },
    "total": 0.3105160000000069
}