{
    "Agent": {
        "total": 0.24322010000082628
    },
    "Env": {
        "apply_act": 0.47285030000239203,
        "observation_computation": 0.11835350000023936,
        "powerflow_computation": 0.12315040000180488,
        "total": 0.7143542000044363
    },
    "total": 1.0708528000000115
}