{
    "Agent": {
        "total": 0.029355000471696258
    },
    "Env": {
        "apply_act": 0.09454690001439303,
        "observation_computation": 0.019817699678242207,
        "powerflow_computation": 0.01733050006441772,
        "total": 0.13169509975705296
    },
    "total": 0.18165789998602122
}