{
    "Agent": {
        "total": 0.2135465971659869
    },
    "Env": {
        "apply_act": 0.4143709996715188,
        "observation_computation": 0.10746539500541985,
        "powerflow_computation": 0.0907777021639049,
        "total": 0.6126140968408436
    },
    "total": 0.9264303999952972
}