{
    "Agent": {
        "total": 0.03579010000112248
    },
    "Env": {
        "apply_act": 0.25767420000011043,
        "observation_computation": 0.035200700001041696,
        "powerflow_computation": 0.03084180000132619,
        "total": 0.3237167000024783
    },
    "total": 0.39124949999995806
}