{
    "Agent": {
        "total": 0.016495300107635558
    },
    "Env": {
        "apply_act": 0.02212400024291128,
        "observation_computation": 0.01059309986885637,
        "powerflow_computation": 0.01026409980840981,
        "total": 0.04298119992017746
    },
    "total": 0.06991930003277957
}