{
    "Agent": {
        "total": 0.0923190000004297
    },
    "Env": {
        "apply_act": 0.18851949999981343,
        "observation_computation": 0.039150199999994584,
        "powerflow_computation": 0.031872600000156126,
        "total": 0.25954229999996414
    },
    "total": 0.38693799999998646
}