{
    "Agent": {
        "total": 0.13470709696412086
    },
    "Env": {
        "apply_act": 0.4231387993786484,
        "observation_computation": 0.09722429746761918,
        "powerflow_computation": 0.08441690006293356,
        "total": 0.6047799969092011
    },
    "total": 0.8310936999041587
}