{
    "Agent": {
        "total": 0.046795999514870346
    },
    "Env": {
        "apply_act": 0.06291010009590536,
        "observation_computation": 0.031733499956317246,
        "powerflow_computation": 0.030022599850781262,
        "total": 0.12466619990300387
    },
    "total": 0.1997937000123784
}