{
    "Agent": {
        "total": 0.03053989999989426
    },
    "Env": {
        "apply_act": 0.49091310000002863,
        "observation_computation": 0.2535660999999436,
        "powerflow_computation": 0.22660409999988929,
        "total": 0.9710832999998615
    },
    "total": 1.2363876000000005
}