{
    "Agent": {
        "total": 0.006039199999804623
    },
    "Env": {
        "apply_act": 0.012217999999961648,
        "observation_computation": 0.0022250999999187115,
        "powerflow_computation": 0.0027211999997689418,
        "total": 0.017164299999649302
    },
    "total": 0.025596400000040376
}