{
    "Agent": {
        "total": 0.08163530000183528
    },
    "Env": {
        "apply_act": 0.13306130000455596,
        "observation_computation": 0.037475399999493675,
        "powerflow_computation": 0.03583299999900191,
        "total": 0.20636970000305155
    },
    "total": 0.32188789999963774
}