{
    "Agent": {
        "total": 0.30262380093336105
    },
    "Env": {
        "apply_act": 0.8097427953034639,
        "observation_computation": 0.13937339966651052,
        "powerflow_computation": 0.11998100148048252,
        "total": 1.069097196450457
    },
    "total": 1.5174512999365106
}