{
    "Agent": {
        "total": 0.01456310017965734
    },
    "Env": {
        "apply_act": 0.03911679959855974,
        "observation_computation": 0.00786109990440309,
        "powerflow_computation": 0.007763499394059181,
        "total": 0.05474139889702201
    },
    "total": 0.07702210010029376
}