{
    "Agent": {
        "total": 0.042086199996901996
    },
    "Env": {
        "apply_act": 0.2480544999993981,
        "observation_computation": 0.041868700002851256,
        "powerflow_computation": 0.037007800000992574,
        "total": 0.32693100000324193
    },
    "total": 0.40613389999998617
}