{
    "Agent": {
        "total": 0.09952250076457858
    },
    "Env": {
        "apply_act": 0.31816449912730604,
        "observation_computation": 0.051395000191405416,
        "powerflow_computation": 0.055568199371919036,
        "total": 0.4251276986906305
    },
    "total": 0.5727723999880254
}