{
    "Agent": {
        "total": 0.3562124988529831
    },
    "Env": {
        "apply_act": 0.37847099965438247,
        "observation_computation": 0.1775704976171255,
        "powerflow_computation": 0.15428410307504237,
        "total": 0.7103256003465503
    },
    "total": 1.2347150999121368
}