{
    "Agent": {
        "total": 0.009953099999620463
    },
    "Env": {
        "apply_act": 0.02962720000095942,
        "observation_computation": 0.006722700000864279,
        "powerflow_computation": 0.006242800000336501,
        "total": 0.0425927000021602
    },
    "total": 0.059280900000203474
}