{
    "Agent": {
        "total": 0.33263539941981435
    },
    "Env": {
        "apply_act": 0.6261400983203202,
        "observation_computation": 0.16112909745424986,
        "powerflow_computation": 0.14335879916325212,
        "total": 0.9306279949378222
    },
    "total": 1.4232035998720676
}