{
    "Agent": {
        "total": 0.04972689999959812
    },
    "Env": {
        "apply_act": 0.5030322000004048,
        "observation_computation": 0.5137556999998196,
        "powerflow_computation": 0.30857979999973395,
        "total": 1.3253676999999584
    },
    "total": 1.7167012999999827
}