{
    "Agent": {
        "total": 0.023618700011866167
    },
    "Env": {
        "apply_act": 0.005098900001030415,
        "observation_computation": 0.0014262000331655145,
        "powerflow_computation": 0.0019452999695204198,
        "total": 0.00847040000371635
    },
    "total": 0.03449000002001412
}