{
    "Agent": {
        "total": 0.048705299966968596
    },
    "Env": {
        "apply_act": 0.11464380018878728,
        "observation_computation": 0.02159500017296523,
        "powerflow_computation": 0.018462199834175408,
        "total": 0.15470100019592792
    },
    "total": 0.2251338999485597
}