{
    "Agent": {
        "total": 0.09135289999949237
    },
    "Env": {
        "apply_act": 0.16789400000129717,
        "observation_computation": 0.03804989999866848,
        "powerflow_computation": 0.035540999999284395,
        "total": 0.24148489999925005
    },
    "total": 0.3734950000000481
}