{
    "Agent": {
        "total": 0.027511899998444278
    },
    "Env": {
        "apply_act": 0.029452899999341753,
        "observation_computation": 0.016750000001593435,
        "powerflow_computation": 0.015002400000867055,
        "total": 0.06120530000180224
    },
    "total": 0.10393810000005033
}