{
    "Agent": {
        "total": 0.018911599998318707
    },
    "Env": {
        "apply_act": 0.011828600000626466,
        "observation_computation": 0.006727699996190495,
        "powerflow_computation": 0.008531699998457043,
        "total": 0.027087999995274004
    },
    "total": 0.05318260000058217
}