{
    "Agent": {
        "total": 0.11603719999766327
    },
    "Env": {
        "apply_act": 0.06525059999330551,
        "observation_computation": 0.04258379999828321,
        "powerflow_computation": 0.03802469999936875,
        "total": 0.14585909999095747
    },
    "total": 0.3041150999997626
}