{
    "Agent": {
        "total": 0.05817680060863495
    },
    "Env": {
        "apply_act": 0.15075389831326902,
        "observation_computation": 0.03441050020046532,
        "powerflow_computation": 0.0305852007586509,
        "total": 0.21574959927238524
    },
    "total": 0.3053400998469442
}