{
    "Agent": {
        "total": 0.0184406999999851
    },
    "Env": {
        "apply_act": 0.03721810000041614,
        "observation_computation": 0.0072066000000177155,
        "powerflow_computation": 0.006137100000103146,
        "total": 0.050561800000537005
    },
    "total": 0.07729949999998098
}