{
    "Agent": {
        "total": 1.2164359000744298
    },
    "Env": {
        "apply_act": 0.2658423999673687,
        "observation_computation": 0.10520749990246259,
        "powerflow_computation": 0.10802100008004345,
        "total": 0.47907089994987473
    },
    "total": 1.8071083000104409
}