{
    "Agent": {
        "total": 0.030614100629463792
    },
    "Env": {
        "apply_act": 0.0693542001536116,
        "observation_computation": 0.022424800437875092,
        "powerflow_computation": 0.019413300207816064,
        "total": 0.11119230079930276
    },
    "total": 0.16379289992619306
}