{
    "Agent": {
        "total": 0.01428570062853396
    },
    "Env": {
        "apply_act": 0.026283400366082788,
        "observation_computation": 0.005700399866327643,
        "powerflow_computation": 0.005140999797731638,
        "total": 0.03712480003014207
    },
    "total": 0.05787679995410144
}