{
    "Agent": {
        "total": 0.25528479999820775
    },
    "Env": {
        "apply_act": 0.4642609000061384,
        "observation_computation": 0.09239979999983916,
        "powerflow_computation": 0.07717509999974936,
        "total": 0.6338358000057269
    },
    "total": 0.9688367999997354
}