{
    "Agent": {
        "total": 0.02774019999996824
    },
    "Env": {
        "apply_act": 0.3107116000002179,
        "observation_computation": 0.2101384999998288,
        "powerflow_computation": 0.17129860000009955,
        "total": 0.6921487000001463
    },
    "total": 0.9160786000000058
}