{
    "Agent": {
        "total": 0.10973719507455826
    },
    "Env": {
        "apply_act": 0.4506054986268282,
        "observation_computation": 0.08112220233306289,
        "powerflow_computation": 0.07204659911803901,
        "total": 0.6037743000779301
    },
    "total": 0.789945499971509
}