{
    "Agent": {
        "total": 0.46145540000043184
    },
    "Env": {
        "apply_act": 1.083301099997243,
        "observation_computation": 0.23461750000046777,
        "powerflow_computation": 0.21229610000136745,
        "total": 1.5302146999990782
    },
    "total": 2.2194445999999743
}