{
    "Agent": {
        "total": 0.02496990000001631
    },
    "Env": {
        "apply_act": 0.2654989999994939,
        "observation_computation": 0.33088719999996385,
        "powerflow_computation": 0.15950080000042988,
        "total": 0.7558869999998876
    },
    "total": 0.9626181999999943
}