{
    "Agent": {
        "total": 0.006472900044173002
    },
    "Env": {
        "apply_act": 0.014164200285449624,
        "observation_computation": 0.0028432004619389772,
        "powerflow_computation": 0.0029621999710798264,
        "total": 0.019969600718468428
    },
    "total": 0.029434199910610914
}