{
    "Agent": {
        "total": 0.0031813000000084912
    },
    "Env": {
        "apply_act": 0.03552220000000261,
        "observation_computation": 0.02489610000003495,
        "powerflow_computation": 0.021286199999963173,
        "total": 0.08170450000000073
    },
    "total": 0.10883120000001156
}