{
    "Agent": {
        "total": 0.05443120060954243
    },
    "Env": {
        "apply_act": 0.13027039996813983,
        "observation_computation": 0.024445799412205815,
        "powerflow_computation": 0.021383200539276004,
        "total": 0.17609939991962165
    },
    "total": 0.25428029999602586
}