{
    "Agent": {
        "total": 0.1060358997201547
    },
    "Env": {
        "apply_act": 0.21235369925852865,
        "observation_computation": 0.051058498211205006,
        "powerflow_computation": 0.04574680083896965,
        "total": 0.3091589983087033
    },
    "total": 0.4658460000064224
}