{
    "Agent": {
        "total": 0.0007329999934881926
    },
    "Env": {
        "apply_act": 0.0,
        "observation_computation": 0.0,
        "powerflow_computation": 0.0,
        "total": 0.0
    },
    "total": 0.0018984000198543072
}