{
    "Agent": {
        "total": 0.0010093000018969178
    },
    "Env": {
        "apply_act": 0.0,
        "observation_computation": 0.0,
        "powerflow_computation": 0.0,
        "total": 0.0
    },
    "total": 0.002201800001785159
}