{
    "Agent": {
        "total": 0.04081890000009025
    },
    "Env": {
        "apply_act": 0.4731700999995496,
        "observation_computation": 0.342309400000147,
        "powerflow_computation": 0.29460639999982163,
        "total": 1.1100858999995182
    },
    "total": 1.467484799999994
}