{
    "Agent": {
        "total": 0.05873989895917475
    },
    "Env": {
        "apply_act": 0.1602344992570579,
        "observation_computation": 0.03563719987869263,
        "powerflow_computation": 0.03243110026232898,
        "total": 0.22830279939807951
    },
    "total": 0.31933180009946227
}