{
    "Agent": {
        "total": 0.005301899999949455
    },
    "Env": {
        "apply_act": 0.05622910000010961,
        "observation_computation": 0.039533800000072006,
        "powerflow_computation": 0.03293350000026862,
        "total": 0.12869640000045024
    },
    "total": 0.172655600000013
}