{
    "Agent": {
        "total": 1.0431942000006984
    },
    "Env": {
        "apply_act": 1.3553993000068658,
        "observation_computation": 0.48525740000263795,
        "powerflow_computation": 0.43966820000105145,
        "total": 2.280324900010555
    },
    "total": 3.789685300000201
}