{
    "Agent": {
        "total": 0.08754289999944831
    },
    "Env": {
        "apply_act": 0.17920730000071217,
        "observation_computation": 0.03305420000003778,
        "powerflow_computation": 0.030411200000230565,
        "total": 0.2426727000009805
    },
    "total": 0.3622561999999334
}