{
    "Agent": {
        "total": 0.0009376000380143523
    },
    "Env": {
        "apply_act": 0.0,
        "observation_computation": 0.0,
        "powerflow_computation": 0.0,
        "total": 0.0
    },
    "total": 0.00206809991504997
}