{
    "Agent": {
        "total": 0.09292370005277917
    },
    "Env": {
        "apply_act": 0.018963400012580678,
        "observation_computation": 0.007559700025012717,
        "powerflow_computation": 0.007524599932366982,
        "total": 0.03404769996996038
    },
    "total": 0.13531029998557642
}