{
    "Agent": {
        "total": 0.01933409972116351
    },
    "Env": {
        "apply_act": 0.04256449965760112,
        "observation_computation": 0.009645500220358372,
        "powerflow_computation": 0.009158400003798306,
        "total": 0.061368399881757796
    },
    "total": 0.09035880002193153
}