{
    "Agent": {
        "total": 0.0781099000012091
    },
    "Env": {
        "apply_act": 0.058143400000062684,
        "observation_computation": 0.034797700000581244,
        "powerflow_computation": 0.03086659999917174,
        "total": 0.12380769999981567
    },
    "total": 0.23854290000008405
}