{
    "Agent": {
        "total": 0.029465299999742456
    },
    "Env": {
        "apply_act": 0.338406099999645,
        "observation_computation": 0.22632450000037352,
        "powerflow_computation": 0.1954024000000345,
        "total": 0.760133000000053
    },
    "total": 0.9953671000000099
}