{
    "Agent": {
        "total": 0.06791809995775111
    },
    "Env": {
        "apply_act": 0.014624699979322031,
        "observation_computation": 0.0054088999750092626,
        "powerflow_computation": 0.00569530003122054,
        "total": 0.025728899985551834
    },
    "total": 0.10027039999840781
}