{
    "Agent": {
        "total": 0.1079717002576217
    },
    "Env": {
        "apply_act": 0.3599148001521826,
        "observation_computation": 0.0620309000951238,
        "powerflow_computation": 0.05203269989578985,
        "total": 0.4739784001430962
    },
    "total": 0.6400929000228643
}