{
    "Agent": {
        "total": 0.09773729999869829
    },
    "Env": {
        "apply_act": 0.5231727000027604,
        "observation_computation": 0.07882700000936893,
        "powerflow_computation": 0.08131379999940691,
        "total": 0.6833135000115362
    },
    "total": 0.8515054999998029
}