{
    "Agent": {
        "total": 0.45274800000788673
    },
    "Env": {
        "apply_act": 1.2363017999978183,
        "observation_computation": 0.19650300000785137,
        "powerflow_computation": 0.1819892999988042,
        "total": 1.6147941000044739
    },
    "total": 2.2576257000000624
}