{
    "Agent": {
        "total": 0.16242910000164557
    },
    "Env": {
        "apply_act": 0.31415810000044075,
        "observation_computation": 0.0752378000004228,
        "powerflow_computation": 0.08429430000001048,
        "total": 0.47369020000087403
    },
    "total": 0.711925199999996
}