{
    "Agent": {
        "total": 0.01982770000063283
    },
    "Env": {
        "apply_act": 0.05954579999865928,
        "observation_computation": 0.013982100000021092,
        "powerflow_computation": 0.01260509999929127,
        "total": 0.08613299999797164
    },
    "total": 0.11930610000013075
}