{
    "Agent": {
        "total": 0.07932829903438687
    },
    "Env": {
        "apply_act": 0.18953499966301024,
        "observation_computation": 0.03408920124638826,
        "powerflow_computation": 0.031359599670395255,
        "total": 0.25498380057979375
    },
    "total": 0.36764499999117106
}