{
    "Agent": {
        "total": 0.11703509953804314
    },
    "Env": {
        "apply_act": 0.3228157996200025,
        "observation_computation": 0.07557920133695006,
        "powerflow_computation": 0.06445730081759393,
        "total": 0.4628523017745465
    },
    "total": 0.6481645999010652
}