{
    "Agent": {
        "total": 0.03387650000024678
    },
    "Env": {
        "apply_act": 0.07194710000032956,
        "observation_computation": 0.01565680000010161,
        "powerflow_computation": 0.013635900000167567,
        "total": 0.10123980000059873
    },
    "total": 0.15060929999992823
}