{
    "Agent": {
        "total": 0.0700074999995195
    },
    "Env": {
        "apply_act": 0.1984147999992274,
        "observation_computation": 0.030122299998311064,
        "powerflow_computation": 0.02694059999930687,
        "total": 0.25547769999684533
    },
    "total": 0.35536550000006173
}