{
    "Agent": {
        "total": 0.018740899628028274
    },
    "Env": {
        "apply_act": 0.05057859979569912,
        "observation_computation": 0.01370360015425831,
        "powerflow_computation": 0.013100400450639427,
        "total": 0.07738260040059686
    },
    "total": 0.11000080010853708
}