{
    "Agent": {
        "total": 0.0011026000138372183
    },
    "Env": {
        "apply_act": 0.0,
        "observation_computation": 0.0,
        "powerflow_computation": 0.0,
        "total": 0.0
    },
    "total": 0.003366099903360009
}