{
    "Agent": {
        "total": 0.4350192000017614
    },
    "Env": {
        "apply_act": 0.8429622000023755,
        "observation_computation": 0.19948709999675884,
        "powerflow_computation": 0.19012390000170853,
        "total": 1.232573200000843
    },
    "total": 1.8558883000000606
}