{
    "Agent": {
        "total": 0.05714460019953549
    },
    "Env": {
        "apply_act": 0.10960520198568702,
        "observation_computation": 0.02830499946139753,
        "powerflow_computation": 0.026174998376518488,
        "total": 0.16408519982360303
    },
    "total": 0.24856030009686947
}