{
    "Agent": {
        "total": 0.0007303999736905098
    },
    "Env": {
        "apply_act": 0.0,
        "observation_computation": 0.0,
        "powerflow_computation": 0.0,
        "total": 0.0
    },
    "total": 0.001792399911209941
}