{
    "Agent": {
        "total": 0.0629447007086128
    },
    "Env": {
        "apply_act": 0.2323317991103977,
        "observation_computation": 0.04197750077582896,
        "powerflow_computation": 0.035316600115038455,
        "total": 0.3096259000012651
    },
    "total": 0.4129471000051126
}