{
    "Agent": {
        "total": 0.00567899999990118
    },
    "Env": {
        "apply_act": 0.06511359999981892,
        "observation_computation": 0.04485440000001972,
        "powerflow_computation": 0.03889090000006945,
        "total": 0.1488588999999081
    },
    "total": 0.19876370000000065
}