{
    "Agent": {
        "total": 0.0665392002556473
    },
    "Env": {
        "apply_act": 0.19903510133735836,
        "observation_computation": 0.031936201616190374,
        "powerflow_computation": 0.02814029820729047,
        "total": 0.2591116011608392
    },
    "total": 0.35688520001713187
}