{
    "Agent": {
        "total": 0.06286969920620322
    },
    "Env": {
        "apply_act": 0.13149150018580258,
        "observation_computation": 0.030989300226792693,
        "powerflow_computation": 0.030785300536081195,
        "total": 0.19326610094867647
    },
    "total": 0.2861373999621719
}