{
    "Agent": {
        "total": 0.676963499995054
    },
    "Env": {
        "apply_act": 1.7492868000044837,
        "observation_computation": 0.34720489999881465,
        "powerflow_computation": 0.30104110000183937,
        "total": 2.3975328000051377
    },
    "total": 3.3373247999998057
}