{
    "Agent": {
        "total": 0.35215330000164613
    },
    "Env": {
        "apply_act": 0.6787366000012298,
        "observation_computation": 0.11722330000156944,
        "powerflow_computation": 0.09725879999086828,
        "total": 0.8932186999936675
    },
    "total": 1.3572102000002815
}