{
    "Agent": {
        "total": 0.01625060000012013
    },
    "Env": {
        "apply_act": 0.17700479999990648,
        "observation_computation": 0.11724549999979672,
        "powerflow_computation": 0.1003922999998963,
        "total": 0.3946425999995995
    },
    "total": 0.5215938999999992
}