{
    "Agent": {
        "total": 0.008011999999837371
    },
    "Env": {
        "apply_act": 0.0851939000000641,
        "observation_computation": 0.05733440000011569,
        "powerflow_computation": 0.04752630000010072,
        "total": 0.19005460000028052
    },
    "total": 0.2519880000000114
}