{
    "Agent": {
        "total": 0.0553165003657341
    },
    "Env": {
        "apply_act": 0.16561319993343204,
        "observation_computation": 0.026637700269930065,
        "powerflow_computation": 0.023252599756233394,
        "total": 0.2155034999595955
    },
    "total": 0.29743309994228184
}