{
    "Agent": {
        "total": 0.0055592999999589665
    },
    "Env": {
        "apply_act": 0.01748049999991963,
        "observation_computation": 0.0026406999999153413,
        "powerflow_computation": 0.002217399999949521,
        "total": 0.022338599999784492
    },
    "total": 0.032503799999972216
}