{
    "Agent": {
        "total": 0.12266950000230281
    },
    "Env": {
        "apply_act": 0.37325160000000324,
        "observation_computation": 0.058304400000452006,
        "powerflow_computation": 0.051387799998792616,
        "total": 0.48294379999924786
    },
    "total": 0.6624122000002899
}