{
    "Agent": {
        "total": 0.07283389999065548
    },
    "Env": {
        "apply_act": 0.1927628001139965,
        "observation_computation": 0.035440299892798066,
        "powerflow_computation": 0.031563900294713676,
        "total": 0.25976700030150823
    },
    "total": 0.36756169999716803
}