{
    "Agent": {
        "total": 0.0229616999999962
    },
    "Env": {
        "apply_act": 0.0574725999997554,
        "observation_computation": 0.011829900000293492,
        "powerflow_computation": 0.011078900000029535,
        "total": 0.08038140000007843
    },
    "total": 0.11474820000000818
}