{
    "Agent": {
        "total": 0.047529899748042226
    },
    "Env": {
        "apply_act": 0.107439900864847,
        "observation_computation": 0.025004999013617635,
        "powerflow_computation": 0.02131220034789294,
        "total": 0.15375710022635758
    },
    "total": 0.22531350003555417
}