{
    "Agent": {
        "total": 0.048693200001025616
    },
    "Env": {
        "apply_act": 0.08526360000132627,
        "observation_computation": 0.023871700000427154,
        "powerflow_computation": 0.018225599999595943,
        "total": 0.12736090000134936
    },
    "total": 0.19844370000009803
}