{
    "Agent": {
        "total": 0.10142279975116253
    },
    "Env": {
        "apply_act": 0.3068543004337698,
        "observation_computation": 0.0619643988320604,
        "powerflow_computation": 0.05377009930089116,
        "total": 0.4225887985667214
    },
    "total": 0.5790357000660151
}