{
    "Agent": {
        "total": 0.30394070432521403
    },
    "Env": {
        "apply_act": 1.0764611018821597,
        "observation_computation": 0.23216069978661835,
        "powerflow_computation": 0.21286429883912206,
        "total": 1.5214861005079001
    },
    "total": 2.0417329999618232
}