{
    "Agent": {
        "total": 0.020642400020733476
    },
    "Env": {
        "apply_act": 0.04700700007379055,
        "observation_computation": 0.008144400082528591,
        "powerflow_computation": 0.00660729972878471,
        "total": 0.06175869988510385
    },
    "total": 0.09131849999539554
}