{
    "Agent": {
        "total": 0.3476391000062904
    },
    "Env": {
        "apply_act": 0.652190100003736,
        "observation_computation": 0.1719286000015927,
        "powerflow_computation": 0.12105609999753142,
        "total": 0.9451748000028601
    },
    "total": 1.4379392000000735
}