{
    "Agent": {
        "total": 0.18306650000158697
    },
    "Env": {
        "apply_act": 0.03815239999676123,
        "observation_computation": 0.015266400034306571,
        "powerflow_computation": 0.015713400091044605,
        "total": 0.06913220012211241
    },
    "total": 0.2690003000025172
}