{
    "Agent": {
        "total": 0.13495270162820816
    },
    "Env": {
        "apply_act": 0.152452499140054,
        "observation_computation": 0.09096859896089882,
        "powerflow_computation": 0.0830543003976345,
        "total": 0.3264753984985873
    },
    "total": 0.5421510000014678
}