{
    "Agent": {
        "total": 0.09109069999942676
    },
    "Env": {
        "apply_act": 1.003934499999957,
        "observation_computation": 0.6996275000004744,
        "powerflow_computation": 0.5724862000000144,
        "total": 2.276048200000446
    },
    "total": 2.9969661000000087
}