{
    "Agent": {
        "total": 0.012518700095824897
    },
    "Env": {
        "apply_act": 0.03715130011551082,
        "observation_computation": 0.007647799677215517,
        "powerflow_computation": 0.006449699983932078,
        "total": 0.051248799776658416
    },
    "total": 0.07222440000623465
}