{
    "Agent": {
        "total": 0.34578950000047826
    },
    "Env": {
        "apply_act": 0.2901219000003721,
        "observation_computation": 0.17778410000050826,
        "powerflow_computation": 0.15912670000068374,
        "total": 0.6270327000015641
    },
    "total": 1.1408972000000404
}