{
    "Agent": {
        "total": 0.059771601809188724
    },
    "Env": {
        "apply_act": 0.13605629955418408,
        "observation_computation": 0.030972699634730816,
        "powerflow_computation": 0.02726240106858313,
        "total": 0.19429140025749803
    },
    "total": 0.28334460011683404
}