{
    "Agent": {
        "total": 0.08461980079300702
    },
    "Env": {
        "apply_act": 0.17808159964624792,
        "observation_computation": 0.03951029933523387,
        "powerflow_computation": 0.03441360092256218,
        "total": 0.252005499904044
    },
    "total": 0.3751518999924883
}