{
    "Agent": {
        "total": 0.014867099999904099
    },
    "Env": {
        "apply_act": 0.17025030000006325,
        "observation_computation": 0.12361480000006964,
        "powerflow_computation": 0.10550900000001207,
        "total": 0.39937410000014495
    },
    "total": 0.5273746999999958
}