{
    "Agent": {
        "total": 0.021018100000475215
    },
    "Env": {
        "apply_act": 0.22200790000016468,
        "observation_computation": 0.1547865999998237,
        "powerflow_computation": 0.13921229999996854,
        "total": 0.5160067999999569
    },
    "total": 0.6811870999999883
}