{
    "Agent": {
        "total": 0.373257702216506
    },
    "Env": {
        "apply_act": 1.4877490964718163,
        "observation_computation": 0.27459199563600123,
        "powerflow_computation": 0.24096370209008455,
        "total": 2.003304794197902
    },
    "total": 2.636278900085017
}