{
    "Agent": {
        "total": 0.044201999553479254
    },
    "Env": {
        "apply_act": 0.09330569941084832,
        "observation_computation": 0.018329300568439066,
        "powerflow_computation": 0.015881299506872892,
        "total": 0.12751629948616028
    },
    "total": 0.19035849999636412
}