{
    "Agent": {
        "total": 0.038302699802443385
    },
    "Env": {
        "apply_act": 0.12744630011729896,
        "observation_computation": 0.027062300010584295,
        "powerflow_computation": 0.023522199131548405,
        "total": 0.17803079925943166
    },
    "total": 0.24241750000510365
}