{
    "Agent": {
        "total": 0.0466317986138165
    },
    "Env": {
        "apply_act": 0.1510552994441241,
        "observation_computation": 0.03172029880806804,
        "powerflow_computation": 0.030226899776607752,
        "total": 0.2130024980287999
    },
    "total": 0.28999989992007613
}