{
    "Agent": {
        "total": 0.06225039981654845
    },
    "Env": {
        "apply_act": 0.15955769998254254,
        "observation_computation": 0.028453800070565194,
        "powerflow_computation": 0.027095000114059076,
        "total": 0.21510650016716681
    },
    "total": 0.3041265000065323
}