{
    "Agent": {
        "total": 0.15996900000004644
    },
    "Env": {
        "apply_act": 0.32650309999849014,
        "observation_computation": 0.07264489999977286,
        "powerflow_computation": 0.06623760000036327,
        "total": 0.4653855999986263
    },
    "total": 0.6950948999999582
}