{
    "Agent": {
        "total": 0.17040869999254937
    },
    "Env": {
        "apply_act": 0.3641449000006105,
        "observation_computation": 0.08304469999529829,
        "powerflow_computation": 0.053698399998211244,
        "total": 0.50088799999412
    },
    "total": 0.7310379000000466
}