{
    "Agent": {
        "total": 0.05089669965673238
    },
    "Env": {
        "apply_act": 0.11641399969812483,
        "observation_computation": 0.020969100180082023,
        "powerflow_computation": 0.018829200882464647,
        "total": 0.1562123007606715
    },
    "total": 0.22800830006599426
}