{
    "Agent": {
        "total": 0.016233799998417453
    },
    "Env": {
        "apply_act": 0.04857899999865367,
        "observation_computation": 0.011939600001596773,
        "powerflow_computation": 0.010289400001283866,
        "total": 0.07080800000153431
    },
    "total": 0.0985924999999952
}