{
    "Agent": {
        "total": 0.0007394999265670776
    },
    "Env": {
        "apply_act": 0.0,
        "observation_computation": 0.0,
        "powerflow_computation": 0.0,
        "total": 0.0
    },
    "total": 0.0018165999790653586
}