{
    "Agent": {
        "total": 0.03768369974568486
    },
    "Env": {
        "apply_act": 0.03406169870868325,
        "observation_computation": 0.02050850074738264,
        "powerflow_computation": 0.02037299983203411,
        "total": 0.0749431992881
    },
    "total": 0.13127680006437004
}