{
    "Agent": {
        "total": 0.09569560003001243
    },
    "Env": {
        "apply_act": 0.3681902000680566,
        "observation_computation": 0.05507760014734231,
        "powerflow_computation": 0.04805060007493012,
        "total": 0.471318400290329
    },
    "total": 0.6197855999926105
}