{
    "Agent": {
        "total": 0.12833559999853605
    },
    "Env": {
        "apply_act": 0.25665530000060244,
        "observation_computation": 0.0515525000037087,
        "powerflow_computation": 0.04744260000097711,
        "total": 0.35565040000528825
    },
    "total": 0.533140600000479
}