{
    "Agent": {
        "total": 0.013876900193281472
    },
    "Env": {
        "apply_act": 0.029147200053557754,
        "observation_computation": 0.005116799962706864,
        "powerflow_computation": 0.004986200015991926,
        "total": 0.039250200032256544
    },
    "total": 0.05840739991981536
}