{
    "Agent": {
        "total": 0.024539199999878747
    },
    "Env": {
        "apply_act": 0.2814159999999788,
        "observation_computation": 0.19979319999944778,
        "powerflow_computation": 0.17220840000024396,
        "total": 0.6534175999996705
    },
    "total": 0.8610925000000123
}