{
    "Agent": {
        "total": 0.0841124999992644
    },
    "Env": {
        "apply_act": 0.16143430000010994,
        "observation_computation": 0.037892399998327164,
        "powerflow_computation": 0.03329349999967235,
        "total": 0.23262019999810946
    },
    "total": 0.352277999999842
}