{
    "Agent": {
        "total": 0.040225400000394984
    },
    "Env": {
        "apply_act": 0.07858130000010988,
        "observation_computation": 0.016640799999549927,
        "powerflow_computation": 0.013972500000249966,
        "total": 0.10919459999990977
    },
    "total": 0.16567559999998593
}