{
    "Agent": {
        "total": 0.06486350000091079
    },
    "Env": {
        "apply_act": 0.10584519999974873,
        "observation_computation": 0.028306199999633463,
        "powerflow_computation": 0.022552000000814587,
        "total": 0.15670340000019678
    },
    "total": 0.25009079999995265
}