{
    "Agent": {
        "total": 0.005446299999960047
    },
    "Env": {
        "apply_act": 0.04757710000018278,
        "observation_computation": 0.03092770000012024,
        "powerflow_computation": 0.027969999999641004,
        "total": 0.10647479999994403
    },
    "total": 0.14155840000000808
}