{
    "Agent": {
        "total": 0.4278191000057632
    },
    "Env": {
        "apply_act": 1.4853073000044787,
        "observation_computation": 0.2587170999972841,
        "powerflow_computation": 0.24527969999871857,
        "total": 1.9893041000004814
    },
    "total": 2.639204999999947
}