{
    "Agent": {
        "total": 0.06564159979461692
    },
    "Env": {
        "apply_act": 0.16169730000547133,
        "observation_computation": 0.029410799965262413,
        "powerflow_computation": 0.024540699901990592,
        "total": 0.21564879987272434
    },
    "total": 0.3104309999907855
}