{
    "Agent": {
        "total": 0.08650790000683628
    },
    "Env": {
        "apply_act": 0.019540400011464953,
        "observation_computation": 0.007353299937676638,
        "powerflow_computation": 0.007439699926180765,
        "total": 0.03433339987532236
    },
    "total": 0.1295809999865014
}