{
    "Agent": {
        "total": 0.024453299999549927
    },
    "Env": {
        "apply_act": 0.027789299999767536,
        "observation_computation": 0.01633510000010574,
        "powerflow_computation": 0.015070600000399281,
        "total": 0.05919500000027256
    },
    "total": 0.098291700000118
}