{
    "Agent": {
        "total": 0.3824928999988515
    },
    "Env": {
        "apply_act": 0.8311685000001034,
        "observation_computation": 0.17191290000073423,
        "powerflow_computation": 0.14734069999815347,
        "total": 1.1504220999989911
    },
    "total": 1.7026805000000422
}