{
    "Agent": {
        "total": 0.019897599999765703
    },
    "Env": {
        "apply_act": 0.22927920000026347,
        "observation_computation": 0.16607099999990282,
        "powerflow_computation": 0.1362060999999386,
        "total": 0.5315563000001049
    },
    "total": 0.7026096999999965
}