{
    "Agent": {
        "total": 0.27070430000117085
    },
    "Env": {
        "apply_act": 0.5208772999990288,
        "observation_computation": 0.11921729999926356,
        "powerflow_computation": 0.1088816000008137,
        "total": 0.748976199999106
    },
    "total": 1.1396032000000105
}