{
    "Agent": {
        "total": 0.3476282000010542
    },
    "Env": {
        "apply_act": 0.18585100000473176,
        "observation_computation": 0.11884930000724125,
        "powerflow_computation": 0.10662929999580228,
        "total": 0.4113296000077753
    },
    "total": 0.8736933000000136
}