{
    "Agent": {
        "total": 0.07151210051961243
    },
    "Env": {
        "apply_act": 0.1847679999191314,
        "observation_computation": 0.04175849934108555,
        "powerflow_computation": 0.03480779938399792,
        "total": 0.26133429864421487
    },
    "total": 0.37268969998694956
}