{
    "Agent": {
        "total": 0.04083820000028027
    },
    "Env": {
        "apply_act": 0.10448050000013609,
        "observation_computation": 0.020467899999857764,
        "powerflow_computation": 0.017867599999817685,
        "total": 0.14281599999981154
    },
    "total": 0.2051622999999836
}