{
    "Agent": {
        "total": 0.011058898875489831
    },
    "Env": {
        "apply_act": 0.0221905002836138,
        "observation_computation": 0.004931699950248003,
        "powerflow_computation": 0.004335199948400259,
        "total": 0.03145740018226206
    },
    "total": 0.048297799890860915
}