{
    "Agent": {
        "total": 0.01734950000005142
    },
    "Env": {
        "apply_act": 0.19621589999999856,
        "observation_computation": 0.14211949999995,
        "powerflow_computation": 0.11519690000008609,
        "total": 0.45353230000003464
    },
    "total": 0.6025006999999931
}