{
    "Agent": {
        "total": 0.4748125000105574
    },
    "Env": {
        "apply_act": 0.9439498000024287,
        "observation_computation": 0.29785359999732464,
        "powerflow_computation": 0.24844659999826035,
        "total": 1.4902499999980137
    },
    "total": 2.232147199999872
}