{
    "Agent": {
        "total": 0.038474799832329154
    },
    "Env": {
        "apply_act": 0.13122100033797324,
        "observation_computation": 0.027559299720451236,
        "powerflow_computation": 0.0240318994037807,
        "total": 0.18281219946220517
    },
    "total": 0.24758839991409332
}