{
    "Agent": {
        "total": 0.09139700001105666
    },
    "Env": {
        "apply_act": 0.2476027999073267,
        "observation_computation": 0.0562177998945117,
        "powerflow_computation": 0.04959119996055961,
        "total": 0.353411799762398
    },
    "total": 0.4961938001215458
}