{
    "Agent": {
        "total": 0.02062669862061739
    },
    "Env": {
        "apply_act": 0.05760250007733703,
        "observation_computation": 0.013472200138494372,
        "powerflow_computation": 0.014126001158729196,
        "total": 0.0852007013745606
    },
    "total": 0.1201543000061065
}