{
    "Agent": {
        "total": 0.23516449999874567
    },
    "Env": {
        "apply_act": 0.3090876999979173,
        "observation_computation": 0.11655150000274261,
        "powerflow_computation": 0.10421670000027916,
        "total": 0.5298559000009391
    },
    "total": 0.8798801000000367
}