{
    "Agent": {
        "total": 0.07863730000235591
    },
    "Env": {
        "apply_act": 0.4601223000072423,
        "observation_computation": 0.07651460000261068,
        "powerflow_computation": 0.06728790000215668,
        "total": 0.6039248000120097
    },
    "total": 0.7502182000002904
}