{
    "Agent": {
        "total": 0.23498180182650685
    },
    "Env": {
        "apply_act": 0.44091970124281943,
        "observation_computation": 0.11418449925258756,
        "powerflow_computation": 0.09827690152451396,
        "total": 0.653381102019921
    },
    "total": 1.003828699933365
}