{
    "Agent": {
        "total": 0.11058150045573711
    },
    "Env": {
        "apply_act": 0.2911625965498388,
        "observation_computation": 0.06650139973498881,
        "powerflow_computation": 0.05861260159872472,
        "total": 0.4162765978835523
    },
    "total": 0.5870081000030041
}