{
    "Agent": {
        "total": 0.11021420150063932
    },
    "Env": {
        "apply_act": 0.30548089975491166,
        "observation_computation": 0.07081010029651225,
        "powerflow_computation": 0.061495800502598286,
        "total": 0.4377868005540222
    },
    "total": 0.6127359000965953
}