{
    "Agent": {
        "total": 0.12216870000020208
    },
    "Env": {
        "apply_act": 0.3539458000003606,
        "observation_computation": 0.0625908000004074,
        "powerflow_computation": 0.052993800000876945,
        "total": 0.4695304000016449
    },
    "total": 0.6519276999999875
}