{
    "Agent": {
        "total": 0.02594409987796098
    },
    "Env": {
        "apply_act": 0.22498630045447499,
        "observation_computation": 0.017530299723148346,
        "powerflow_computation": 0.016051400220021605,
        "total": 0.25856800039764494
    },
    "total": 0.3016233000671491
}