{
    "Agent": {
        "total": 0.12761560000069494
    },
    "Env": {
        "apply_act": 0.3196701000003941,
        "observation_computation": 0.08877820000077463,
        "powerflow_computation": 0.07325990000003912,
        "total": 0.48170820000120784
    },
    "total": 0.6884996000000001
}