{
    "Agent": {
        "total": 0.0002805000000023483
    },
    "Env": {
        "apply_act": 0.00343860000003815,
        "observation_computation": 0.002071100000023307,
        "powerflow_computation": 0.0025812000000371427,
        "total": 0.0080909000000986
    },
    "total": 0.010474000000016304
}