{
    "Agent": {
        "total": 0.019137400000431626
    },
    "Env": {
        "apply_act": 0.04276869999966948,
        "observation_computation": 0.00854159999971671,
        "powerflow_computation": 0.008659999999736101,
        "total": 0.05997029999912229
    },
    "total": 0.08775279999997565
}