{
    "Agent": {
        "total": 0.053403299767524004
    },
    "Env": {
        "apply_act": 0.11724890186451375,
        "observation_computation": 0.02663049823604524,
        "powerflow_computation": 0.024092999286949635,
        "total": 0.16797239938750863
    },
    "total": 0.24733240017667413
}