{
    "Agent": {
        "total": 0.04311270045582205
    },
    "Env": {
        "apply_act": 0.13967670092824847,
        "observation_computation": 0.03066350007429719,
        "powerflow_computation": 0.027292899088934064,
        "total": 0.19763310009147972
    },
    "total": 0.27023270004428923
}