{
    "Agent": {
        "total": 0.008410900000058064
    },
    "Env": {
        "apply_act": 0.0258224000001519,
        "observation_computation": 0.004237200000034136,
        "powerflow_computation": 0.003598700000111421,
        "total": 0.03365830000029746
    },
    "total": 0.04797960000007606
}