{
    "Agent": {
        "total": 0.036205900367349386
    },
    "Env": {
        "apply_act": 0.11364419921301305,
        "observation_computation": 0.02592239936348051,
        "powerflow_computation": 0.02268649940378964,
        "total": 0.1622530979802832
    },
    "total": 0.2234908000100404
}