{
    "Agent": {
        "total": 0.1540651000395883
    },
    "Env": {
        "apply_act": 0.438086700218264,
        "observation_computation": 0.061976099968887866,
        "powerflow_computation": 0.052686499897390604,
        "total": 0.5527493000845425
    },
    "total": 0.7648390999820549
}