{
    "Agent": {
        "total": 0.112394300987944
    },
    "Env": {
        "apply_act": 0.3950869985856116,
        "observation_computation": 0.07806700328364968,
        "powerflow_computation": 0.06964039988815784,
        "total": 0.5427944017574191
    },
    "total": 0.731225399998948
}