{
    "Agent": {
        "total": 0.08107400000017151
    },
    "Env": {
        "apply_act": 0.0911263000011786,
        "observation_computation": 0.056829999999536085,
        "powerflow_computation": 0.047786800000721996,
        "total": 0.1957431000014367
    },
    "total": 0.3264817999997831
}