{
    "Agent": {
        "total": 0.08969089999962421
    },
    "Env": {
        "apply_act": 0.9941034999995395,
        "observation_computation": 0.6738470999999322,
        "powerflow_computation": 0.5593924000007462,
        "total": 2.227343000000218
    },
    "total": 2.939159399999994
}