{
    "Agent": {
        "total": 0.006022499999573938
    },
    "Env": {
        "apply_act": 0.07139110000011328,
        "observation_computation": 0.04865639999999871,
        "powerflow_computation": 0.043149300000266066,
        "total": 0.16319680000037806
    },
    "total": 0.21455020000001923
}