{
    "Agent": {
        "total": 0.05927840038202703
    },
    "Env": {
        "apply_act": 0.06504349922761321,
        "observation_computation": 0.03899639961309731,
        "powerflow_computation": 0.03583099995739758,
        "total": 0.1398708987981081
    },
    "total": 0.2342083000112325
}