{
    "Agent": {
        "total": 0.0007219999999961146
    },
    "Env": {
        "apply_act": 0.0,
        "observation_computation": 0.0,
        "powerflow_computation": 0.0,
        "total": 0.0
    },
    "total": 0.001977099999976417
}