{
    "Agent": {
        "total": 0.025393400000126576
    },
    "Env": {
        "apply_act": 0.2811564999999234,
        "observation_computation": 0.20180709999951318,
        "powerflow_computation": 0.17661770000029264,
        "total": 0.6595812999997293
    },
    "total": 0.8738949000000105
}