{
    "Agent": {
        "total": 0.1879312000023674
    },
    "Env": {
        "apply_act": 0.6288498999988406,
        "observation_computation": 0.10421750000296015,
        "powerflow_computation": 0.09060609999960434,
        "total": 0.823673500001405
    },
    "total": 1.1078896999997596
}