{
    "Agent": {
        "total": 0.13598559999763893
    },
    "Env": {
        "apply_act": 0.1559920999982296,
        "observation_computation": 0.09506970000165893,
        "powerflow_computation": 0.0807951000012963,
        "total": 0.33185690000118484
    },
    "total": 0.550882700000102
}