{
    "Agent": {
        "total": 0.00506170000005568
    },
    "Env": {
        "apply_act": 0.056404299999968543,
        "observation_computation": 0.041853700000004324,
        "powerflow_computation": 0.03370629999986363,
        "total": 0.1319642999998365
    },
    "total": 0.17791419999998936
}