{
    "Agent": {
        "total": 0.05787469999955874
    },
    "Env": {
        "apply_act": 0.144440500000087,
        "observation_computation": 0.023529399999517864,
        "powerflow_computation": 0.019658699999865803,
        "total": 0.18762859999947068
    },
    "total": 0.27029869999995526
}