{
    "Agent": {
        "total": 0.4783552987501025
    },
    "Env": {
        "apply_act": 1.6491154996911064,
        "observation_computation": 0.2941417997935787,
        "powerflow_computation": 0.25947589927818626,
        "total": 2.2027331987628713
    },
    "total": 2.9424997000023723
}