{
    "Agent": {
        "total": 0.013433400000394613
    },
    "Env": {
        "apply_act": 0.062103800001295895,
        "observation_computation": 0.01355610000064189,
        "powerflow_computation": 0.011577799998576666,
        "total": 0.08723770000051445
    },
    "total": 0.11465180000004693
}