{
    "Agent": {
        "total": 0.004746199999772216
    },
    "Env": {
        "apply_act": 0.004430999999385676,
        "observation_computation": 0.0020751000001837383,
        "powerflow_computation": 0.002866799999765135,
        "total": 0.00937289999933455
    },
    "total": 0.016565299999911076
}