{
    "Agent": {
        "total": 0.03445119999969393
    },
    "Env": {
        "apply_act": 0.03689879999956247,
        "observation_computation": 0.015924000000381966,
        "powerflow_computation": 0.01998500000001968,
        "total": 0.07280779999996412
    },
    "total": 0.12431870000000345
}