{
    "Agent": {
        "total": 0.01776259999985541
    },
    "Env": {
        "apply_act": 0.19309219999928473,
        "observation_computation": 0.14303079999882584,
        "powerflow_computation": 0.11580929999934142,
        "total": 0.451932299997452
    },
    "total": 0.6024605999999721
}