{
    "Agent": {
        "total": 0.00520540000012204
    },
    "Env": {
        "apply_act": 0.0609460000000297,
        "observation_computation": 0.04194970000013143,
        "powerflow_computation": 0.03535369999983118,
        "total": 0.1382493999999923
    },
    "total": 0.18441830000000436
}