{
    "Agent": {
        "total": 0.0042122999439015985
    },
    "Env": {
        "apply_act": 0.009815500117838383,
        "observation_computation": 0.0018075000261887908,
        "powerflow_computation": 0.0025109999114647508,
        "total": 0.014134000055491924
    },
    "total": 0.020323600037954748
}