{
    "Agent": {
        "total": 0.0007403000490739942
    },
    "Env": {
        "apply_act": 0.0,
        "observation_computation": 0.0,
        "powerflow_computation": 0.0,
        "total": 0.0
    },
    "total": 0.00184299994725734
}