{
    "Agent": {
        "total": 0.32863919994269963
    },
    "Env": {
        "apply_act": 1.903282200000831,
        "observation_computation": 0.3080899999476969,
        "powerflow_computation": 0.27402380024432205,
        "total": 2.48539600019285
    },
    "total": 3.0850306000065757
}