{
    "Agent": {
        "total": 0.07276719999987336
    },
    "Env": {
        "apply_act": 0.27708879999988767,
        "observation_computation": 0.031782300000429586,
        "powerflow_computation": 0.026683200000263696,
        "total": 0.33555430000058095
    },
    "total": 0.43974459999998317
}