{
    "Agent": {
        "total": 0.36642060000349375
    },
    "Env": {
        "apply_act": 0.44549350000283994,
        "observation_computation": 0.23062990000221362,
        "powerflow_computation": 0.2125852000001487,
        "total": 0.8887086000052022
    },
    "total": 1.4567856999999549
}