{
    "Agent": {
        "total": 0.5348479998719995
    },
    "Env": {
        "apply_act": 1.4849120001526899,
        "observation_computation": 0.26205870002740994,
        "powerflow_computation": 0.22849940013838932,
        "total": 1.9754701003184891
    },
    "total": 2.76754030000302
}