{
    "Agent": {
        "total": 0.33102590000112286
    },
    "Env": {
        "apply_act": 0.3503903999992417,
        "observation_computation": 0.21807239999839112,
        "powerflow_computation": 0.1788369000023522,
        "total": 0.747299699999985
    },
    "total": 1.2707335000000057
}