{
    "Agent": {
        "total": 0.6677153995260596
    },
    "Env": {
        "apply_act": 1.4666751000331715,
        "observation_computation": 0.2615229002549313,
        "powerflow_computation": 0.24212239950429648,
        "total": 1.9703203997923993
    },
    "total": 2.892663100035861
}