{
    "Agent": {
        "total": 0.014277899999925125
    },
    "Env": {
        "apply_act": 0.1550571999999164,
        "observation_computation": 0.11540400000001227,
        "powerflow_computation": 0.0910348999998547,
        "total": 0.3614960999997834
    },
    "total": 0.48667879999999286
}