{
    "Agent": {
        "total": 0.06508810038212687
    },
    "Env": {
        "apply_act": 0.1367253001080826,
        "observation_computation": 0.026485099573619664,
        "powerflow_computation": 0.02373399934731424,
        "total": 0.1869443990290165
    },
    "total": 0.2787290000123903
}