{
    "Agent": {
        "total": 0.02219370000022991
    },
    "Env": {
        "apply_act": 0.05058360000009543,
        "observation_computation": 0.011601799999994,
        "powerflow_computation": 0.011928399999874273,
        "total": 0.0741137999999637
    },
    "total": 0.10748360000002322
}