{
    "Agent": {
        "total": 0.16515840194188058
    },
    "Env": {
        "apply_act": 0.45293379947543144,
        "observation_computation": 0.10121910157613456,
        "powerflow_computation": 0.09335049823857844,
        "total": 0.6475033992901444
    },
    "total": 0.9023196999914944
}