{
    "Agent": {
        "total": 0.012555300000009595
    },
    "Env": {
        "apply_act": 0.14626790000003176,
        "observation_computation": 0.1030308000000204,
        "powerflow_computation": 0.09025459999999974,
        "total": 0.3395533000000519
    },
    "total": 0.4481324999999998
}