{
    "Agent": {
        "total": 0.08092480000095748
    },
    "Env": {
        "apply_act": 0.8906895999990638,
        "observation_computation": 0.6041392000005885,
        "powerflow_computation": 0.4939352999995208,
        "total": 1.9887640999991731
    },
    "total": 2.637100499999974
}