{
    "Agent": {
        "total": 0.11818369999969036
    },
    "Env": {
        "apply_act": 0.28715469999929155,
        "observation_computation": 0.04455649999931666,
        "powerflow_computation": 0.03762400000141497,
        "total": 0.3693352000000232
    },
    "total": 0.5302142000000458
}