{
    "Agent": {
        "total": 0.05978569982107729
    },
    "Env": {
        "apply_act": 0.1507738996297121,
        "observation_computation": 0.03511300031095743,
        "powerflow_computation": 0.03001079964451492,
        "total": 0.21589769958518445
    },
    "total": 0.30722810002043843
}