{
    "Agent": {
        "total": 0.11462109920103103
    },
    "Env": {
        "apply_act": 0.55820979969576,
        "observation_computation": 0.06826789933256805,
        "powerflow_computation": 0.0630235995631665,
        "total": 0.6895012985914946
    },
    "total": 0.8670001999707893
}