{
    "Agent": {
        "total": 0.04720930033363402
    },
    "Env": {
        "apply_act": 0.09708389872685075,
        "observation_computation": 0.021232000552117825,
        "powerflow_computation": 0.018568000523373485,
        "total": 0.13688389980234206
    },
    "total": 0.204925199970603
}