{
    "Agent": {
        "total": 0.1076057986356318
    },
    "Env": {
        "apply_act": 0.4010226984973997,
        "observation_computation": 0.07943129853811115,
        "powerflow_computation": 0.0669670004863292,
        "total": 0.54742099752184
    },
    "total": 0.7310511999530718
}