{
    "Agent": {
        "total": 0.07370940000191695
    },
    "Env": {
        "apply_act": 0.26682000000118933,
        "observation_computation": 0.04292399999985719,
        "powerflow_computation": 0.037376499997662904,
        "total": 0.3471204999987094
    },
    "total": 0.46092559999988225
}