{
    "Agent": {
        "total": 1.0867406999998366
    },
    "Env": {
        "apply_act": 1.0689216999942346,
        "observation_computation": 0.4388467999929162,
        "powerflow_computation": 0.40090269999814154,
        "total": 1.9086711999852923
    },
    "total": 3.4125133000000005
}