{
    "Agent": {
        "total": 0.03466229944024235
    },
    "Env": {
        "apply_act": 0.08115750004071742,
        "observation_computation": 0.016203500446863472,
        "powerflow_computation": 0.01351039984729141,
        "total": 0.1108714003348723
    },
    "total": 0.1619441999355331
}