{
    "Agent": {
        "total": 0.048779099830426276
    },
    "Env": {
        "apply_act": 0.14582530118059367,
        "observation_computation": 0.022609700681641698,
        "powerflow_computation": 0.023176999646238983,
        "total": 0.19161200150847435
    },
    "total": 0.26331730000674725
}