{
    "Agent": {
        "total": 0.006612999999845215
    },
    "Env": {
        "apply_act": 0.0721121000000835,
        "observation_computation": 0.04987459999995281,
        "powerflow_computation": 0.042425000000037016,
        "total": 0.16441170000007332
    },
    "total": 0.21627379999995355
}