{
    "Agent": {
        "total": 0.0748470000000907
    },
    "Env": {
        "apply_act": 0.18984919999991234,
        "observation_computation": 0.03103700000133358,
        "powerflow_computation": 0.03164059999994606,
        "total": 0.252526800001192
    },
    "total": 0.3588644999999815
}