{
    "Agent": {
        "total": 0.02983280038461089
    },
    "Env": {
        "apply_act": 0.027040299493819475,
        "observation_computation": 0.013531800359487534,
        "powerflow_computation": 0.012319800443947315,
        "total": 0.052891900297254324
    },
    "total": 0.09596669999882579
}