{
    "Agent": {
        "total": 0.48043739999775426
    },
    "Env": {
        "apply_act": 1.0670083000004524,
        "observation_computation": 0.18895759999577422,
        "powerflow_computation": 0.18623200000092766,
        "total": 1.4421978999971543
    },
    "total": 2.081196899999668
}