{
    "Agent": {
        "total": 0.031150700990110636
    },
    "Env": {
        "apply_act": 0.05709050013683736,
        "observation_computation": 0.014745198655873537,
        "powerflow_computation": 0.012746200198307633,
        "total": 0.08458189899101853
    },
    "total": 0.13035749993287027
}