{
    "Agent": {
        "total": 0.6426676010014489
    },
    "Env": {
        "apply_act": 2.1353765005478635,
        "observation_computation": 0.40696030121762305,
        "powerflow_computation": 0.3795485011069104,
        "total": 2.921885302872397
    },
    "total": 3.928814999992028
}