{
    "Agent": {
        "total": 0.016291000000364875
    },
    "Env": {
        "apply_act": 0.18861909999952786,
        "observation_computation": 0.13328040000021701,
        "powerflow_computation": 0.11899189999971327,
        "total": 0.44089139999945814
    },
    "total": 0.5825801000000013
}