{
    "Agent": {
        "total": 0.21508739970158786
    },
    "Env": {
        "apply_act": 0.799159501271788,
        "observation_computation": 0.19333630066830665,
        "powerflow_computation": 0.1643648011959158,
        "total": 1.1568606031360105
    },
    "total": 1.5424797000014223
}