{
    "Agent": {
        "total": 0.054527202155441046
    },
    "Env": {
        "apply_act": 0.17008280148729682,
        "observation_computation": 0.04153789998963475,
        "powerflow_computation": 0.035452898824587464,
        "total": 0.24707360030151904
    },
    "total": 0.3407217999920249
}