{
    "Agent": {
        "total": 0.07006070000011277
    },
    "Env": {
        "apply_act": 0.16500799999994342,
        "observation_computation": 0.028333699999791406,
        "powerflow_computation": 0.02408309999981384,
        "total": 0.21742479999954867
    },
    "total": 0.3164992999999754
}