{
    "Agent": {
        "total": 0.4501012971159071
    },
    "Env": {
        "apply_act": 0.47493830346502364,
        "observation_computation": 0.23866740171797574,
        "powerflow_computation": 0.21252949885092676,
        "total": 0.9261352040339261
    },
    "total": 1.5992520002182573
}