{
    "Agent": {
        "total": 0.29000069899484515
    },
    "Env": {
        "apply_act": 0.9978359011001885,
        "observation_computation": 0.1863125003874302,
        "powerflow_computation": 0.1682278010994196,
        "total": 1.3523762025870383
    },
    "total": 1.8087529999902472
}