{
    "Agent": {
        "total": 0.13999200000080236
    },
    "Env": {
        "apply_act": 0.5083697999994001,
        "observation_computation": 0.10813320000397653,
        "powerflow_computation": 0.09670359999518041,
        "total": 0.7132065999985571
    },
    "total": 0.9506194999999025
}