{
    "Agent": {
        "total": 0.0016181999999957952
    },
    "Env": {
        "apply_act": 0.01831010000000788,
        "observation_computation": 0.012614400000046544,
        "powerflow_computation": 0.01145489999998972,
        "total": 0.04237940000004414
    },
    "total": 0.05630999999999631
}