{
    "Agent": {
        "total": 0.10735209999995732
    },
    "Env": {
        "apply_act": 0.31661979999978485,
        "observation_computation": 0.05582779999951981,
        "powerflow_computation": 0.04680239999947844,
        "total": 0.4192499999987831
    },
    "total": 0.5799931999999899
}