{
    "Agent": {
        "total": 0.09461579995695502
    },
    "Env": {
        "apply_act": 0.20987390005029738,
        "observation_computation": 0.03764200070872903,
        "powerflow_computation": 0.03434420027770102,
        "total": 0.28186010103672743
    },
    "total": 0.4135271000559442
}