{
    "Agent": {
        "total": 0.3135521998920012
    },
    "Env": {
        "apply_act": 0.9679765000910265,
        "observation_computation": 0.15704429992911173,
        "powerflow_computation": 0.14682409993110923,
        "total": 1.2718448999512475
    },
    "total": 1.739487699996971
}