{
    "Agent": {
        "total": 0.13817570000014712
    },
    "Env": {
        "apply_act": 0.40755610000076103,
        "observation_computation": 0.07227230000034979,
        "powerflow_computation": 0.06097050000039417,
        "total": 0.540798900001505
    },
    "total": 0.748624800000016
}