{
    "Agent": {
        "total": 0.0473954999979469
    },
    "Env": {
        "apply_act": 0.16508120000116833,
        "observation_computation": 0.02730570000312582,
        "powerflow_computation": 0.023797999999260355,
        "total": 0.2161849000035545
    },
    "total": 0.28910439999981463
}