{
    "Agent": {
        "total": 0.053622499988705385
    },
    "Env": {
        "apply_act": 0.14578520004579332,
        "observation_computation": 0.02707569998165127,
        "powerflow_computation": 0.028727500059176236,
        "total": 0.20158840008662082
    },
    "total": 0.28278299999510637
}