{
    "Agent": {
        "total": 0.04516049998346716
    },
    "Env": {
        "apply_act": 0.18709260050673038,
        "observation_computation": 0.03534929966554046,
        "powerflow_computation": 0.029794499627314508,
        "total": 0.25223639979958534
    },
    "total": 0.3307377001037821
}