{
    "Agent": {
        "total": 0.09355610000102388
    },
    "Env": {
        "apply_act": 0.5884994000020924,
        "observation_computation": 0.09529179999844928,
        "powerflow_computation": 0.083992700005183,
        "total": 0.7677839000057247
    },
    "total": 0.9448471999999128
}