{
    "Agent": {
        "total": 0.0068434000001218465
    },
    "Env": {
        "apply_act": 0.07464040000027694,
        "observation_computation": 0.04901389999989192,
        "powerflow_computation": 0.042945899999921266,
        "total": 0.16660020000009013
    },
    "total": 0.21943450000000553
}