{
    "Agent": {
        "total": 0.48803729999872303
    },
    "Env": {
        "apply_act": 0.571094799998491,
        "observation_computation": 0.24272210000026462,
        "powerflow_computation": 0.20835770000212506,
        "total": 1.0221746000008807
    },
    "total": 1.7439687999999478
}