{
    "Agent": {
        "total": 0.009842799743637443
    },
    "Env": {
        "apply_act": 0.035395000129938126,
        "observation_computation": 0.006318300147540867,
        "powerflow_computation": 0.007521900231949985,
        "total": 0.04923520050942898
    },
    "total": 0.06537990004289895
}