{
    "Agent": {
        "total": 0.031976900000131536
    },
    "Env": {
        "apply_act": 0.04808179999963613,
        "observation_computation": 0.010910000000194486,
        "powerflow_computation": 0.008510100000194143,
        "total": 0.06750190000002476
    },
    "total": 0.1125241999999389
}