{
    "Agent": {
        "total": 0.05593240004964173
    },
    "Env": {
        "apply_act": 0.11741090030409396,
        "observation_computation": 0.022090699756518006,
        "powerflow_computation": 0.019041799823753536,
        "total": 0.1585433998843655
    },
    "total": 0.23678599996492267
}