{
    "Agent": {
        "total": 0.0073812000919133425
    },
    "Env": {
        "apply_act": 0.017275599995628,
        "observation_computation": 0.003429299918934703,
        "powerflow_computation": 0.0035204992163926363,
        "total": 0.02422539913095534
    },
    "total": 0.035162199987098575
}