{
    "Agent": {
        "total": 0.5749694999249186
    },
    "Env": {
        "apply_act": 0.12370489991735667,
        "observation_computation": 0.0476567002478987,
        "powerflow_computation": 0.046844800031976774,
        "total": 0.21820640019723214
    },
    "total": 0.8477434999949764
}