{
    "Agent": {
        "total": 0.401410600000645
    },
    "Env": {
        "apply_act": 0.1855108999982349,
        "observation_computation": 0.1032161000001679,
        "powerflow_computation": 0.09771250000062537,
        "total": 0.38643949999902816
    },
    "total": 0.8856931999999915
}