{
    "Agent": {
        "total": 0.007073299999774463
    },
    "Env": {
        "apply_act": 0.02274390000047788,
        "observation_computation": 0.004633199999034332,
        "powerflow_computation": 0.005188600000792576,
        "total": 0.03256570000030479
    },
    "total": 0.04448230000002695
}