{
    "Agent": {
        "total": 0.0033206999999322306
    },
    "Env": {
        "apply_act": 0.03695149999995806,
        "observation_computation": 0.1475702000000183,
        "powerflow_computation": 0.02283060000002024,
        "total": 0.2073522999999966
    },
    "total": 0.2357601999999872
}