{
    "Agent": {
        "total": 0.040852000238373876
    },
    "Env": {
        "apply_act": 0.10942039894871414,
        "observation_computation": 0.029256400419399142,
        "powerflow_computation": 0.027535799657925963,
        "total": 0.16621259902603924
    },
    "total": 0.2347707999870181
}