{
    "Agent": {
        "total": 0.30712859999880493
    },
    "Env": {
        "apply_act": 0.3751692000014373,
        "observation_computation": 0.20082590000060918,
        "powerflow_computation": 0.16626969999924768,
        "total": 0.7422648000012941
    },
    "total": 1.2261869999999817
}