{
    "Agent": {
        "total": 0.2973015000020496
    },
    "Env": {
        "apply_act": 0.304236200000787,
        "observation_computation": 0.18911760000037248,
        "powerflow_computation": 0.15767000000164444,
        "total": 0.6510238000028039
    },
    "total": 1.1187135000000126
}