{
    "Agent": {
        "total": 0.09406249999528882
    },
    "Env": {
        "apply_act": 0.40009529999861115,
        "observation_computation": 0.09431130000302801,
        "powerflow_computation": 0.08856360000254426,
        "total": 0.5829702000041834
    },
    "total": 0.7598139000001538
}