{
    "Agent": {
        "total": 0.0248061000013422
    },
    "Env": {
        "apply_act": 0.07288440000002083,
        "observation_computation": 0.01737599999955819,
        "powerflow_computation": 0.015158799999881012,
        "total": 0.10541919999946003
    },
    "total": 0.1475909999999203
}