{
    "Agent": {
        "total": 0.04320820141583681
    },
    "Env": {
        "apply_act": 0.12605730060022324,
        "observation_computation": 0.03050449932925403,
        "powerflow_computation": 0.02721710072364658,
        "total": 0.18377890065312386
    },
    "total": 0.2576491000363603
}