{
    "Agent": {
        "total": 0.006149399559944868
    },
    "Env": {
        "apply_act": 0.013910300564020872,
        "observation_computation": 0.002853600075468421,
        "powerflow_computation": 0.0030112999957054853,
        "total": 0.01977520063519478
    },
    "total": 0.028951100073754787
}