{
    "Agent": {
        "total": 0.338018500000544
    },
    "Env": {
        "apply_act": 1.0602355999992596,
        "observation_computation": 0.1789130000007617,
        "powerflow_computation": 0.15143029999978808,
        "total": 1.3905788999998094
    },
    "total": 1.8956109000000652
}