{
    "Agent": {
        "total": 0.6951461999969979
    },
    "Env": {
        "apply_act": 1.0067598000014186,
        "observation_computation": 0.454700999996021,
        "powerflow_computation": 0.3874902000011389,
        "total": 1.8489509999985785
    },
    "total": 2.9495844999996734
}