{
    "Agent": {
        "total": 0.019810000085271895
    },
    "Env": {
        "apply_act": 0.06405459996312857,
        "observation_computation": 0.009379099705256522,
        "powerflow_computation": 0.008563400129787624,
        "total": 0.08199709979817271
    },
    "total": 0.11084790003951639
}