{
    "Agent": {
        "total": 0.004836599999862301
    },
    "Env": {
        "apply_act": 0.011449099999822465,
        "observation_computation": 0.0021369000002096072,
        "powerflow_computation": 0.0018049000000246451,
        "total": 0.015390900000056718
    },
    "total": 0.024619099999995342
}