{
    "Agent": {
        "total": 0.10873550130054355
    },
    "Env": {
        "apply_act": 0.35039730463176966,
        "observation_computation": 0.08223789907060564,
        "powerflow_computation": 0.072305996902287,
        "total": 0.5049412006046623
    },
    "total": 0.691465700045228
}