{
    "Agent": {
        "total": 0.058914000000640954
    },
    "Env": {
        "apply_act": 0.2200935000046229,
        "observation_computation": 0.03425490000199716,
        "powerflow_computation": 0.029723600001489103,
        "total": 0.28407200000810917
    },
    "total": 0.37511350000022503
}