{
    "Agent": {
        "total": 0.00220579999961501
    },
    "Env": {
        "apply_act": 0.029633199999864246,
        "observation_computation": 0.01891790000013316,
        "powerflow_computation": 0.018616500000405267,
        "total": 0.06716760000040267
    },
    "total": 0.08763019999997823
}