{
    "Agent": {
        "total": 0.04373539999892273
    },
    "Env": {
        "apply_act": 0.03261289999954897,
        "observation_computation": 0.019001899999238958,
        "powerflow_computation": 0.017718900000318172,
        "total": 0.0693336999991061
    },
    "total": 0.1330155000000559
}