{
    "Agent": {
        "total": 0.0725847000721842
    },
    "Env": {
        "apply_act": 0.20073989930097014,
        "observation_computation": 0.03494789975229651,
        "powerflow_computation": 0.031733800075016916,
        "total": 0.26742159912828356
    },
    "total": 0.3734833999769762
}