{
    "Agent": {
        "total": 0.06618340080603957
    },
    "Env": {
        "apply_act": 0.12841910007409751,
        "observation_computation": 0.024898200412280858,
        "powerflow_computation": 0.02092130051460117,
        "total": 0.17423860100097954
    },
    "total": 0.26582220010459423
}