{
    "Agent": {
        "total": 0.00559699977748096
    },
    "Env": {
        "apply_act": 0.013023700332269073,
        "observation_computation": 0.002606600057333708,
        "powerflow_computation": 0.0027355002239346504,
        "total": 0.01836580061353743
    },
    "total": 0.026653500040993094
}