{
    "Agent": {
        "total": 0.05061439999974482
    },
    "Env": {
        "apply_act": 0.050435100000299826,
        "observation_computation": 0.023677499999848806,
        "powerflow_computation": 0.018114600000103565,
        "total": 0.0922272000002522
    },
    "total": 0.16527780000001258
}