{
    "Agent": {
        "total": 0.39144690067041665
    },
    "Env": {
        "apply_act": 1.5933353001601063,
        "observation_computation": 0.3587679991032928,
        "powerflow_computation": 0.3043672983185388,
        "total": 2.256470597581938
    },
    "total": 2.961496800009627
}