{
    "Agent": {
        "total": 0.11866550004924648
    },
    "Env": {
        "apply_act": 0.02701710001565516,
        "observation_computation": 0.009595600015018135,
        "powerflow_computation": 0.01112690000445582,
        "total": 0.047739600035129115
    },
    "total": 0.17710939998505637
}