{
    "Agent": {
        "total": 0.07468929999959073
    },
    "Env": {
        "apply_act": 0.156415599999832,
        "observation_computation": 0.03560780000111663,
        "powerflow_computation": 0.03196320000029118,
        "total": 0.22398660000123982
    },
    "total": 0.33212249999996857
}