{
    "Agent": {
        "total": 0.0008073000000194952
    },
    "Env": {
        "apply_act": 0.008801700000077517,
        "observation_computation": 0.006045600000021523,
        "powerflow_computation": 0.0056721000000834465,
        "total": 0.020519400000182486
    },
    "total": 0.027176299999979392
}