{
    "Agent": {
        "total": 0.0685007999996401
    },
    "Env": {
        "apply_act": 0.1838409999999726,
        "observation_computation": 0.03461700000025303,
        "powerflow_computation": 0.028763899999944442,
        "total": 0.24722190000017008
    },
    "total": 0.34988559999999325
}