{
    "Agent": {
        "total": 0.022114999999757856
    },
    "Env": {
        "apply_act": 0.004887899965979159,
        "observation_computation": 0.0014666000206489116,
        "powerflow_computation": 0.00197199999820441,
        "total": 0.00832649998483248
    },
    "total": 0.03254059999017045
}