{
    "Agent": {
        "total": 0.16327909822575748
    },
    "Env": {
        "apply_act": 0.5769021010491997,
        "observation_computation": 0.11386059946380556,
        "powerflow_computation": 0.09920659870840609,
        "total": 0.7899692992214113
    },
    "total": 1.0602631999645382
}