{
    "Agent": {
        "total": 0.006483499999944797
    },
    "Env": {
        "apply_act": 0.07118470000000343,
        "observation_computation": 0.050912799999821345,
        "powerflow_computation": 0.04249710000041773,
        "total": 0.1645946000002425
    },
    "total": 0.21951720000001274
}