{
    "Agent": {
        "total": 0.03713440150022507
    },
    "Env": {
        "apply_act": 0.09942200011573732,
        "observation_computation": 0.01669730176217854,
        "powerflow_computation": 0.014172999886795878,
        "total": 0.13029230176471174
    },
    "total": 0.18426719983108342
}