{
    "Agent": {
        "total": 0.24353639999992538
    },
    "Env": {
        "apply_act": 0.8278605999996671,
        "observation_computation": 0.1289949999994633,
        "powerflow_computation": 0.11375280000004295,
        "total": 1.0706083999991733
    },
    "total": 1.436583300000052
}