{
    "Agent": {
        "total": 0.1814146000015171
    },
    "Env": {
        "apply_act": 0.4709345000023859,
        "observation_computation": 0.07626989999835132,
        "powerflow_computation": 0.06749869999748626,
        "total": 0.6147030999982235
    },
    "total": 0.871863299999859
}