{
    "Agent": {
        "total": 0.10543700022390112
    },
    "Env": {
        "apply_act": 0.41335869970498607,
        "observation_computation": 0.06289190019015223,
        "powerflow_computation": 0.060362700052792206,
        "total": 0.5366132999479305
    },
    "total": 0.70127119999961
}