{
    "Agent": {
        "total": 0.03308650000076341
    },
    "Env": {
        "apply_act": 0.060427800000184106,
        "observation_computation": 0.013051199999949858,
        "powerflow_computation": 0.012965100000201346,
        "total": 0.08644410000033531
    },
    "total": 0.13169029999994564
}