{
    "Agent": {
        "total": 0.24868140008766204
    },
    "Env": {
        "apply_act": 0.6559456000104547,
        "observation_computation": 0.11016669977107085,
        "powerflow_computation": 0.10601179956574924,
        "total": 0.8721240993472748
    },
    "total": 1.2279841999989003
}