{
    "Agent": {
        "total": 0.022305499762296677
    },
    "Env": {
        "apply_act": 0.04273470025509596,
        "observation_computation": 0.01034219958819449,
        "powerflow_computation": 0.010445700492709875,
        "total": 0.06352260033600032
    },
    "total": 0.095946199959144
}