{
    "Agent": {
        "total": 0.4858302993234247
    },
    "Env": {
        "apply_act": 0.5910344999283552,
        "observation_computation": 0.36005419958382845,
        "powerflow_computation": 0.21103660110384226,
        "total": 1.162125300616026
    },
    "total": 1.8691801999229938
}