{
    "Agent": {
        "total": 0.06243110040668398
    },
    "Env": {
        "apply_act": 0.18259510002098978,
        "observation_computation": 0.028245899477042258,
        "powerflow_computation": 0.024724100017920136,
        "total": 0.23556509951595217
    },
    "total": 0.32699039997532964
}