{
    "Agent": {
        "total": 0.09536800003843382
    },
    "Env": {
        "apply_act": 0.26380439993954496,
        "observation_computation": 0.04664880003838334,
        "powerflow_computation": 0.04231690005690325,
        "total": 0.35277010003483156
    },
    "total": 0.4931222000013804
}