{
    "Agent": {
        "total": 0.02374829999963879
    },
    "Env": {
        "apply_act": 0.27141890000012836,
        "observation_computation": 0.20504000000011047,
        "powerflow_computation": 0.17209079999987864,
        "total": 0.6485497000001175
    },
    "total": 0.8604737999999941
}