{
    "Agent": {
        "total": 0.06900810000070123
    },
    "Env": {
        "apply_act": 0.23918630000207486,
        "observation_computation": 0.03947050000169838,
        "powerflow_computation": 0.033296900000095775,
        "total": 0.311953700003869
    },
    "total": 0.419506299999739
}