{
    "Agent": {
        "total": 0.06530609999992976
    },
    "Env": {
        "apply_act": 0.20521139999948446,
        "observation_computation": 0.03510219999952824,
        "powerflow_computation": 0.033815599999456936,
        "total": 0.27412919999846963
    },
    "total": 0.3727284999999938
}