{
    "Agent": {
        "total": 0.5153610000852495
    },
    "Env": {
        "apply_act": 0.107910200022161,
        "observation_computation": 0.043984999880194664,
        "powerflow_computation": 0.04305999993812293,
        "total": 0.1949551998404786
    },
    "total": 0.7566290000104345
}