{
    "Agent": {
        "total": 0.01997549999998327
    },
    "Env": {
        "apply_act": 0.2282428000000003,
        "observation_computation": 0.14779519999996538,
        "powerflow_computation": 0.13251180000002094,
        "total": 0.5085497999999866
    },
    "total": 0.6651823999999991
}