{
    "Agent": {
        "total": 0.1588576000285684
    },
    "Env": {
        "apply_act": 0.44090870008949423,
        "observation_computation": 0.07719010003347648,
        "powerflow_computation": 0.06721549994836096,
        "total": 0.5853143000713317
    },
    "total": 0.8200060999952257
}