{
    "Agent": {
        "total": 0.043252199999017193
    },
    "Env": {
        "apply_act": 0.470533700001738,
        "observation_computation": 0.3244524000002684,
        "powerflow_computation": 0.25811789999914936,
        "total": 1.0531040000011558
    },
    "total": 1.3901644000000033
}