{
    "Agent": {
        "total": 0.18843759957235307
    },
    "Env": {
        "apply_act": 0.4929658994078636,
        "observation_computation": 0.08301780128385872,
        "powerflow_computation": 0.07464139920193702,
        "total": 0.6506250998936594
    },
    "total": 0.9192560999654233
}