{
    "Agent": {
        "total": 0.058024000000500564
    },
    "Env": {
        "apply_act": 0.06474659999958021,
        "observation_computation": 0.03890639999963241,
        "powerflow_computation": 0.0330596000001151,
        "total": 0.13671259999932772
    },
    "total": 0.22938289999990502
}