{
    "Agent": {
        "total": 0.28823310718871653
    },
    "Env": {
        "apply_act": 0.3992288999725133,
        "observation_computation": 0.1493156033102423,
        "powerflow_computation": 0.14455740130506456,
        "total": 0.6931019045878202
    },
    "total": 1.1224314998835325
}