{
    "Agent": {
        "total": 0.13538179959869012
    },
    "Env": {
        "apply_act": 0.332575300039025,
        "observation_computation": 0.06262599996989593,
        "powerflow_computation": 0.05338820014731027,
        "total": 0.4485895001562312
    },
    "total": 0.6443301000108477
}