{
    "Agent": {
        "total": 0.005457400000068446
    },
    "Env": {
        "apply_act": 0.01870930000006865,
        "observation_computation": 0.002538699999945493,
        "powerflow_computation": 0.002192899999840847,
        "total": 0.02344089999985499
    },
    "total": 0.033246500000018386
}