{
    "Agent": {
        "total": 0.14108919999989666
    },
    "Env": {
        "apply_act": 0.18604080000091017,
        "observation_computation": 0.09346389999836902,
        "powerflow_computation": 0.07724309999889556,
        "total": 0.35674779999817474
    },
    "total": 0.5785379999999805
}