{
    "Agent": {
        "total": 0.026908900472335517
    },
    "Env": {
        "apply_act": 0.054528700769878924,
        "observation_computation": 0.013555899844504893,
        "powerflow_computation": 0.012468199944123626,
        "total": 0.08055280055850744
    },
    "total": 0.12050639989320189
}