{
    "Agent": {
        "total": 0.18659000000116066
    },
    "Env": {
        "apply_act": 0.3556211000000076,
        "observation_computation": 0.09676569999919593,
        "powerflow_computation": 0.0767819999969106,
        "total": 0.5291687999961141
    },
    "total": 0.7976825999999164
}