{
    "Agent": {
        "total": 0.32361320045311004
    },
    "Env": {
        "apply_act": 1.0158311988343485,
        "observation_computation": 0.12734400015324354,
        "powerflow_computation": 0.11465430015232414,
        "total": 1.2578294991399162
    },
    "total": 1.7106689999927767
}