{
    "Agent": {
        "total": 0.00030929999998363655
    },
    "Env": {
        "apply_act": 0.0036498999999849957,
        "observation_computation": 0.0017694999999804395,
        "powerflow_computation": 0.002158100000016816,
        "total": 0.007577499999982251
    },
    "total": 0.010111899999998286
}