{
    "Agent": {
        "total": 0.09576779790222645
    },
    "Env": {
        "apply_act": 0.6209978994447738,
        "observation_computation": 0.0712329011876136,
        "powerflow_computation": 0.06655670260079205,
        "total": 0.7587875032331795
    },
    "total": 0.9228880999144167
}