{
    "Agent": {
        "total": 0.105643798597157
    },
    "Env": {
        "apply_act": 0.26779440022073686,
        "observation_computation": 0.060900299809873104,
        "powerflow_computation": 0.053879802813753486,
        "total": 0.38257450284436345
    },
    "total": 0.542482600081712
}