{
    "Agent": {
        "total": 0.001173399999998992
    },
    "Env": {
        "apply_act": 0.012964999999937277,
        "observation_computation": 0.009254199999972457,
        "powerflow_computation": 0.008118299999907208,
        "total": 0.03033749999981694
    },
    "total": 0.04047269999999514
}