{
    "Agent": {
        "total": 0.07828399999982594
    },
    "Env": {
        "apply_act": 0.1609510999999202,
        "observation_computation": 0.02890209999986837,
        "powerflow_computation": 0.025825999999597116,
        "total": 0.21567919999938567
    },
    "total": 0.3253751000000875
}