{
    "Agent": {
        "total": 0.23261319999983243
    },
    "Env": {
        "apply_act": 0.5837029000131224,
        "observation_computation": 0.12202910000542033,
        "powerflow_computation": 0.13488500000312342,
        "total": 0.8406170000216662
    },
    "total": 1.1880887999996048
}