{
    "Agent": {
        "total": 0.018424200000481505
    },
    "Env": {
        "apply_act": 0.06425019999915094,
        "observation_computation": 0.00908779999917897,
        "powerflow_computation": 0.008001099998182326,
        "total": 0.08133909999651223
    },
    "total": 0.10853929999984757
}