{
    "Agent": {
        "total": 0.044557200000056696
    },
    "Env": {
        "apply_act": 0.4874823000001953,
        "observation_computation": 0.32850380000016344,
        "powerflow_computation": 0.2785071000000414,
        "total": 1.0944932000004002
    },
    "total": 1.4448969999999974
}