{
    "Agent": {
        "total": 0.22518339999987802
    },
    "Env": {
        "apply_act": 0.41937829999824316,
        "observation_computation": 0.06858000000283937,
        "powerflow_computation": 0.0642002999993565,
        "total": 0.552158600000439
    },
    "total": 0.8427403999999115
}