{
    "Agent": {
        "total": 0.12004900007741526
    },
    "Env": {
        "apply_act": 0.2918644997407682,
        "observation_computation": 0.05522390024270862,
        "powerflow_computation": 0.04638350018649362,
        "total": 0.39347190016997047
    },
    "total": 0.5685576999967452
}