{
    "Agent": {
        "total": 0.1809656996629201
    },
    "Env": {
        "apply_act": 0.6645119998429436,
        "observation_computation": 0.09223410001141019,
        "powerflow_computation": 0.08224089999566786,
        "total": 0.8389869998500217
    },
    "total": 1.1036396000126842
}