{
    "Agent": {
        "total": 0.005448599999880344
    },
    "Env": {
        "apply_act": 0.06010300000016855,
        "observation_computation": 0.04366719999975999,
        "powerflow_computation": 0.039062800000067455,
        "total": 0.142832999999996
    },
    "total": 0.1894181000000117
}