{
    "Agent": {
        "total": 0.117003600001226
    },
    "Env": {
        "apply_act": 0.48455760000092596,
        "observation_computation": 0.08084989999701975,
        "powerflow_computation": 0.07423569999878055,
        "total": 0.6396431999967263
    },
    "total": 0.836693299999979
}