{
    "Agent": {
        "total": 0.03685189923271537
    },
    "Env": {
        "apply_act": 0.09556890011299402,
        "observation_computation": 0.02128090022597462,
        "powerflow_computation": 0.01898909965530038,
        "total": 0.135838899994269
    },
    "total": 0.1918051999527961
}