{
    "Agent": {
        "total": 0.07617370000070878
    },
    "Env": {
        "apply_act": 0.24701719999939087,
        "observation_computation": 0.0408445999973992,
        "powerflow_computation": 0.03637559999788209,
        "total": 0.32423739999467216
    },
    "total": 0.4381058000003577
}