{
    "Agent": {
        "total": 0.1206133000086993
    },
    "Env": {
        "apply_act": 0.3342982999747619,
        "observation_computation": 0.05662789984489791,
        "powerflow_computation": 0.05037730012554675,
        "total": 0.44130349994520657
    },
    "total": 0.6160198000143282
}