{
    "Agent": {
        "total": 0.13013039999805187
    },
    "Env": {
        "apply_act": 0.5379231999995682,
        "observation_computation": 0.09883329999320267,
        "powerflow_computation": 0.08567190000212577,
        "total": 0.7224283999948966
    },
    "total": 0.9409405999995215
}