{
    "Agent": {
        "total": 0.04673760011792183
    },
    "Env": {
        "apply_act": 0.13120869966223836,
        "observation_computation": 0.032680299831554294,
        "powerflow_computation": 0.029128199792467058,
        "total": 0.1930171992862597
    },
    "total": 0.2716931999893859
}