{
    "Agent": {
        "total": 0.08019739999969033
    },
    "Env": {
        "apply_act": 0.1753561999993849,
        "observation_computation": 0.03128510000010465,
        "powerflow_computation": 0.030265099999951417,
        "total": 0.23690639999944096
    },
    "total": 0.34651129999997465
}