{
    "Agent": {
        "total": 0.00359120000001667
    },
    "Env": {
        "apply_act": 0.03983350000001451,
        "observation_computation": 0.14369930000000863,
        "powerflow_computation": 0.02456219999987752,
        "total": 0.20809499999990066
    },
    "total": 0.23862760000000094
}