{
    "Agent": {
        "total": 0.026140699977986515
    },
    "Env": {
        "apply_act": 0.08509069960564375,
        "observation_computation": 0.020775600569322705,
        "powerflow_computation": 0.01755649980623275,
        "total": 0.1234227999811992
    },
    "total": 0.1690078000538051
}