{
    "Agent": {
        "total": 0.03844960000054698
    },
    "Env": {
        "apply_act": 0.4279237999997463,
        "observation_computation": 0.296756800000594,
        "powerflow_computation": 0.235920500000816,
        "total": 0.9606011000011563
    },
    "total": 1.2618570000000204
}