{
    "Agent": {
        "total": 0.08000289999989718
    },
    "Env": {
        "apply_act": 0.20111930000035727,
        "observation_computation": 0.03412570000011783,
        "powerflow_computation": 0.02979080000011436,
        "total": 0.26503580000058946
    },
    "total": 0.37858339999996815
}