{
    "Agent": {
        "total": 0.07448269999986223
    },
    "Env": {
        "apply_act": 0.1158450999996603,
        "observation_computation": 0.048104799999464376,
        "powerflow_computation": 0.042663900002253285,
        "total": 0.20661380000137797
    },
    "total": 0.3237779999999475
}