{
    "Agent": {
        "total": 0.012631199999589171
    },
    "Env": {
        "apply_act": 0.1529242999996825,
        "observation_computation": 0.2843077000004257,
        "powerflow_computation": 0.09952970000031769,
        "total": 0.5367617000004259
    },
    "total": 0.6518437000000006
}