{
    "Agent": {
        "total": 0.2721755998209119
    },
    "Env": {
        "apply_act": 0.5552456000586972,
        "observation_computation": 0.14347410248592496,
        "powerflow_computation": 0.12357639987021685,
        "total": 0.822296102414839
    },
    "total": 1.230946599971503
}