{
    "Agent": {
        "total": 0.0011232000001655251
    },
    "Env": {
        "apply_act": 0.0,
        "observation_computation": 0.0,
        "powerflow_computation": 0.0,
        "total": 0.0
    },
    "total": 0.003441800000018702
}