{
    "Agent": {
        "total": 0.03923490026500076
    },
    "Env": {
        "apply_act": 0.08157520089298487,
        "observation_computation": 0.018668599892407656,
        "powerflow_computation": 0.016562600270844996,
        "total": 0.11680640105623752
    },
    "total": 0.17476980003993958
}