{
    "Agent": {
        "total": 0.03456740000115133
    },
    "Env": {
        "apply_act": 0.06512710000106381,
        "observation_computation": 0.013998800000535994,
        "powerflow_computation": 0.013327500000059445,
        "total": 0.09245340000165925
    },
    "total": 0.14296359999980268
}