{
    "Agent": {
        "total": 0.0194199000000026
    },
    "Env": {
        "apply_act": 0.0661837000000105,
        "observation_computation": 0.01351729999919371,
        "powerflow_computation": 0.01132219999908557,
        "total": 0.09102319999828978
    },
    "total": 0.12431939999987662
}