{
    "Agent": {
        "total": 0.059516099999314065
    },
    "Env": {
        "apply_act": 0.1230337999998028,
        "observation_computation": 0.025495000000319124,
        "powerflow_computation": 0.02271029999963048,
        "total": 0.1712390999997524
    },
    "total": 0.25639479999995274
}