{
    "Agent": {
        "total": 0.0031324000000552132
    },
    "Env": {
        "apply_act": 0.03708880000002068,
        "observation_computation": 0.02510749999984796,
        "powerflow_computation": 0.021200499999849853,
        "total": 0.0833967999997185
    },
    "total": 0.11081010000000902
}