{
    "Agent": {
        "total": 0.04575040002237074
    },
    "Env": {
        "apply_act": 0.176813600002788,
        "observation_computation": 0.02754119990277104,
        "powerflow_computation": 0.026299000019207597,
        "total": 0.23065379992476664
    },
    "total": 0.30159920000005513
}