{
    "Agent": {
        "total": 0.026929499999823747
    },
    "Env": {
        "apply_act": 0.07034120000002986,
        "observation_computation": 0.014066499999898952,
        "powerflow_computation": 0.011508899999853384,
        "total": 0.09591659999978219
    },
    "total": 0.13826219999998557
}