{
    "Agent": {
        "total": 0.15398619999973562
    },
    "Env": {
        "apply_act": 0.4470920000002252,
        "observation_computation": 0.0806219999996074,
        "powerflow_computation": 0.06669659999977284,
        "total": 0.5944105999996054
    },
    "total": 0.8259244000000763
}