{
    "Agent": {
        "total": 0.06742679979652166
    },
    "Env": {
        "apply_act": 0.18212039989884943,
        "observation_computation": 0.04126930015627295,
        "powerflow_computation": 0.0358138995943591,
        "total": 0.2592035996494815
    },
    "total": 0.363602300058119
}