{
    "Agent": {
        "total": 0.24258529999769962
    },
    "Env": {
        "apply_act": 0.7647375999995347,
        "observation_computation": 0.13166750001164473,
        "powerflow_computation": 0.11994780000077299,
        "total": 1.0163529000119524
    },
    "total": 1.3741653000006409
}