{
    "Agent": {
        "total": 0.04749030072707683
    },
    "Env": {
        "apply_act": 0.1417116003576666,
        "observation_computation": 0.031100399559363723,
        "powerflow_computation": 0.02705999941099435,
        "total": 0.19987199932802469
    },
    "total": 0.27914150001015514
}