{
    "Agent": {
        "total": 0.29398199999741337
    },
    "Env": {
        "apply_act": 1.4251543000013953,
        "observation_computation": 0.23145060000479134,
        "powerflow_computation": 0.20530560000315745,
        "total": 1.861910500009344
    },
    "total": 2.369148100000075
}