{
    "Agent": {
        "total": 0.03173570000035397
    },
    "Env": {
        "apply_act": 0.0644058000007135,
        "observation_computation": 0.014753199999972821,
        "powerflow_computation": 0.013126699999361335,
        "total": 0.09228570000004765
    },
    "total": 0.13879480000002786
}