{
    "Agent": {
        "total": 0.10810510016744956
    },
    "Env": {
        "apply_act": 0.4372236000635894,
        "observation_computation": 0.10208819994295482,
        "powerflow_computation": 0.10047290001239162,
        "total": 0.6397847000189358
    },
    "total": 0.8368131000024732
}