{
    "Agent": {
        "total": 0.5761091999302153
    },
    "Env": {
        "apply_act": 0.12600409999140538,
        "observation_computation": 0.04932760001975112,
        "powerflow_computation": 0.04708480017143302,
        "total": 0.22241650018258952
    },
    "total": 0.8540127000014763
}