{
    "Agent": {
        "total": 0.006561800000355333
    },
    "Env": {
        "apply_act": 0.07476690000015651,
        "observation_computation": 0.05123639999999341,
        "powerflow_computation": 0.04667500000002178,
        "total": 0.1726783000001717
    },
    "total": 0.2275103999999999
}