{
    "Agent": {
        "total": 0.2722884999980124
    },
    "Env": {
        "apply_act": 0.30677049999621886,
        "observation_computation": 0.18915780000315863,
        "powerflow_computation": 0.15685820000271633,
        "total": 0.6527865000020938
    },
    "total": 1.0928691999997682
}