{
    "Agent": {
        "total": 0.3490402999991602
    },
    "Env": {
        "apply_act": 0.4957481000005828,
        "observation_computation": 0.17785189999983686,
        "powerflow_computation": 0.15811299999927542,
        "total": 0.8317129999996951
    },
    "total": 1.3516283000000158
}