{
    "Agent": {
        "total": 0.18314999999870452
    },
    "Env": {
        "apply_act": 0.22245179999777065,
        "observation_computation": 0.08519810000302641,
        "powerflow_computation": 0.07201130000248668,
        "total": 0.37966120000328374
    },
    "total": 0.6462364000001344
}