{
    "Agent": {
        "total": 0.05673520010896027
    },
    "Env": {
        "apply_act": 0.16005580045748502,
        "observation_computation": 0.026027799234725535,
        "powerflow_computation": 0.0228384998627007,
        "total": 0.20892209955491126
    },
    "total": 0.29199709999375045
}