{
    "Agent": {
        "total": 0.0049146000000064305
    },
    "Env": {
        "apply_act": 0.04824179999991429,
        "observation_computation": 0.03369410000007633,
        "powerflow_computation": 0.02970799999997098,
        "total": 0.1116438999999616
    },
    "total": 0.14964860000000613
}