{
    "Agent": {
        "total": 0.46237000000496664
    },
    "Env": {
        "apply_act": 0.7816269999989345,
        "observation_computation": 0.32334899999455047,
        "powerflow_computation": 0.27153009999733513,
        "total": 1.37650609999082
    },
    "total": 2.1207950000000437
}