{
    "Agent": {
        "total": 0.2556739000003745
    },
    "Env": {
        "apply_act": 0.5516071999998076,
        "observation_computation": 0.12033389999919564,
        "powerflow_computation": 0.11615169999959107,
        "total": 0.7880927999985943
    },
    "total": 1.156925900000033
}