{
    "Agent": {
        "total": 0.013567199999670265
    },
    "Env": {
        "apply_act": 0.06317369999987932,
        "observation_computation": 0.01341540000112218,
        "powerflow_computation": 0.014980899999045505,
        "total": 0.091570000000047
    },
    "total": 0.11736139999993611
}