{
    "Agent": {
        "total": 0.03217940090689808
    },
    "Env": {
        "apply_act": 0.1444867994869128,
        "observation_computation": 0.02407490077894181,
        "powerflow_computation": 0.020323900156654418,
        "total": 0.18888560042250901
    },
    "total": 0.24466800002846867
}