{
    "Agent": {
        "total": 0.11399490000349033
    },
    "Env": {
        "apply_act": 0.4219529999909355,
        "observation_computation": 0.08210359999884531,
        "powerflow_computation": 0.07079940000039642,
        "total": 0.5748559999901772
    },
    "total": 0.7619965000003504
}