{
    "Agent": {
        "total": 0.01752419990953058
    },
    "Env": {
        "apply_act": 0.04146089998539537,
        "observation_computation": 0.009762800065800548,
        "powerflow_computation": 0.00853079988155514,
        "total": 0.05975449993275106
    },
    "total": 0.08849929994903505
}