{
    "Agent": {
        "total": 0.1218664989573881
    },
    "Env": {
        "apply_act": 0.4084430004004389,
        "observation_computation": 0.0875506988959387,
        "powerflow_computation": 0.07395730027928948,
        "total": 0.5699509995756671
    },
    "total": 0.777597300009802
}