{
    "Agent": {
        "total": 0.04219329999966703
    },
    "Env": {
        "apply_act": 0.1067509000003497,
        "observation_computation": 0.0178501000000324,
        "powerflow_computation": 0.014896599999644877,
        "total": 0.13949760000002698
    },
    "total": 0.20117340000001604
}