{
    "Agent": {
        "total": 0.0013662000000635999
    },
    "Env": {
        "apply_act": 0.015007499999939,
        "observation_computation": 0.010566799999992327,
        "powerflow_computation": 0.009497300000091968,
        "total": 0.035071600000023295
    },
    "total": 0.04695090000001301
}