{
    "Agent": {
        "total": 0.015243999980157241
    },
    "Env": {
        "apply_act": 0.02959509997162968,
        "observation_computation": 0.007378100155619904,
        "powerflow_computation": 0.007555100135505199,
        "total": 0.04452830026275478
    },
    "total": 0.0671126999950502
}