{
    "Agent": {
        "total": 0.012646599999470709
    },
    "Env": {
        "apply_act": 0.027636899999606612,
        "observation_computation": 0.005447399999411573,
        "powerflow_computation": 0.0058313999995789345,
        "total": 0.03891569999859712
    },
    "total": 0.05699840000011136
}