{
    "Agent": {
        "total": 0.05713640036992729
    },
    "Env": {
        "apply_act": 0.12254009977914393,
        "observation_computation": 0.027769298758357763,
        "powerflow_computation": 0.023987500928342342,
        "total": 0.17429689946584404
    },
    "total": 0.2573480000719428
}