{
    "Agent": {
        "total": 0.5124919000002137
    },
    "Env": {
        "apply_act": 1.3601692000012235,
        "observation_computation": 0.35584810000136713,
        "powerflow_computation": 0.3208364999973128,
        "total": 2.0368537999999035
    },
    "total": 2.861395200000061
}