{
    "Agent": {
        "total": 0.01600430000075903
    },
    "Env": {
        "apply_act": 0.04484040000033929,
        "observation_computation": 0.010296299999254188,
        "powerflow_computation": 0.009249300000647054,
        "total": 0.06438600000024053
    },
    "total": 0.09072860000014771
}