{
    "Agent": {
        "total": 0.1417483999975957
    },
    "Env": {
        "apply_act": 0.10835300000007919,
        "observation_computation": 0.06664439999758542,
        "powerflow_computation": 0.05974509999828115,
        "total": 0.23474249999594576
    },
    "total": 0.44200230000001284
}