{
    "Agent": {
        "total": 0.11506370006827638
    },
    "Env": {
        "apply_act": 0.5558189999137539,
        "observation_computation": 0.10569870010658633,
        "powerflow_computation": 0.09347430005436763,
        "total": 0.7549920000747079
    },
    "total": 0.964026500005275
}