{
    "Agent": {
        "total": 0.014736999999854561
    },
    "Env": {
        "apply_act": 0.16694089999998596,
        "observation_computation": 0.12172999999989287,
        "powerflow_computation": 0.1229929999999726,
        "total": 0.4116638999998514
    },
    "total": 0.5396089999999987
}