{
    "Agent": {
        "total": 0.20479000080376863
    },
    "Env": {
        "apply_act": 0.7529618007829413,
        "observation_computation": 0.1870433000731282,
        "powerflow_computation": 0.16301450040191412,
        "total": 1.1030196012579836
    },
    "total": 1.4736784999840893
}