{
    "Agent": {
        "total": 0.05478750000020227
    },
    "Env": {
        "apply_act": 0.12335949999959439,
        "observation_computation": 0.023827000000096632,
        "powerflow_computation": 0.019811600000252838,
        "total": 0.16699809999994386
    },
    "total": 0.24539389999995365
}