{
    "Agent": {
        "total": 0.40510119999930794
    },
    "Env": {
        "apply_act": 0.5642803999990065,
        "observation_computation": 0.26298629999723744,
        "powerflow_computation": 0.2177039999955923,
        "total": 1.0449706999918362
    },
    "total": 1.6812277000001359
}