{
    "Agent": {
        "total": 0.0010486999999557156
    },
    "Env": {
        "apply_act": 0.0,
        "observation_computation": 0.0,
        "powerflow_computation": 0.0,
        "total": 0.0
    },
    "total": 0.003332499999942229
}