{
    "Agent": {
        "total": 0.00862119999510469
    },
    "Env": {
        "apply_act": 0.0234966000134591,
        "observation_computation": 0.003766699977859389,
        "powerflow_computation": 0.004769400009536184,
        "total": 0.032032700000854675
    },
    "total": 0.04451069999777246
}