{
    "Agent": {
        "total": 0.08487729999660587
    },
    "Env": {
        "apply_act": 0.09829780000291066,
        "observation_computation": 0.05960469999945417,
        "powerflow_computation": 0.049988799998573086,
        "total": 0.20789130000093792
    },
    "total": 0.34508850000020175
}