{
    "Agent": {
        "total": 0.32446149999941554
    },
    "Env": {
        "apply_act": 1.215834000000541,
        "observation_computation": 0.1714154999992843,
        "powerflow_computation": 0.1551865000002408,
        "total": 1.542436000000066
    },
    "total": 2.0270690999999488
}