{
    "Agent": {
        "total": 0.31556799999953
    },
    "Env": {
        "apply_act": 0.2782120999979725,
        "observation_computation": 0.15332529999955113,
        "powerflow_computation": 0.13281260000167094,
        "total": 0.5643499999991946
    },
    "total": 1.0251717000001008
}