{
    "Agent": {
        "total": 0.13861469999983456
    },
    "Env": {
        "apply_act": 0.17103679999854648,
        "observation_computation": 0.08844599999929414,
        "powerflow_computation": 0.07693420000077822,
        "total": 0.33641699999861885
    },
    "total": 0.5541359999999713
}