{
    "Agent": {
        "total": 0.03452150023076683
    },
    "Env": {
        "apply_act": 0.09592910017818213,
        "observation_computation": 0.021856199367903173,
        "powerflow_computation": 0.02039849979337305,
        "total": 0.13818379933945835
    },
    "total": 0.19245500001125038
}