{
    "Agent": {
        "total": 0.2176773021928966
    },
    "Env": {
        "apply_act": 0.41626749956049025,
        "observation_computation": 0.10441420262213796,
        "powerflow_computation": 0.08910959912464023,
        "total": 0.6097913013072684
    },
    "total": 0.9278829999966547
}