{
    "Agent": {
        "total": 0.048611199999697874
    },
    "Env": {
        "apply_act": 0.563569599999937,
        "observation_computation": 0.3798144000006687,
        "powerflow_computation": 0.30560660000008966,
        "total": 1.2489906000006954
    },
    "total": 1.6305791999999997
}