{
    "Agent": {
        "total": 0.16690119993290864
    },
    "Env": {
        "apply_act": 0.6704832002287731,
        "observation_computation": 0.0968796999368351,
        "powerflow_computation": 0.08332180010620505,
        "total": 0.8506847002718132
    },
    "total": 1.1048086000082549
}