{
    "Agent": {
        "total": 4.8219431025208905
    },
    "Env": {
        "apply_act": 1.2553170983446762,
        "observation_computation": 0.25177910074125975,
        "powerflow_computation": 0.21968729933723807,
        "total": 1.726783498423174
    },
    "total": 6.86148109997157
}