{
    "Agent": {
        "total": 0.04734000039752573
    },
    "Env": {
        "apply_act": 0.10336130054201931,
        "observation_computation": 0.02348060009535402,
        "powerflow_computation": 0.020496699959039688,
        "total": 0.14733860059641302
    },
    "total": 0.21688799990806729
}