{
    "Agent": {
        "total": 0.005082400000063103
    },
    "Env": {
        "apply_act": 0.05739619999989998,
        "observation_computation": 0.04214030000018454,
        "powerflow_computation": 0.03600159999999164,
        "total": 0.13553810000007616
    },
    "total": 0.1807196000000033
}