{
    "Agent": {
        "total": 0.10670379980001599
    },
    "Env": {
        "apply_act": 0.2695639999292325,
        "observation_computation": 0.05118790006963536,
        "powerflow_computation": 0.046727500041015446,
        "total": 0.36747940003988333
    },
    "total": 0.5233181000221521
}