{
    "Agent": {
        "total": 0.05548500000054446
    },
    "Env": {
        "apply_act": 0.6079165000004991,
        "observation_computation": 0.4223814999994602,
        "powerflow_computation": 0.3415575999996463,
        "total": 1.3718555999996056
    },
    "total": 1.8170059999999921
}