{
    "Agent": {
        "total": 0.02934970000003645
    },
    "Env": {
        "apply_act": 0.3123870999999667,
        "observation_computation": 0.21536560000006943,
        "powerflow_computation": 0.17617590000001826,
        "total": 0.7039286000000544
    },
    "total": 0.9295128999999989
}