{
    "Agent": {
        "total": 0.01184509999961847
    },
    "Env": {
        "apply_act": 0.026500199999190954,
        "observation_computation": 0.004926500000237866,
        "powerflow_computation": 0.004855400000224108,
        "total": 0.03628209999965293
    },
    "total": 0.05314849999990656
}