{
    "Agent": {
        "total": 0.01661480000041138
    },
    "Env": {
        "apply_act": 0.05455379999989418,
        "observation_computation": 0.009400600000049053,
        "powerflow_computation": 0.007673199999771896,
        "total": 0.07162759999971513
    },
    "total": 0.09878439999999955
}