{
    "Agent": {
        "total": 0.047626900002342154
    },
    "Env": {
        "apply_act": 0.1711593000013636,
        "observation_computation": 0.034420799999452356,
        "powerflow_computation": 0.030875399999104047,
        "total": 0.23645549999992
    },
    "total": 0.31794650000006186
}