{
    "Agent": {
        "total": 0.26319520053220913
    },
    "Env": {
        "apply_act": 1.0898908999515697,
        "observation_computation": 0.24414790066657588,
        "powerflow_computation": 0.20423559966729954,
        "total": 1.5382744002854452
    },
    "total": 2.016524200036656
}