{
    "Agent": {
        "total": 0.07347050029784441
    },
    "Env": {
        "apply_act": 0.315684900211636,
        "observation_computation": 0.06771290011238307,
        "powerflow_computation": 0.058145000075455755,
        "total": 0.4415428003994748
    },
    "total": 0.5760982999927364
}