{
    "Agent": {
        "total": 0.0007315000000289729
    },
    "Env": {
        "apply_act": 0.0,
        "observation_computation": 0.0,
        "powerflow_computation": 0.0,
        "total": 0.0
    },
    "total": 0.0038836999999602995
}