{
    "Agent": {
        "total": 0.053107899999758956
    },
    "Env": {
        "apply_act": 0.11567170000034821,
        "observation_computation": 0.026240599999141523,
        "powerflow_computation": 0.022883600000682236,
        "total": 0.16479590000017197
    },
    "total": 0.24302799999998115
}