{
    "Agent": {
        "total": 0.09335899999814501
    },
    "Env": {
        "apply_act": 0.4665487999964171,
        "observation_computation": 0.0943672999978844,
        "powerflow_computation": 0.07956660000127158,
        "total": 0.6404826999955731
    },
    "total": 0.8163515999999618
}