{
    "Agent": {
        "total": 0.08661949999992657
    },
    "Env": {
        "apply_act": 0.1871754999999098,
        "observation_computation": 0.032409400000460664,
        "powerflow_computation": 0.02895460000041794,
        "total": 0.2485395000007884
    },
    "total": 0.36880919999998696
}