{
    "Agent": {
        "total": 0.009646599999996397
    },
    "Env": {
        "apply_act": 0.006599100000016733,
        "observation_computation": 0.004262100000119062,
        "powerflow_computation": 0.007362999999941167,
        "total": 0.018224200000076962
    },
    "total": 0.032125000000064574
}