{
    "Agent": {
        "total": 0.10984449999955359
    },
    "Env": {
        "apply_act": 0.2034904000008737,
        "observation_computation": 0.06902090000107819,
        "powerflow_computation": 0.06277900000054615,
        "total": 0.33529030000249804
    },
    "total": 0.506484300000011
}