{
    "Agent": {
        "total": 0.05946669999966048
    },
    "Env": {
        "apply_act": 0.6933576999998934,
        "observation_computation": 0.4510829999998407,
        "powerflow_computation": 0.39516369999969925,
        "total": 1.5396043999994333
    },
    "total": 2.0078357000000153
}