{
    "Agent": {
        "total": 0.1821238999968955
    },
    "Env": {
        "apply_act": 0.4975307999970937,
        "observation_computation": 0.07741689999875234,
        "powerflow_computation": 0.06724919999487611,
        "total": 0.6421968999907222
    },
    "total": 0.9028080000002774
}