{
    "Agent": {
        "total": 0.0598900014301762
    },
    "Env": {
        "apply_act": 0.20929070108104497,
        "observation_computation": 0.04441400012001395,
        "powerflow_computation": 0.03750449977815151,
        "total": 0.29120920097921044
    },
    "total": 0.3921509999781847
}