{
    "Agent": {
        "total": 0.02044989999956215
    },
    "Env": {
        "apply_act": 0.04773119999970277,
        "observation_computation": 0.010405199999809156,
        "powerflow_computation": 0.010379900000089037,
        "total": 0.06851629999960096
    },
    "total": 0.09918679999998403
}