{
    "Agent": {
        "total": 0.31979279999995924
    },
    "Env": {
        "apply_act": 0.448509299997113,
        "observation_computation": 0.2061369000009563,
        "powerflow_computation": 0.17998340000008284,
        "total": 0.8346295999981521
    },
    "total": 1.3384243999998944
}