{
    "Agent": {
        "total": 0.1332733000162989
    },
    "Env": {
        "apply_act": 0.44558610022068024,
        "observation_computation": 0.09765060315839946,
        "powerflow_computation": 0.08533959952183068,
        "total": 0.6285763029009104
    },
    "total": 0.8537094998173416
}