{
    "Agent": {
        "total": 0.05508979999831354
    },
    "Env": {
        "apply_act": 0.06322839999893404,
        "observation_computation": 0.036488699999381424,
        "powerflow_computation": 0.038252999998803716,
        "total": 0.13797009999711918
    },
    "total": 0.22518589999981486
}