{
    "Agent": {
        "total": 0.8913666000014473
    },
    "Env": {
        "apply_act": 1.635017700004255,
        "observation_computation": 0.40151179999952546,
        "powerflow_computation": 0.34105609999983244,
        "total": 2.377585600003613
    },
    "total": 3.6623632000000725
}