{
    "Agent": {
        "total": 1.1252358999986427
    },
    "Env": {
        "apply_act": 1.3820442000051116,
        "observation_computation": 0.7430312000037702,
        "powerflow_computation": 0.6128938999995626,
        "total": 2.7379693000084444
    },
    "total": 4.494724500000302
}