{
    "Agent": {
        "total": 0.028451399999880778
    },
    "Env": {
        "apply_act": 0.07170100000007551,
        "observation_computation": 0.014141199999698983,
        "powerflow_computation": 0.011861799999564937,
        "total": 0.09770399999933943
    },
    "total": 0.1415615999999318
}