{
    "Agent": {
        "total": 0.039078699999862465
    },
    "Env": {
        "apply_act": 0.4318638999994704,
        "observation_computation": 0.3046322999999802,
        "powerflow_computation": 0.26815789999990614,
        "total": 1.0046540999993567
    },
    "total": 1.330103099999988
}