{
    "Agent": {
        "total": 0.2631006000017351
    },
    "Env": {
        "apply_act": 0.292063400002462,
        "observation_computation": 0.11769859999981236,
        "powerflow_computation": 0.10874840000155928,
        "total": 0.5185104000038336
    },
    "total": 0.8977972999998656
}