{
    "Agent": {
        "total": 0.2852546978974715
    },
    "Env": {
        "apply_act": 0.7908207003492862,
        "observation_computation": 0.14248679811134934,
        "powerflow_computation": 0.12646870221942663,
        "total": 1.0597762006800622
    },
    "total": 1.4794649999821559
}