{
    "Agent": {
        "total": 0.006814799999915522
    },
    "Env": {
        "apply_act": 0.07330599999983178,
        "observation_computation": 0.05320749999995655,
        "powerflow_computation": 0.044468199999897706,
        "total": 0.17098169999968604
    },
    "total": 0.2284372000000019
}