{
    "Agent": {
        "total": 0.056983300019055605
    },
    "Env": {
        "apply_act": 0.1423872000304982,
        "observation_computation": 0.026039600052172318,
        "powerflow_computation": 0.021277800056850538,
        "total": 0.18970460013952106
    },
    "total": 0.27234019999741577
}