{
    "Agent": {
        "total": 0.055326800000102594
    },
    "Env": {
        "apply_act": 0.14106319999984862,
        "observation_computation": 0.02510789999996632,
        "powerflow_computation": 0.020915500000000975,
        "total": 0.18708659999981592
    },
    "total": 0.2668310000000247
}