{
    "Agent": {
        "total": 0.02355359960347414
    },
    "Env": {
        "apply_act": 0.04935170046519488,
        "observation_computation": 0.011143600451759994,
        "powerflow_computation": 0.011351599590852857,
        "total": 0.07184690050780773
    },
    "total": 0.10646569996606559
}