{
    "Agent": {
        "total": 0.05975709925405681
    },
    "Env": {
        "apply_act": 0.22346200025640428,
        "observation_computation": 0.042262101895175874,
        "powerflow_computation": 0.038509199395775795,
        "total": 0.30423330154735595
    },
    "total": 0.40561289992183447
}