{
    "Agent": {
        "total": 0.9090385000056358
    },
    "Env": {
        "apply_act": 0.9895350999995571,
        "observation_computation": 0.6031209999975999,
        "powerflow_computation": 0.5177353000030962,
        "total": 2.1103914000002533
    },
    "total": 3.5533267999999225
}