{
    "Agent": {
        "total": 0.06295770005090162
    },
    "Env": {
        "apply_act": 0.1656746998487506,
        "observation_computation": 0.02740199980325997,
        "powerflow_computation": 0.023514599801274016,
        "total": 0.2165912994532846
    },
    "total": 0.307508699974278
}