{
    "Agent": {
        "total": 0.006507699974463321
    },
    "Env": {
        "apply_act": 0.02437750004173722,
        "observation_computation": 0.005014599999412894,
        "powerflow_computation": 0.0065220000251429155,
        "total": 0.03591410006629303
    },
    "total": 0.0473370999970939
}