{
    "Agent": {
        "total": 0.10393689945340157
    },
    "Env": {
        "apply_act": 0.3204395016655326,
        "observation_computation": 0.07559090084396303,
        "powerflow_computation": 0.06697429833002388,
        "total": 0.4630047008395195
    },
    "total": 0.6385246000718325
}