{
    "Agent": {
        "total": 0.034532699999772376
    },
    "Env": {
        "apply_act": 0.13931910000007974,
        "observation_computation": 0.01942749999989246,
        "powerflow_computation": 0.017119800000273244,
        "total": 0.17586640000024545
    },
    "total": 0.2299639999999954
}