{
    "Agent": {
        "total": 0.013907499999902484
    },
    "Env": {
        "apply_act": 0.029181500000163396,
        "observation_computation": 0.005081100000211336,
        "powerflow_computation": 0.0060330999999109736,
        "total": 0.040295700000285706
    },
    "total": 0.05964819999996962
}