{
    "Agent": {
        "total": 0.21163529999739694
    },
    "Env": {
        "apply_act": 0.5077781999962099,
        "observation_computation": 0.08645570000362568,
        "powerflow_computation": 0.07521889999497944,
        "total": 0.669452799994815
    },
    "total": 0.9636369999998351
}