{
    "Agent": {
        "total": 0.34849050000161697
    },
    "Env": {
        "apply_act": 0.42880249999507214,
        "observation_computation": 0.1652984999986984,
        "powerflow_computation": 0.13874450000480465,
        "total": 0.7328454999985752
    },
    "total": 1.2450420999998641
}