{
    "Agent": {
        "total": 0.11402059975080192
    },
    "Env": {
        "apply_act": 0.4111007008468732,
        "observation_computation": 0.08051989879459143,
        "powerflow_computation": 0.07111079979222268,
        "total": 0.5627313994336873
    },
    "total": 0.7540602999506518
}