{
    "Agent": {
        "total": 0.03577090078033507
    },
    "Env": {
        "apply_act": 0.09705470059998333,
        "observation_computation": 0.018356399959884584,
        "powerflow_computation": 0.017531599733047187,
        "total": 0.1329427002929151
    },
    "total": 0.18593509995844215
}