{
    "Agent": {
        "total": 0.03703729924745858
    },
    "Env": {
        "apply_act": 0.12478870048653334,
        "observation_computation": 0.02703569899313152,
        "powerflow_computation": 0.023582999827340245,
        "total": 0.1754073993070051
    },
    "total": 0.23877679998986423
}