{
    "Agent": {
        "total": 0.07935180000094988
    },
    "Env": {
        "apply_act": 0.1921632999992653,
        "observation_computation": 0.032109700000091834,
        "powerflow_computation": 0.03460950000135199,
        "total": 0.2588825000007091
    },
    "total": 0.3715028000001439
}