{
    "Agent": {
        "total": 0.019259099999999307
    },
    "Env": {
        "apply_act": 0.06933069999968211,
        "observation_computation": 0.010690000001432054,
        "powerflow_computation": 0.00987270000132412,
        "total": 0.08989340000243828
    },
    "total": 0.11948380000012548
}