{
    "Agent": {
        "total": 0.0058278999058529735
    },
    "Env": {
        "apply_act": 0.018903700169175863,
        "observation_computation": 0.0038759001763537526,
        "powerflow_computation": 0.004586499882861972,
        "total": 0.027366100228391588
    },
    "total": 0.03710260009393096
}