{
    "Agent": {
        "total": 0.06473009999865553
    },
    "Env": {
        "apply_act": 0.6845188999989205,
        "observation_computation": 0.4569489000008957,
        "powerflow_computation": 0.38983880000125737,
        "total": 1.5313066000010735
    },
    "total": 2.0104263999999716
}