{
    "Agent": {
        "total": 0.10262810077983886
    },
    "Env": {
        "apply_act": 0.30429189931601286,
        "observation_computation": 0.048174000810831785,
        "powerflow_computation": 0.04216599895153195,
        "total": 0.3946318990783766
    },
    "total": 0.5437445000279695
}