{
    "Agent": {
        "total": 0.06332240000028833
    },
    "Env": {
        "apply_act": 0.12529470000140464,
        "observation_computation": 0.02746390000061183,
        "powerflow_computation": 0.023934100001497427,
        "total": 0.1766927000035139
    },
    "total": 0.26658870000005663
}