{
    "Agent": {
        "total": 0.11988490063231438
    },
    "Env": {
        "apply_act": 0.45429129945114255,
        "observation_computation": 0.0876042996533215,
        "powerflow_computation": 0.0808274990413338,
        "total": 0.6227230981457978
    },
    "total": 0.8260341000277549
}