{
    "Agent": {
        "total": 0.18517469999960667
    },
    "Env": {
        "apply_act": 1.122965800007023,
        "observation_computation": 0.18265139999903113,
        "powerflow_computation": 0.15331239999977697,
        "total": 1.4589296000058312
    },
    "total": 1.8035114000003887
}