{
    "Agent": {
        "total": 0.48381779761984944
    },
    "Env": {
        "apply_act": 1.324594600358978,
        "observation_computation": 0.3074313993565738,
        "powerflow_computation": 0.26570320141036063,
        "total": 1.8977292011259124
    },
    "total": 2.655748299905099
}