{
    "Agent": {
        "total": 0.0028922000201418996
    },
    "Env": {
        "apply_act": 0.006026099901646376,
        "observation_computation": 0.0011810000287368894,
        "powerflow_computation": 0.0015520998276770115,
        "total": 0.008759199758060277
    },
    "total": 0.01301460003014654
}