{
    "Agent": {
        "total": 0.5878880999988496
    },
    "Env": {
        "apply_act": 0.7349106000001484,
        "observation_computation": 0.28288469999881727,
        "powerflow_computation": 0.24277599999902577,
        "total": 1.2605712999979914
    },
    "total": 2.120090399999981
}