{
    "Agent": {
        "total": 0.39549219980835915
    },
    "Env": {
        "apply_act": 1.1020417001564056,
        "observation_computation": 0.23730739951133728,
        "powerflow_computation": 0.2096983997616917,
        "total": 1.5490474994294345
    },
    "total": 2.1549652999965474
}