{
    "Agent": {
        "total": 0.3123900001810398
    },
    "Env": {
        "apply_act": 0.7871962993522175,
        "observation_computation": 0.13593050057534128,
        "powerflow_computation": 0.12237169974832796,
        "total": 1.0454984996758867
    },
    "total": 1.489728999993531
}