{
    "Agent": {
        "total": 0.06635559996357188
    },
    "Env": {
        "apply_act": 0.22833789960714057,
        "observation_computation": 0.062134900072123855,
        "powerflow_computation": 0.05500650010071695,
        "total": 0.3454792997799814
    },
    "total": 0.46640159998787567
}