{
    "Agent": {
        "total": 0.6064985999948931
    },
    "Env": {
        "apply_act": 0.7944789999908153,
        "observation_computation": 0.2937626999987515,
        "powerflow_computation": 0.25559059999795863,
        "total": 1.3438322999875254
    },
    "total": 2.2309571000000687
}