{
    "Agent": {
        "total": 0.03470889999994142
    },
    "Env": {
        "apply_act": 0.11109259999977894,
        "observation_computation": 0.0174444999993284,
        "powerflow_computation": 0.015809299999659743,
        "total": 0.14434639999876708
    },
    "total": 0.19561209999994844
}