{
    "Agent": {
        "total": 0.25515479981550016
    },
    "Env": {
        "apply_act": 0.053968500054907054,
        "observation_computation": 0.022083599964389578,
        "powerflow_computation": 0.022104700008640066,
        "total": 0.0981568000279367
    },
    "total": 0.37726420001126826
}