{
    "Agent": {
        "total": 0.026035299999591643
    },
    "Env": {
        "apply_act": 0.29107839999926455,
        "observation_computation": 0.20840339999932667,
        "powerflow_computation": 0.1762049000003003,
        "total": 0.6756866999988915
    },
    "total": 0.9000330000000076
}