{
    "Agent": {
        "total": 0.23432609846349806
    },
    "Env": {
        "apply_act": 0.49085169890895486,
        "observation_computation": 0.09737400012090802,
        "powerflow_computation": 0.08401559968478978,
        "total": 0.6722412987146527
    },
    "total": 1.0131016000523232
}