{
    "Agent": {
        "total": 0.23062519938685
    },
    "Env": {
        "apply_act": 0.48782099899835885,
        "observation_computation": 0.09104519931133837,
        "powerflow_computation": 0.08687909925356507,
        "total": 0.6657452975632623
    },
    "total": 0.987474299967289
}