{
    "Agent": {
        "total": 0.004196699999965858
    },
    "Env": {
        "apply_act": 0.046984599999944976,
        "observation_computation": 0.03222420000014381,
        "powerflow_computation": 0.028042100000106984,
        "total": 0.10725090000019577
    },
    "total": 0.14218879999999956
}