{
    "Agent": {
        "total": 0.13853670214302838
    },
    "Env": {
        "apply_act": 0.48341910308226943,
        "observation_computation": 0.09592929971404374,
        "powerflow_computation": 0.08596790442243218,
        "total": 0.6653163072187454
    },
    "total": 0.8977308999747038
}