{
    "Agent": {
        "total": 0.037155699683353305
    },
    "Env": {
        "apply_act": 0.11092800030019134,
        "observation_computation": 0.02551719988696277,
        "powerflow_computation": 0.021649100119248033,
        "total": 0.15809430030640215
    },
    "total": 0.2196313999593258
}