{
    "Agent": {
        "total": 0.20161479932721704
    },
    "Env": {
        "apply_act": 0.43498039979021996,
        "observation_computation": 0.08228439907543361,
        "powerflow_computation": 0.07702690071891993,
        "total": 0.5942916995845735
    },
    "total": 0.8749411000171676
}