{
    "Agent": {
        "total": 0.09383570000227337
    },
    "Env": {
        "apply_act": 0.5702495999980783,
        "observation_computation": 0.09494169999470614,
        "powerflow_computation": 0.08116139999810912,
        "total": 0.7463526999908936
    },
    "total": 0.9231674000002386
}