{
    "Agent": {
        "total": 0.0022757000000694916
    },
    "Env": {
        "apply_act": 0.029773199999951316,
        "observation_computation": 0.019902200000061043,
        "powerflow_computation": 0.018034099999979958,
        "total": 0.06770949999999232
    },
    "total": 0.09000729999999635
}