{
    "Agent": {
        "total": 0.0006324000000859087
    },
    "Env": {
        "apply_act": 0.0,
        "observation_computation": 0.0,
        "powerflow_computation": 0.0,
        "total": 0.0
    },
    "total": 0.002654799999959323
}