{
    "Agent": {
        "total": 0.056195800000338636
    },
    "Env": {
        "apply_act": 0.5826431999996231,
        "observation_computation": 0.5205278999998342,
        "powerflow_computation": 0.34534699999977647,
        "total": 1.4485180999992338
    },
    "total": 1.8947456000000074
}