{
    "Agent": {
        "total": 0.31116920008935267
    },
    "Env": {
        "apply_act": 0.9162910997984,
        "observation_computation": 0.15619039998273365,
        "powerflow_computation": 0.13463800006866222,
        "total": 1.2071194998497958
    },
    "total": 1.6678819000007934
}