{
    "Agent": {
        "total": 0.00028959999991684526
    },
    "Env": {
        "apply_act": 0.0033038999999916996,
        "observation_computation": 0.001930799999968258,
        "powerflow_computation": 0.0025987000001919114,
        "total": 0.007833400000151869
    },
    "total": 0.010553500000014537
}