{
    "Agent": {
        "total": 0.0904535996960476
    },
    "Env": {
        "apply_act": 0.32478010037448257,
        "observation_computation": 0.056092899991199374,
        "powerflow_computation": 0.04904060054104775,
        "total": 0.4299136009067297
    },
    "total": 0.5715783000923693
}