{
    "Agent": {
        "total": 0.017985999991651624
    },
    "Env": {
        "apply_act": 0.039613000000827014,
        "observation_computation": 0.00577829999383539,
        "powerflow_computation": 0.005504100176040083,
        "total": 0.05089540017070249
    },
    "total": 0.07497989997500554
}