{
    "Agent": {
        "total": 0.0010813999999754742
    },
    "Env": {
        "apply_act": 0.0,
        "observation_computation": 0.0,
        "powerflow_computation": 0.0,
        "total": 0.0
    },
    "total": 0.003485400000045047
}