{
    "Agent": {
        "total": 0.10675880000070492
    },
    "Env": {
        "apply_act": 1.1831790999999043,
        "observation_computation": 0.9492835000000923,
        "powerflow_computation": 0.6723337999990804,
        "total": 2.804796399999077
    },
    "total": 3.6308455999999865
}