{
    "Agent": {
        "total": 0.09327279999843086
    },
    "Env": {
        "apply_act": 0.10978989999784972,
        "observation_computation": 0.060657399999399786,
        "powerflow_computation": 0.051186399995913234,
        "total": 0.22163369999316274
    },
    "total": 0.3693233999997574
}