{
    "Agent": {
        "total": 0.038575900020077825
    },
    "Env": {
        "apply_act": 0.09757410082966089,
        "observation_computation": 0.014877599896863103,
        "powerflow_computation": 0.012977799400687218,
        "total": 0.1254295001272112
    },
    "total": 0.17945239995606244
}