{
    "Agent": {
        "total": 0.11263169999972433
    },
    "Env": {
        "apply_act": 0.2636713000005102,
        "observation_computation": 0.056355600001211315,
        "powerflow_computation": 0.0544767999999749,
        "total": 0.3745037000016964
    },
    "total": 0.5393865999999434
}