{
    "Agent": {
        "total": 0.6194652987178415
    },
    "Env": {
        "apply_act": 1.5688617007108405,
        "observation_computation": 0.38497269968502223,
        "powerflow_computation": 0.32415150001179427,
        "total": 2.277985900407657
    },
    "total": 3.242201999993995
}