{
    "Agent": {
        "total": 0.3632985004223883
    },
    "Env": {
        "apply_act": 0.7283477011369541,
        "observation_computation": 0.13633500027935952,
        "powerflow_computation": 0.12076759978663176,
        "total": 0.9854503012029454
    },
    "total": 1.477385300095193
}