{
    "Agent": {
        "total": 0.32133750012144446
    },
    "Env": {
        "apply_act": 0.9343474000925198,
        "observation_computation": 0.21445390244480222,
        "powerflow_computation": 0.1827571998583153,
        "total": 1.3315585023956373
    },
    "total": 1.8425442000152543
}