{
    "Agent": {
        "total": 0.04098759997577872
    },
    "Env": {
        "apply_act": 0.1074086000371608,
        "observation_computation": 0.020868399958999362,
        "powerflow_computation": 0.019725899983313866,
        "total": 0.14800289997947402
    },
    "total": 0.20899050000298303
}