{
    "Agent": {
        "total": 0.5149122999993097
    },
    "Env": {
        "apply_act": 0.8719219999981078,
        "observation_computation": 0.22596009999915623,
        "powerflow_computation": 0.19513370000186114,
        "total": 1.2930157999991252
    },
    "total": 2.0335658000000194
}