{
    "Agent": {
        "total": 0.004419999999583979
    },
    "Env": {
        "apply_act": 0.04572200000052362,
        "observation_computation": 0.03352119999965453,
        "powerflow_computation": 0.029226300000232186,
        "total": 0.10846950000041033
    },
    "total": 0.14362999999997328
}