{
    "Agent": {
        "total": 0.2544791013933718
    },
    "Env": {
        "apply_act": 0.4940485991537571,
        "observation_computation": 0.13021290255710483,
        "powerflow_computation": 0.11150239850394428,
        "total": 0.7357639002148062
    },
    "total": 1.112368700094521
}