{
    "Agent": {
        "total": 0.9575199000025805
    },
    "Env": {
        "apply_act": 1.0912835000026462,
        "observation_computation": 0.6813117000099282,
        "powerflow_computation": 0.5590480000016669,
        "total": 2.3316432000142413
    },
    "total": 3.8891085999998722
}