{
    "Agent": {
        "total": 0.4592507000020305
    },
    "Env": {
        "apply_act": 0.6546810999991521,
        "observation_computation": 0.21306670000080885,
        "powerflow_computation": 0.18951729999844247,
        "total": 1.0572650999984035
    },
    "total": 1.7249308000000383
}