{
    "Agent": {
        "total": 0.0008470000000215805
    },
    "Env": {
        "apply_act": 0.0,
        "observation_computation": 0.0,
        "powerflow_computation": 0.0,
        "total": 0.0
    },
    "total": 0.002158000000008542
}