{
    "Agent": {
        "total": 0.07480820035561919
    },
    "Env": {
        "apply_act": 0.3191503012785688,
        "observation_computation": 0.05177879810798913,
        "powerflow_computation": 0.0434993002563715,
        "total": 0.41442839964292943
    },
    "total": 0.5398480999283493
}