{
    "Agent": {
        "total": 0.16252129999816134
    },
    "Env": {
        "apply_act": 0.3291872000006606,
        "observation_computation": 0.0766748999990341,
        "powerflow_computation": 0.06934719999867411,
        "total": 0.4752092999983688
    },
    "total": 0.7139084000000366
}