{
    "Agent": {
        "total": 0.5067088000082549
    },
    "Env": {
        "apply_act": 2.296477699994739,
        "observation_computation": 0.38664950000793397,
        "powerflow_computation": 0.3468930999993063,
        "total": 3.030020300001979
    },
    "total": 3.886666100000184
}