{
    "Agent": {
        "total": 0.03769230000045809
    },
    "Env": {
        "apply_act": 0.07792800000038369,
        "observation_computation": 0.016992799999229646,
        "powerflow_computation": 0.015534500000285334,
        "total": 0.11045529999989867
    },
    "total": 0.16499310000006062
}