{
    "Agent": {
        "total": 0.015484699999205986
    },
    "Env": {
        "apply_act": 0.048229600000013306,
        "observation_computation": 0.01148929999885695,
        "powerflow_computation": 0.010321000000431013,
        "total": 0.07003989999930127
    },
    "total": 0.0968257999998059
}