{
    "Agent": {
        "total": 0.025481899999590496
    },
    "Env": {
        "apply_act": 0.07381020000002536,
        "observation_computation": 0.012974100000178623,
        "powerflow_computation": 0.012169699999958539,
        "total": 0.09895400000016252
    },
    "total": 0.1365309000000252
}