{
    "Agent": {
        "total": 0.12350369984051213
    },
    "Env": {
        "apply_act": 0.4363429997465573,
        "observation_computation": 0.06887989991810173,
        "powerflow_computation": 0.059342000051401556,
        "total": 0.5645648997160606
    },
    "total": 0.7530911000212654
}