{
    "Agent": {
        "total": 0.27200710008037277
    },
    "Env": {
        "apply_act": 0.06002450009691529,
        "observation_computation": 0.02282989997183904,
        "powerflow_computation": 0.023540699970908463,
        "total": 0.1063951000396628
    },
    "total": 0.4048694999946747
}