{
    "Agent": {
        "total": 1.1536205999993854
    },
    "Env": {
        "apply_act": 1.2339956999994683,
        "observation_computation": 0.7586978000035742,
        "powerflow_computation": 0.651970999995001,
        "total": 2.6446644999980435
    },
    "total": 4.4622927000000345
}