{
    "Agent": {
        "total": 0.0010618999999678636
    },
    "Env": {
        "apply_act": 0.0,
        "observation_computation": 0.0,
        "powerflow_computation": 0.0,
        "total": 0.0
    },
    "total": 0.003460600000039449
}