{
    "Agent": {
        "total": 0.2971252999980152
    },
    "Env": {
        "apply_act": 0.3207792999967296,
        "observation_computation": 0.15230310000288227,
        "powerflow_computation": 0.1369628000004468,
        "total": 0.6100452000000587
    },
    "total": 1.051465700000108
}