{
    "Agent": {
        "total": 0.1443016999988913
    },
    "Env": {
        "apply_act": 0.18372520000002623,
        "observation_computation": 0.06862639999974363,
        "powerflow_computation": 0.0548638999986224,
        "total": 0.30721549999839226
    },
    "total": 0.5182514999999057
}