{
    "Agent": {
        "total": 0.09595160000390024
    },
    "Env": {
        "apply_act": 0.22286060000260477,
        "observation_computation": 0.04657469999983732,
        "powerflow_computation": 0.05627510000249458,
        "total": 0.3257104000049367
    },
    "total": 0.4606499999999869
}