{
    "Agent": {
        "total": 0.02478520000045137
    },
    "Env": {
        "apply_act": 0.28270550000002004,
        "observation_computation": 0.1915999999998803,
        "powerflow_computation": 0.15993260000078635,
        "total": 0.6342381000006867
    },
    "total": 0.8309039000000098
}