{
    "Agent": {
        "total": 0.04925550000325529
    },
    "Env": {
        "apply_act": 0.15826850000075865,
        "observation_computation": 0.047651900000801106,
        "powerflow_computation": 0.039227000000209955,
        "total": 0.2451474000017697
    },
    "total": 0.33824920000006387
}