{
    "Agent": {
        "total": 0.013228400000144802
    },
    "Env": {
        "apply_act": 0.1507801999999714,
        "observation_computation": 0.10939960000024485,
        "powerflow_computation": 0.09230540000004339,
        "total": 0.3524852000002596
    },
    "total": 0.4679493000000008
}