{
    "Agent": {
        "total": 0.14672989999871788
    },
    "Env": {
        "apply_act": 0.17893940000112707,
        "observation_computation": 0.09298140000214516,
        "powerflow_computation": 0.08325230000218653,
        "total": 0.35517310000545876
    },
    "total": 0.5869331999999758
}