{
    "Agent": {
        "total": 0.005609400000139431
    },
    "Env": {
        "apply_act": 0.06508290000022043,
        "observation_computation": 0.046731299999692055,
        "powerflow_computation": 0.042682400000160214,
        "total": 0.1544966000000727
    },
    "total": 0.20373869999997396
}