{
    "Agent": {
        "total": 0.0638292000007823
    },
    "Env": {
        "apply_act": 0.1476726000000781,
        "observation_computation": 0.0288974000008011,
        "powerflow_computation": 0.025534600000469254,
        "total": 0.20210460000134844
    },
    "total": 0.2944047999999384
}