{
    "Agent": {
        "total": 0.05610980000142263
    },
    "Env": {
        "apply_act": 0.07368610000185072,
        "observation_computation": 0.028000700001257428,
        "powerflow_computation": 0.024931699997978285,
        "total": 0.12661850000108643
    },
    "total": 0.209729599999946
}