{
    "Agent": {
        "total": 0.1648347000002559
    },
    "Env": {
        "apply_act": 0.3535062000003393,
        "observation_computation": 0.26004580000028454,
        "powerflow_computation": 0.2216798000007998,
        "total": 0.8352318000014236
    },
    "total": 1.240830299999999
}