{
    "Agent": {
        "total": 0.05045969999969202
    },
    "Env": {
        "apply_act": 0.09778400000016063,
        "observation_computation": 0.021367600000303355,
        "powerflow_computation": 0.017769299999827126,
        "total": 0.1369209000002911
    },
    "total": 0.20751580000001013
}