{
    "Agent": {
        "total": 0.1209283999995705
    },
    "Env": {
        "apply_act": 0.2445361000009143,
        "observation_computation": 0.05457169999965572,
        "powerflow_computation": 0.051736600000367616,
        "total": 0.35084440000093764
    },
    "total": 0.5236793999999918
}