{
    "Agent": {
        "total": 0.0035273000000870525
    },
    "Env": {
        "apply_act": 0.03952529999997978,
        "observation_computation": 0.029586999999978048,
        "powerflow_computation": 0.024609500000025264,
        "total": 0.09372179999998309
    },
    "total": 0.12290610000000868
}