{
    "Agent": {
        "total": 0.09671959839761257
    },
    "Env": {
        "apply_act": 0.10494610015302896,
        "observation_computation": 0.053364501567557454,
        "powerflow_computation": 0.05316549865528941,
        "total": 0.21147610037587583
    },
    "total": 0.35790139995515347
}