{
    "Agent": {
        "total": 0.267801499999905
    },
    "Env": {
        "apply_act": 0.4570319999977528,
        "observation_computation": 0.1275866999972095,
        "powerflow_computation": 0.09895030000120641,
        "total": 0.6835689999961687
    },
    "total": 1.0644363999999769
}