{
    "Agent": {
        "total": 0.009473699999659857
    },
    "Env": {
        "apply_act": 0.10399259999991273,
        "observation_computation": 0.07056770000019696,
        "powerflow_computation": 0.06203359999994973,
        "total": 0.23659390000005942
    },
    "total": 0.31414100000000644
}