{
    "Agent": {
        "total": 0.09712760000411436
    },
    "Env": {
        "apply_act": 0.4630116000043927,
        "observation_computation": 0.09417969999867637,
        "powerflow_computation": 0.08233810000137964,
        "total": 0.6395294000044487
    },
    "total": 0.820537399999921
}