{
    "Agent": {
        "total": 0.0023586000000008767
    },
    "Env": {
        "apply_act": 0.02703800000000456,
        "observation_computation": 0.01998140000001314,
        "powerflow_computation": 0.016760199999986014,
        "total": 0.06377960000000371
    },
    "total": 0.08447660000000212
}