{
    "Agent": {
        "total": 0.004102200000176026
    },
    "Env": {
        "apply_act": 0.04758459999993647,
        "observation_computation": 0.03320630000015967,
        "powerflow_computation": 0.02891820000004941,
        "total": 0.10970910000014555
    },
    "total": 0.1451547000000062
}