{
    "Agent": {
        "total": 0.20055799989495426
    },
    "Env": {
        "apply_act": 0.48749250010587275,
        "observation_computation": 0.08626910010934807,
        "powerflow_computation": 0.08401300007244572,
        "total": 0.6577746002876665
    },
    "total": 0.9429095000086818
}