{
    "Agent": {
        "total": 0.022536599999511964
    },
    "Env": {
        "apply_act": 0.2474141000007819,
        "observation_computation": 0.1859985999998628,
        "powerflow_computation": 0.14981209999984912,
        "total": 0.5832248000004938
    },
    "total": 0.7745752000000152
}