{
    "Agent": {
        "total": 0.2192179999997279
    },
    "Env": {
        "apply_act": 0.6516957999956503,
        "observation_computation": 0.11430879999261379,
        "powerflow_computation": 0.10031039999967106,
        "total": 0.8663149999879352
    },
    "total": 1.1892691000002742
}