{
    "Agent": {
        "total": 0.06412649998674169
    },
    "Env": {
        "apply_act": 0.28740130009828135,
        "observation_computation": 0.03836769994813949,
        "powerflow_computation": 0.033111299941083416,
        "total": 0.35888029998750426
    },
    "total": 0.45767639999394305
}