{
    "Agent": {
        "total": 0.09783269999991262
    },
    "Env": {
        "apply_act": 0.21261639999988802,
        "observation_computation": 0.043242499999450956,
        "powerflow_computation": 0.03401569999994081,
        "total": 0.2898745999992798
    },
    "total": 0.42456529999992654
}