{
    "Agent": {
        "total": 0.08032759965863079
    },
    "Env": {
        "apply_act": 0.2979078997159377,
        "observation_computation": 0.05511489859782159,
        "powerflow_computation": 0.05215570074506104,
        "total": 0.4051784990588203
    },
    "total": 0.5387442000210285
}