{
    "Agent": {
        "total": 0.006837499677203596
    },
    "Env": {
        "apply_act": 0.013211800018325448,
        "observation_computation": 0.002247400116175413,
        "powerflow_computation": 0.003644200274720788,
        "total": 0.01910340040922165
    },
    "total": 0.029052300029434264
}