{
    "Agent": {
        "total": 0.2201359999971828
    },
    "Env": {
        "apply_act": 0.6599488999991081,
        "observation_computation": 0.09971700000096462,
        "powerflow_computation": 0.09433769999850483,
        "total": 0.8540035999985776
    },
    "total": 1.1725478999996994
}