{
    "Agent": {
        "total": 0.45267739999667356
    },
    "Env": {
        "apply_act": 0.9404243000001316,
        "observation_computation": 0.23390839999751734,
        "powerflow_computation": 0.22161480000113443,
        "total": 1.3959474999987833
    },
    "total": 2.0636621999999534
}