{
    "Agent": {
        "total": 0.3601044999984424
    },
    "Env": {
        "apply_act": 0.4439406999986204,
        "observation_computation": 0.17374540000105299,
        "powerflow_computation": 0.1465696999996453,
        "total": 0.7642557999993187
    },
    "total": 1.2860192000000552
}