{
    "Agent": {
        "total": 0.9390943003818393
    },
    "Env": {
        "apply_act": 1.4010922994930297,
        "observation_computation": 0.6156129986047745,
        "powerflow_computation": 0.5361010008491576,
        "total": 2.5528062989469618
    },
    "total": 4.035791399888694
}