{
    "Agent": {
        "total": 0.01711630000008313
    },
    "Env": {
        "apply_act": 0.19160679999995978,
        "observation_computation": 0.13224250000008908,
        "powerflow_computation": 0.10601750000009247,
        "total": 0.4298668000001413
    },
    "total": 0.5676912999999928
}