{
    "Agent": {
        "total": 0.06490560132078826
    },
    "Env": {
        "apply_act": 0.17333399935159832,
        "observation_computation": 0.030578801408410072,
        "powerflow_computation": 0.02599640015978366,
        "total": 0.22990920091979206
    },
    "total": 0.3253494000528008
}