{
    "Agent": {
        "total": 0.01000329980161041
    },
    "Env": {
        "apply_act": 0.032009299960918725,
        "observation_computation": 0.00619279989041388,
        "powerflow_computation": 0.005927000194787979,
        "total": 0.044129100046120584
    },
    "total": 0.06079769995994866
}