{
    "Agent": {
        "total": 0.5507041995879263
    },
    "Env": {
        "apply_act": 1.223594996961765,
        "observation_computation": 0.2655722019262612,
        "powerflow_computation": 0.23712720384355634,
        "total": 1.7262944027315825
    },
    "total": 2.5340092999394983
}