{
    "Agent": {
        "total": 0.34211689999938244
    },
    "Env": {
        "apply_act": 0.7080348999993475,
        "observation_computation": 0.17488809999940713,
        "powerflow_computation": 0.15516429999968295,
        "total": 1.0380872999984376
    },
    "total": 1.5429010999999946
}