{
    "Agent": {
        "total": 0.19046309939585626
    },
    "Env": {
        "apply_act": 0.48312699724920094,
        "observation_computation": 0.10751799819990993,
        "powerflow_computation": 0.09763500071130693,
        "total": 0.6882799961604178
    },
    "total": 0.9761874999385327
}