{
    "Agent": {
        "total": 0.044615600374527276
    },
    "Env": {
        "apply_act": 0.18049390008673072,
        "observation_computation": 0.029904399416409433,
        "powerflow_computation": 0.032360399956814945,
        "total": 0.2427586994599551
    },
    "total": 0.31382159993518144
}