{
    "Agent": {
        "total": 0.1486951000033514
    },
    "Env": {
        "apply_act": 0.4852049000091938,
        "observation_computation": 0.06519760000537644,
        "powerflow_computation": 0.06668140000147105,
        "total": 0.6170839000160413
    },
    "total": 0.8374257000004945
}