{
    "Agent": {
        "total": 0.2219413003185764
    },
    "Env": {
        "apply_act": 0.8569153003045358,
        "observation_computation": 0.20079869986511767,
        "powerflow_computation": 0.16979229944990948,
        "total": 1.227506299619563
    },
    "total": 1.6271316999918781
}