{
    "Agent": {
        "total": 0.11937379999812947
    },
    "Env": {
        "apply_act": 0.20000500000151078,
        "observation_computation": 0.058549699999730365,
        "powerflow_computation": 0.054034799998134986,
        "total": 0.31258949999937613
    },
    "total": 0.4841550000001007
}