{
    "Agent": {
        "total": 0.032620299999052804
    },
    "Env": {
        "apply_act": 0.027324999998199928,
        "observation_computation": 0.015832100001034632,
        "powerflow_computation": 0.014339199998858021,
        "total": 0.05749629999809258
    },
    "total": 0.10526110000000699
}