{
    "Agent": {
        "total": 0.008261499999207444
    },
    "Env": {
        "apply_act": 0.009837399999923946,
        "observation_computation": 0.004818599999907747,
        "powerflow_computation": 0.006774800000130199,
        "total": 0.02143079999996189
    },
    "total": 0.034256899999945745
}