{
    "Agent": {
        "total": 0.2958014000005278
    },
    "Env": {
        "apply_act": 1.6715461000057985,
        "observation_computation": 0.2938956999942093,
        "powerflow_computation": 0.24876649999896472,
        "total": 2.2142082999989725
    },
    "total": 2.7685899999996764
}