{
    "Agent": {
        "total": 0.1139927000017451
    },
    "Env": {
        "apply_act": 0.23398190000148134,
        "observation_computation": 0.07863330000122914,
        "powerflow_computation": 0.06736469999987094,
        "total": 0.3799799000025814
    },
    "total": 0.5640290999999706
}