{
    "Agent": {
        "total": 0.1459209000458941
    },
    "Env": {
        "apply_act": 0.6551950000139186,
        "observation_computation": 0.1349033999722451,
        "powerflow_computation": 0.12097370010451414,
        "total": 0.9110721000906778
    },
    "total": 1.1762273000058485
}