{
    "Agent": {
        "total": 0.07472390000020823
    },
    "Env": {
        "apply_act": 0.2815626999986307,
        "observation_computation": 0.044788700002300175,
        "powerflow_computation": 0.04441200000246681,
        "total": 0.3707634000033977
    },
    "total": 0.4868396000001667
}