{
    "Agent": {
        "total": 0.055560300359502435
    },
    "Env": {
        "apply_act": 0.30508750083390623,
        "observation_computation": 0.024704599869437516,
        "powerflow_computation": 0.021091899601742625,
        "total": 0.3508840003050864
    },
    "total": 0.43094670004211366
}