{
    "Agent": {
        "total": 0.20533099999647675
    },
    "Env": {
        "apply_act": 0.5280502999967212,
        "observation_computation": 0.0821674999933748,
        "powerflow_computation": 0.07228829999166919,
        "total": 0.6825060999817651
    },
    "total": 0.9679693999996744
}