{
    "Agent": {
        "total": 0.031051100000581755
    },
    "Env": {
        "apply_act": 0.33839010000016856,
        "observation_computation": 0.2466524999998967,
        "powerflow_computation": 0.20274550000019076,
        "total": 0.787788100000256
    },
    "total": 1.0477841000000012
}