{
    "Agent": {
        "total": 0.04889180000145643
    },
    "Env": {
        "apply_act": 0.14592680000077962,
        "observation_computation": 0.02087480000091091,
        "powerflow_computation": 0.023625099996934296,
        "total": 0.19042669999862483
    },
    "total": 0.25918659999979354
}