{
    "Agent": {
        "total": 0.06751070000063919
    },
    "Env": {
        "apply_act": 0.14989050000031057,
        "observation_computation": 0.03205540000021756,
        "powerflow_computation": 0.027366300000267074,
        "total": 0.2093122000007952
    },
    "total": 0.3079096000000163
}