{
    "Agent": {
        "total": 0.047497300896793604
    },
    "Env": {
        "apply_act": 0.1481317998841405,
        "observation_computation": 0.022986800991930068,
        "powerflow_computation": 0.02310980053152889,
        "total": 0.19422840140759945
    },
    "total": 0.2645681999856606
}