{
    "Agent": {
        "total": 0.7325166999976318
    },
    "Env": {
        "apply_act": 0.7859498000009353,
        "observation_computation": 0.4716087999950105,
        "powerflow_computation": 0.41177369999877556,
        "total": 1.6693322999947213
    },
    "total": 2.81708239999989
}