{
    "Agent": {
        "total": 0.011747501092031598
    },
    "Env": {
        "apply_act": 0.021135400515049696,
        "observation_computation": 0.0078173007350415,
        "powerflow_computation": 0.007219499442726374,
        "total": 0.03617220069281757
    },
    "total": 0.05562369991093874
}