{
    "Agent": {
        "total": 0.5198322997312061
    },
    "Env": {
        "apply_act": 1.6751502002298366,
        "observation_computation": 0.2867544997425284,
        "powerflow_computation": 0.24321950020384975,
        "total": 2.205124200176215
    },
    "total": 2.9836215999966953
}