{
    "Agent": {
        "total": 0.20712570000432606
    },
    "Env": {
        "apply_act": 0.8477797999903487,
        "observation_computation": 0.13996189999397757,
        "powerflow_computation": 0.11509060000480531,
        "total": 1.1028322999891316
    },
    "total": 1.4296801000000414
}