{
    "Agent": {
        "total": 0.08904439909383655
    },
    "Env": {
        "apply_act": 0.25712480023503304,
        "observation_computation": 0.05844790139235556,
        "powerflow_computation": 0.05378689966164529,
        "total": 0.3693596012890339
    },
    "total": 0.5105614999774843
}