{
    "Agent": {
        "total": 0.05677830000058748
    },
    "Env": {
        "apply_act": 0.16178320004837587,
        "observation_computation": 0.024838699959218502,
        "powerflow_computation": 0.021107599983224645,
        "total": 0.20772949999081902
    },
    "total": 0.2896994999900926
}