{
    "Agent": {
        "total": 0.48833550000654213
    },
    "Env": {
        "apply_act": 1.2112198000022545,
        "observation_computation": 0.21212380000224584,
        "powerflow_computation": 0.18474690000311966,
        "total": 1.60809050000762
    },
    "total": 2.2968227999999726
}