{
    "Agent": {
        "total": 0.019168799743056297
    },
    "Env": {
        "apply_act": 0.058937101159244776,
        "observation_computation": 0.013362498488277197,
        "powerflow_computation": 0.01151740038767457,
        "total": 0.08381700003519654
    },
    "total": 0.11678800010122359
}