{
    "Agent": {
        "total": 0.10618669999939812
    },
    "Env": {
        "apply_act": 0.2125174999998194,
        "observation_computation": 0.03736959999946521,
        "powerflow_computation": 0.03576339999989386,
        "total": 0.28565049999917846
    },
    "total": 0.4296932999999967
}