{
    "Agent": {
        "total": 0.050580099457874894
    },
    "Env": {
        "apply_act": 0.1436633999692276,
        "observation_computation": 0.020948900491930544,
        "powerflow_computation": 0.01945929927751422,
        "total": 0.18407159973867238
    },
    "total": 0.2556281000142917
}