{
    "Agent": {
        "total": 0.0653585999993993
    },
    "Env": {
        "apply_act": 0.06901519999973971,
        "observation_computation": 0.04061520000004748,
        "powerflow_computation": 0.035213700000213066,
        "total": 0.14484410000000025
    },
    "total": 0.24753480000003947
}