{
    "Agent": {
        "total": 0.11080670000046666
    },
    "Env": {
        "apply_act": 0.09699889999819788,
        "observation_computation": 0.053482700000131445,
        "powerflow_computation": 0.04552300000000287,
        "total": 0.1960045999983322
    },
    "total": 0.35861389999990934
}