{
    "Agent": {
        "total": 0.08541239990154281
    },
    "Env": {
        "apply_act": 0.31139880005503073,
        "observation_computation": 0.05294509988743812,
        "powerflow_computation": 0.04585809994023293,
        "total": 0.4102019998827018
    },
    "total": 0.5449679000012111
}