{
    "Agent": {
        "total": 0.4001971984980628
    },
    "Env": {
        "apply_act": 0.8812275005038828,
        "observation_computation": 0.24963959900196642,
        "powerflow_computation": 0.22129329992458224,
        "total": 1.3521603994304314
    },
    "total": 1.9745623000198975
}