{
    "Agent": {
        "total": 0.0607772000003024
    },
    "Env": {
        "apply_act": 0.1946371999998746,
        "observation_computation": 0.03176699999983157,
        "powerflow_computation": 0.028256700000156343,
        "total": 0.2546608999998625
    },
    "total": 0.34597530000007737
}