{
    "Agent": {
        "total": 0.02014019999995753
    },
    "Env": {
        "apply_act": 0.039041199999985565,
        "observation_computation": 0.00824210000007497,
        "powerflow_computation": 0.007016000000078293,
        "total": 0.05429930000013883
    },
    "total": 0.0836016000000086
}