{
    "Agent": {
        "total": 0.08284679999974287
    },
    "Env": {
        "apply_act": 0.10643389999790998,
        "observation_computation": 0.03836640000076841,
        "powerflow_computation": 0.03536739999958627,
        "total": 0.18016769999826465
    },
    "total": 0.3009256999998797
}