{
    "Agent": {
        "total": 0.22774380000055316
    },
    "Env": {
        "apply_act": 0.3608080000008158,
        "observation_computation": 0.14623630000187404,
        "powerflow_computation": 0.1252408000025298,
        "total": 0.6322851000052196
    },
    "total": 0.9903558999999404
}