{
    "Agent": {
        "total": 0.261498799999913
    },
    "Env": {
        "apply_act": 0.5670870000003561,
        "observation_computation": 0.12368870000125298,
        "powerflow_computation": 0.1111233000010543,
        "total": 0.8018990000026633
    },
    "total": 1.1893651000000318
}