{
    "Agent": {
        "total": 0.1383587000013904
    },
    "Env": {
        "apply_act": 0.14551860000119632,
        "observation_computation": 0.06956219999506175,
        "powerflow_computation": 0.06442210000136583,
        "total": 0.2795028999976239
    },
    "total": 0.4849753999999393
}