{
    "Agent": {
        "total": 0.012709400000403548
    },
    "Env": {
        "apply_act": 0.03484080000089307,
        "observation_computation": 0.008253399999375688,
        "powerflow_computation": 0.0076110000002245215,
        "total": 0.05070520000049328
    },
    "total": 0.07198459999995066
}