{
    "Agent": {
        "total": 0.01966679946053773
    },
    "Env": {
        "apply_act": 0.047202499699778855,
        "observation_computation": 0.0075125000439584255,
        "powerflow_computation": 0.006932399817742407,
        "total": 0.06164739956147969
    },
    "total": 0.08951279998291284
}