{
    "Agent": {
        "total": 0.03809080000200993
    },
    "Env": {
        "apply_act": 0.13014029999840204,
        "observation_computation": 0.03213599999889993,
        "powerflow_computation": 0.027782700000443583,
        "total": 0.19005899999774556
    },
    "total": 0.25702540000020235
}