{
    "Agent": {
        "total": 0.04327099921647459
    },
    "Env": {
        "apply_act": 0.13911630026996136,
        "observation_computation": 0.027542700059711933,
        "powerflow_computation": 0.029740200378000736,
        "total": 0.19639920070767403
    },
    "total": 0.2664896999485791
}