{
    "Agent": {
        "total": 0.2553017034661025
    },
    "Env": {
        "apply_act": 1.1371305016800761,
        "observation_computation": 0.18946109688840806,
        "powerflow_computation": 0.16484910063445568,
        "total": 1.4914406992029399
    },
    "total": 1.92360659991391
}