{
    "Agent": {
        "total": 0.13716149999982008
    },
    "Env": {
        "apply_act": 0.3917065999995657,
        "observation_computation": 0.07079669999990301,
        "powerflow_computation": 0.06240270000051851,
        "total": 0.5249059999999872
    },
    "total": 0.7303973999999585
}