{
    "Agent": {
        "total": 0.0011796000000003914
    },
    "Env": {
        "apply_act": 0.0,
        "observation_computation": 0.0,
        "powerflow_computation": 0.0,
        "total": 0.0
    },
    "total": 0.003334699999982149
}