{
    "Agent": {
        "total": 0.02448309999999765
    },
    "Env": {
        "apply_act": 0.02080969999951776,
        "observation_computation": 0.012300199999799588,
        "powerflow_computation": 0.01207250000015847,
        "total": 0.04518239999947582
    },
    "total": 0.0817490000001726
}