{
    "Agent": {
        "total": 0.06642660000079559
    },
    "Env": {
        "apply_act": 0.733010900000238,
        "observation_computation": 0.5178023000005396,
        "powerflow_computation": 0.43412839999922426,
        "total": 1.684941600000002
    },
    "total": 2.325988499999994
}