{
    "Agent": {
        "total": 0.021643099999948845
    },
    "Env": {
        "apply_act": 0.23799049999956878,
        "observation_computation": 0.17121339999971497,
        "powerflow_computation": 0.1456097999999031,
        "total": 0.5548136999991868
    },
    "total": 0.7419553999999948
}