{
    "Agent": {
        "total": 0.03539700000033008
    },
    "Env": {
        "apply_act": 0.06955239999967944,
        "observation_computation": 0.016126399999848218,
        "powerflow_computation": 0.013860200000181067,
        "total": 0.09953899999970872
    },
    "total": 0.15026829999999336
}