{
    "Agent": {
        "total": 0.39167649999853893
    },
    "Env": {
        "apply_act": 2.450606900006278,
        "observation_computation": 0.40983780000669867,
        "powerflow_computation": 0.36346339998362964,
        "total": 3.2239080999966063
    },
    "total": 3.983744300000126
}