{
    "Agent": {
        "total": 0.1136170004028827
    },
    "Env": {
        "apply_act": 0.2893830001121387,
        "observation_computation": 0.0636781994253397,
        "powerflow_computation": 0.05643259978387505,
        "total": 0.40949379932135344
    },
    "total": 0.5801223999587819
}