{
    "Agent": {
        "total": 0.007303499383851886
    },
    "Env": {
        "apply_act": 0.017179499845951796,
        "observation_computation": 0.0032209993805736303,
        "powerflow_computation": 0.0032384006772190332,
        "total": 0.02363889990374446
    },
    "total": 0.03440140001475811
}