{
    "Agent": {
        "total": 0.09459119999769428
    },
    "Env": {
        "apply_act": 0.47026089999781107,
        "observation_computation": 0.0709430000026714,
        "powerflow_computation": 0.06263529999955608,
        "total": 0.6038392000000385
    },
    "total": 0.7665863000001991
}