{
    "Agent": {
        "total": 0.36770449933828786
    },
    "Env": {
        "apply_act": 1.0273064003849868,
        "observation_computation": 0.16982150071999058,
        "powerflow_computation": 0.14913109995541163,
        "total": 1.346259001060389
    },
    "total": 1.8765368000022136
}