{
    "Agent": {
        "total": 3.0598188003059477
    },
    "Env": {
        "apply_act": 0.8753608001861721,
        "observation_computation": 0.19893219973891973,
        "powerflow_computation": 0.15648940030951053,
        "total": 1.2307824002346024
    },
    "total": 4.442497099982575
}