{
    "Agent": {
        "total": 0.051427098689600825
    },
    "Env": {
        "apply_act": 0.11304990074131638,
        "observation_computation": 0.02668479981366545,
        "powerflow_computation": 0.02520509937312454,
        "total": 0.16493979992810637
    },
    "total": 0.24116159998811781
}