{
    "Agent": {
        "total": 0.0010465001687407494
    },
    "Env": {
        "apply_act": 0.0,
        "observation_computation": 0.0,
        "powerflow_computation": 0.0,
        "total": 0.0
    },
    "total": 0.003319900017231703
}