{
    "Agent": {
        "total": 0.6323845998267643
    },
    "Env": {
        "apply_act": 0.14258379992679693,
        "observation_computation": 0.05344859990873374,
        "powerflow_computation": 0.05568429981940426,
        "total": 0.25171669965493493
    },
    "total": 0.9454041999997571
}