{
    "Agent": {
        "total": 0.04891929973382503
    },
    "Env": {
        "apply_act": 0.1912144006928429,
        "observation_computation": 0.035488599562086165,
        "powerflow_computation": 0.03207049984484911,
        "total": 0.2587735000997782
    },
    "total": 0.3413756999652833
}