{
    "Agent": {
        "total": 0.10755009949207306
    },
    "Env": {
        "apply_act": 0.2879548005294055,
        "observation_computation": 0.06442009913735092,
        "powerflow_computation": 0.05670350126456469,
        "total": 0.4090784009313211
    },
    "total": 0.5759580000303686
}