{
    "Agent": {
        "total": 0.005222399999979643
    },
    "Env": {
        "apply_act": 0.05965429999992011,
        "observation_computation": 0.04262189999994348,
        "powerflow_computation": 0.038499700000102166,
        "total": 0.14077589999996576
    },
    "total": 0.1851192000000026
}