{
    "Agent": {
        "total": 0.02909230000068419
    },
    "Env": {
        "apply_act": 0.09456810000028781,
        "observation_computation": 0.016810599999189435,
        "powerflow_computation": 0.015314300000227377,
        "total": 0.12669299999970463
    },
    "total": 0.17188600000008591
}