{
    "Agent": {
        "total": 0.08066059999691788
    },
    "Env": {
        "apply_act": 0.22876179997547297,
        "observation_computation": 0.03896330008137738,
        "powerflow_computation": 0.0332745999112376,
        "total": 0.30099969996808795
    },
    "total": 0.4199134000009508
}