{
    "Agent": {
        "total": 0.4001032000030591
    },
    "Env": {
        "apply_act": 0.4285634999994272,
        "observation_computation": 0.2639513000021907,
        "powerflow_computation": 0.2190468000023884,
        "total": 0.9115616000040063
    },
    "total": 1.5452761999999893
}