{
    "Agent": {
        "total": 0.12247700002626516
    },
    "Env": {
        "apply_act": 0.34101120015839115,
        "observation_computation": 0.05201590005890466,
        "powerflow_computation": 0.04906439973274246,
        "total": 0.44209149995003827
    },
    "total": 0.6151482000132091
}