{
    "Agent": {
        "total": 0.38270229706540704
    },
    "Env": {
        "apply_act": 0.6733401000965387,
        "observation_computation": 0.2538685011677444,
        "powerflow_computation": 0.21202070242725313,
        "total": 1.1392293036915362
    },
    "total": 1.7466003999579698
}