{
    "Agent": {
        "total": 0.02652969933114946
    },
    "Env": {
        "apply_act": 0.09827939956448972,
        "observation_computation": 0.01805120101198554,
        "powerflow_computation": 0.01638969941996038,
        "total": 0.13272029999643564
    },
    "total": 0.17662190017290413
}