{
    "Agent": {
        "total": 0.6988208999974859
    },
    "Env": {
        "apply_act": 0.8086793000012449,
        "observation_computation": 0.3461176999995814,
        "powerflow_computation": 0.31136859999946864,
        "total": 1.466165600000295
    },
    "total": 2.488601199999948
}