{
    "Agent": {
        "total": 0.49744390044361353
    },
    "Env": {
        "apply_act": 1.4126178994774818,
        "observation_computation": 0.3164369985461235,
        "powerflow_computation": 0.2756833990570158,
        "total": 2.004738297080621
    },
    "total": 2.7797488999785855
}