{
    "Agent": {
        "total": 0.2788786997552961
    },
    "Env": {
        "apply_act": 0.6685759974643588,
        "observation_computation": 0.09852459991816431,
        "powerflow_computation": 0.08813370065763593,
        "total": 0.855234298040159
    },
    "total": 1.227800799999386
}