{
    "Agent": {
        "total": 2.3102734999911263
    },
    "Env": {
        "apply_act": 2.956829900007051,
        "observation_computation": 1.093077099997572,
        "powerflow_computation": 0.9574151999947844,
        "total": 5.0073221999994075
    },
    "total": 8.38024449999989
}