{
    "Agent": {
        "total": 0.03857899981085211
    },
    "Env": {
        "apply_act": 0.07895230036228895,
        "observation_computation": 0.01752460072748363,
        "powerflow_computation": 0.015216899453662336,
        "total": 0.11169380054343492
    },
    "total": 0.1676238999934867
}