{
    "Agent": {
        "total": 0.062464199997521064
    },
    "Env": {
        "apply_act": 0.17394379999950615,
        "observation_computation": 0.0265800000015588,
        "powerflow_computation": 0.025629900000240013,
        "total": 0.22615370000130497
    },
    "total": 0.3158733999998731
}