{
    "Agent": {
        "total": 0.7500269999979992
    },
    "Env": {
        "apply_act": 1.4774327000018275,
        "observation_computation": 0.4493386999982931,
        "powerflow_computation": 0.37200499999812564,
        "total": 2.2987763999982462
    },
    "total": 3.4447053999999753
}