{
    "Agent": {
        "total": 0.08152749999817388
    },
    "Env": {
        "apply_act": 0.2961056000017379,
        "observation_computation": 0.04715629999918747,
        "powerflow_computation": 0.040693599998576246,
        "total": 0.3839554999995016
    },
    "total": 0.5092848999997841
}