{
    "Agent": {
        "total": 0.01001730002462864
    },
    "Env": {
        "apply_act": 0.03309859975706786,
        "observation_computation": 0.006908899988047779,
        "powerflow_computation": 0.0057251001708209515,
        "total": 0.04573259991593659
    },
    "total": 0.06316240003798157
}