{
    "Agent": {
        "total": 1.1007893999993712
    },
    "Env": {
        "apply_act": 1.4641469999987748,
        "observation_computation": 0.5232755000027964,
        "powerflow_computation": 0.47427179999874625,
        "total": 2.4616943000003175
    },
    "total": 4.06493039999998
}