{
    "Agent": {
        "total": 1.1098890999992364
    },
    "Env": {
        "apply_act": 2.950615299999299,
        "observation_computation": 0.5175406999946972,
        "powerflow_computation": 0.42806719999771303,
        "total": 3.8962231999917094
    },
    "total": 5.460614599999644
}