{
    "Agent": {
        "total": 0.06282880017533898
    },
    "Env": {
        "apply_act": 0.1418525002663955,
        "observation_computation": 0.025502698495984077,
        "powerflow_computation": 0.021340800100006163,
        "total": 0.18869599886238575
    },
    "total": 0.2768722999608144
}