{
    "Agent": {
        "total": 0.06141460000060306
    },
    "Env": {
        "apply_act": 0.12375430000008691,
        "observation_computation": 0.02590330000020913,
        "powerflow_computation": 0.026400899999771354,
        "total": 0.1760585000000674
    },
    "total": 0.2645004999999401
}