{
    "Agent": {
        "total": 0.06373260030522943
    },
    "Env": {
        "apply_act": 0.2469883009325713,
        "observation_computation": 0.04379399982281029,
        "powerflow_computation": 0.03720319992862642,
        "total": 0.327985500684008
    },
    "total": 0.4335789999458939
}