{
    "Agent": {
        "total": 0.271459104726091
    },
    "Env": {
        "apply_act": 0.5057832980528474,
        "observation_computation": 0.13281900295987725,
        "powerflow_computation": 0.11412610160186887,
        "total": 0.7527284026145935
    },
    "total": 1.151062099961564
}