{
    "Agent": {
        "total": 0.029408000000216816
    },
    "Env": {
        "apply_act": 0.05140849999986585,
        "observation_computation": 0.009867899999790097,
        "powerflow_computation": 0.009475300000531206,
        "total": 0.07075170000018716
    },
    "total": 0.11210180000000491
}