{
    "Agent": {
        "total": 0.12201229999982388
    },
    "Env": {
        "apply_act": 0.48621140000022933,
        "observation_computation": 0.12077549999867188,
        "powerflow_computation": 0.10211929999968561,
        "total": 0.7091061999985868
    },
    "total": 0.9378879999999299
}