{
    "Agent": {
        "total": 0.008872499223798513
    },
    "Env": {
        "apply_act": 0.017738899448886514,
        "observation_computation": 0.00431170011870563,
        "powerflow_computation": 0.0036071999929845333,
        "total": 0.025657799560576677
    },
    "total": 0.039529000176116824
}