{
    "Agent": {
        "total": 0.03481350000947714
    },
    "Env": {
        "apply_act": 0.08346030092798173,
        "observation_computation": 0.015505499904975295,
        "powerflow_computation": 0.01332539995200932,
        "total": 0.11229120078496635
    },
    "total": 0.16306060017086565
}