{
    "Agent": {
        "total": 0.14284000000043306
    },
    "Env": {
        "apply_act": 0.3307502999996359,
        "observation_computation": 0.09154009999838308,
        "powerflow_computation": 0.0893311999989237,
        "total": 0.5116215999969427
    },
    "total": 0.7365159999999378
}