{
    "Agent": {
        "total": 0.021607199998925353
    },
    "Env": {
        "apply_act": 0.06506969999827561,
        "observation_computation": 0.01493340000047283,
        "powerflow_computation": 0.0130333999998129,
        "total": 0.09303649999856134
    },
    "total": 0.12896870000008676
}