{
    "Agent": {
        "total": 0.02160359953995794
    },
    "Env": {
        "apply_act": 0.06381790025625378,
        "observation_computation": 0.014458100078627467,
        "powerflow_computation": 0.011631000554189086,
        "total": 0.08990700088907033
    },
    "total": 0.12742170004639775
}