{
    "Agent": {
        "total": 0.5658596999985548
    },
    "Env": {
        "apply_act": 0.5994360000020151,
        "observation_computation": 0.35353240000313235,
        "powerflow_computation": 0.3433839000035732,
        "total": 1.2963523000087207
    },
    "total": 2.1724642000001495
}