{
    "Agent": {
        "total": 0.025284700066549703
    },
    "Env": {
        "apply_act": 0.05703420002828352,
        "observation_computation": 0.011172200058354065,
        "powerflow_computation": 0.011432900093495846,
        "total": 0.07963930018013343
    },
    "total": 0.1159985999984201
}