{
    "Agent": {
        "total": 0.011083000000326138
    },
    "Env": {
        "apply_act": 0.1263223999997365,
        "observation_computation": 0.09059009999992895,
        "powerflow_computation": 0.07730660000044054,
        "total": 0.294219100000106
    },
    "total": 0.390986799999979
}