{
    "Agent": {
        "total": 0.12289269897155464
    },
    "Env": {
        "apply_act": 0.42794580035842955,
        "observation_computation": 0.08884280151687562,
        "powerflow_computation": 0.08012989873532206,
        "total": 0.5969185006106272
    },
    "total": 0.807847399963066
}