{
    "Agent": {
        "total": 0.17010960076004267
    },
    "Env": {
        "apply_act": 0.4368434001225978,
        "observation_computation": 0.09752219798974693,
        "powerflow_computation": 0.0862243000883609,
        "total": 0.6205898982007056
    },
    "total": 0.8797687001060694
}