{
    "Agent": {
        "total": 0.007249100000052522
    },
    "Env": {
        "apply_act": 0.07343090000017582,
        "observation_computation": 0.05087550000001784,
        "powerflow_computation": 0.04680159999983857,
        "total": 0.17110800000003223
    },
    "total": 0.22602750000001492
}