{
    "Agent": {
        "total": 0.18374550000010004
    },
    "Env": {
        "apply_act": 0.3804060999992771,
        "observation_computation": 0.08053880000159097,
        "powerflow_computation": 0.0702618999994229,
        "total": 0.531206800000291
    },
    "total": 0.7916956999999911
}