{
    "Agent": {
        "total": 0.00793719943612814
    },
    "Env": {
        "apply_act": 0.014470400288701057,
        "observation_computation": 0.00524110090918839,
        "powerflow_computation": 0.005771699594333768,
        "total": 0.025483200792223215
    },
    "total": 0.038648500107228756
}