{
    "Agent": {
        "total": 0.06166409974684939
    },
    "Env": {
        "apply_act": 0.24752450006781146,
        "observation_computation": 0.05606149969389662,
        "powerflow_computation": 0.04850779986009002,
        "total": 0.3520937996217981
    },
    "total": 0.463422900007572
}