{
    "Agent": {
        "total": 0.03750730000012936
    },
    "Env": {
        "apply_act": 0.07696389999989606,
        "observation_computation": 0.01705040000013014,
        "powerflow_computation": 0.015712600000597376,
        "total": 0.10972690000062357
    },
    "total": 0.16544390000001385
}