{
    "Agent": {
        "total": 0.05658310000012534
    },
    "Env": {
        "apply_act": 0.0587079000013091,
        "observation_computation": 0.03632429999947817,
        "powerflow_computation": 0.03133269999966615,
        "total": 0.12636490000045342
    },
    "total": 0.2155728000000181
}