{
    "Agent": {
        "total": 0.11842459999024868
    },
    "Env": {
        "apply_act": 0.2566494998172857,
        "observation_computation": 0.04526670021004975,
        "powerflow_computation": 0.03925700002582744,
        "total": 0.3411732000531629
    },
    "total": 0.5038151000044309
}