{
    "Agent": {
        "total": 0.08350270000210003
    },
    "Env": {
        "apply_act": 0.08743549999917377,
        "observation_computation": 0.05285699999967619,
        "powerflow_computation": 0.04671090000329059,
        "total": 0.18700340000214055
    },
    "total": 0.3168558999996094
}