{
    "Agent": {
        "total": 0.0009136000001035427
    },
    "Env": {
        "apply_act": 0.0,
        "observation_computation": 0.0,
        "powerflow_computation": 0.0,
        "total": 0.0
    },
    "total": 0.002295300000014322
}