{
    "Agent": {
        "total": 0.07049649977125227
    },
    "Env": {
        "apply_act": 0.33536949974950403,
        "observation_computation": 0.06279859994538128,
        "powerflow_computation": 0.05282249947777018,
        "total": 0.4509905991726555
    },
    "total": 0.5789311999687925
}