{
    "Agent": {
        "total": 0.10705489999872952
    },
    "Env": {
        "apply_act": 0.2516879999975572,
        "observation_computation": 0.05736839999735821,
        "powerflow_computation": 0.05806200000188255,
        "total": 0.36711839999679796
    },
    "total": 0.5198049999999057
}