{
    "Agent": {
        "total": 0.08384499999985451
    },
    "Env": {
        "apply_act": 0.9327003999999874,
        "observation_computation": 0.6793802000011908,
        "powerflow_computation": 0.6723728000001188,
        "total": 2.284453400001297
    },
    "total": 3.021674399999995
}