{
    "Agent": {
        "total": 0.04914050000161296
    },
    "Env": {
        "apply_act": 0.19937670000035723,
        "observation_computation": 0.04976229999874704,
        "powerflow_computation": 0.04558689999885246,
        "total": 0.29472589999795673
    },
    "total": 0.38908420000007027
}