{
    "Agent": {
        "total": 0.05722560058347881
    },
    "Env": {
        "apply_act": 0.1240053006913513,
        "observation_computation": 0.023650600342079997,
        "powerflow_computation": 0.020213300711475313,
        "total": 0.1678692017449066
    },
    "total": 0.24882300000172108
}