{
    "Agent": {
        "total": 0.7692958000029648
    },
    "Env": {
        "apply_act": 0.44038550000072973,
        "observation_computation": 0.19447680000234868,
        "powerflow_computation": 0.17133560000252146,
        "total": 0.8061979000055999
    },
    "total": 1.7580285999999887
}