{
    "Agent": {
        "total": 0.07126059999984591
    },
    "Env": {
        "apply_act": 0.17832670000001372,
        "observation_computation": 0.03152699999998276,
        "powerflow_computation": 0.02371020000015278,
        "total": 0.23356390000014926
    },
    "total": 0.334882499999992
}