{
    "Agent": {
        "total": 0.5544934999970792
    },
    "Env": {
        "apply_act": 1.2179819999955726,
        "observation_computation": 0.22259169999551887,
        "powerflow_computation": 0.17901760000131617,
        "total": 1.6195912999924076
    },
    "total": 2.397157899999911
}