{
    "Agent": {
        "total": 0.24662459985120222
    },
    "Env": {
        "apply_act": 0.6106951001565903,
        "observation_computation": 0.11290629976429045,
        "powerflow_computation": 0.09819890005746856,
        "total": 0.8218002999783494
    },
    "total": 1.1769021000072826
}