{
    "Agent": {
        "total": 0.20028400000001056
    },
    "Env": {
        "apply_act": 0.37374950000048557,
        "observation_computation": 0.0887502000018685,
        "powerflow_computation": 0.07386250000308792,
        "total": 0.536362200005442
    },
    "total": 0.828039500000159
}