{
    "Agent": {
        "total": 0.5267593062017113
    },
    "Env": {
        "apply_act": 0.29167369985952973,
        "observation_computation": 0.1522088993806392,
        "powerflow_computation": 0.1319914001505822,
        "total": 0.5758739993907511
    },
    "total": 1.246178099885583
}