{
    "Agent": {
        "total": 0.2018222999996624
    },
    "Env": {
        "apply_act": 0.35323899999877995,
        "observation_computation": 0.10205190000044695,
        "powerflow_computation": 0.09456489999877249,
        "total": 0.5498557999979994
    },
    "total": 0.8521011999999928
}