{
    "Agent": {
        "total": 0.03128100000001943
    },
    "Env": {
        "apply_act": 0.34450589999997305,
        "observation_computation": 0.24629199999996665,
        "powerflow_computation": 0.20499040000001756,
        "total": 0.7957882999999573
    },
    "total": 1.0552460999999997
}