{
    "Agent": {
        "total": 0.32791509999333357
    },
    "Env": {
        "apply_act": 0.3369702000009056,
        "observation_computation": 0.11636510000334965,
        "powerflow_computation": 0.10317569999915577,
        "total": 0.556511000003411
    },
    "total": 0.9945711000000301
}