{
    "Agent": {
        "total": 0.152011100004529
    },
    "Env": {
        "apply_act": 0.6171559999984311,
        "observation_computation": 0.10135659999832569,
        "powerflow_computation": 0.08947210000042105,
        "total": 0.8079846999971778
    },
    "total": 1.0470152999996571
}