{
    "Agent": {
        "total": 0.006023800000548363
    },
    "Env": {
        "apply_act": 0.018424099776893854,
        "observation_computation": 0.003915600129403174,
        "powerflow_computation": 0.004029500298202038,
        "total": 0.026369200204499066
    },
    "total": 0.03630939999129623
}