{
    "Agent": {
        "total": 0.06679170000046497
    },
    "Env": {
        "apply_act": 0.1435529999995424,
        "observation_computation": 0.02650749999963864,
        "powerflow_computation": 0.02348280000063596,
        "total": 0.193543299999817
    },
    "total": 0.287925400000006
}