{
    "Agent": {
        "total": 0.16794219985604286
    },
    "Env": {
        "apply_act": 0.8523942001629621,
        "observation_computation": 0.15432539995526895,
        "powerflow_computation": 0.14393520014709793,
        "total": 1.150654800265329
    },
    "total": 1.4541058999893721
}