{
    "Agent": {
        "total": 0.06692389980889857
    },
    "Env": {
        "apply_act": 0.12224429985508323,
        "observation_computation": 0.037910099839791656,
        "powerflow_computation": 0.034306299639865756,
        "total": 0.19446069933474064
    },
    "total": 0.29681369999889284
}