{
    "Agent": {
        "total": 0.706436800004667
    },
    "Env": {
        "apply_act": 1.7581981999965137,
        "observation_computation": 0.28258979999918665,
        "powerflow_computation": 0.25927010000850714,
        "total": 2.3000581000042075
    },
    "total": 3.2733281000000716
}