{
    "Agent": {
        "total": 0.17213689966592938
    },
    "Env": {
        "apply_act": 0.6203223003540188,
        "observation_computation": 0.13350109942257404,
        "powerflow_computation": 0.12792500108480453,
        "total": 0.8817484008613974
    },
    "total": 1.1792214000597596
}