{
    "Agent": {
        "total": 0.006843399999979738
    },
    "Env": {
        "apply_act": 0.019358400000101028,
        "observation_computation": 0.004897699999219185,
        "powerflow_computation": 0.0048139000000446686,
        "total": 0.02906999999936488
    },
    "total": 0.04119850000006409
}