{
    "Agent": {
        "total": 0.020154200000433775
    },
    "Env": {
        "apply_act": 0.05939399999988382,
        "observation_computation": 0.01364830000056827,
        "powerflow_computation": 0.016293799999175462,
        "total": 0.08933609999962755
    },
    "total": 0.12282810000010613
}