{
    "Agent": {
        "total": 0.055085200003304635
    },
    "Env": {
        "apply_act": 0.287805100001151,
        "observation_computation": 0.053167800002484,
        "powerflow_computation": 0.046742099998482445,
        "total": 0.38771500000211745
    },
    "total": 0.4896453000001202
}