{
    "Agent": {
        "total": 0.12331179999989672
    },
    "Env": {
        "apply_act": 0.26551599999993414,
        "observation_computation": 0.05758399999899666,
        "powerflow_computation": 0.05122630000244044,
        "total": 0.37432630000137124
    },
    "total": 0.5527177000000165
}