{
    "Agent": {
        "total": 0.22040400000105365
    },
    "Env": {
        "apply_act": 0.6468940999989172,
        "observation_computation": 0.12440600000218183,
        "powerflow_computation": 0.10654590000240205,
        "total": 0.8778460000035011
    },
    "total": 1.2100040000000263
}