{
    "Agent": {
        "total": 0.04733700165525079
    },
    "Env": {
        "apply_act": 0.10862730024382472,
        "observation_computation": 0.018514398718252778,
        "powerflow_computation": 0.015543501591309905,
        "total": 0.1426852005533874
    },
    "total": 0.20884910016320646
}