{
    "Agent": {
        "total": 0.21789440000065952
    },
    "Env": {
        "apply_act": 0.216169299997091,
        "observation_computation": 0.10139840000260847,
        "powerflow_computation": 0.09081699999956072,
        "total": 0.4083846999992602
    },
    "total": 0.7251490999999533
}