{
    "Agent": {
        "total": 0.007293199998912314
    },
    "Env": {
        "apply_act": 0.02330190000066068,
        "observation_computation": 0.005399599999691418,
        "powerflow_computation": 0.004816099999970902,
        "total": 0.033517600000323
    },
    "total": 0.046099500000082116
}