{
    "Agent": {
        "total": 0.02153370000041832
    },
    "Env": {
        "apply_act": 0.07592789999898741,
        "observation_computation": 0.012132299999848328,
        "powerflow_computation": 0.012454000001525856,
        "total": 0.1005142000003616
    },
    "total": 0.13367579999976442
}