{
    "Agent": {
        "total": 0.03296940000024051
    },
    "Env": {
        "apply_act": 0.3586192000005326,
        "observation_computation": 0.2539525999993657,
        "powerflow_computation": 0.20586049999991474,
        "total": 0.818432299999813
    },
    "total": 1.070161799999994
}