{
    "Agent": {
        "total": 0.09501579999869136
    },
    "Env": {
        "apply_act": 0.11699489999978141,
        "observation_computation": 0.04576590000192482,
        "powerflow_computation": 0.03830769999945005,
        "total": 0.20106850000115628
    },
    "total": 0.34071930000004613
}