{
    "Agent": {
        "total": 0.1014766000025702
    },
    "Env": {
        "apply_act": 0.4417229999985466,
        "observation_computation": 0.10084179999603293,
        "powerflow_computation": 0.08540720000473812,
        "total": 0.6279719999993176
    },
    "total": 0.8174621000002844
}