{
    "Agent": {
        "total": 0.05846889999952509
    },
    "Env": {
        "apply_act": 0.06559879999940676,
        "observation_computation": 0.03982400000029429,
        "powerflow_computation": 0.03403060000039204,
        "total": 0.1394534000000931
    },
    "total": 0.2341192000000092
}