{
    "Agent": {
        "total": 0.3603299000003517
    },
    "Env": {
        "apply_act": 0.4012194999968415,
        "observation_computation": 0.2331662000005963,
        "powerflow_computation": 0.20100700000239158,
        "total": 0.8353926999998293
    },
    "total": 1.4000871000000643
}