{
    "Agent": {
        "total": 0.068045800057007
    },
    "Env": {
        "apply_act": 0.25459169995156117,
        "observation_computation": 0.062003999832086265,
        "powerflow_computation": 0.05521519994363189,
        "total": 0.3718108997272793
    },
    "total": 0.4950418999942485
}