{
    "Agent": {
        "total": 0.314239200006341
    },
    "Env": {
        "apply_act": 1.4017280000011851,
        "observation_computation": 0.31429039999375163,
        "powerflow_computation": 0.27383860000054483,
        "total": 1.9898569999954816
    },
    "total": 2.5795737999997073
}