{
    "Agent": {
        "total": 0.05015169999956015
    },
    "Env": {
        "apply_act": 0.09541590000139877,
        "observation_computation": 0.025666000000683198,
        "powerflow_computation": 0.021443000000545,
        "total": 0.14252490000262696
    },
    "total": 0.21603849999996783
}