{
    "Agent": {
        "total": 0.05883960000011257
    },
    "Env": {
        "apply_act": 0.13973290000018324,
        "observation_computation": 0.024909399999955895,
        "powerflow_computation": 0.02329459999947403,
        "total": 0.18793689999961316
    },
    "total": 0.26966099999998505
}