{
    "Agent": {
        "total": 0.014492799999871409
    },
    "Env": {
        "apply_act": 0.16746040000013096,
        "observation_computation": 0.11626249999996219,
        "powerflow_computation": 0.10455750000001274,
        "total": 0.3882804000001059
    },
    "total": 0.5087209000000001
}