{
    "Agent": {
        "total": 1.0230086999990817
    },
    "Env": {
        "apply_act": 2.0220569000075557,
        "observation_computation": 0.3612586000090232,
        "powerflow_computation": 0.3140235999817378,
        "total": 2.6973390999983167
    },
    "total": 4.0493108999999095
}