{
    "Agent": {
        "total": 0.06314729999849078
    },
    "Env": {
        "apply_act": 0.17714779999960228,
        "observation_computation": 0.027163699999164237,
        "powerflow_computation": 0.022849100001167244,
        "total": 0.22716059999993377
    },
    "total": 0.31738510000013775
}