{
    "Agent": {
        "total": 0.06781399999965743
    },
    "Env": {
        "apply_act": 0.1551730999993879,
        "observation_computation": 0.026490400000284353,
        "powerflow_computation": 0.022219700000277953,
        "total": 0.2038831999999502
    },
    "total": 0.29857329999993
}