{
    "Agent": {
        "total": 0.04554170000051272
    },
    "Env": {
        "apply_act": 0.05000090000112323,
        "observation_computation": 0.03039140000032603,
        "powerflow_computation": 0.029196300000194242,
        "total": 0.1095886000016435
    },
    "total": 0.18172259999982998
}