{
    "Agent": {
        "total": 0.1650852999446215
    },
    "Env": {
        "apply_act": 0.5332112999458332,
        "observation_computation": 0.0814244000139297,
        "powerflow_computation": 0.06882879995828262,
        "total": 0.6834644999180455
    },
    "total": 0.9285347999975784
}