{
    "Agent": {
        "total": 0.3397867000006727
    },
    "Env": {
        "apply_act": 0.4518640000015921,
        "observation_computation": 0.17248110000093675,
        "powerflow_computation": 0.14610759999777656,
        "total": 0.7704527000003054
    },
    "total": 1.2748878999999533
}