{
    "Agent": {
        "total": 0.0064977004658430815
    },
    "Env": {
        "apply_act": 0.01268679928034544,
        "observation_computation": 0.002993599744513631,
        "powerflow_computation": 0.0031847001519054174,
        "total": 0.018865099176764488
    },
    "total": 0.028484799899160862
}