{
    "Agent": {
        "total": 0.004204500000014377
    },
    "Env": {
        "apply_act": 0.010224999999877582,
        "observation_computation": 0.001716399999963869,
        "powerflow_computation": 0.001406900000006317,
        "total": 0.013348299999847768
    },
    "total": 0.021172599999999875
}