{
    "Agent": {
        "total": 0.046405799803324044
    },
    "Env": {
        "apply_act": 0.11062399999354966,
        "observation_computation": 0.02234420005697757,
        "powerflow_computation": 0.017981099867029116,
        "total": 0.15094929991755635
    },
    "total": 0.21892760001355782
}