{
    "Agent": {
        "total": 0.029041300000557158
    },
    "Env": {
        "apply_act": 0.2928967999995109,
        "observation_computation": 0.21084480000104122,
        "powerflow_computation": 0.17942440000018678,
        "total": 0.6831660000007389
    },
    "total": 0.9110198999999852
}