{
    "Agent": {
        "total": 0.0529645006172359
    },
    "Env": {
        "apply_act": 0.40862470061983913,
        "observation_computation": 0.03725749964360148,
        "powerflow_computation": 0.03251630044542253,
        "total": 0.47839850070886314
    },
    "total": 0.5671510000247508
}