{
    "Agent": {
        "total": 0.0928184986114502
    },
    "Env": {
        "apply_act": 0.26771660055965185,
        "observation_computation": 0.07016939530149102,
        "powerflow_computation": 0.06385260168462992,
        "total": 0.4017385975457728
    },
    "total": 0.5609499998390675
}