{
    "Agent": {
        "total": 0.09982239999987996
    },
    "Env": {
        "apply_act": 0.21057390000021314,
        "observation_computation": 0.03810709999976325,
        "powerflow_computation": 0.03177850000008675,
        "total": 0.28045950000006314
    },
    "total": 0.4194507999999928
}