{
    "Agent": {
        "total": 0.1764343000018016
    },
    "Env": {
        "apply_act": 0.940754499997638,
        "observation_computation": 0.17642419999992853,
        "powerflow_computation": 0.14884749999646374,
        "total": 1.2660261999940303
    },
    "total": 1.597165799999857
}