{
    "Agent": {
        "total": 0.029286500000239357
    },
    "Env": {
        "apply_act": 0.07756230000029518,
        "observation_computation": 0.013278299999797127,
        "powerflow_computation": 0.012990200000217555,
        "total": 0.10383080000030986
    },
    "total": 0.1460921000000326
}