{
    "Agent": {
        "total": 0.08956620000026305
    },
    "Env": {
        "apply_act": 0.1254138000012972,
        "observation_computation": 0.046028400003478964,
        "powerflow_computation": 0.03915749999850959,
        "total": 0.21059970000328576
    },
    "total": 0.343119999999999
}