{
    "Agent": {
        "total": 0.7688140999998723
    },
    "Env": {
        "apply_act": 0.778373700015436,
        "observation_computation": 0.47646700000041164,
        "powerflow_computation": 0.3966461999980311,
        "total": 1.6514869000138788
    },
    "total": 2.8411644000002525
}