{
    "Agent": {
        "total": 0.01227779999987888
    },
    "Env": {
        "apply_act": 0.1404733000000533,
        "observation_computation": 0.09815320000038241,
        "powerflow_computation": 0.07465910000007625,
        "total": 0.313285600000512
    },
    "total": 0.4129754999999875
}