{
    "Agent": {
        "total": 0.20498719999977766
    },
    "Env": {
        "apply_act": 0.3049731000023712,
        "observation_computation": 0.12716219999902023,
        "powerflow_computation": 0.10760789999949338,
        "total": 0.5397432000008848
    },
    "total": 0.8590426000000662
}