{
    "Agent": {
        "total": 0.16530920003424399
    },
    "Env": {
        "apply_act": 0.4313890000921674,
        "observation_computation": 0.07508069963660091,
        "powerflow_computation": 0.06457670030067675,
        "total": 0.5710464000294451
    },
    "total": 0.8099813000007998
}