{
    "Agent": {
        "total": 0.328588500386104
    },
    "Env": {
        "apply_act": 0.8688090998621192,
        "observation_computation": 0.1489719997625798,
        "powerflow_computation": 0.13616269998601638,
        "total": 1.1539437996107154
    },
    "total": 1.6265773999912199
}