{
    "Agent": {
        "total": 0.1114758999985952
    },
    "Env": {
        "apply_act": 0.12445719999959692,
        "observation_computation": 0.06834540000227207,
        "powerflow_computation": 0.060431300000573174,
        "total": 0.25323390000244217
    },
    "total": 0.42602610000017194
}