{
    "Agent": {
        "total": 0.17496859999755543
    },
    "Env": {
        "apply_act": 0.2443502000016906,
        "observation_computation": 0.11258390000011786,
        "powerflow_computation": 0.09707139999909487,
        "total": 0.45400550000090334
    },
    "total": 0.7292236000000685
}