{
    "Agent": {
        "total": 0.07700030000160041
    },
    "Env": {
        "apply_act": 0.21200429999953485,
        "observation_computation": 0.03260740000177975,
        "powerflow_computation": 0.028117300002122647,
        "total": 0.27272900000343725
    },
    "total": 0.381993699999839
}