{
    "Agent": {
        "total": 0.1299642999996422
    },
    "Env": {
        "apply_act": 0.1390726000009863,
        "observation_computation": 0.06404439999926126,
        "powerflow_computation": 0.056740800000739,
        "total": 0.25985780000098657
    },
    "total": 0.4505376999999271
}