{
    "Agent": {
        "total": 0.039239200000025676
    },
    "Env": {
        "apply_act": 0.44063020000021424,
        "observation_computation": 0.30040650000017877,
        "powerflow_computation": 0.2528302000002043,
        "total": 0.9938669000005973
    },
    "total": 1.3049412999999959
}