{
    "Agent": {
        "total": 0.019886800087988377
    },
    "Env": {
        "apply_act": 0.06101259996648878,
        "observation_computation": 0.012910700170323253,
        "powerflow_computation": 0.010853099869564176,
        "total": 0.0847764000063762
    },
    "total": 0.1181382000213489
}