{
    "Agent": {
        "total": 0.07630049937870353
    },
    "Env": {
        "apply_act": 0.42523039889056236,
        "observation_computation": 0.036448000464588404,
        "powerflow_computation": 0.035682699643075466,
        "total": 0.4973610989982262
    },
    "total": 0.6087636000011116
}