{
    "Agent": {
        "total": 0.01102749999995467
    },
    "Env": {
        "apply_act": 0.023416400000314752,
        "observation_computation": 0.004332400000294001,
        "powerflow_computation": 0.004326299999775074,
        "total": 0.03207510000038383
    },
    "total": 0.04750760000001719
}