{
    "Agent": {
        "total": 0.001061800000002222
    },
    "Env": {
        "apply_act": 0.0,
        "observation_computation": 0.0,
        "powerflow_computation": 0.0,
        "total": 0.0
    },
    "total": 0.0032518000000436587
}