{
    "Agent": {
        "total": 0.009918000000009641
    },
    "Env": {
        "apply_act": 0.11347009999999003,
        "observation_computation": 0.08137660000004132,
        "powerflow_computation": 0.07204379999997101,
        "total": 0.26689050000000236
    },
    "total": 0.3524224000000018
}