{
    "Agent": {
        "total": 0.7063246000010395
    },
    "Env": {
        "apply_act": 0.7272410000010723,
        "observation_computation": 0.3696889000015062,
        "powerflow_computation": 0.3217406000006804,
        "total": 1.418670500003259
    },
    "total": 2.4790381000000252
}