{
    "Agent": {
        "total": 0.34402369981398806
    },
    "Env": {
        "apply_act": 0.8411869003321044,
        "observation_computation": 0.14566179990652017,
        "powerflow_computation": 0.12925150044611655,
        "total": 1.1161002006847411
    },
    "total": 1.6025482000259217
}