{
    "Agent": {
        "total": 0.04174399999988054
    },
    "Env": {
        "apply_act": 0.03762419999895883,
        "observation_computation": 0.02115089999972497,
        "powerflow_computation": 0.021473200000627912,
        "total": 0.08024829999931171
    },
    "total": 0.143152299999997
}