{
    "Agent": {
        "total": 0.11632360000044173
    },
    "Env": {
        "apply_act": 0.397850699999708,
        "observation_computation": 0.061695000000440814,
        "powerflow_computation": 0.05304160000025604,
        "total": 0.5125873000004049
    },
    "total": 0.6862032999999883
}