{
    "Agent": {
        "total": 0.26002340000286495
    },
    "Env": {
        "apply_act": 0.8067634000053658,
        "observation_computation": 0.13176430000567052,
        "powerflow_computation": 0.12758790000134468,
        "total": 1.066115600012381
    },
    "total": 1.4496502000001783
}