{
    "Agent": {
        "total": 0.004738400000007914
    },
    "Env": {
        "apply_act": 0.056117299999812076,
        "observation_computation": 0.037972199999757095,
        "powerflow_computation": 0.03566730000000007,
        "total": 0.12975679999956924
    },
    "total": 0.16990780000000427
}