{
    "Agent": {
        "total": 0.026417700049933046
    },
    "Env": {
        "apply_act": 0.10263940005097538,
        "observation_computation": 0.022985200048424304,
        "powerflow_computation": 0.019491300015943125,
        "total": 0.1451159001153428
    },
    "total": 0.19398519999231212
}