{
    "Agent": {
        "total": 0.08669429999554268
    },
    "Env": {
        "apply_act": 0.3037191999983406,
        "observation_computation": 0.08634470000060901,
        "powerflow_computation": 0.07321140000067317,
        "total": 0.4632752999996228
    },
    "total": 0.6261061000000154
}