{
    "Agent": {
        "total": 0.6183226000021023
    },
    "Env": {
        "apply_act": 0.6385601999991195,
        "observation_computation": 0.390809700001455,
        "powerflow_computation": 0.33419380000145793,
        "total": 1.3635637000020324
    },
    "total": 2.326085400000011
}