{
    "Agent": {
        "total": 0.02066820045001805
    },
    "Env": {
        "apply_act": 0.05165309947915375,
        "observation_computation": 0.009149199817329645,
        "powerflow_computation": 0.007767600240185857,
        "total": 0.06856989953666925
    },
    "total": 0.09896799991838634
}