{
    "Agent": {
        "total": 0.006835800129920244
    },
    "Env": {
        "apply_act": 0.015499800210818648,
        "observation_computation": 0.002899199491366744,
        "powerflow_computation": 0.003054700791835785,
        "total": 0.021453700494021177
    },
    "total": 0.03131059999577701
}