{
    "Agent": {
        "total": 0.015195099997981742
    },
    "Env": {
        "apply_act": 0.04756099999985963,
        "observation_computation": 0.0068996000004517555,
        "powerflow_computation": 0.0065881999989869655,
        "total": 0.06104879999929835
    },
    "total": 0.08287249999966662
}