{
    "Agent": {
        "total": 0.3377013999270275
    },
    "Env": {
        "apply_act": 0.07142739999108016,
        "observation_computation": 0.028643000056035817,
        "powerflow_computation": 0.02772830010508187,
        "total": 0.12779870015219785
    },
    "total": 0.49667809999664314
}