{
    "Agent": {
        "total": 0.16340519930236042
    },
    "Env": {
        "apply_act": 0.25424649962224066,
        "observation_computation": 0.08051189826801419,
        "powerflow_computation": 0.07204890204593539,
        "total": 0.40680729993619025
    },
    "total": 0.647237699944526
}