{
    "Agent": {
        "total": 0.129751100204885
    },
    "Env": {
        "apply_act": 0.3455607007490471,
        "observation_computation": 0.07798329927027225,
        "powerflow_computation": 0.06623850064352155,
        "total": 0.4897825006628409
    },
    "total": 0.6930751000763848
}