{
    "Agent": {
        "total": 0.2658541996497661
    },
    "Env": {
        "apply_act": 0.7355968990596011,
        "observation_computation": 0.1190854994347319,
        "powerflow_computation": 0.11167320131789893,
        "total": 0.966355599812232
    },
    "total": 1.3459978000028059
}