{
    "Agent": {
        "total": 0.07053160000032221
    },
    "Env": {
        "apply_act": 0.11207559999888872,
        "observation_computation": 0.04845419999946898,
        "powerflow_computation": 0.04088710000110041,
        "total": 0.2014168999994581
    },
    "total": 0.3148268999998436
}