{
    "Agent": {
        "total": 0.015785400000595473
    },
    "Env": {
        "apply_act": 0.017783499999723063,
        "observation_computation": 0.010140099999489394,
        "powerflow_computation": 0.010095799999817245,
        "total": 0.0380193999990297
    },
    "total": 0.06309950000013487
}