{
    "Agent": {
        "total": 0.3204235000009703
    },
    "Env": {
        "apply_act": 1.1123953999983769,
        "observation_computation": 0.2238283000010597,
        "powerflow_computation": 0.1942085999999108,
        "total": 1.5304322999993474
    },
    "total": 2.0618773999999576
}