{
    "Agent": {
        "total": 0.043020399985834956
    },
    "Env": {
        "apply_act": 0.15650010004173964,
        "observation_computation": 0.03988409998419229,
        "powerflow_computation": 0.03610489994753152,
        "total": 0.23248909997346345
    },
    "total": 0.3106971000088379
}