{
    "Agent": {
        "total": 0.0384310000001733
    },
    "Env": {
        "apply_act": 0.07545449999884113,
        "observation_computation": 0.01639220000060959,
        "powerflow_computation": 0.014638200000263168,
        "total": 0.10648489999971389
    },
    "total": 0.1611567999999579
}