{
    "Agent": {
        "total": 0.06817530000034822
    },
    "Env": {
        "apply_act": 0.2100792000014735,
        "observation_computation": 0.06695119999767485,
        "powerflow_computation": 0.054552399998101464,
        "total": 0.3315827999972498
    },
    "total": 0.46041109999987384
}