{
    "Agent": {
        "total": 0.011710200000493387
    },
    "Env": {
        "apply_act": 0.010029499999973268,
        "observation_computation": 0.005673299999784831,
        "powerflow_computation": 0.005893100000093909,
        "total": 0.02159589999985201
    },
    "total": 0.039011500000015076
}