{
    "Agent": {
        "total": 0.06283960000013167
    },
    "Env": {
        "apply_act": 0.13530209999981935,
        "observation_computation": 0.0255159999998682,
        "powerflow_computation": 0.028411600000026738,
        "total": 0.18922969999971428
    },
    "total": 0.2780088999999748
}