{
    "Agent": {
        "total": 0.08770539992838167
    },
    "Env": {
        "apply_act": 0.18229380014236085,
        "observation_computation": 0.02960379989235662,
        "powerflow_computation": 0.024959999893326312,
        "total": 0.23685759992804378
    },
    "total": 0.3545637000061106
}