{
    "Agent": {
        "total": 0.26695539999991524
    },
    "Env": {
        "apply_act": 0.587220600000137,
        "observation_computation": 0.12359230000117805,
        "powerflow_computation": 0.11063410000008389,
        "total": 0.8214470000013989
    },
    "total": 1.2072359999999662
}