{
    "Agent": {
        "total": 0.39604520000125376
    },
    "Env": {
        "apply_act": 0.6726530999960687,
        "observation_computation": 0.2545947999983582,
        "powerflow_computation": 0.2311407999986841,
        "total": 1.158388699993111
    },
    "total": 1.7791747999999643
}