{
    "Agent": {
        "total": 0.0401777015067637
    },
    "Env": {
        "apply_act": 0.10698750149458647,
        "observation_computation": 0.018796200631186366,
        "powerflow_computation": 0.01696440065279603,
        "total": 0.14274810277856886
    },
    "total": 0.20140039990656078
}