{
    "Agent": {
        "total": 0.10588949907105416
    },
    "Env": {
        "apply_act": 0.3417343000182882,
        "observation_computation": 0.07125739986076951,
        "powerflow_computation": 0.06695890065748245,
        "total": 0.47995060053654015
    },
    "total": 0.6547203999944031
}