{
    "Agent": {
        "total": 0.052156700287014246
    },
    "Env": {
        "apply_act": 0.10813849908299744,
        "observation_computation": 0.022609900683164597,
        "powerflow_computation": 0.021354200202040374,
        "total": 0.1521025999682024
    },
    "total": 0.22619129996746778
}