{
    "Agent": {
        "total": 1.5054475999995702
    },
    "Env": {
        "apply_act": 2.9596400999937487,
        "observation_computation": 0.950955400007615,
        "powerflow_computation": 0.8065431999966677,
        "total": 4.717138699998031
    },
    "total": 7.066170900000088
}