{
    "Agent": {
        "total": 0.6492103000928182
    },
    "Env": {
        "apply_act": 0.14250819996232167,
        "observation_computation": 0.056289799977093935,
        "powerflow_computation": 0.05336999986320734,
        "total": 0.25216799980262294
    },
    "total": 0.9635957000136841
}