{
    "Agent": {
        "total": 0.018163401167839766
    },
    "Env": {
        "apply_act": 0.052067301236093044,
        "observation_computation": 0.00691819959320128,
        "powerflow_computation": 0.0066189998760819435,
        "total": 0.06560450070537627
    },
    "total": 0.09077839995734394
}