{
    "Agent": {
        "total": 0.0057115997187793255
    },
    "Env": {
        "apply_act": 0.014225100399926305,
        "observation_computation": 0.0025527002289891243,
        "powerflow_computation": 0.002776599954813719,
        "total": 0.019554400583729148
    },
    "total": 0.027975999983027577
}