{
    "Agent": {
        "total": 0.1202824970241636
    },
    "Env": {
        "apply_act": 0.4231426967307925,
        "observation_computation": 0.09088090062141418,
        "powerflow_computation": 0.07884209579788148,
        "total": 0.5928656931500882
    },
    "total": 0.7993273001629859
}