{
    "Agent": {
        "total": 0.001128199999982371
    },
    "Env": {
        "apply_act": 0.013605800000050294,
        "observation_computation": 0.008334300000058192,
        "powerflow_computation": 0.010635199999910583,
        "total": 0.03257530000001907
    },
    "total": 0.04223949999999377
}