{
    "Agent": {
        "total": 0.10476899999594025
    },
    "Env": {
        "apply_act": 0.25726720000238856,
        "observation_computation": 0.049304599998322374,
        "powerflow_computation": 0.047502100002475345,
        "total": 0.3540739000031863
    },
    "total": 0.5061204000003272
}