{
    "Agent": {
        "total": 0.3316541000053803
    },
    "Env": {
        "apply_act": 1.2843509999991056,
        "observation_computation": 0.23721739999950842,
        "powerflow_computation": 0.2143119000038496,
        "total": 1.7358803000024636
    },
    "total": 2.291776900000059
}