{
    "Agent": {
        "total": 0.06065080012194812
    },
    "Env": {
        "apply_act": 0.254163000266999,
        "observation_computation": 0.043087701429612935,
        "powerflow_computation": 0.03882689995225519,
        "total": 0.33607760164886713
    },
    "total": 0.43824100005440414
}