{
    "Agent": {
        "total": 0.27494339999748263
    },
    "Env": {
        "apply_act": 0.32042059999139383,
        "observation_computation": 0.19521679999570551,
        "powerflow_computation": 0.17126350000762613,
        "total": 0.6869008999947255
    },
    "total": 1.1315828000001602
}