{
    "Agent": {
        "total": 1.3917207001068164
    },
    "Env": {
        "apply_act": 0.3063555000699125,
        "observation_computation": 0.1161728999868501,
        "powerflow_computation": 0.11030689993640408,
        "total": 0.5328352999931667
    },
    "total": 2.0647165999980643
}