{
    "Agent": {
        "total": 0.013647700000021246
    },
    "Env": {
        "apply_act": 0.14519429999994315,
        "observation_computation": 0.10769400000001639,
        "powerflow_computation": 0.08576930000004523,
        "total": 0.3386576000000048
    },
    "total": 0.4514603000000008
}