{
    "Agent": {
        "total": 0.3421770012937486
    },
    "Env": {
        "apply_act": 0.9523634966462851,
        "observation_computation": 0.22360059805214405,
        "powerflow_computation": 0.19596610101871192,
        "total": 1.371930195717141
    },
    "total": 1.9148476000409573
}