{
    "Agent": {
        "total": 0.03494490000036876
    },
    "Env": {
        "apply_act": 0.07233699999926557,
        "observation_computation": 0.017548299999020855,
        "powerflow_computation": 0.01568489999999656,
        "total": 0.10557019999828299
    },
    "total": 0.157557400000087
}