{
    "Agent": {
        "total": 0.916707000002134
    },
    "Env": {
        "apply_act": 0.9276560000012068,
        "observation_computation": 0.5595733000031942,
        "powerflow_computation": 0.48502609999877677,
        "total": 1.9722554000031778
    },
    "total": 3.3793322000001353
}