{
    "Agent": {
        "total": 0.0838423999995257
    },
    "Env": {
        "apply_act": 0.19202600000051007,
        "observation_computation": 0.030881900000281348,
        "powerflow_computation": 0.027204699999629156,
        "total": 0.25011260000042057
    },
    "total": 0.36645820000001095
}