{
    "Agent": {
        "total": 0.04010260000359267
    },
    "Env": {
        "apply_act": 0.10124379920307547,
        "observation_computation": 0.02312210004311055,
        "powerflow_computation": 0.02041599981021136,
        "total": 0.14478189905639738
    },
    "total": 0.2061470999615267
}