{
    "Agent": {
        "total": 0.02034250000042448
    },
    "Env": {
        "apply_act": 0.06556839999984732,
        "observation_computation": 0.011513399999785179,
        "powerflow_computation": 0.010716899998442386,
        "total": 0.08779869999807488
    },
    "total": 0.11903549999988172
}