{
    "Agent": {
        "total": 0.20103550015483052
    },
    "Env": {
        "apply_act": 0.509310800145613,
        "observation_computation": 0.09090400015702471,
        "powerflow_computation": 0.0835751001141034,
        "total": 0.6837899004167411
    },
    "total": 0.9728134000033606
}