{
    "Agent": {
        "total": 0.13710270053707063
    },
    "Env": {
        "apply_act": 0.37300810078158975,
        "observation_computation": 0.08623270224779844,
        "powerflow_computation": 0.07443829928524792,
        "total": 0.5336791023146361
    },
    "total": 0.7479734001681209
}