{
    "Agent": {
        "total": 0.05070680000108041
    },
    "Env": {
        "apply_act": 0.10433249999891814,
        "observation_computation": 0.021386800000755102,
        "powerflow_computation": 0.01682369999934963,
        "total": 0.14254299999902287
    },
    "total": 0.21806390000006104
}