{
    "Agent": {
        "total": 0.10197039999957269
    },
    "Env": {
        "apply_act": 0.11056479999706426,
        "observation_computation": 0.06563340000047901,
        "powerflow_computation": 0.06005280000044877,
        "total": 0.23625099999799204
    },
    "total": 0.3973913999998331
}