{
    "Agent": {
        "total": 0.24404299999741852
    },
    "Env": {
        "apply_act": 0.25362960000393286,
        "observation_computation": 0.11347610000075292,
        "powerflow_computation": 0.10464720000231864,
        "total": 0.4717529000070044
    },
    "total": 0.8248943999999483
}