{
    "Agent": {
        "total": 0.044479399104602635
    },
    "Env": {
        "apply_act": 0.14970310020726174,
        "observation_computation": 0.030023700324818492,
        "powerflow_computation": 0.030230399686843157,
        "total": 0.2099572002189234
    },
    "total": 0.28386829991359264
}