{
    "Agent": {
        "total": 0.052409900000839116
    },
    "Env": {
        "apply_act": 0.1368423999992956,
        "observation_computation": 0.02639979999867137,
        "powerflow_computation": 0.02584229999956733,
        "total": 0.1890844999975343
    },
    "total": 0.26745989999972153
}