{
    "Agent": {
        "total": 0.07217519998084754
    },
    "Env": {
        "apply_act": 0.1622723004547879,
        "observation_computation": 0.029674300109036267,
        "powerflow_computation": 0.025606999872252345,
        "total": 0.21755360043607652
    },
    "total": 0.3196532999863848
}