{
    "Agent": {
        "total": 0.07303339999953096
    },
    "Env": {
        "apply_act": 0.1813431000014134,
        "observation_computation": 0.04108799999949042,
        "powerflow_computation": 0.033162600000650855,
        "total": 0.2555937000015547
    },
    "total": 0.37018289999969056
}