{
    "Agent": {
        "total": 0.2279221999933725
    },
    "Env": {
        "apply_act": 0.26236180000523746,
        "observation_computation": 0.15938489999552985,
        "powerflow_computation": 0.1364574000031098,
        "total": 0.5582041000038771
    },
    "total": 0.9262764999998581
}