{
    "Agent": {
        "total": 0.0030650999999579653
    },
    "Env": {
        "apply_act": 0.002291499999955704,
        "observation_computation": 0.0010493999998288928,
        "powerflow_computation": 0.0017207000003054418,
        "total": 0.0050616000000900385
    },
    "total": 0.009346900000082314
}