{
    "Agent": {
        "total": 0.0204672999984723
    },
    "Env": {
        "apply_act": 0.05995480000046882,
        "observation_computation": 0.01444060000085301,
        "powerflow_computation": 0.012508099999422484,
        "total": 0.08690350000074432
    },
    "total": 0.12101600000005419
}