{
    "Agent": {
        "total": 0.6482648999997309
    },
    "Env": {
        "apply_act": 1.3799985999983164,
        "observation_computation": 0.45060660000308417,
        "powerflow_computation": 0.38665929999933724,
        "total": 2.217264500000738
    },
    "total": 3.2631902000000537
}