{
    "Agent": {
        "total": 0.05987790000108362
    },
    "Env": {
        "apply_act": 0.15037070000062158,
        "observation_computation": 0.026538000001892215,
        "powerflow_computation": 0.022818200000756406,
        "total": 0.1997269000032702
    },
    "total": 0.28506259999994654
}