{
    "Agent": {
        "total": 0.008785700658336282
    },
    "Env": {
        "apply_act": 0.01573740062303841,
        "observation_computation": 0.003928800346329808,
        "powerflow_computation": 0.0040799996349960566,
        "total": 0.023746200604364276
    },
    "total": 0.0364071000367403
}