{
    "Agent": {
        "total": 0.062227000249549747
    },
    "Env": {
        "apply_act": 0.14796460047364235,
        "observation_computation": 0.025696199154481292,
        "powerflow_computation": 0.02145979879423976,
        "total": 0.1951205984223634
    },
    "total": 0.2837958999443799
}