{
    "Agent": {
        "total": 0.01972430048044771
    },
    "Env": {
        "apply_act": 0.06554420036263764,
        "observation_computation": 0.01451069989707321,
        "powerflow_computation": 0.013787899981252849,
        "total": 0.0938428002409637
    },
    "total": 0.127538500004448
}