{
    "Agent": {
        "total": 0.13632050000035179
    },
    "Env": {
        "apply_act": 0.4851731999997355,
        "observation_computation": 0.07302950000052988,
        "powerflow_computation": 0.0602415000006431,
        "total": 0.6184442000009085
    },
    "total": 0.8231969000000845
}