{
    "Agent": {
        "total": 0.01047959999999648
    },
    "Env": {
        "apply_act": 0.11348399999991443,
        "observation_computation": 0.08505999999991332,
        "powerflow_computation": 0.07763960000019665,
        "total": 0.2761836000000244
    },
    "total": 0.35879869999999414
}