{
    "Agent": {
        "total": 0.0014288999999507723
    },
    "Env": {
        "apply_act": 0.0,
        "observation_computation": 0.0,
        "powerflow_computation": 0.0,
        "total": 0.0
    },
    "total": 0.002823700000021745
}