{
    "Agent": {
        "total": 0.054173200158402324
    },
    "Env": {
        "apply_act": 0.13995389873161912,
        "observation_computation": 0.03214289899915457,
        "powerflow_computation": 0.029048299184069037,
        "total": 0.20114509691484272
    },
    "total": 0.28457890008576214
}