{
    "Agent": {
        "total": 0.04316199999971104
    },
    "Env": {
        "apply_act": 0.12800380000135192,
        "observation_computation": 0.02999149999959627,
        "powerflow_computation": 0.025065399999448346,
        "total": 0.18306070000039654
    },
    "total": 0.2570095000000947
}