{
    "Agent": {
        "total": 0.009623499999861451
    },
    "Env": {
        "apply_act": 0.029758699999774763,
        "observation_computation": 0.006537799999705385,
        "powerflow_computation": 0.005374800000481628,
        "total": 0.041671299999961775
    },
    "total": 0.05841999999984182
}