{
    "Agent": {
        "total": 0.061916597886011004
    },
    "Env": {
        "apply_act": 0.08894350216723979,
        "observation_computation": 0.03270770167000592,
        "powerflow_computation": 0.028603301150724292,
        "total": 0.15025450498797
    },
    "total": 0.2433798999991268
}