{
    "Agent": {
        "total": 0.0010095000000092114
    },
    "Env": {
        "apply_act": 0.0,
        "observation_computation": 0.0,
        "powerflow_computation": 0.0,
        "total": 0.0
    },
    "total": 0.002119300000003932
}