{
    "Agent": {
        "total": 0.15203180018579587
    },
    "Env": {
        "apply_act": 0.38964969984954223,
        "observation_computation": 0.06939860031707212,
        "powerflow_computation": 0.06549159970018081,
        "total": 0.5245398998667952
    },
    "total": 0.7423891999933403
}