{
    "Agent": {
        "total": 0.0011873000767081976
    },
    "Env": {
        "apply_act": 0.0,
        "observation_computation": 0.0,
        "powerflow_computation": 0.0,
        "total": 0.0
    },
    "total": 0.0030187000520527363
}