{
    "Agent": {
        "total": 0.251482502091676
    },
    "Env": {
        "apply_act": 1.0515308999456465,
        "observation_computation": 0.18550550087820739,
        "powerflow_computation": 0.15806789882481098,
        "total": 1.395104299648665
    },
    "total": 1.8216012999182567
}