{
    "Agent": {
        "total": 0.2619562002364546
    },
    "Env": {
        "apply_act": 1.1338704996160232,
        "observation_computation": 0.24033770087407902,
        "powerflow_computation": 0.2064258987084031,
        "total": 1.5806340991985053
    },
    "total": 2.0562512999749742
}