{
    "Agent": {
        "total": 0.004422099999942475
    },
    "Env": {
        "apply_act": 0.021050599999995256,
        "observation_computation": 0.013749200000006567,
        "powerflow_computation": 0.013450999999918167,
        "total": 0.04825079999991999
    },
    "total": 0.06575669999999434
}