{
    "Agent": {
        "total": 0.0007932999869808555
    },
    "Env": {
        "apply_act": 0.0,
        "observation_computation": 0.0,
        "powerflow_computation": 0.0,
        "total": 0.0
    },
    "total": 0.001855800044722855
}