{
    "Agent": {
        "total": 0.10933369933627546
    },
    "Env": {
        "apply_act": 0.2702629999257624,
        "observation_computation": 0.06648950022645295,
        "powerflow_computation": 0.060632598702795804,
        "total": 0.39738509885501117
    },
    "total": 0.5673140999861062
}