{
    "Agent": {
        "total": 0.4169659000062893
    },
    "Env": {
        "apply_act": 1.072714299998097,
        "observation_computation": 0.1853490999992573,
        "powerflow_computation": 0.1513149000015801,
        "total": 1.4093782999989344
    },
    "total": 1.9950881999998273
}