{
    "Agent": {
        "total": 0.17474620052962564
    },
    "Env": {
        "apply_act": 0.6488125997711904,
        "observation_computation": 0.07609319992479868,
        "powerflow_computation": 0.06768960013869219,
        "total": 0.7925953998346813
    },
    "total": 1.0409170000057202
}