{
    "Agent": {
        "total": 0.24704880005447194
    },
    "Env": {
        "apply_act": 0.8832480002893135,
        "observation_computation": 0.12650689989095554,
        "powerflow_computation": 0.11038750008447096,
        "total": 1.12014240026474
    },
    "total": 1.4806874000059906
}