{
    "Agent": {
        "total": 0.1883273000025838
    },
    "Env": {
        "apply_act": 0.5170397000006233,
        "observation_computation": 0.07966909999731797,
        "powerflow_computation": 0.07739820000051623,
        "total": 0.6741069999984575
    },
    "total": 0.9418872000001102
}