{
    "Agent": {
        "total": 0.07127759838476777
    },
    "Env": {
        "apply_act": 0.2593700005672872,
        "observation_computation": 0.048760699573904276,
        "powerflow_computation": 0.04319609934464097,
        "total": 0.35132679948583245
    },
    "total": 0.46913610002957284
}