{
    "Agent": {
        "total": 0.09741550000080679
    },
    "Env": {
        "apply_act": 0.18567219999931694,
        "observation_computation": 0.04502540000089539,
        "powerflow_computation": 0.039964000000964006,
        "total": 0.27066160000117634
    },
    "total": 0.4100174000000152
}