{
    "Agent": {
        "total": 0.40008169948123395
    },
    "Env": {
        "apply_act": 1.9336618991219439,
        "observation_computation": 0.3390916013158858,
        "powerflow_computation": 0.2913291988079436,
        "total": 2.5640826992457733
    },
    "total": 3.2635486000217497
}