{
    "Agent": {
        "total": 0.0608575999972345
    },
    "Env": {
        "apply_act": 0.6647814000008907,
        "observation_computation": 0.5779694000032691,
        "powerflow_computation": 0.40523139999976365,
        "total": 1.6479822000039235
    },
    "total": 2.16516519999999
}