{
    "Agent": {
        "total": 0.1497287000011056
    },
    "Env": {
        "apply_act": 0.25411250000479413,
        "observation_computation": 0.09427830000277027,
        "powerflow_computation": 0.08416629999464931,
        "total": 0.4325571000022137
    },
    "total": 0.6688137999999526
}