{
    "Agent": {
        "total": 0.04579160106368363
    },
    "Env": {
        "apply_act": 0.12049709865823388,
        "observation_computation": 0.020288800820708275,
        "powerflow_computation": 0.01915869885124266,
        "total": 0.15994459833018482
    },
    "total": 0.22605949989520013
}