{
    "Agent": {
        "total": 0.17346649966202676
    },
    "Env": {
        "apply_act": 0.605164400767535,
        "observation_computation": 0.11894920119084418,
        "powerflow_computation": 0.10726180044002831,
        "total": 0.8313754023984075
    },
    "total": 1.1190866000251845
}