{
    "Agent": {
        "total": 0.021995900000007396
    },
    "Env": {
        "apply_act": 0.23499300000037238,
        "observation_computation": 0.16144200000044862,
        "powerflow_computation": 0.13156429999983743,
        "total": 0.5279993000006584
    },
    "total": 0.6978517000000011
}