{
    "Agent": {
        "total": 0.03605690016411245
    },
    "Env": {
        "apply_act": 0.0393163007684052,
        "observation_computation": 0.023568999720737338,
        "powerflow_computation": 0.020912899170070887,
        "total": 0.08379819965921342
    },
    "total": 0.1412297000642866
}