{
    "Agent": {
        "total": 0.007238899823278189
    },
    "Env": {
        "apply_act": 0.020942600211128592,
        "observation_computation": 0.005152400583028793,
        "powerflow_computation": 0.005097399465739727,
        "total": 0.031192400259897113
    },
    "total": 0.04373300005681813
}