{
    "Agent": {
        "total": 0.2978311000042595
    },
    "Env": {
        "apply_act": 0.8216556000916171,
        "observation_computation": 0.135201599841821,
        "powerflow_computation": 0.12216919999627862,
        "total": 1.0790263999297167
    },
    "total": 1.5081984999997076
}