{
    "Agent": {
        "total": 0.20743330000550486
    },
    "Env": {
        "apply_act": 0.5573622998199426,
        "observation_computation": 0.09545249995426275,
        "powerflow_computation": 0.08834579976974055,
        "total": 0.7411605995439459
    },
    "total": 1.0422083000012208
}