{
    "Agent": {
        "total": 0.13491759999965325
    },
    "Env": {
        "apply_act": 0.11752220000073521,
        "observation_computation": 0.0701666999993904,
        "powerflow_computation": 0.06087420000039856,
        "total": 0.24856310000052417
    },
    "total": 0.45040080000001126
}