{
    "Agent": {
        "total": 0.06280889999993633
    },
    "Env": {
        "apply_act": 0.6722161999999372,
        "observation_computation": 0.47919170000003675,
        "powerflow_computation": 0.4112540000000351,
        "total": 1.562661900000009
    },
    "total": 2.0672501999999966
}