{
    "Agent": {
        "total": 0.008771700202487409
    },
    "Env": {
        "apply_act": 0.022903399891220033,
        "observation_computation": 0.005064500262960792,
        "powerflow_computation": 0.004122499958612025,
        "total": 0.03209040011279285
    },
    "total": 0.047268099966458976
}