{
    "Agent": {
        "total": 0.11985499958973378
    },
    "Env": {
        "apply_act": 0.4014557000482455,
        "observation_computation": 0.08464580040890723,
        "powerflow_computation": 0.07375010114628822,
        "total": 0.5598516016034409
    },
    "total": 0.7605335999978706
}