{
    "Agent": {
        "total": 0.016910700000266843
    },
    "Env": {
        "apply_act": 0.18035370000026774,
        "observation_computation": 0.25073300000050835,
        "powerflow_computation": 0.11136430000016162,
        "total": 0.5424510000009377
    },
    "total": 0.6829601000000025
}