{
    "Agent": {
        "total": 0.054712499999851616
    },
    "Env": {
        "apply_act": 0.6069234000006247,
        "observation_computation": 0.5911539999997331,
        "powerflow_computation": 0.3773913999999081,
        "total": 1.575468800000266
    },
    "total": 2.04590060000001
}