{
    "Agent": {
        "total": 0.023935000000058437
    },
    "Env": {
        "apply_act": 0.2522995000001842,
        "observation_computation": 0.18685270000000997,
        "powerflow_computation": 0.1564315999998982,
        "total": 0.5955838000000924
    },
    "total": 0.7925326000000013
}