{
    "Agent": {
        "total": 0.01576789999853645
    },
    "Env": {
        "apply_act": 0.04171509999923728,
        "observation_computation": 0.008763299999827723,
        "powerflow_computation": 0.007387400001789501,
        "total": 0.057865800000854506
    },
    "total": 0.0838076000000001
}