{
    "Agent": {
        "total": 0.05626819999952204
    },
    "Env": {
        "apply_act": 0.3221063999967555,
        "observation_computation": 0.058877999998912856,
        "powerflow_computation": 0.05935720000115907,
        "total": 0.4403415999968274
    },
    "total": 0.5471499000000222
}