{
    "Agent": {
        "total": 0.022416700143367052
    },
    "Env": {
        "apply_act": 0.10002079932019114,
        "observation_computation": 0.0163525000680238,
        "powerflow_computation": 0.019550599972717464,
        "total": 0.1359238993609324
    },
    "total": 0.17387679999228567
}