{
    "Agent": {
        "total": 0.2731736999999157
    },
    "Env": {
        "apply_act": 0.594438599995101,
        "observation_computation": 0.10366519999797674,
        "powerflow_computation": 0.07873759999665708,
        "total": 0.7768413999897348
    },
    "total": 1.1412357000003794
}