{
    "Agent": {
        "total": 0.13217980065383017
    },
    "Env": {
        "apply_act": 0.38172039890196174,
        "observation_computation": 0.08932410040870309,
        "powerflow_computation": 0.08547079924028367,
        "total": 0.5565152985509485
    },
    "total": 0.7677557000424713
}