{
    "Agent": {
        "total": 0.0008284999998977582
    },
    "Env": {
        "apply_act": 0.0,
        "observation_computation": 0.0,
        "powerflow_computation": 0.0,
        "total": 0.0
    },
    "total": 0.001963799999884941
}