{
    "Agent": {
        "total": 0.16060829919297248
    },
    "Env": {
        "apply_act": 0.4885420995997265,
        "observation_computation": 0.07920969976112247,
        "powerflow_computation": 0.07281600020360202,
        "total": 0.640567799564451
    },
    "total": 0.8750570999691263
}