{
    "Agent": {
        "total": 0.1466584000003195
    },
    "Env": {
        "apply_act": 0.39425979999958827,
        "observation_computation": 0.07223619999984976,
        "powerflow_computation": 0.06175020000017639,
        "total": 0.5282461999996144
    },
    "total": 0.744789199999957
}