{
    "Agent": {
        "total": 0.059399300000222865
    },
    "Env": {
        "apply_act": 0.1694174999979623,
        "observation_computation": 0.02568340000379976,
        "powerflow_computation": 0.022422000000460685,
        "total": 0.21752290000222274
    },
    "total": 0.3022392999996555
}