{
    "Agent": {
        "total": 0.17593640077393502
    },
    "Env": {
        "apply_act": 0.8309400998987257,
        "observation_computation": 0.1325088004814461,
        "powerflow_computation": 0.11560699879191816,
        "total": 1.07905589917209
    },
    "total": 1.3809996999334544
}