{
    "Agent": {
        "total": 0.33474629995180294
    },
    "Env": {
        "apply_act": 0.8593725997488946,
        "observation_computation": 0.15539950039237738,
        "powerflow_computation": 0.1339352997019887,
        "total": 1.1487073998432606
    },
    "total": 1.6360739000083413
}