{
    "Agent": {
        "total": 0.02574099999996804
    },
    "Env": {
        "apply_act": 0.30594570000005916,
        "observation_computation": 0.19564400000005122,
        "powerflow_computation": 0.17800899999998876,
        "total": 0.6795987000000991
    },
    "total": 0.8825277999999983
}