{
    "Agent": {
        "total": 0.006573300343006849
    },
    "Env": {
        "apply_act": 0.01731270004529506,
        "observation_computation": 0.0028181002708151937,
        "powerflow_computation": 0.0038898999337106943,
        "total": 0.024020700249820948
    },
    "total": 0.03353789995890111
}