{
    "Agent": {
        "total": 0.195957699999326
    },
    "Env": {
        "apply_act": 0.38800749999847994,
        "observation_computation": 0.08994679999955224,
        "powerflow_computation": 0.08709439999950064,
        "total": 0.5650486999975328
    },
    "total": 0.8488558999999896
}