{
    "Agent": {
        "total": 0.10836759999926926
    },
    "Env": {
        "apply_act": 0.12041100000067217,
        "observation_computation": 0.05426430000034088,
        "powerflow_computation": 0.047070500000018,
        "total": 0.22174580000103106
    },
    "total": 0.3819719000000532
}