{
    "Agent": {
        "total": 0.2661769000010281
    },
    "Env": {
        "apply_act": 0.5664228999997931,
        "observation_computation": 0.12010799999814026,
        "powerflow_computation": 0.10760049999908006,
        "total": 0.7941313999970134
    },
    "total": 1.1767779000000473
}