{
    "Agent": {
        "total": 0.010560699999700773
    },
    "Env": {
        "apply_act": 0.11848410000024501,
        "observation_computation": 0.08427850000001058,
        "powerflow_computation": 0.07204659999979413,
        "total": 0.2748092000000497
    },
    "total": 0.36520340000001283
}