{
    "Agent": {
        "total": 0.2710656017297879
    },
    "Env": {
        "apply_act": 0.7940363014349714,
        "observation_computation": 0.13424259843304753,
        "powerflow_computation": 0.12135739892255515,
        "total": 1.049636298790574
    },
    "total": 1.4514255999820307
}