{
    "Agent": {
        "total": 0.019618800000216652
    },
    "Env": {
        "apply_act": 0.23068800000021383,
        "observation_computation": 0.16405570000142689,
        "powerflow_computation": 0.13522189999901002,
        "total": 0.5299656000006507
    },
    "total": 0.7051836999999637
}