{
    "Agent": {
        "total": 0.3877737999994224
    },
    "Env": {
        "apply_act": 1.2314820000007103,
        "observation_computation": 0.1978663999999526,
        "powerflow_computation": 0.17457239999964713,
        "total": 1.60392080000031
    },
    "total": 2.1780946000000085
}