{
    "Agent": {
        "total": 0.04246989917010069
    },
    "Env": {
        "apply_act": 0.13041170220822096,
        "observation_computation": 0.031811601016670465,
        "powerflow_computation": 0.027534499997273088,
        "total": 0.1897578032221645
    },
    "total": 0.26222000014968216
}