{
    "Agent": {
        "total": 0.12174490000120386
    },
    "Env": {
        "apply_act": 0.42161280000209445,
        "observation_computation": 0.08644059999710407,
        "powerflow_computation": 0.07582509999792819,
        "total": 0.5838784999971267
    },
    "total": 0.7882738999999219
}