{
    "Agent": {
        "total": 0.055473200000449197
    },
    "Env": {
        "apply_act": 0.13232329999988224,
        "observation_computation": 0.022748199999739427,
        "powerflow_computation": 0.024225500000056854,
        "total": 0.17929699999967852
    },
    "total": 0.25664129999995566
}