{
    "Agent": {
        "total": 0.2998017999982494
    },
    "Env": {
        "apply_act": 0.34785709999766823,
        "observation_computation": 0.15720930000111366,
        "powerflow_computation": 0.14078859999892757,
        "total": 0.6458549999977095
    },
    "total": 1.0962297000000945
}