{
    "Agent": {
        "total": 0.0047233999999996
    },
    "Env": {
        "apply_act": 0.05325330000005124,
        "observation_computation": 0.036811600000000055,
        "powerflow_computation": 0.03362679999999685,
        "total": 0.12369170000004814
    },
    "total": 0.16280479999999997
}