{
    "Agent": {
        "total": 0.05897639999830062
    },
    "Env": {
        "apply_act": 0.25817629999619385,
        "observation_computation": 0.06114650000381516,
        "powerflow_computation": 0.06044760000077076,
        "total": 0.3797704000007798
    },
    "total": 0.4925533999999061
}