{
    "Agent": {
        "total": 0.0006738998927175999
    },
    "Env": {
        "apply_act": 0.0,
        "observation_computation": 0.0,
        "powerflow_computation": 0.0,
        "total": 0.0
    },
    "total": 0.002428899984806776
}