{
    "Agent": {
        "total": 0.15337020112201571
    },
    "Env": {
        "apply_act": 0.30314930039457977,
        "observation_computation": 0.07737950049340725,
        "powerflow_computation": 0.07062299875542521,
        "total": 0.45115179964341223
    },
    "total": 0.6776030999608338
}