{
    "Agent": {
        "total": 0.10788529994897544
    },
    "Env": {
        "apply_act": 0.28414609987521544,
        "observation_computation": 0.05160389983211644,
        "powerflow_computation": 0.04594580008415505,
        "total": 0.38169579979148693
    },
    "total": 0.5383922000182793
}