{
    "Agent": {
        "total": 0.2870616000004702
    },
    "Env": {
        "apply_act": 0.48946390000537576,
        "observation_computation": 0.17475430000376946,
        "powerflow_computation": 0.15987439999844355,
        "total": 0.8240926000075888
    },
    "total": 1.265067100000124
}