{
    "Agent": {
        "total": 0.008987099397927523
    },
    "Env": {
        "apply_act": 0.022152000339701772,
        "observation_computation": 0.005817899014800787,
        "powerflow_computation": 0.005247500259429216,
        "total": 0.033217399613931775
    },
    "total": 0.04880099999718368
}