{
    "Agent": {
        "total": 0.0007432000711560249
    },
    "Env": {
        "apply_act": 0.0,
        "observation_computation": 0.0,
        "powerflow_computation": 0.0,
        "total": 0.0
    },
    "total": 0.001829099957831204
}