{
    "Agent": {
        "total": 0.1462450004182756
    },
    "Env": {
        "apply_act": 0.6612528011901304,
        "observation_computation": 0.10992030019406229,
        "powerflow_computation": 0.09346649958752096,
        "total": 0.8646396009717137
    },
    "total": 1.115638199960813
}