{
    "Agent": {
        "total": 0.28658700000210047
    },
    "Env": {
        "apply_act": 0.3137704999990092,
        "observation_computation": 0.1886591000018143,
        "powerflow_computation": 0.17657229999599622,
        "total": 0.6790018999968197
    },
    "total": 1.1299421999999595
}