{
    "Agent": {
        "total": 0.011318100000266895
    },
    "Env": {
        "apply_act": 0.11093809999943005,
        "observation_computation": 0.07525089999967349,
        "powerflow_computation": 0.27873659999983147,
        "total": 0.464925599998935
    },
    "total": 0.5462354000000005
}