{
    "Agent": {
        "total": 0.013995699999668432
    },
    "Env": {
        "apply_act": 0.06217889999970794,
        "observation_computation": 0.0133465999983855,
        "powerflow_computation": 0.015593899999203131,
        "total": 0.09111939999729657
    },
    "total": 0.11736100000007355
}