{
    "Agent": {
        "total": 0.8614481000047363
    },
    "Env": {
        "apply_act": 1.3588669000032496,
        "observation_computation": 0.42434579999712696,
        "powerflow_computation": 0.3801360999996177,
        "total": 2.1633487999999943
    },
    "total": 3.4224808999999823
}