{
    "Agent": {
        "total": 0.16226860007736832
    },
    "Env": {
        "apply_act": 0.6196659001288936,
        "observation_computation": 0.11656399955973029,
        "powerflow_computation": 0.09974239848088473,
        "total": 0.8359722981695086
    },
    "total": 1.1104533999459818
}