{
    "Agent": {
        "total": 0.021570900001051996
    },
    "Env": {
        "apply_act": 0.064125400000421,
        "observation_computation": 0.015186700000867859,
        "powerflow_computation": 0.015816899998526424,
        "total": 0.09512899999981528
    },
    "total": 0.13159440000003997
}