{
    "Agent": {
        "total": 0.24114610091783106
    },
    "Env": {
        "apply_act": 0.6537743986118585,
        "observation_computation": 0.08581229858100414,
        "powerflow_computation": 0.07612560223788023,
        "total": 0.8157122994307429
    },
    "total": 1.1429437999613583
}