{
    "Agent": {
        "total": 0.06233359919860959
    },
    "Env": {
        "apply_act": 0.15869689895771444,
        "observation_computation": 0.037226198706775904,
        "powerflow_computation": 0.033626599004492164,
        "total": 0.2295496966689825
    },
    "total": 0.32586329989135265
}