{
    "Agent": {
        "total": 0.5245471999990059
    },
    "Env": {
        "apply_act": 0.24530410000249958,
        "observation_computation": 0.15005910000172662,
        "powerflow_computation": 0.12659019999796328,
        "total": 0.5219534000021895
    },
    "total": 1.1872041999999965
}