{
    "Agent": {
        "total": 0.09761980000007497
    },
    "Env": {
        "apply_act": 0.18247929999915868,
        "observation_computation": 0.04634169999962978,
        "powerflow_computation": 0.040969000001268796,
        "total": 0.26979000000005726
    },
    "total": 0.4089747000000443
}