{
    "Agent": {
        "total": 0.0010759998112916946
    },
    "Env": {
        "apply_act": 0.0,
        "observation_computation": 0.0,
        "powerflow_computation": 0.0,
        "total": 0.0
    },
    "total": 0.0035552000626921654
}