{
    "Agent": {
        "total": 0.0394348002737388
    },
    "Env": {
        "apply_act": 0.08234309975523502,
        "observation_computation": 0.01556299941148609,
        "powerflow_computation": 0.013341699843294919,
        "total": 0.11124779901001602
    },
    "total": 0.1664323000004515
}