{
    "Agent": {
        "total": 0.02319420059211552
    },
    "Env": {
        "apply_act": 0.0464542992413044,
        "observation_computation": 0.01684570056386292,
        "powerflow_computation": 0.01460719935130328,
        "total": 0.0779071991564706
    },
    "total": 0.11808100005146116
}