{
    "Agent": {
        "total": 0.020722200000363955
    },
    "Env": {
        "apply_act": 0.020770200000242767,
        "observation_computation": 0.012711900001249887,
        "powerflow_computation": 0.011654700000690354,
        "total": 0.04513680000218301
    },
    "total": 0.07776860000012675
}