{
    "Agent": {
        "total": 0.09881400000017493
    },
    "Env": {
        "apply_act": 0.11191079999935027,
        "observation_computation": 0.06907870000100047,
        "powerflow_computation": 0.05833829999983209,
        "total": 0.23932780000018283
    },
    "total": 0.39878539999995155
}