{
    "Agent": {
        "total": 0.004353299999536375
    },
    "Env": {
        "apply_act": 0.04384139999973513,
        "observation_computation": 0.030512399999736317,
        "powerflow_computation": 0.026271900000381265,
        "total": 0.10062569999985271
    },
    "total": 0.13282779999997274
}