{
    "Agent": {
        "total": 0.3130691000042134
    },
    "Env": {
        "apply_act": 0.5846873000018604,
        "observation_computation": 0.110847000006288,
        "powerflow_computation": 0.07715680000183056,
        "total": 0.772691100009979
    },
    "total": 1.1713539000002129
}