{
    "Agent": {
        "total": 0.10378399999672183
    },
    "Env": {
        "apply_act": 0.39205700000229626,
        "observation_computation": 0.100765300004241,
        "powerflow_computation": 0.08573660000456584,
        "total": 0.5785589000111031
    },
    "total": 0.7732551999997668
}