{
    "Agent": {
        "total": 0.05788879999886376
    },
    "Env": {
        "apply_act": 0.0952226000003975,
        "observation_computation": 0.02424329999962538,
        "powerflow_computation": 0.02474099999972168,
        "total": 0.14420689999974456
    },
    "total": 0.22682380000014746
}