{
    "Agent": {
        "total": 0.16969780010549584
    },
    "Env": {
        "apply_act": 0.4734487000023364,
        "observation_computation": 0.08548299998074071,
        "powerflow_computation": 0.07622090001677861,
        "total": 0.6351525999998557
    },
    "total": 0.8879525000011199
}