{
    "Agent": {
        "total": 0.049935800000298514
    },
    "Env": {
        "apply_act": 0.11608439999963593,
        "observation_computation": 0.025262500000167165,
        "powerflow_computation": 0.02336079999940921,
        "total": 0.1647076999992123
    },
    "total": 0.23840880000000197
}