{
    "Agent": {
        "total": 0.0008259000023826957
    },
    "Env": {
        "apply_act": 0.0,
        "observation_computation": 0.0,
        "powerflow_computation": 0.0,
        "total": 0.0
    },
    "total": 0.001966899959370494
}