{
    "Agent": {
        "total": 0.07769639999605715
    },
    "Env": {
        "apply_act": 0.15041359956376255,
        "observation_computation": 0.02918689965736121,
        "powerflow_computation": 0.021671500522643328,
        "total": 0.20127199974376708
    },
    "total": 0.3041163000743836
}