{
    "Agent": {
        "total": 0.020148300449363887
    },
    "Env": {
        "apply_act": 0.08677660080138594,
        "observation_computation": 0.014996300218626857,
        "powerflow_computation": 0.012228500214405358,
        "total": 0.11400140123441815
    },
    "total": 0.1491447000298649
}