{
    "Agent": {
        "total": 0.150113900008364
    },
    "Env": {
        "apply_act": 0.5375077000026067,
        "observation_computation": 0.07557879999876604,
        "powerflow_computation": 0.06562429999758024,
        "total": 0.678710799998953
    },
    "total": 0.8990055000003849
}