{
    "Agent": {
        "total": 0.007052300001305412
    },
    "Env": {
        "apply_act": 0.022431600000800245,
        "observation_computation": 0.0027260000001660956,
        "powerflow_computation": 0.0032412999985353963,
        "total": 0.028398899999501737
    },
    "total": 0.03822300000001633
}