{
    "Agent": {
        "total": 0.03511920000016744
    },
    "Env": {
        "apply_act": 0.07269810000013877,
        "observation_computation": 0.015601600000081817,
        "powerflow_computation": 0.014635199999929682,
        "total": 0.10293490000015026
    },
    "total": 0.15447170000004462
}