{
    "Agent": {
        "total": 0.1459708999987015
    },
    "Env": {
        "apply_act": 0.1706467000021803,
        "observation_computation": 0.10109979999515417,
        "powerflow_computation": 0.08983570000191321,
        "total": 0.3615821999992477
    },
    "total": 0.5966489000002184
}