{
    "Agent": {
        "total": 0.14692360000162807
    },
    "Env": {
        "apply_act": 0.15103730000305404,
        "observation_computation": 0.07516929999906097,
        "powerflow_computation": 0.07271750000040811,
        "total": 0.2989241000025231
    },
    "total": 0.5177115000001322
}