{
    "Agent": {
        "total": 0.27919250004924834
    },
    "Env": {
        "apply_act": 1.4372343989089131,
        "observation_computation": 0.2506713995244354,
        "powerflow_computation": 0.21294499980285764,
        "total": 1.9008507982362062
    },
    "total": 2.404558500042185
}