{
    "Agent": {
        "total": 0.08989819999897009
    },
    "Env": {
        "apply_act": 0.16736780000042017,
        "observation_computation": 0.04381469999998444,
        "powerflow_computation": 0.048101500002076136,
        "total": 0.25928400000248075
    },
    "total": 0.39047260000006645
}