{
    "Agent": {
        "total": 0.047226099998624704
    },
    "Env": {
        "apply_act": 0.27477109999972527,
        "observation_computation": 0.046387600003072293,
        "powerflow_computation": 0.040641599998707534,
        "total": 0.3618003000015051
    },
    "total": 0.45025340000029246
}