{
    "Agent": {
        "total": 0.027787800000339757
    },
    "Env": {
        "apply_act": 0.30534760000008987,
        "observation_computation": 0.3922337000000198,
        "powerflow_computation": 0.1871870999997327,
        "total": 0.8847683999998424
    },
    "total": 1.114504399999987
}