{
    "Agent": {
        "total": 0.08835299999782364
    },
    "Env": {
        "apply_act": 0.26001009999708913,
        "observation_computation": 0.060817799996129907,
        "powerflow_computation": 0.052768599998216814,
        "total": 0.37359649999143585
    },
    "total": 0.5207966999998916
}