{
    "Agent": {
        "total": 0.31967350002378225
    },
    "Env": {
        "apply_act": 0.8001255999843124,
        "observation_computation": 0.14186650028568693,
        "powerflow_computation": 0.12237620016094297,
        "total": 1.0643683004309423
    },
    "total": 1.5226746999833267
}