{
    "Agent": {
        "total": 0.6741551999964486
    },
    "Env": {
        "apply_act": 1.1245421000005535,
        "observation_computation": 0.43513450000023113,
        "powerflow_computation": 0.37299529999745573,
        "total": 1.9326718999982404
    },
    "total": 2.9952908999998726
}