{
    "Agent": {
        "total": 0.008535500383004546
    },
    "Env": {
        "apply_act": 0.016484599327668548,
        "observation_computation": 0.003915000008419156,
        "powerflow_computation": 0.0032944001723080873,
        "total": 0.02369399950839579
    },
    "total": 0.0369250001385808
}