{
    "Agent": {
        "total": 0.0177877999994962
    },
    "Env": {
        "apply_act": 0.057560999999623164,
        "observation_computation": 0.009651200000917015,
        "powerflow_computation": 0.009081200000309764,
        "total": 0.07629340000084994
    },
    "total": 0.10337609999987762
}