{
    "Agent": {
        "total": 0.03919919999907506
    },
    "Env": {
        "apply_act": 0.07535180000081709,
        "observation_computation": 0.018020500000147877,
        "powerflow_computation": 0.01738290000048437,
        "total": 0.11075520000144934
    },
    "total": 0.16660490000003847
}