{
    "Agent": {
        "total": 0.41274350000321647
    },
    "Env": {
        "apply_act": 1.216929799999889,
        "observation_computation": 0.24774260000140202,
        "powerflow_computation": 0.2086202000045887,
        "total": 1.6732926000058796
    },
    "total": 2.299909999999727
}