{
    "Agent": {
        "total": 0.14052260000016759
    },
    "Env": {
        "apply_act": 0.47882389999790576,
        "observation_computation": 0.1009703999982321,
        "powerflow_computation": 0.08629489999862017,
        "total": 0.666089199994758
    },
    "total": 0.9046164000001227
}