{
    "Agent": {
        "total": 0.029949398478493094
    },
    "Env": {
        "apply_act": 0.02625549933873117,
        "observation_computation": 0.015979901188984513,
        "powerflow_computation": 0.014071200275793672,
        "total": 0.056306600803509355
    },
    "total": 0.10132050001993775
}