{
    "Agent": {
        "total": 0.30613309999989724
    },
    "Env": {
        "apply_act": 0.6486019000005854,
        "observation_computation": 0.1418672999992623,
        "powerflow_computation": 0.13780499999916174,
        "total": 0.9282741999990094
    },
    "total": 1.3818110999999362
}