{
    "Agent": {
        "total": 0.12106629999948382
    },
    "Env": {
        "apply_act": 0.3319046999993134,
        "observation_computation": 0.062152900001478883,
        "powerflow_computation": 0.05517570000006344,
        "total": 0.4492333000008557
    },
    "total": 0.6278752999999142
}