{
    "Agent": {
        "total": 0.010902099893428385
    },
    "Env": {
        "apply_act": 0.03693289996590465,
        "observation_computation": 0.005633500055409968,
        "powerflow_computation": 0.0056435997830703855,
        "total": 0.048209999804385006
    },
    "total": 0.06467429990880191
}