{
    "Agent": {
        "total": 0.06331409992708359
    },
    "Env": {
        "apply_act": 0.21462360001169145,
        "observation_computation": 0.05521640001097694,
        "powerflow_computation": 0.04967309995845426,
        "total": 0.31951309998112265
    },
    "total": 0.4322408000007272
}