{
    "Agent": {
        "total": 0.2095268999973996
    },
    "Env": {
        "apply_act": 0.9494361000042773,
        "observation_computation": 0.210956499995973,
        "powerflow_computation": 0.18099329999631664,
        "total": 1.3413858999965669
    },
    "total": 1.7332389000002877
}