{
    "Agent": {
        "total": 0.049872800474986434
    },
    "Env": {
        "apply_act": 0.11047140066511929,
        "observation_computation": 0.025713899871334434,
        "powerflow_computation": 0.02175029960926622,
        "total": 0.15793560014571995
    },
    "total": 0.23203499999362975
}