{
    "Agent": {
        "total": 0.053174799075350165
    },
    "Env": {
        "apply_act": 0.20039920159615576,
        "observation_computation": 0.038696800358593464,
        "powerflow_computation": 0.03374140034429729,
        "total": 0.2728374022990465
    },
    "total": 0.3627613000571728
}