{
    "Agent": {
        "total": 0.16367770000579185
    },
    "Env": {
        "apply_act": 0.8143902999936472,
        "observation_computation": 0.16388380000216785,
        "powerflow_computation": 0.13904050000064672,
        "total": 1.1173145999964618
    },
    "total": 1.4265655999997762
}