{
    "Agent": {
        "total": 0.3110250000013366
    },
    "Env": {
        "apply_act": 0.5396916000006513,
        "observation_computation": 0.13840639999898485,
        "powerflow_computation": 0.13045489999944948,
        "total": 0.8085528999990856
    },
    "total": 1.257513499999959
}