{
    "Agent": {
        "total": 0.31359519999841723
    },
    "Env": {
        "apply_act": 0.2736103999995976,
        "observation_computation": 0.16417139999998653,
        "powerflow_computation": 0.1485851999997294,
        "total": 0.5863669999993135
    },
    "total": 1.0558902999999873
}