{
    "Agent": {
        "total": 0.3618829999918489
    },
    "Env": {
        "apply_act": 1.4175940000027367,
        "observation_computation": 0.2616020999967077,
        "powerflow_computation": 0.24319370000375784,
        "total": 1.9223898000032023
    },
    "total": 2.5184846000001926
}