{
    "Agent": {
        "total": 0.010697000000220669
    },
    "Env": {
        "apply_act": 0.12043800000037663,
        "observation_computation": 0.08104850000006536,
        "powerflow_computation": 0.07022390000031464,
        "total": 0.27171040000075664
    },
    "total": 0.3578119000000015
}