{
    "Agent": {
        "total": 0.0007966000121086836
    },
    "Env": {
        "apply_act": 0.0,
        "observation_computation": 0.0,
        "powerflow_computation": 0.0,
        "total": 0.0
    },
    "total": 0.0019038000609725714
}