{
    "Agent": {
        "total": 0.009688500198535621
    },
    "Env": {
        "apply_act": 0.018534000380896032,
        "observation_computation": 0.005842800019308925,
        "powerflow_computation": 0.0062674995278939605,
        "total": 0.030644299928098917
    },
    "total": 0.04624559998046607
}