{
    "Agent": {
        "total": 0.07604560000299898
    },
    "Env": {
        "apply_act": 0.6120125000011285,
        "observation_computation": 0.07513470000230882,
        "powerflow_computation": 0.06477699999913966,
        "total": 0.751924200002577
    },
    "total": 0.8932512000001225
}