{
    "Agent": {
        "total": 0.27298599983623717
    },
    "Env": {
        "apply_act": 1.463378999964334,
        "observation_computation": 0.24311919997853693,
        "powerflow_computation": 0.2220303001231514,
        "total": 1.9285285000660224
    },
    "total": 2.416954500004067
}