{
    "Agent": {
        "total": 0.018401499999072257
    },
    "Env": {
        "apply_act": 0.22000079999969557,
        "observation_computation": 0.15329929999955993,
        "powerflow_computation": 0.1377365000009263,
        "total": 0.5110366000001818
    },
    "total": 0.6682535999999573
}