{
    "Agent": {
        "total": 0.006417999044060707
    },
    "Env": {
        "apply_act": 0.005787699716165662,
        "observation_computation": 0.003292300272732973,
        "powerflow_computation": 0.004145999904721975,
        "total": 0.01322599989362061
    },
    "total": 0.02287149988114834
}