{
    "Agent": {
        "total": 0.3033381000022928
    },
    "Env": {
        "apply_act": 0.6276264000071023,
        "observation_computation": 0.11392200000136654,
        "powerflow_computation": 0.09613740000349935,
        "total": 0.8376858000119682
    },
    "total": 1.228168900000128
}