{
    "Agent": {
        "total": 0.30092800047714263
    },
    "Env": {
        "apply_act": 0.6608998995507136,
        "observation_computation": 0.20484410063363612,
        "powerflow_computation": 0.17711729963775724,
        "total": 1.042861299822107
    },
    "total": 1.5254904000321403
}