{
    "Agent": {
        "total": 0.10036949999994249
    },
    "Env": {
        "apply_act": 0.35163039999793,
        "observation_computation": 0.07156800000120711,
        "powerflow_computation": 0.062404800000422256,
        "total": 0.48560319999955937
    },
    "total": 0.6546313000001192
}