{
    "Agent": {
        "total": 0.0010917000000745247
    },
    "Env": {
        "apply_act": 0.0,
        "observation_computation": 0.0,
        "powerflow_computation": 0.0,
        "total": 0.0
    },
    "total": 0.003384500000038315
}