{
    "Agent": {
        "total": 0.0052473000000929915
    },
    "Env": {
        "apply_act": 0.05900420000000395,
        "observation_computation": 0.1558878000000874,
        "powerflow_computation": 0.035375900000033766,
        "total": 0.2502679000001251
    },
    "total": 0.29577799999999854
}