{
    "Agent": {
        "total": 0.12431119964458048
    },
    "Env": {
        "apply_act": 0.6498451989027672,
        "observation_computation": 0.11307850037701428,
        "powerflow_computation": 0.1041557997232303,
        "total": 0.8670794990030117
    },
    "total": 1.0912167000351474
}