{
    "Agent": {
        "total": 0.41289050000250427
    },
    "Env": {
        "apply_act": 0.8489540999953533,
        "observation_computation": 0.150163600011183,
        "powerflow_computation": 0.12734930000260647,
        "total": 1.1264670000091428
    },
    "total": 1.6685809000000518
}