{
    "Agent": {
        "total": 0.08724490029271692
    },
    "Env": {
        "apply_act": 0.3537432005396113,
        "observation_computation": 0.06044550007209182,
        "powerflow_computation": 0.06018519925419241,
        "total": 0.4743738998658955
    },
    "total": 0.6198716999497265
}