{
    "Agent": {
        "total": 0.17754049319773912
    },
    "Env": {
        "apply_act": 0.18188629881478846,
        "observation_computation": 0.09770389483310282,
        "powerflow_computation": 0.08365429774858057,
        "total": 0.36324449139647186
    },
    "total": 0.6333325000014156
}