{
    "Agent": {
        "total": 0.1394223013194278
    },
    "Env": {
        "apply_act": 0.4106711004860699,
        "observation_computation": 0.06793010013643652,
        "powerflow_computation": 0.05858899909071624,
        "total": 0.5371901997132227
    },
    "total": 0.7422758999746293
}