{
    "Agent": {
        "total": 0.07826490164734423
    },
    "Env": {
        "apply_act": 0.0923967007547617,
        "observation_computation": 0.03957909904420376,
        "powerflow_computation": 0.041899699019268155,
        "total": 0.1738754988182336
    },
    "total": 0.29030560003593564
}