{
    "Agent": {
        "total": 0.01781600000049366
    },
    "Env": {
        "apply_act": 0.05892369999901348,
        "observation_computation": 0.009637000000111584,
        "powerflow_computation": 0.009331799999017676,
        "total": 0.07789249999814274
    },
    "total": 0.10494539999990593
}