{
    "Agent": {
        "total": 0.0007734000000709784
    },
    "Env": {
        "apply_act": 0.0,
        "observation_computation": 0.0,
        "powerflow_computation": 0.0,
        "total": 0.0
    },
    "total": 0.001872600000069724
}