{
    "Agent": {
        "total": 0.11972439871169627
    },
    "Env": {
        "apply_act": 0.3200622017029673,
        "observation_computation": 0.07554659945890307,
        "powerflow_computation": 0.06401610048487782,
        "total": 0.4596249016467482
    },
    "total": 0.6466425999533385
}