{
    "Agent": {
        "total": 0.01596049999998428
    },
    "Env": {
        "apply_act": 0.17839499999996988,
        "observation_computation": 0.13522649999998393,
        "powerflow_computation": 0.11139749999998472,
        "total": 0.42501899999993853
    },
    "total": 0.5631404999999994
}