{
    "Agent": {
        "total": 0.11411860131192952
    },
    "Env": {
        "apply_act": 0.4356269979616627,
        "observation_computation": 0.07824310206342489,
        "powerflow_computation": 0.0658529003849253,
        "total": 0.5797230004100129
    },
    "total": 0.768890600069426
}