{
    "Agent": {
        "total": 0.007331500179134309
    },
    "Env": {
        "apply_act": 0.023641599691472948,
        "observation_computation": 0.005391299957409501,
        "powerflow_computation": 0.005946900579147041,
        "total": 0.03497980022802949
    },
    "total": 0.04765730001963675
}