{
    "Agent": {
        "total": 0.03967809840105474
    },
    "Env": {
        "apply_act": 0.10701470030471683,
        "observation_computation": 0.0181441989261657,
        "powerflow_computation": 0.015665399841964245,
        "total": 0.14082429907284677
    },
    "total": 0.19899160019122064
}