{
    "Agent": {
        "total": 0.001775800000004324
    },
    "Env": {
        "apply_act": 0.021377600000036523,
        "observation_computation": 0.0147742000000477,
        "powerflow_computation": 0.01402449999999078,
        "total": 0.050176300000075
    },
    "total": 0.06629890000000671
}