{
    "Agent": {
        "total": 1.2223716002481524
    },
    "Env": {
        "apply_act": 0.44483529988792725,
        "observation_computation": 0.10376059997361153,
        "powerflow_computation": 0.09954339981777593,
        "total": 0.6481392996793147
    },
    "total": 1.9815429000009317
}