{
    "Agent": {
        "total": 0.06862749985884875
    },
    "Env": {
        "apply_act": 0.19507150060962886,
        "observation_computation": 0.03302850003819913,
        "powerflow_computation": 0.029106199857778847,
        "total": 0.25720620050560683
    },
    "total": 0.35836010007187724
}