{
    "Agent": {
        "total": 0.0007405999999718915
    },
    "Env": {
        "apply_act": 0.0,
        "observation_computation": 0.0,
        "powerflow_computation": 0.0,
        "total": 0.0
    },
    "total": 0.001851999999871623
}