{
    "Agent": {
        "total": 0.05752210028003901
    },
    "Env": {
        "apply_act": 0.12243309977930039,
        "observation_computation": 0.028330699540674686,
        "powerflow_computation": 0.023753900779411197,
        "total": 0.17451770009938627
    },
    "total": 0.2587747999932617
}