{
    "Agent": {
        "total": 0.015421900000092137
    },
    "Env": {
        "apply_act": 0.05371770000056131,
        "observation_computation": 0.008357299999715906,
        "powerflow_computation": 0.00819249999949534,
        "total": 0.07026749999977255
    },
    "total": 0.09381819999998697
}