{
    "Agent": {
        "total": 0.15364449989283457
    },
    "Env": {
        "apply_act": 0.3755442001565825,
        "observation_computation": 0.06144060008227825,
        "powerflow_computation": 0.059163200203329325,
        "total": 0.4961480004421901
    },
    "total": 0.7060438999906182
}