{
    "Agent": {
        "total": 0.01239970000028734
    },
    "Env": {
        "apply_act": 0.013971300000321207,
        "observation_computation": 0.007916700000123456,
        "powerflow_computation": 0.007746599999336468,
        "total": 0.02963459999978113
    },
    "total": 0.04933970000001864
}