{
    "Agent": {
        "total": 0.10207430000536988
    },
    "Env": {
        "apply_act": 0.29303109999636945,
        "observation_computation": 0.043146399998477136,
        "powerflow_computation": 0.042502099999182974,
        "total": 0.37867959999402956
    },
    "total": 0.524186600000121
}