{
    "Agent": {
        "total": 0.13316609999446882
    },
    "Env": {
        "apply_act": 0.48471390000258907,
        "observation_computation": 0.11088230000086696,
        "powerflow_computation": 0.09810589999824515,
        "total": 0.6937021000017012
    },
    "total": 0.9249941999996736
}