{
    "Agent": {
        "total": 0.22754789999953573
    },
    "Env": {
        "apply_act": 0.20026540000026216,
        "observation_computation": 0.11340260000110902,
        "powerflow_computation": 0.09501219999697241,
        "total": 0.4086801999983436
    },
    "total": 0.7448279999998704
}