{
    "Agent": {
        "total": 0.07004060107283294
    },
    "Env": {
        "apply_act": 0.18118329939898103,
        "observation_computation": 0.0320207008626312,
        "powerflow_computation": 0.026493300567381084,
        "total": 0.23969730082899332
    },
    "total": 0.3411120999371633
}