{
    "Agent": {
        "total": 0.07076820055954158
    },
    "Env": {
        "apply_act": 0.21593109983950853,
        "observation_computation": 0.033831900684162974,
        "powerflow_computation": 0.03262989944778383,
        "total": 0.28239289997145534
    },
    "total": 0.3866502000018954
}