{
    "Agent": {
        "total": 0.8329386000038994
    },
    "Env": {
        "apply_act": 0.9589691999983643,
        "observation_computation": 0.5827895000052195,
        "powerflow_computation": 0.4898201999931189,
        "total": 2.0315788999967026
    },
    "total": 3.374535000000151
}