{
    "Agent": {
        "total": 0.013882400700822473
    },
    "Env": {
        "apply_act": 0.03846310009248555,
        "observation_computation": 0.007469400065019727,
        "powerflow_computation": 0.007332899607717991,
        "total": 0.053265399765223265
    },
    "total": 0.07447139988653362
}