{
    "Agent": {
        "total": 0.06896939943544567
    },
    "Env": {
        "apply_act": 0.1688828996848315,
        "observation_computation": 0.02902650076430291,
        "powerflow_computation": 0.02577729953918606,
        "total": 0.22368669998832047
    },
    "total": 0.32198410003911704
}