{
    "Agent": {
        "total": 0.0482461000008243
    },
    "Env": {
        "apply_act": 0.049496499999804655,
        "observation_computation": 0.023422599998866644,
        "powerflow_computation": 0.020825200000444966,
        "total": 0.09374429999911627
    },
    "total": 0.16467469999997775
}