{
    "Agent": {
        "total": 0.5953169000140406
    },
    "Env": {
        "apply_act": 0.3308134000071732,
        "observation_computation": 0.2119612999858873,
        "powerflow_computation": 0.18954699999630975,
        "total": 0.7323216999893702
    },
    "total": 1.5331031000005169
}