{
    "Agent": {
        "total": 0.06522120000045106
    },
    "Env": {
        "apply_act": 0.3542279000016606,
        "observation_computation": 0.04577659999881689,
        "powerflow_computation": 0.047542399997382745,
        "total": 0.44754689999786024
    },
    "total": 0.5563890000000811
}