{
    "Agent": {
        "total": 0.05591379990801215
    },
    "Env": {
        "apply_act": 0.13875689983251505,
        "observation_computation": 0.023085899912985042,
        "powerflow_computation": 0.01957949995994568,
        "total": 0.18142229970544577
    },
    "total": 0.26098479999927804
}