{
    "Agent": {
        "total": 0.21272049996332498
    },
    "Env": {
        "apply_act": 0.643382600050245,
        "observation_computation": 0.10700179997365922,
        "powerflow_computation": 0.09084779996919679,
        "total": 0.841232199993101
    },
    "total": 1.156487100000959
}