{
    "Agent": {
        "total": 0.029888199409469962
    },
    "Env": {
        "apply_act": 0.3362519007641822,
        "observation_computation": 0.021177399437874556,
        "powerflow_computation": 0.02206250187009573,
        "total": 0.3794918020721525
    },
    "total": 0.42997379996813834
}