{
    "Agent": {
        "total": 0.9317121999902156
    },
    "Env": {
        "apply_act": 0.8977046000020437,
        "observation_computation": 0.4350637999959872,
        "powerflow_computation": 0.3783488999981728,
        "total": 1.7111172999962037
    },
    "total": 3.061005699999896
}