{
    "Agent": {
        "total": 0.05609450023621321
    },
    "Env": {
        "apply_act": 0.10643740021623671,
        "observation_computation": 0.02747400035150349,
        "powerflow_computation": 0.02379360143095255,
        "total": 0.15770500199869275
    },
    "total": 0.23992550000548363
}