{
    "Agent": {
        "total": 0.12154290056787431
    },
    "Env": {
        "apply_act": 0.33131600031629205,
        "observation_computation": 0.05712310131639242,
        "powerflow_computation": 0.05020259926095605,
        "total": 0.4386417008936405
    },
    "total": 0.6150043000234291
}