{
    "Agent": {
        "total": 0.031631600000821436
    },
    "Env": {
        "apply_act": 0.36771799999937116,
        "observation_computation": 0.2634159999998076,
        "powerflow_computation": 0.2280445000004363,
        "total": 0.859178499999615
    },
    "total": 1.139369400000021
}