{
    "Agent": {
        "total": 0.28690579999579313
    },
    "Env": {
        "apply_act": 0.9910412999988694,
        "observation_computation": 0.20976049999489987,
        "powerflow_computation": 0.19477270000106728,
        "total": 1.3955744999948365
    },
    "total": 1.887464300000147
}