{
    "Agent": {
        "total": 0.046089600247796625
    },
    "Env": {
        "apply_act": 0.09778249956434593,
        "observation_computation": 0.01887259987415746,
        "powerflow_computation": 0.015452499967068434,
        "total": 0.13210759940557182
    },
    "total": 0.19712229998549446
}