{
    "Agent": {
        "total": 0.07904510013759136
    },
    "Env": {
        "apply_act": 0.16316759935580194,
        "observation_computation": 0.030351799330674112,
        "powerflow_computation": 0.02630209969356656,
        "total": 0.2198214983800426
    },
    "total": 0.33009120007045567
}