{
    "Agent": {
        "total": 0.23213479947298765
    },
    "Env": {
        "apply_act": 0.639037499204278,
        "observation_computation": 0.14232369931414723,
        "powerflow_computation": 0.12403049925342202,
        "total": 0.9053916977718472
    },
    "total": 1.2646844999399036
}