{
    "Agent": {
        "total": 0.06571869959589094
    },
    "Env": {
        "apply_act": 0.2519719998235814,
        "observation_computation": 0.061199699877761304,
        "powerflow_computation": 0.05524049996165559,
        "total": 0.3684121996629983
    },
    "total": 0.48738020000746474
}