{
    "Agent": {
        "total": 0.20543039999733992
    },
    "Env": {
        "apply_act": 0.644828600002711,
        "observation_computation": 0.14920899999447101,
        "powerflow_computation": 0.12649489999785146,
        "total": 0.9205324999950335
    },
    "total": 1.2690381999998408
}