{
    "Agent": {
        "total": 1.0383610000008048
    },
    "Env": {
        "apply_act": 2.5859811000036643,
        "observation_computation": 0.3700723999963884,
        "powerflow_computation": 0.355159700016884,
        "total": 3.3112132000169368
    },
    "total": 4.738472799999727
}