{
    "Agent": {
        "total": 0.4457487000011042
    },
    "Env": {
        "apply_act": 0.47467469999855894,
        "observation_computation": 0.27680699999882563,
        "powerflow_computation": 0.25401200000214885,
        "total": 1.0054936999995334
    },
    "total": 1.699351699999852
}