{
    "Agent": {
        "total": 0.0399590999998054
    },
    "Env": {
        "apply_act": 0.08113249999996697,
        "observation_computation": 0.018058799999835173,
        "powerflow_computation": 0.014928500000451095,
        "total": 0.11411980000025324
    },
    "total": 0.1725547999999435
}