{
    "Agent": {
        "total": 0.020958499750122428
    },
    "Env": {
        "apply_act": 0.043954302091151476,
        "observation_computation": 0.014196800300851464,
        "powerflow_computation": 0.012409098679199815,
        "total": 0.07056020107120275
    },
    "total": 0.10610440000891685
}