{
    "Agent": {
        "total": 0.016035399999964284
    },
    "Env": {
        "apply_act": 0.1802445000000077,
        "observation_computation": 0.13129560000002272,
        "powerflow_computation": 0.10953099999991878,
        "total": 0.4210710999999492
    },
    "total": 0.559364200000001
}