{
    "Agent": {
        "total": 0.015926200314424932
    },
    "Env": {
        "apply_act": 0.0507679998409003,
        "observation_computation": 0.009445799863897264,
        "powerflow_computation": 0.010291699902154505,
        "total": 0.07050549960695207
    },
    "total": 0.09516579995397478
}