{
    "Agent": {
        "total": 0.3058280000018385
    },
    "Env": {
        "apply_act": 1.5594736999923953,
        "observation_computation": 0.30193450000115263,
        "powerflow_computation": 0.2559583000006569,
        "total": 2.117366499994205
    },
    "total": 2.6927706999999828
}