{
    "Agent": {
        "total": 0.016340599999949745
    },
    "Env": {
        "apply_act": 0.19114159999992353,
        "observation_computation": 0.1369380999994121,
        "powerflow_computation": 0.11576740000029417,
        "total": 0.4438470999996298
    },
    "total": 0.5877893999999912
}