{
    "Agent": {
        "total": 3.357914699992989
    },
    "Env": {
        "apply_act": 3.273321599996734,
        "observation_computation": 2.015691000000743,
        "powerflow_computation": 1.6990235999962806,
        "total": 6.988036199993758
    },
    "total": 12.1041302000001
}