{
    "Agent": {
        "total": 0.6082811992382631
    },
    "Env": {
        "apply_act": 1.3212095996714197,
        "observation_computation": 0.24009819916682318,
        "powerflow_computation": 0.2262653011130169,
        "total": 1.7875730999512598
    },
    "total": 2.632547200017143
}