{
    "Agent": {
        "total": 0.08077299979049712
    },
    "Env": {
        "apply_act": 0.20724070008145645,
        "observation_computation": 0.03591060030157678,
        "powerflow_computation": 0.031820300268009305,
        "total": 0.27497160065104254
    },
    "total": 0.3915770000021439
}