{
    "Agent": {
        "total": 0.15326120011741295
    },
    "Env": {
        "apply_act": 0.036532699974486604,
        "observation_computation": 0.013135000073816627,
        "powerflow_computation": 0.015044800064060837,
        "total": 0.06471250011236407
    },
    "total": 0.2327215000113938
}