{
    "Agent": {
        "total": 0.08052250015316531
    },
    "Env": {
        "apply_act": 0.19334089985932223,
        "observation_computation": 0.03629889988224022,
        "powerflow_computation": 0.03031339985318482,
        "total": 0.2599531995947473
    },
    "total": 0.37816920000477694
}