{
    "Agent": {
        "total": 0.0020543999999631524
    },
    "Env": {
        "apply_act": 0.021918900000088115,
        "observation_computation": 0.015141899999861153,
        "powerflow_computation": 0.013763699999856271,
        "total": 0.05082449999980554
    },
    "total": 0.0676057999999955
}