{
    "Agent": {
        "total": 0.06623850000369202
    },
    "Env": {
        "apply_act": 0.18428509999739617,
        "observation_computation": 0.02783600000111619,
        "powerflow_computation": 0.024146800000835356,
        "total": 0.23626789999934772
    },
    "total": 0.3309857999997803
}