{
    "Agent": {
        "total": 0.024536299999766698
    },
    "Env": {
        "apply_act": 0.25414859999963824,
        "observation_computation": 0.17859429999990084,
        "powerflow_computation": 0.14086050000020123,
        "total": 0.5736033999997403
    },
    "total": 0.7777792999999917
}