{
    "Agent": {
        "total": 1.0693298000028335
    },
    "Env": {
        "apply_act": 1.2280791000021054,
        "observation_computation": 0.5106811000005109,
        "powerflow_computation": 0.43873030000577273,
        "total": 2.177490500008389
    },
    "total": 3.7266480999999203
}