{
    "Agent": {
        "total": 0.6886650999958874
    },
    "Env": {
        "apply_act": 2.99291079999216,
        "observation_computation": 0.48680210000861734,
        "powerflow_computation": 0.43191060000276593,
        "total": 3.911623500003543
    },
    "total": 5.066914900000029
}