{
    "Agent": {
        "total": 0.0007693000000017491
    },
    "Env": {
        "apply_act": 0.0,
        "observation_computation": 0.0,
        "powerflow_computation": 0.0,
        "total": 0.0
    },
    "total": 0.001979399999981979
}