{
    "Agent": {
        "total": 0.03207590046804398
    },
    "Env": {
        "apply_act": 0.2298837003763765,
        "observation_computation": 0.02293759968597442,
        "powerflow_computation": 0.02065710024908185,
        "total": 0.2734784003114328
    },
    "total": 0.32766329997684807
}