{
    "Agent": {
        "total": 0.02048530000035953
    },
    "Env": {
        "apply_act": 0.04794420000007449,
        "observation_computation": 0.009822999999869353,
        "powerflow_computation": 0.008441300000185947,
        "total": 0.06620850000012979
    },
    "total": 0.09804630000007819
}