{
    "Agent": {
        "total": 0.011381699999958528
    },
    "Env": {
        "apply_act": 0.13310070000022733,
        "observation_computation": 0.08880650000008927,
        "powerflow_computation": 0.07358520000076396,
        "total": 0.29549240000108057
    },
    "total": 0.3867860999999948
}