{
    "Agent": {
        "total": 0.001874099999966461
    },
    "Env": {
        "apply_act": 0.022069899999976883,
        "observation_computation": 0.015294899999986455,
        "powerflow_computation": 0.014309499999924924,
        "total": 0.05167429999988826
    },
    "total": 0.06839979999999457
}