{
    "Agent": {
        "total": 0.04612940000015442
    },
    "Env": {
        "apply_act": 0.09913169999981619,
        "observation_computation": 0.021449899999879563,
        "powerflow_computation": 0.019676700001582503,
        "total": 0.14025830000127826
    },
    "total": 0.20769140000004427
}