{
    "Agent": {
        "total": 0.010462299999900893
    },
    "Env": {
        "apply_act": 0.12259290000011447,
        "observation_computation": 0.0859875000001864,
        "powerflow_computation": 0.07667950000009682,
        "total": 0.2852599000003977
    },
    "total": 0.37769779999999287
}