{
    "Agent": {
        "total": 0.21515099999976428
    },
    "Env": {
        "apply_act": 0.6642613000004758,
        "observation_computation": 0.11413390000120671,
        "powerflow_computation": 0.09990690000040559,
        "total": 0.8783021000020881
    },
    "total": 1.1988311999999723
}