{
    "Agent": {
        "total": 0.028966100653633475
    },
    "Env": {
        "apply_act": 0.08671850024256855,
        "observation_computation": 0.01507139962632209,
        "powerflow_computation": 0.012653299956582487,
        "total": 0.11444319982547313
    },
    "total": 0.1589049999602139
}