{
    "Agent": {
        "total": 0.9206402999998318
    },
    "Env": {
        "apply_act": 1.5289074000013443,
        "observation_computation": 0.4075887999965744,
        "powerflow_computation": 0.3733854999993582,
        "total": 2.309881699997277
    },
    "total": 3.6301882000000205
}