{
    "Agent": {
        "total": 0.05456480011343956
    },
    "Env": {
        "apply_act": 0.18527090176939964,
        "observation_computation": 0.03977169911377132,
        "powerflow_computation": 0.03611520049162209,
        "total": 0.26115780137479305
    },
    "total": 0.35324710002169013
}