{
    "Agent": {
        "total": 0.3696669000032671
    },
    "Env": {
        "apply_act": 0.3936437999989266,
        "observation_computation": 0.247438200000488,
        "powerflow_computation": 0.19998689999988528,
        "total": 0.8410688999992999
    },
    "total": 1.4307427999999618
}