{
    "Agent": {
        "total": 0.0040534000002026005
    },
    "Env": {
        "apply_act": 0.046268000000679876,
        "observation_computation": 0.032909700000004705,
        "powerflow_computation": 0.032228000000145585,
        "total": 0.11140570000083017
    },
    "total": 0.14479309999995849
}