{
    "Agent": {
        "total": 0.06002699944656342
    },
    "Env": {
        "apply_act": 0.15690460009500384,
        "observation_computation": 0.03707129997201264,
        "powerflow_computation": 0.03351559967268258,
        "total": 0.22749149973969907
    },
    "total": 0.32255269994493574
}