{
    "Agent": {
        "total": 0.02780340000049364
    },
    "Env": {
        "apply_act": 0.05210839999995187,
        "observation_computation": 0.011297000000354274,
        "powerflow_computation": 0.009697000000073785,
        "total": 0.07310240000037993
    },
    "total": 0.11341559999993933
}