{
    "Agent": {
        "total": 0.00567760000022588
    },
    "Env": {
        "apply_act": 0.06589479999985315,
        "observation_computation": 0.05272989999978961,
        "powerflow_computation": 0.04506900000019698,
        "total": 0.16369369999983974
    },
    "total": 0.2134134000000074
}