{
    "Agent": {
        "total": 0.2198257999998532
    },
    "Env": {
        "apply_act": 0.6003359000001183,
        "observation_computation": 0.1088857000003145,
        "powerflow_computation": 0.09337170000083006,
        "total": 0.8025933000012628
    },
    "total": 1.129051000000004
}