{
    "Agent": {
        "total": 0.23349600000028659
    },
    "Env": {
        "apply_act": 0.2720439999966402,
        "observation_computation": 0.1508695000015905,
        "powerflow_computation": 0.13067430000364766,
        "total": 0.5535878000018783
    },
    "total": 0.9215732999996362
}