{
    "Agent": {
        "total": 0.03716139998869039
    },
    "Env": {
        "apply_act": 0.14062599999306258,
        "observation_computation": 0.032007400048314594,
        "powerflow_computation": 0.027450299967313185,
        "total": 0.20008370000869036
    },
    "total": 0.2680255000013858
}