{
    "Agent": {
        "total": 0.05437019999953918
    },
    "Env": {
        "apply_act": 0.07184660000075382,
        "observation_computation": 0.02774930000077802,
        "powerflow_computation": 0.02702020000003813,
        "total": 0.12661610000156998
    },
    "total": 0.2075135999999702
}