{
    "Agent": {
        "total": 0.03740729999975656
    },
    "Env": {
        "apply_act": 0.06636419999995269,
        "observation_computation": 0.012875099999973827,
        "powerflow_computation": 0.010535899999979392,
        "total": 0.08977519999990591
    },
    "total": 0.14043970000000172
}