{
    "Agent": {
        "total": 0.006600799999937124
    },
    "Env": {
        "apply_act": 0.07052540000000818,
        "observation_computation": 0.049775999999923215,
        "powerflow_computation": 0.04286550000003331,
        "total": 0.1631668999999647
    },
    "total": 0.2176968000000059
}