{
    "Agent": {
        "total": 0.058537499999602005
    },
    "Env": {
        "apply_act": 0.16496880000067904,
        "observation_computation": 0.02559340000152588,
        "powerflow_computation": 0.024978200000532524,
        "total": 0.21554040000273744
    },
    "total": 0.299866800000018
}