{
    "Agent": {
        "total": 0.0626150999996753
    },
    "Env": {
        "apply_act": 0.11741040000003977,
        "observation_computation": 0.028122299999608913,
        "powerflow_computation": 0.024845500000992615,
        "total": 0.1703782000006413
    },
    "total": 0.2601624000000129
}