{
    "Agent": {
        "total": 0.02475970000068628
    },
    "Env": {
        "apply_act": 0.06760579999945548,
        "observation_computation": 0.016192800001817886,
        "powerflow_computation": 0.014673799999172843,
        "total": 0.09847240000044621
    },
    "total": 0.13970270000004348
}