{
    "Agent": {
        "total": 0.1776844000012261
    },
    "Env": {
        "apply_act": 0.3307007999991356,
        "observation_computation": 0.12399780000089322,
        "powerflow_computation": 0.10927100000060364,
        "total": 0.5639696000006325
    },
    "total": 0.8498370000000932
}