{
    "Agent": {
        "total": 0.005461300000106917
    },
    "Env": {
        "apply_act": 0.06119120000005296,
        "observation_computation": 0.042509400000056985,
        "powerflow_computation": 0.036073199999975714,
        "total": 0.13977380000008566
    },
    "total": 0.1852135999999973
}