{
    "Agent": {
        "total": 0.08661930000022267
    },
    "Env": {
        "apply_act": 0.1746079000003533,
        "observation_computation": 0.03200479999986783,
        "powerflow_computation": 0.030906699999945886,
        "total": 0.23751940000016702
    },
    "total": 0.3584991999999829
}