{
    "Agent": {
        "total": 0.08771470000101544
    },
    "Env": {
        "apply_act": 0.09166330000107337,
        "observation_computation": 0.05401339999934862,
        "powerflow_computation": 0.050973499997326144,
        "total": 0.19665019999774813
    },
    "total": 0.33414340000035736
}