{
    "Agent": {
        "total": 0.008041600000005644
    },
    "Env": {
        "apply_act": 0.08885909999993657,
        "observation_computation": 0.06331229999993582,
        "powerflow_computation": 0.05184509999997289,
        "total": 0.20401649999984528
    },
    "total": 0.2707546000000036
}