{
    "Agent": {
        "total": 0.07324500000004264
    },
    "Env": {
        "apply_act": 0.17471990000024107,
        "observation_computation": 0.031228300000123,
        "powerflow_computation": 0.027726000000143358,
        "total": 0.23367420000050743
    },
    "total": 0.33823990000001913
}