{
    "Agent": {
        "total": 0.13178679999850829
    },
    "Env": {
        "apply_act": 0.10118309999893427,
        "observation_computation": 0.0606073999988439,
        "powerflow_computation": 0.050455999998803236,
        "total": 0.2122464999965814
    },
    "total": 0.40189489999988837
}