{
    "Agent": {
        "total": 0.6218163001467474
    },
    "Env": {
        "apply_act": 0.12488139985362068,
        "observation_computation": 0.051136699883500114,
        "powerflow_computation": 0.05003489975933917,
        "total": 0.22605299949645996
    },
    "total": 0.9025112000235822
}