{
    "Agent": {
        "total": 0.0043632999999978495
    },
    "Env": {
        "apply_act": 0.04843050000000737,
        "observation_computation": 0.035180900000009174,
        "powerflow_computation": 0.030565200000010506,
        "total": 0.11417660000002705
    },
    "total": 0.1523071999999992
}