{
    "Agent": {
        "total": 0.3167045000031976
    },
    "Env": {
        "apply_act": 0.6117455999988124,
        "observation_computation": 0.1055303999996795,
        "powerflow_computation": 0.10092020000001867,
        "total": 0.8181961999985106
    },
    "total": 1.242244899999605
}