{
    "Agent": {
        "total": 0.07694819965399802
    },
    "Env": {
        "apply_act": 0.14096310001332313,
        "observation_computation": 0.023133700480684638,
        "powerflow_computation": 0.023831499740481377,
        "total": 0.18792830023448914
    },
    "total": 0.2871392999077216
}