{
    "Agent": {
        "total": 0.34296300000073643
    },
    "Env": {
        "apply_act": 0.38481750000119064,
        "observation_computation": 0.16298560000132056,
        "powerflow_computation": 0.14263700000014978,
        "total": 0.690440100002661
    },
    "total": 1.1879875999998148
}