{
    "Agent": {
        "total": 0.050525699999980134
    },
    "Env": {
        "apply_act": 0.1367192000001296,
        "observation_computation": 0.023976699999991524,
        "powerflow_computation": 0.020342400000231464,
        "total": 0.1810383000003526
    },
    "total": 0.25613709999998946
}