{
    "Agent": {
        "total": 0.029109700000219618
    },
    "Env": {
        "apply_act": 0.31146950000064066,
        "observation_computation": 0.33962060000075667,
        "powerflow_computation": 0.18929089999951998,
        "total": 0.8403810000009173
    },
    "total": 1.0776797000000045
}