{
    "Agent": {
        "total": 0.071307800069917
    },
    "Env": {
        "apply_act": 0.2290130999754183,
        "observation_computation": 0.06626399996457621,
        "powerflow_computation": 0.06042379990685731,
        "total": 0.3557008998468518
    },
    "total": 0.48734250001143664
}