{
    "Agent": {
        "total": 0.0893348001409322
    },
    "Env": {
        "apply_act": 0.20339959964621812,
        "observation_computation": 0.036353800795041025,
        "powerflow_computation": 0.03454099909868091,
        "total": 0.27429439953994006
    },
    "total": 0.39985080005135387
}