{
    "Agent": {
        "total": 0.003405199999860997
    },
    "Env": {
        "apply_act": 0.03912030000006439,
        "observation_computation": 0.028816200000107983,
        "powerflow_computation": 0.024097100000147975,
        "total": 0.09203360000032035
    },
    "total": 0.12118200000000456
}