{
    "Agent": {
        "total": 0.2648074999979144
    },
    "Env": {
        "apply_act": 0.5478578000007701,
        "observation_computation": 0.11517699999922115,
        "powerflow_computation": 0.10444419999976162,
        "total": 0.7674789999997529
    },
    "total": 1.1510554000000184
}