{
    "Agent": {
        "total": 0.022093899999390487
    },
    "Env": {
        "apply_act": 0.0654650999997557,
        "observation_computation": 0.015589299999419381,
        "powerflow_computation": 0.01377499999966858,
        "total": 0.09482939999884366
    },
    "total": 0.13249760000007882
}