{
    "Agent": {
        "total": 0.05050859914626926
    },
    "Env": {
        "apply_act": 0.1383664997993037,
        "observation_computation": 0.023938100435771048,
        "powerflow_computation": 0.02340509998612106,
        "total": 0.18570970022119582
    },
    "total": 0.2593242001021281
}