{
    "Agent": {
        "total": 0.5029118000028348
    },
    "Env": {
        "apply_act": 0.6378755000006322,
        "observation_computation": 0.25769679999802975,
        "powerflow_computation": 0.239489800002616,
        "total": 1.135062100001278
    },
    "total": 1.8895777999999837
}