{
    "Agent": {
        "total": 0.5433948000090822
    },
    "Env": {
        "apply_act": 0.30646979999346513,
        "observation_computation": 0.1837290000030407,
        "powerflow_computation": 0.17098899999109562,
        "total": 0.6611877999876015
    },
    "total": 1.382147199999963
}