{
    "Agent": {
        "total": 0.9619650000095135
    },
    "Env": {
        "apply_act": 2.4694753999992827,
        "observation_computation": 0.3880185999933019,
        "powerflow_computation": 0.366004200001953,
        "total": 3.2234981999945376
    },
    "total": 4.5709938999998485
}