{
    "Agent": {
        "total": 0.5147841000034532
    },
    "Env": {
        "apply_act": 1.642107299996951,
        "observation_computation": 0.3667940999912389,
        "powerflow_computation": 0.29757549999294497,
        "total": 2.306476899981135
    },
    "total": 3.1387454000000616
}