{
    "Agent": {
        "total": 0.32786669999967444
    },
    "Env": {
        "apply_act": 0.6988955999995028,
        "observation_computation": 0.12355080000043017,
        "powerflow_computation": 0.10984220000051437,
        "total": 0.9322886000004473
    },
    "total": 1.3839594000000375
}