{
    "Agent": {
        "total": 0.008784300000272083
    },
    "Env": {
        "apply_act": 0.09941649999997537,
        "observation_computation": 0.07126749999994786,
        "powerflow_computation": 0.058460800000005975,
        "total": 0.2291447999999292
    },
    "total": 0.3051772000000028
}