{
    "Agent": {
        "total": 0.0006559998728334904
    },
    "Env": {
        "apply_act": 0.0,
        "observation_computation": 0.0,
        "powerflow_computation": 0.0,
        "total": 0.0
    },
    "total": 0.0017993999645113945
}