{
    "Agent": {
        "total": 0.030700400000114314
    },
    "Env": {
        "apply_act": 0.3092515999996124,
        "observation_computation": 0.22543839999985948,
        "powerflow_computation": 0.18825440000040317,
        "total": 0.722944399999875
    },
    "total": 0.9664890999999898
}