{
    "Agent": {
        "total": 0.013839100000055282
    },
    "Env": {
        "apply_act": 0.13559100000001933,
        "observation_computation": 0.10028999999997978,
        "powerflow_computation": 0.08119249999991496,
        "total": 0.3170734999999141
    },
    "total": 0.42332329999999985
}