{
    "Agent": {
        "total": 0.4292945000001964
    },
    "Env": {
        "apply_act": 0.8692110999995748,
        "observation_computation": 0.15127669999901627,
        "powerflow_computation": 0.13890269999819793,
        "total": 1.159390499996789
    },
    "total": 1.726786699999593
}