{
    "Agent": {
        "total": 0.016298699999651944
    },
    "Env": {
        "apply_act": 0.19588669999990316,
        "observation_computation": 0.1408568000004209,
        "powerflow_computation": 0.11930950000026996,
        "total": 0.456053000000594
    },
    "total": 0.6046436000000028
}