{
    "Agent": {
        "total": 0.09677269999519922
    },
    "Env": {
        "apply_act": 0.020878099981928244,
        "observation_computation": 0.007802299922332168,
        "powerflow_computation": 0.008549799968022853,
        "total": 0.037230199872283265
    },
    "total": 0.14312889997381717
}