{
    "Agent": {
        "total": 0.018257600000396224
    },
    "Env": {
        "apply_act": 0.19834780000013552,
        "observation_computation": 0.1438011000000472,
        "powerflow_computation": 0.12360740000025316,
        "total": 0.4657563000004359
    },
    "total": 0.6150406000000146
}