{
    "Agent": {
        "total": 0.09140729962382466
    },
    "Env": {
        "apply_act": 0.18399830017006025,
        "observation_computation": 0.031738500110805035,
        "powerflow_computation": 0.02709630026947707,
        "total": 0.24283310055034235
    },
    "total": 0.36723669996717945
}