{
    "Agent": {
        "total": 0.08436830015853047
    },
    "Env": {
        "apply_act": 0.20606549945659935,
        "observation_computation": 0.04856819985434413,
        "powerflow_computation": 0.04084919975139201,
        "total": 0.2954828990623355
    },
    "total": 0.42562100011855364
}