{
    "Agent": {
        "total": 0.002684099999925138
    },
    "Env": {
        "apply_act": 0.028613399999983358,
        "observation_computation": 0.020472800000135294,
        "powerflow_computation": 0.017327199999954246,
        "total": 0.0664134000000729
    },
    "total": 0.08859080000001995
}