{
    "Agent": {
        "total": 0.17839259997708723
    },
    "Env": {
        "apply_act": 0.03735989992856048,
        "observation_computation": 0.015131500200368464,
        "powerflow_computation": 0.014907299977494404,
        "total": 0.06739870010642335
    },
    "total": 0.2621620999998413
}