{
    "Agent": {
        "total": 0.05836430000050541
    },
    "Env": {
        "apply_act": 0.12002690000002758,
        "observation_computation": 0.023926699999833545,
        "powerflow_computation": 0.022974800000213236,
        "total": 0.16692840000007436
    },
    "total": 0.24928180000000566
}