{
    "Agent": {
        "total": 0.07194119999928716
    },
    "Env": {
        "apply_act": 0.22296989999995276,
        "observation_computation": 0.0393518999992466,
        "powerflow_computation": 0.04198539999970308,
        "total": 0.30430719999890243
    },
    "total": 0.41299209999999675
}