{
    "Agent": {
        "total": 0.6395947999967575
    },
    "Env": {
        "apply_act": 0.6971586999982264,
        "observation_computation": 0.3015247000043928,
        "powerflow_computation": 0.2816059000022051,
        "total": 1.2802893000048243
    },
    "total": 2.2167738999999074
}