{
    "Agent": {
        "total": 0.03298270097002387
    },
    "Env": {
        "apply_act": 0.12152249948121607,
        "observation_computation": 0.023729199543595314,
        "powerflow_computation": 0.020506198750808835,
        "total": 0.16575789777562022
    },
    "total": 0.22066920017823577
}