{
    "Agent": {
        "total": 0.03350840089842677
    },
    "Env": {
        "apply_act": 0.10242580133490264,
        "observation_computation": 0.024633798748254776,
        "powerflow_computation": 0.02408889844082296,
        "total": 0.15114849852398038
    },
    "total": 0.20747820008546114
}