{
    "Agent": {
        "total": 0.08093049999979485
    },
    "Env": {
        "apply_act": 0.2781188000012662,
        "observation_computation": 0.04354279999824939,
        "powerflow_computation": 0.043357499997910054,
        "total": 0.36501909999742566
    },
    "total": 0.4864916000001358
}