{
    "Agent": {
        "total": 0.340545299986843
    },
    "Env": {
        "apply_act": 0.18529720000606176,
        "observation_computation": 0.12019739999232115,
        "powerflow_computation": 0.10307100000045466,
        "total": 0.40856559999883757
    },
    "total": 0.8634480999999141
}