{
    "Agent": {
        "total": 0.26861940000071627
    },
    "Env": {
        "apply_act": 0.4048378999966644,
        "observation_computation": 0.1720066000004863,
        "powerflow_computation": 0.14612930000066626,
        "total": 0.722973799997817
    },
    "total": 1.1447275999998965
}