{
    "Agent": {
        "total": 0.0729288001311943
    },
    "Env": {
        "apply_act": 0.18456969995168038,
        "observation_computation": 0.03397929988568649,
        "powerflow_computation": 0.030722499825060368,
        "total": 0.24927149966242723
    },
    "total": 0.35469589999411255
}