{
    "Agent": {
        "total": 1.8283969999930605
    },
    "Env": {
        "apply_act": 2.1403151000031357,
        "observation_computation": 0.9251361000001452,
        "powerflow_computation": 0.8371576999974195,
        "total": 3.9026089000007005
    },
    "total": 6.622156300000029
}