{
    "Agent": {
        "total": 0.050707000016700476
    },
    "Env": {
        "apply_act": 0.010470099980011582,
        "observation_computation": 0.0038775000139139593,
        "powerflow_computation": 0.004402099963044748,
        "total": 0.01874969995697029
    },
    "total": 0.07411889999639243
}