{
    "Agent": {
        "total": 0.12765290000152163
    },
    "Env": {
        "apply_act": 0.6637089999976524,
        "observation_computation": 0.1257555999932265,
        "powerflow_computation": 0.10487820000116699,
        "total": 0.8943427999920459
    },
    "total": 1.1332610999997996
}