{
    "Agent": {
        "total": 0.34264729998540133
    },
    "Env": {
        "apply_act": 0.09203509998042136,
        "observation_computation": 0.021644000196829438,
        "powerflow_computation": 0.02024790016002953,
        "total": 0.13392700033728033
    },
    "total": 0.4970686000306159
}