{
    "Agent": {
        "total": 0.025272700001323756
    },
    "Env": {
        "apply_act": 0.07413229999929172,
        "observation_computation": 0.016364300000759613,
        "powerflow_computation": 0.015770399999610163,
        "total": 0.1062669999996615
    },
    "total": 0.14757409999992888
}