{
    "Agent": {
        "total": 0.26414279849268496
    },
    "Env": {
        "apply_act": 0.43483380135148764,
        "observation_computation": 0.09782459982670844,
        "powerflow_computation": 0.0839971003588289,
        "total": 0.616655501537025
    },
    "total": 0.9824980001430959
}