{
    "Agent": {
        "total": 0.5328220000005786
    },
    "Env": {
        "apply_act": 1.0853361000004043,
        "observation_computation": 0.3442612000048939,
        "powerflow_computation": 0.3104728000007526,
        "total": 1.7400701000060508
    },
    "total": 2.5735986999998204
}