{
    "Agent": {
        "total": 0.18183890043292195
    },
    "Env": {
        "apply_act": 0.763742099981755,
        "observation_computation": 0.12198039994109422,
        "powerflow_computation": 0.1079238000093028,
        "total": 0.993646299932152
    },
    "total": 1.2846145000075921
}