{
    "Agent": {
        "total": 0.11022689798846841
    },
    "Env": {
        "apply_act": 0.42122409923467785,
        "observation_computation": 0.07649509981274605,
        "powerflow_computation": 0.06672869983594865,
        "total": 0.5644478988833725
    },
    "total": 0.7467326000332832
}