{
    "Agent": {
        "total": 0.058296100702136755
    },
    "Env": {
        "apply_act": 0.17496090079657733,
        "observation_computation": 0.04015070071909577,
        "powerflow_computation": 0.035787199856713414,
        "total": 0.2508988013723865
    },
    "total": 0.35389439994469285
}