{
    "Agent": {
        "total": 0.007653300000029617
    },
    "Env": {
        "apply_act": 0.08996200000005672,
        "observation_computation": 0.060292899999979,
        "powerflow_computation": 0.05115119999993567,
        "total": 0.2014060999999714
    },
    "total": 0.26259760000000654
}