{
    "Agent": {
        "total": 0.005351799999999685
    },
    "Env": {
        "apply_act": 0.05985410000013758,
        "observation_computation": 0.04277560000005565,
        "powerflow_computation": 0.04053689999986432,
        "total": 0.14316660000005754
    },
    "total": 0.18930670000000305
}