{
    "Agent": {
        "total": 0.12665619999461342
    },
    "Env": {
        "apply_act": 0.6626820000383304,
        "observation_computation": 0.11413550007273443,
        "powerflow_computation": 0.10105220005789306,
        "total": 0.8778697001689579
    },
    "total": 1.1056064000003971
}