{
    "Agent": {
        "total": 0.04376579999984642
    },
    "Env": {
        "apply_act": 0.5102858999988484,
        "observation_computation": 0.48024869999983366,
        "powerflow_computation": 0.27864550000020927,
        "total": 1.2691800999988914
    },
    "total": 1.6139336000000526
}