{
    "Agent": {
        "total": 0.21148189989617094
    },
    "Env": {
        "apply_act": 0.5557263001101092,
        "observation_computation": 0.097274200146785,
        "powerflow_computation": 0.08615179982734844,
        "total": 0.7391523000842426
    },
    "total": 1.044515900022816
}