{
    "Agent": {
        "total": 0.07170249975752085
    },
    "Env": {
        "apply_act": 0.14909070020075887,
        "observation_computation": 0.027453201939351857,
        "powerflow_computation": 0.02321309910621494,
        "total": 0.19975700124632567
    },
    "total": 0.300388399977237
}