{
    "Agent": {
        "total": 0.1779205999973783
    },
    "Env": {
        "apply_act": 0.8246730999999272,
        "observation_computation": 0.17534540000588095,
        "powerflow_computation": 0.14935370000148396,
        "total": 1.1493722000072921
    },
    "total": 1.4843481999996584
}