{
    "Agent": {
        "total": 0.27614310000080877
    },
    "Env": {
        "apply_act": 0.3068405999965762,
        "observation_computation": 0.17818629999828772,
        "powerflow_computation": 0.1485901000000922,
        "total": 0.6336169999949561
    },
    "total": 1.0699972000002163
}