{
    "Agent": {
        "total": 0.05802180012688041
    },
    "Env": {
        "apply_act": 0.12974579888395965,
        "observation_computation": 0.026099499547854066,
        "powerflow_computation": 0.022337500005960464,
        "total": 0.17818279843777418
    },
    "total": 0.260560599854216
}