{
    "Agent": {
        "total": 0.19981080014258623
    },
    "Env": {
        "apply_act": 0.424624701612629,
        "observation_computation": 0.10158979950938374,
        "powerflow_computation": 0.09123419923707843,
        "total": 0.6174487003590912
    },
    "total": 0.9161662000697106
}