{
    "Agent": {
        "total": 0.5626004999503493
    },
    "Env": {
        "apply_act": 0.16001409987802617,
        "observation_computation": 0.04802170011680573,
        "powerflow_computation": 0.04786839985172264,
        "total": 0.25590419984655455
    },
    "total": 0.8717674999788869
}