{
    "Agent": {
        "total": 0.005370599999920955
    },
    "Env": {
        "apply_act": 0.06048140000001467,
        "observation_computation": 0.043050099999945246,
        "powerflow_computation": 0.03415499999999838,
        "total": 0.1376864999999583
    },
    "total": 0.18313600000000463
}