{
    "Agent": {
        "total": 0.45403430000078515
    },
    "Env": {
        "apply_act": 0.7394025000000966,
        "observation_computation": 0.3123779999989438,
        "powerflow_computation": 0.2623547000000599,
        "total": 1.3141351999991002
    },
    "total": 2.0423608999999487
}