{
    "Agent": {
        "total": 0.005077600000163329
    },
    "Env": {
        "apply_act": 0.06108039999992343,
        "observation_computation": 0.03675210000045581,
        "powerflow_computation": 0.03891450000014629,
        "total": 0.13674700000052553
    },
    "total": 0.17557990000000245
}