{
    "Agent": {
        "total": 0.4070698000577977
    },
    "Env": {
        "apply_act": 2.0180974000541028,
        "observation_computation": 0.37091709980450105,
        "powerflow_computation": 0.35307740009739064,
        "total": 2.7420918999559944
    },
    "total": 3.4695652999944286
}