{
    "Agent": {
        "total": 0.13924430077895522
    },
    "Env": {
        "apply_act": 0.3535072011873126,
        "observation_computation": 0.08286160114221275,
        "powerflow_computation": 0.06986279995180666,
        "total": 0.506231602281332
    },
    "total": 0.7197225000709295
}