{
    "Agent": {
        "total": 0.06151509999881455
    },
    "Env": {
        "apply_act": 0.32384949999686796,
        "observation_computation": 0.024888599997211713,
        "powerflow_computation": 0.02176330000111193,
        "total": 0.3705013999951916
    },
    "total": 0.45800640000015846
}