{
    "Agent": {
        "total": 0.41328390035778284
    },
    "Env": {
        "apply_act": 1.323014399036765,
        "observation_computation": 0.2766779996454716,
        "powerflow_computation": 0.24771380214951932,
        "total": 1.847406200831756
    },
    "total": 2.506401399965398
}