{
    "Agent": {
        "total": 0.029343800000106057
    },
    "Env": {
        "apply_act": 0.3311942000001409,
        "observation_computation": 0.22388660000035543,
        "powerflow_computation": 0.18475569999958452,
        "total": 0.7398365000000808
    },
    "total": 0.9691203000000428
}