{
    "Agent": {
        "total": 0.04802400036714971
    },
    "Env": {
        "apply_act": 0.09108920011203736,
        "observation_computation": 0.023607400711625814,
        "powerflow_computation": 0.02262579998932779,
        "total": 0.13732240081299096
    },
    "total": 0.20802749996073544
}