{
    "Agent": {
        "total": 0.07346969999866815
    },
    "Env": {
        "apply_act": 0.20699880000029225,
        "observation_computation": 0.02082079999945563,
        "powerflow_computation": 0.019495399998731955,
        "total": 0.24731499999847983
    },
    "total": 0.34137359999999717
}