{
    "Agent": {
        "total": 0.03429670026525855
    },
    "Env": {
        "apply_act": 0.10977570048999041,
        "observation_computation": 0.023348900605924428,
        "powerflow_computation": 0.021320399595424533,
        "total": 0.15444500069133937
    },
    "total": 0.21200519998092204
}