{
    "Agent": {
        "total": 0.007960600778460503
    },
    "Env": {
        "apply_act": 0.0160134001635015,
        "observation_computation": 0.003783300518989563,
        "powerflow_computation": 0.0038059994112700224,
        "total": 0.023602700093761086
    },
    "total": 0.035380200017243624
}