{
    "Agent": {
        "total": 0.022135800449177623
    },
    "Env": {
        "apply_act": 0.047784300055354834,
        "observation_computation": 0.011389299528673291,
        "powerflow_computation": 0.009431799175217748,
        "total": 0.06860539875924587
    },
    "total": 0.10279610008001328
}