{
    "Agent": {
        "total": 0.06746460031718016
    },
    "Env": {
        "apply_act": 0.1410914994776249,
        "observation_computation": 0.03049179818481207,
        "powerflow_computation": 0.026901000179350376,
        "total": 0.19848429784178734
    },
    "total": 0.2958303999621421
}