{
    "Agent": {
        "total": 0.10969739999859485
    },
    "Env": {
        "apply_act": 0.11492220000059206,
        "observation_computation": 0.07004759999972521,
        "powerflow_computation": 0.05921090000060758,
        "total": 0.24418070000092484
    },
    "total": 0.41657020000002376
}