{
    "Agent": {
        "total": 0.03590129956137389
    },
    "Env": {
        "apply_act": 0.140293400734663,
        "observation_computation": 0.02742879989091307,
        "powerflow_computation": 0.023979600286111236,
        "total": 0.19170180091168731
    },
    "total": 0.2530251999851316
}