{
    "Agent": {
        "total": 0.28735120058991015
    },
    "Env": {
        "apply_act": 1.0394262995105237,
        "observation_computation": 0.2056923002237454,
        "powerflow_computation": 0.18711750011425465,
        "total": 1.4322360998485237
    },
    "total": 1.9175966999027878
}