{
    "Agent": {
        "total": 0.21190610132180154
    },
    "Env": {
        "apply_act": 0.60486479930114,
        "observation_computation": 0.10385590163059533,
        "powerflow_computation": 0.09441130131017417,
        "total": 0.8031320022419095
    },
    "total": 1.1141738999867812
}