{
    "Agent": {
        "total": 0.1276792001153808
    },
    "Env": {
        "apply_act": 0.31926779984496534,
        "observation_computation": 0.058790000388398767,
        "powerflow_computation": 0.05057400019722991,
        "total": 0.428631800430594
    },
    "total": 0.613461400003871
}