{
    "Agent": {
        "total": 0.013349200000220662
    },
    "Env": {
        "apply_act": 0.04369180000094275,
        "observation_computation": 0.010128399999530302,
        "powerflow_computation": 0.00903370000060022,
        "total": 0.06285390000107327
    },
    "total": 0.08625929999993787
}