{
    "Agent": {
        "total": 0.0468048999996995
    },
    "Env": {
        "apply_act": 0.5033814999995911,
        "observation_computation": 0.3491279000017471,
        "powerflow_computation": 0.2849105000003078,
        "total": 1.137419900001646
    },
    "total": 1.5236798999999905
}