{
    "Agent": {
        "total": 0.026707099999185857
    },
    "Env": {
        "apply_act": 0.31016690000049607,
        "observation_computation": 0.22444660000005,
        "powerflow_computation": 0.19312589999989882,
        "total": 0.7277394000004449
    },
    "total": 0.9603545999999881
}