{
    "Agent": {
        "total": 0.38036670000087724
    },
    "Env": {
        "apply_act": 1.2861831999993,
        "observation_computation": 0.19794990000116286,
        "powerflow_computation": 0.16851370000006227,
        "total": 1.6526468000005252
    },
    "total": 2.2219413999999915
}