{
    "Agent": {
        "total": 0.11430640000071435
    },
    "Env": {
        "apply_act": 0.2714879999996356,
        "observation_computation": 0.19941689999919276,
        "powerflow_computation": 0.1663461000005384,
        "total": 0.6372509999993667
    },
    "total": 0.9405394999999999
}