{
    "Agent": {
        "total": 0.039611702086403966
    },
    "Env": {
        "apply_act": 0.09854990034364164,
        "observation_computation": 0.018522298894822598,
        "powerflow_computation": 0.016507901018485427,
        "total": 0.13358010025694966
    },
    "total": 0.1915848001372069
}