{
    "Agent": {
        "total": 0.02591269997355994
    },
    "Env": {
        "apply_act": 0.07045249997463543,
        "observation_computation": 0.013396099937381223,
        "powerflow_computation": 0.01187500002561137,
        "total": 0.09572359993762802
    },
    "total": 0.1344902999990154
}