{
    "Agent": {
        "total": 0.07039650000024267
    },
    "Env": {
        "apply_act": 0.253457900002104,
        "observation_computation": 0.04115319999800704,
        "powerflow_computation": 0.03542580000021189,
        "total": 0.33003690000032293
    },
    "total": 0.4388176000002204
}