{
    "Agent": {
        "total": 0.03570390003733337
    },
    "Env": {
        "apply_act": 0.08912500052247196,
        "observation_computation": 0.015176499960944057,
        "powerflow_computation": 0.01307870028540492,
        "total": 0.11738020076882094
    },
    "total": 0.16895590000785887
}