{
    "Agent": {
        "total": 0.20490480022272095
    },
    "Env": {
        "apply_act": 0.6755076002446003,
        "observation_computation": 0.18832229974213988,
        "powerflow_computation": 0.1739005008712411,
        "total": 1.0377304008579813
    },
    "total": 1.4113434000173584
}