{
    "Agent": {
        "total": 0.05102829999975711
    },
    "Env": {
        "apply_act": 0.1115273000000343,
        "observation_computation": 0.022730199999955403,
        "powerflow_computation": 0.022270600000751983,
        "total": 0.1565281000007417
    },
    "total": 0.23017760000004728
}