{
    "Agent": {
        "total": 0.026819800143130124
    },
    "Env": {
        "apply_act": 0.08309859945438802,
        "observation_computation": 0.01761890051420778,
        "powerflow_computation": 0.01565699966158718,
        "total": 0.11637449963018298
    },
    "total": 0.16025870002340525
}