{
    "Agent": {
        "total": 0.10474270128179342
    },
    "Env": {
        "apply_act": 0.24076410091947764,
        "observation_computation": 0.037939800415188074,
        "powerflow_computation": 0.03612070041708648,
        "total": 0.3148246017517522
    },
    "total": 0.45582909998483956
}