{
    "Agent": {
        "total": 0.05354029999580234
    },
    "Env": {
        "apply_act": 0.18807970028137788,
        "observation_computation": 0.050969399977475405,
        "powerflow_computation": 0.04400420031743124,
        "total": 0.28305330057628453
    },
    "total": 0.38214699999662116
}