{
    "Agent": {
        "total": 0.05384359904564917
    },
    "Env": {
        "apply_act": 0.15080089983530343,
        "observation_computation": 0.026208100491203368,
        "powerflow_computation": 0.02260399970691651,
        "total": 0.1996130000334233
    },
    "total": 0.27927930001169443
}