{
    "Agent": {
        "total": 0.4284767002100125
    },
    "Env": {
        "apply_act": 0.7938356993254274,
        "observation_computation": 0.20102409808896482,
        "powerflow_computation": 0.1870384004432708,
        "total": 1.181898197857663
    },
    "total": 1.8117896999465302
}