{
    "Agent": {
        "total": 0.09994760000199676
    },
    "Env": {
        "apply_act": 0.18431760000271424,
        "observation_computation": 0.059190199998738535,
        "powerflow_computation": 0.05276280000020961,
        "total": 0.2962706000016624
    },
    "total": 0.44919850000019323
}