{
    "Agent": {
        "total": 0.0008866999999099789
    },
    "Env": {
        "apply_act": 0.0,
        "observation_computation": 0.0,
        "powerflow_computation": 0.0,
        "total": 0.0
    },
    "total": 0.002004400000032547
}