{
    "Agent": {
        "total": 0.6147133999984362
    },
    "Env": {
        "apply_act": 1.0915021999978762,
        "observation_computation": 0.2922961999970539,
        "powerflow_computation": 0.25953119999985574,
        "total": 1.643329599994786
    },
    "total": 2.5454094000001533
}