{
    "Agent": {
        "total": 0.05702749999909429
    },
    "Env": {
        "apply_act": 0.07078749999959655,
        "observation_computation": 0.018788700000641256,
        "powerflow_computation": 0.015243799998643226,
        "total": 0.10481999999888103
    },
    "total": 0.1807274000000234
}