{
    "Agent": {
        "total": 0.0976075999205932
    },
    "Env": {
        "apply_act": 0.2312679999449756,
        "observation_computation": 0.04170710011385381,
        "powerflow_computation": 0.03680859992164187,
        "total": 0.3097836999804713
    },
    "total": 0.4481499999819789
}