{
    "Agent": {
        "total": 0.22045589999970616
    },
    "Env": {
        "apply_act": 0.5398760000014136,
        "observation_computation": 0.09617609999781962,
        "powerflow_computation": 0.08403029999749378,
        "total": 0.720082399996727
    },
    "total": 1.0355238000001918
}