{
    "Agent": {
        "total": 0.0007941999999729887
    },
    "Env": {
        "apply_act": 0.0,
        "observation_computation": 0.0,
        "powerflow_computation": 0.0,
        "total": 0.0
    },
    "total": 0.001878599999997732
}