{
    "Agent": {
        "total": 0.07011149998288602
    },
    "Env": {
        "apply_act": 0.01421129994560033,
        "observation_computation": 0.005383199983043596,
        "powerflow_computation": 0.006334800040349364,
        "total": 0.02592929996899329
    },
    "total": 0.10249069999554195
}