{
    "Agent": {
        "total": 0.10254630000008547
    },
    "Env": {
        "apply_act": 0.4664325000012468,
        "observation_computation": 0.07977560000063022,
        "powerflow_computation": 0.07552660000101241,
        "total": 0.6217347000028894
    },
    "total": 0.7957930000002307
}