{
    "Agent": {
        "total": 0.586065200000121
    },
    "Env": {
        "apply_act": 0.7551346000025205,
        "observation_computation": 0.27387889999454273,
        "powerflow_computation": 0.26026890000593994,
        "total": 1.2892824000030032
    },
    "total": 2.1331275000000005
}