{
    "Agent": {
        "total": 0.05997959885280579
    },
    "Env": {
        "apply_act": 0.19491499930154532,
        "observation_computation": 0.04450769966933876,
        "powerflow_computation": 0.03826020052656531,
        "total": 0.2776828994974494
    },
    "total": 0.37956240004859865
}