{
    "Agent": {
        "total": 0.023621799773536623
    },
    "Env": {
        "apply_act": 0.0710851006442681,
        "observation_computation": 0.016304600052535534,
        "powerflow_computation": 0.013898999779485166,
        "total": 0.1012887004762888
    },
    "total": 0.1415112999966368
}