{
    "Agent": {
        "total": 0.6382244999970226
    },
    "Env": {
        "apply_act": 1.1856168000037997,
        "observation_computation": 0.4064231000033942,
        "powerflow_computation": 0.3564114000034806,
        "total": 1.9484513000106745
    },
    "total": 2.947091599999794
}