{
    "Agent": {
        "total": 0.009074399999633442
    },
    "Env": {
        "apply_act": 0.09826320000030364,
        "observation_computation": 0.07098590000009608,
        "powerflow_computation": 0.057825300000217794,
        "total": 0.22707440000061752
    },
    "total": 0.30157020000001467
}