{
    "Agent": {
        "total": 0.07544210000015994
    },
    "Env": {
        "apply_act": 0.8048283999998347,
        "observation_computation": 0.7555589999998347,
        "powerflow_computation": 0.44351020000001995,
        "total": 2.0038975999996893
    },
    "total": 2.5744121000000035
}