{
    "Agent": {
        "total": 0.06259860086720437
    },
    "Env": {
        "apply_act": 0.13309870066586882,
        "observation_computation": 0.026496999547816813,
        "powerflow_computation": 0.02406929957214743,
        "total": 0.18366499978583306
    },
    "total": 0.27541289990767837
}