{
    "Agent": {
        "total": 0.016593700000271383
    },
    "Env": {
        "apply_act": 0.1784949999997707,
        "observation_computation": 0.13090960000019436,
        "powerflow_computation": 0.1059873999999752,
        "total": 0.41539199999994025
    },
    "total": 0.5505486000000133
}