{
    "Agent": {
        "total": 0.3415194000917836
    },
    "Env": {
        "apply_act": 0.8802418000050238,
        "observation_computation": 0.15735200001654448,
        "powerflow_computation": 0.13600230006704805,
        "total": 1.1735961000886164
    },
    "total": 1.6688484999976936
}