{
    "Agent": {
        "total": 0.02357710000114821
    },
    "Env": {
        "apply_act": 0.08436159999882875,
        "observation_computation": 0.013326299999334879,
        "powerflow_computation": 0.01225830000203132,
        "total": 0.10994620000019495
    },
    "total": 0.14636990000008154
}