{
    "Agent": {
        "total": 0.20461930107558146
    },
    "Env": {
        "apply_act": 0.929582100128755,
        "observation_computation": 0.18465400027344003,
        "powerflow_computation": 0.1629512999788858,
        "total": 1.2771874003810808
    },
    "total": 1.646045800007414
}