{
    "Agent": {
        "total": 0.020918899681419134
    },
    "Env": {
        "apply_act": 0.03383470023982227,
        "observation_computation": 0.006620100466534495,
        "powerflow_computation": 0.005775899393483996,
        "total": 0.04623070009984076
    },
    "total": 0.07469230005517602
}