{
    "Agent": {
        "total": 0.018933099578134716
    },
    "Env": {
        "apply_act": 0.03986599948257208,
        "observation_computation": 0.007571100257337093,
        "powerflow_computation": 0.006495999870821834,
        "total": 0.053933099610731006
    },
    "total": 0.08114920009393245
}