{
    "Agent": {
        "total": 0.1241076999967845
    },
    "Env": {
        "apply_act": 0.14171769999961725,
        "observation_computation": 0.054845199998908356,
        "powerflow_computation": 0.046760800000129166,
        "total": 0.24332369999865477
    },
    "total": 0.421822499999962
}