{
    "Agent": {
        "total": 0.04281310073565692
    },
    "Env": {
        "apply_act": 0.09237679885700345,
        "observation_computation": 0.0220974002731964,
        "powerflow_computation": 0.01940130046568811,
        "total": 0.13387549959588796
    },
    "total": 0.1974011999554932
}