{
    "Agent": {
        "total": 0.037696799998911956
    },
    "Env": {
        "apply_act": 0.08376250000105756,
        "observation_computation": 0.01618830000120397,
        "powerflow_computation": 0.014692400001194983,
        "total": 0.11464320000345651
    },
    "total": 0.16903020000017932
}