{
    "Agent": {
        "total": 0.052686899999571324
    },
    "Env": {
        "apply_act": 0.11407869999993636,
        "observation_computation": 0.02362119999929746,
        "powerflow_computation": 0.02125120000005154,
        "total": 0.15895109999928536
    },
    "total": 0.23456099999998514
}