{
    "Agent": {
        "total": 0.09198269999910735
    },
    "Env": {
        "apply_act": 0.18417220000003454,
        "observation_computation": 0.04165850000003957,
        "powerflow_computation": 0.03567039999973076,
        "total": 0.26150109999980486
    },
    "total": 0.39242289999992863
}