{
    "Agent": {
        "total": 0.03556320000006963
    },
    "Env": {
        "apply_act": 0.029404299999669092,
        "observation_computation": 0.017606700000442288,
        "powerflow_computation": 0.01536859999976059,
        "total": 0.06237959999987197
    },
    "total": 0.11519040000007408
}