{
    "Agent": {
        "total": 0.8329001000029166
    },
    "Env": {
        "apply_act": 1.7553221000061967,
        "observation_computation": 0.296922599998652,
        "powerflow_computation": 0.23842889999650652,
        "total": 2.2906736000013552
    },
    "total": 3.389767600000596
}