{
    "Agent": {
        "total": 0.7409353999883024
    },
    "Env": {
        "apply_act": 1.7081681999916327,
        "observation_computation": 0.28381639999679464,
        "powerflow_computation": 0.2583062000103382,
        "total": 2.2502907999987656
    },
    "total": 3.2688011999998707
}