{
    "Agent": {
        "total": 0.12931220012251288
    },
    "Env": {
        "apply_act": 0.3331885003717616,
        "observation_computation": 0.08486539940349758,
        "powerflow_computation": 0.07387310010381043,
        "total": 0.4919269998790696
    },
    "total": 0.6968258999986574
}