{
    "Agent": {
        "total": 0.011502500000005966
    },
    "Env": {
        "apply_act": 0.13016789999988987,
        "observation_computation": 0.2133514000003629,
        "powerflow_computation": 0.080516999998963,
        "total": 0.42403629999921577
    },
    "total": 0.5249152000000095
}