{
    "Agent": {
        "total": 0.03293840086553246
    },
    "Env": {
        "apply_act": 0.2696289998712018,
        "observation_computation": 0.02428949950262904,
        "powerflow_computation": 0.020856000133790076,
        "total": 0.31477449950762093
    },
    "total": 0.3706436000065878
}