{
    "Agent": {
        "total": 0.01008819999938737
    },
    "Env": {
        "apply_act": 0.12017980000035777,
        "observation_computation": 0.08866619999966474,
        "powerflow_computation": 0.07561029999956759,
        "total": 0.2844562999995901
    },
    "total": 0.3725153999999975
}