{
    "Agent": {
        "total": 0.1201635000004444
    },
    "Env": {
        "apply_act": 0.1383372000007057,
        "observation_computation": 0.0779504999989058,
        "powerflow_computation": 0.06560960000160776,
        "total": 0.28189730000121926
    },
    "total": 0.4713742999999795
}