{
    "Agent": {
        "total": 0.10957529999973303
    },
    "Env": {
        "apply_act": 0.3391881999962152,
        "observation_computation": 0.07841110000094886,
        "powerflow_computation": 0.07282670000108737,
        "total": 0.4904259999982514
    },
    "total": 0.6769775999998728
}