{
    "Agent": {
        "total": 0.0008918999999139032
    },
    "Env": {
        "apply_act": 0.00801789999999869,
        "observation_computation": 0.005243200000052184,
        "powerflow_computation": 0.005303700000013123,
        "total": 0.018564800000063997
    },
    "total": 0.024793800000026067
}