{
    "Agent": {
        "total": 0.04714250029064715
    },
    "Env": {
        "apply_act": 0.11396889970637858,
        "observation_computation": 0.01875510043464601,
        "powerflow_computation": 0.01613709982484579,
        "total": 0.14886109996587038
    },
    "total": 0.21490879997145385
}