{
    "Agent": {
        "total": 0.15493689999971139
    },
    "Env": {
        "apply_act": 0.29513029999725404,
        "observation_computation": 0.09673189999875831,
        "powerflow_computation": 0.08337560000063604,
        "total": 0.4752377999966484
    },
    "total": 0.7158782999999858
}