{
    "Agent": {
        "total": 0.055570599998645775
    },
    "Env": {
        "apply_act": 0.19705090000206837,
        "observation_computation": 0.03280830000039714,
        "powerflow_computation": 0.030714299999544892,
        "total": 0.2605735000020104
    },
    "total": 0.34640680000029533
}