{
    "Agent": {
        "total": 0.42004799999494935
    },
    "Env": {
        "apply_act": 2.3731108999954813,
        "observation_computation": 0.41719420000936225,
        "powerflow_computation": 0.35650090000945056,
        "total": 3.146806000014294
    },
    "total": 3.9326403000000028
}