{
    "Agent": {
        "total": 0.06155080000024782
    },
    "Env": {
        "apply_act": 0.13712489999977606,
        "observation_computation": 0.02517970000025116,
        "powerflow_computation": 0.02138129999980265,
        "total": 0.18368589999982987
    },
    "total": 0.27067890000000716
}