{
    "Agent": {
        "total": 0.03246809999109246
    },
    "Env": {
        "apply_act": 0.08836439994774992,
        "observation_computation": 0.01574379999510711,
        "powerflow_computation": 0.013713900021684822,
        "total": 0.11782209996454185
    },
    "total": 0.16662089999590535
}