{
    "Agent": {
        "total": 0.15572500065900385
    },
    "Env": {
        "apply_act": 0.4043078002287075,
        "observation_computation": 0.06993070023600012,
        "powerflow_computation": 0.062080999603495,
        "total": 0.5363195000682026
    },
    "total": 0.7581134999636561
}