{
    "Agent": {
        "total": 0.055923499749042094
    },
    "Env": {
        "apply_act": 0.14926400093827397,
        "observation_computation": 0.026803300250321627,
        "powerflow_computation": 0.022696200874634087,
        "total": 0.19876350206322968
    },
    "total": 0.2811736000003293
}