{
    "Agent": {
        "total": 0.11187570012407377
    },
    "Env": {
        "apply_act": 0.4520892998552881,
        "observation_computation": 0.10347169998567551,
        "powerflow_computation": 0.09343079978134483,
        "total": 0.6489917996223085
    },
    "total": 0.8520243999664672
}