{
    "Agent": {
        "total": 0.0226095000107307
    },
    "Env": {
        "apply_act": 0.004689700028393418,
        "observation_computation": 0.0014967000170145184,
        "powerflow_computation": 0.002021499996772036,
        "total": 0.008207900042179972
    },
    "total": 0.03321749999304302
}