{
    "Agent": {
        "total": 0.036904599983245134
    },
    "Env": {
        "apply_act": 0.09588000201620162,
        "observation_computation": 0.016905798111110926,
        "powerflow_computation": 0.014104400994256139,
        "total": 0.12689020112156868
    },
    "total": 0.1808116000611335
}