{
    "Agent": {
        "total": 0.6055167996091768
    },
    "Env": {
        "apply_act": 0.1466851003933698,
        "observation_computation": 0.03410410007927567,
        "powerflow_computation": 0.030451100203208625,
        "total": 0.2112403006758541
    },
    "total": 0.8504440999822691
}