{
    "Agent": {
        "total": 0.6166880999987825
    },
    "Env": {
        "apply_act": 0.7683388999942053,
        "observation_computation": 0.396497400000726,
        "powerflow_computation": 0.3469465999960448,
        "total": 1.5117828999909761
    },
    "total": 2.4806266999999025
}