{
    "Agent": {
        "total": 0.03240500000032398
    },
    "Env": {
        "apply_act": 0.3643457000003423,
        "observation_computation": 0.3679920999996966,
        "powerflow_computation": 0.22325119999854337,
        "total": 0.9555889999985823
    },
    "total": 1.233274200000011
}