{
    "Agent": {
        "total": 0.007325899787247181
    },
    "Env": {
        "apply_act": 0.013556299963966012,
        "observation_computation": 0.0031708998139947653,
        "powerflow_computation": 0.0032981992699205875,
        "total": 0.020025399047881365
    },
    "total": 0.03063659998588264
}