{
    "Agent": {
        "total": 0.4458376000065982
    },
    "Env": {
        "apply_act": 1.2224169000005531,
        "observation_computation": 0.19994859999451364,
        "powerflow_computation": 0.17821270000695222,
        "total": 1.600578200002019
    },
    "total": 2.238031299999875
}