{
    "Agent": {
        "total": 0.009629100008169189
    },
    "Env": {
        "apply_act": 0.025898899977619294,
        "observation_computation": 0.004488999999011867,
        "powerflow_computation": 0.005057700022007339,
        "total": 0.0354455999986385
    },
    "total": 0.0495773000002373
}