{
    "Agent": {
        "total": 0.06336809962522238
    },
    "Env": {
        "apply_act": 0.13155779987573624,
        "observation_computation": 0.025235700304619968,
        "powerflow_computation": 0.021180700045078993,
        "total": 0.1779742002254352
    },
    "total": 0.2664129000622779
}