{
    "Agent": {
        "total": 0.035130699863657355
    },
    "Env": {
        "apply_act": 0.08024860010482371,
        "observation_computation": 0.017947200103662908,
        "powerflow_computation": 0.019731799722649157,
        "total": 0.11792759993113577
    },
    "total": 0.16996079997625202
}