{
    "Agent": {
        "total": 0.034255799998959446
    },
    "Env": {
        "apply_act": 0.37220830000029537,
        "observation_computation": 0.2639909999989527,
        "powerflow_computation": 0.2114962999992258,
        "total": 0.8476955999984739
    },
    "total": 1.1221142999999643
}