{
    "Agent": {
        "total": 0.1019501000046148
    },
    "Env": {
        "apply_act": 0.055917800002134754,
        "observation_computation": 0.036099999993894016,
        "powerflow_computation": 0.03172730000187585,
        "total": 0.12374509999790462
    },
    "total": 0.2612293000001955
}