{
    "Agent": {
        "total": 0.29658339684829116
    },
    "Env": {
        "apply_act": 0.32045199954882264,
        "observation_computation": 0.15282009937800467,
        "powerflow_computation": 0.13107319734990597,
        "total": 0.6043452962767333
    },
    "total": 1.045594499912113
}