{
    "Agent": {
        "total": 0.16624029999934464
    },
    "Env": {
        "apply_act": 0.20064839999668038,
        "observation_computation": 0.08045369999967988,
        "powerflow_computation": 0.07309480000139956,
        "total": 0.35419689999775983
    },
    "total": 0.5978519000000233
}