{
    "Agent": {
        "total": 0.023322900001176095
    },
    "Env": {
        "apply_act": 0.06999279999968167,
        "observation_computation": 0.01638670000033926,
        "powerflow_computation": 0.014452999999321037,
        "total": 0.10083249999934196
    },
    "total": 0.14017270000022108
}