{
    "Agent": {
        "total": 0.433317799999827
    },
    "Env": {
        "apply_act": 0.9138872000003175,
        "observation_computation": 0.19187050000039108,
        "powerflow_computation": 0.15787469999850146,
        "total": 1.26363239999921
    },
    "total": 1.8782390000000078
}