{
    "Agent": {
        "total": 0.002449600000090868
    },
    "Env": {
        "apply_act": 0.0072789999999258725,
        "observation_computation": 0.0014290000001437875,
        "powerflow_computation": 0.0021998000004259666,
        "total": 0.010907800000495627
    },
    "total": 0.014967200000000958
}