{
    "Agent": {
        "total": 0.45881410053698346
    },
    "Env": {
        "apply_act": 1.7719252002134454,
        "observation_computation": 0.2846439001732506,
        "powerflow_computation": 0.24719080034992658,
        "total": 2.3037599007366225
    },
    "total": 3.0167980999976862
}