{
    "Agent": {
        "total": 0.04502669954672456
    },
    "Env": {
        "apply_act": 0.12226910004392266,
        "observation_computation": 0.020061100367456675,
        "powerflow_computation": 0.01672249916009605,
        "total": 0.1590526995714754
    },
    "total": 0.2241597999818623
}