{
    "Agent": {
        "total": 0.2977773999009514
    },
    "Env": {
        "apply_act": 0.9508207999024307,
        "observation_computation": 0.14654649997100933,
        "powerflow_computation": 0.13539890000538435,
        "total": 1.2327661998788244
    },
    "total": 1.6769656999967992
}