{
    "Agent": {
        "total": 0.0011840998195111752
    },
    "Env": {
        "apply_act": 0.0,
        "observation_computation": 0.0,
        "powerflow_computation": 0.0,
        "total": 0.0
    },
    "total": 0.003508300054818392
}