{
    "Agent": {
        "total": 0.4384014999984629
    },
    "Env": {
        "apply_act": 0.5557414000013523,
        "observation_computation": 0.2080846000000065,
        "powerflow_computation": 0.17859940000084862,
        "total": 0.9424254000022074
    },
    "total": 1.584348699999964
}