{
    "Agent": {
        "total": 0.03476460000015891
    },
    "Env": {
        "apply_act": 0.39374970000012155,
        "observation_computation": 0.28623649999993717,
        "powerflow_computation": 0.23865290000011186,
        "total": 0.9186391000001706
    },
    "total": 1.2240480000000034
}