{
    "Agent": {
        "total": 0.15383079985622317
    },
    "Env": {
        "apply_act": 0.3437928996863775,
        "observation_computation": 0.05533569963881746,
        "powerflow_computation": 0.058586700237356126,
        "total": 0.4577152995625511
    },
    "total": 0.6673550000414252
}