{
    "Agent": {
        "total": 0.16168949999655524
    },
    "Env": {
        "apply_act": 0.6701591999958509,
        "observation_computation": 0.16237519999731376,
        "powerflow_computation": 0.14477580000402668,
        "total": 0.9773101999971914
    },
    "total": 1.2819829999998547
}