{
    "Agent": {
        "total": 0.009741599999529171
    },
    "Env": {
        "apply_act": 0.11177509999996005,
        "observation_computation": 0.073957099999717,
        "powerflow_computation": 0.070834000000076,
        "total": 0.25656619999975305
    },
    "total": 0.33465209999999956
}