{
    "Agent": {
        "total": 0.05475330026820302
    },
    "Env": {
        "apply_act": 0.12234700005501509,
        "observation_computation": 0.028572400333359838,
        "powerflow_computation": 0.02776919968891889,
        "total": 0.1786886000772938
    },
    "total": 0.26004029996693134
}