{
    "Agent": {
        "total": 0.07935069999973621
    },
    "Env": {
        "apply_act": 0.06975060000070243,
        "observation_computation": 0.041791500000044834,
        "powerflow_computation": 0.03672579999943082,
        "total": 0.1482679000001781
    },
    "total": 0.2670289000000139
}