{
    "Agent": {
        "total": 0.05105190000017501
    },
    "Env": {
        "apply_act": 0.11019000000044343,
        "observation_computation": 0.023816400000100657,
        "powerflow_computation": 0.02249100000085491,
        "total": 0.156497400001399
    },
    "total": 0.2310171999999966
}