{
    "Agent": {
        "total": 0.21026910259388387
    },
    "Env": {
        "apply_act": 0.4072992978617549,
        "observation_computation": 0.10403450322337449,
        "powerflow_computation": 0.09123809775337577,
        "total": 0.6025718988385051
    },
    "total": 0.9125280000735074
}