{
    "Agent": {
        "total": 0.05342479975661263
    },
    "Env": {
        "apply_act": 0.2326488999533467,
        "observation_computation": 0.0476215003291145,
        "powerflow_computation": 0.04242789978161454,
        "total": 0.32269830006407574
    },
    "total": 0.4186522000236437
}