{
    "Agent": {
        "total": 0.10231949999990775
    },
    "Env": {
        "apply_act": 0.17355650000013156,
        "observation_computation": 0.0333682000001545,
        "powerflow_computation": 0.027652700000032837,
        "total": 0.2345774000003189
    },
    "total": 0.3698492999999985
}