{
    "Agent": {
        "total": 0.0008975998498499393
    },
    "Env": {
        "apply_act": 0.0,
        "observation_computation": 0.0,
        "powerflow_computation": 0.0,
        "total": 0.0
    },
    "total": 0.0019632000476121902
}