{
    "Agent": {
        "total": 0.19380389875732362
    },
    "Env": {
        "apply_act": 0.5669968998990953,
        "observation_computation": 0.09433769900351763,
        "powerflow_computation": 0.08187010092660785,
        "total": 0.7432046998292208
    },
    "total": 1.0312959000002593
}