{
    "Agent": {
        "total": 0.150617199999715
    },
    "Env": {
        "apply_act": 0.17155610000145316,
        "observation_computation": 0.0700765000001411,
        "powerflow_computation": 0.06150579999894035,
        "total": 0.3031384000005346
    },
    "total": 0.5193684000000758
}