{
    "Agent": {
        "total": 0.13951770029962063
    },
    "Env": {
        "apply_act": 0.6276984978467226,
        "observation_computation": 0.08641550038009882,
        "powerflow_computation": 0.07407670258544385,
        "total": 0.7881907008122653
    },
    "total": 1.0059276001993567
}