{
    "Agent": {
        "total": 0.15420419990550727
    },
    "Env": {
        "apply_act": 0.46495859790593386,
        "observation_computation": 0.07659360044635832,
        "powerflow_computation": 0.0653108989354223,
        "total": 0.6068630972877145
    },
    "total": 0.834311000071466
}