{
    "Agent": {
        "total": 0.0010177998337894678
    },
    "Env": {
        "apply_act": 0.0,
        "observation_computation": 0.0,
        "powerflow_computation": 0.0,
        "total": 0.0
    },
    "total": 0.0021807001903653145
}