{
    "Agent": {
        "total": 0.05945620045531541
    },
    "Env": {
        "apply_act": 0.18010019860230386,
        "observation_computation": 0.026230400311760604,
        "powerflow_computation": 0.0231146999867633,
        "total": 0.22944529890082777
    },
    "total": 0.3144786999328062
}