{
    "Agent": {
        "total": 0.9293136999995113
    },
    "Env": {
        "apply_act": 2.5646495000200957,
        "observation_computation": 0.5246497000016461,
        "powerflow_computation": 0.38694249999389285,
        "total": 3.4762417000156347
    },
    "total": 4.834849900000336
}