{
    "Agent": {
        "total": 0.14410719999773391
    },
    "Env": {
        "apply_act": 0.25969770000006065,
        "observation_computation": 0.06179210000004787,
        "powerflow_computation": 0.05143640000073901,
        "total": 0.37292620000084753
    },
    "total": 0.5764487999999801
}