{
    "Agent": {
        "total": 0.0979673000015282
    },
    "Env": {
        "apply_act": 0.41118000000051325,
        "observation_computation": 0.09657189999870752,
        "powerflow_computation": 0.09041039999783607,
        "total": 0.5981622999970568
    },
    "total": 0.7813406999998733
}