{
    "Agent": {
        "total": 0.029076700448058546
    },
    "Env": {
        "apply_act": 0.08727289945818484,
        "observation_computation": 0.021113199298270047,
        "powerflow_computation": 0.01771909953095019,
        "total": 0.12610519828740507
    },
    "total": 0.17585749994032085
}