{
    "Agent": {
        "total": 0.17664829827845097
    },
    "Env": {
        "apply_act": 0.699750698520802,
        "observation_computation": 0.13930390030145645,
        "powerflow_computation": 0.13364319957327098,
        "total": 0.9726977983955294
    },
    "total": 1.279213499976322
}