{
    "Agent": {
        "total": 0.0009383000433444977
    },
    "Env": {
        "apply_act": 0.0,
        "observation_computation": 0.0,
        "powerflow_computation": 0.0,
        "total": 0.0
    },
    "total": 0.002186700003221631
}