{
    "Agent": {
        "total": 0.1858159000012165
    },
    "Env": {
        "apply_act": 0.2020296999976381,
        "observation_computation": 0.11957650000317699,
        "powerflow_computation": 0.10692129999779354,
        "total": 0.4285274999986086
    },
    "total": 0.7211315000001832
}