{
    "Agent": {
        "total": 0.07342559999688092
    },
    "Env": {
        "apply_act": 0.193507800000134,
        "observation_computation": 0.030515500001911278,
        "powerflow_computation": 0.026765599999635015,
        "total": 0.2507889000016803
    },
    "total": 0.3546670000000631
}