{
    "Agent": {
        "total": 0.04221579999966707
    },
    "Env": {
        "apply_act": 0.08404350000046179,
        "observation_computation": 0.01738750000026812,
        "powerflow_computation": 0.016796299999782605,
        "total": 0.11822730000051251
    },
    "total": 0.17863599999998314
}