{
    "Agent": {
        "total": 0.07222529995488003
    },
    "Env": {
        "apply_act": 0.20523780008079484,
        "observation_computation": 0.03278319994569756,
        "powerflow_computation": 0.02814330012188293,
        "total": 0.26616430014837533
    },
    "total": 0.3712491000187583
}