{
    "Agent": {
        "total": 0.24963580013718456
    },
    "Env": {
        "apply_act": 0.686089500086382,
        "observation_computation": 0.11878189980052412,
        "powerflow_computation": 0.1088657998770941,
        "total": 0.9137371997640003
    },
    "total": 1.278134799998952
}