{
    "Agent": {
        "total": 0.09024510000062946
    },
    "Env": {
        "apply_act": 0.10916890000044077,
        "observation_computation": 0.047228999997741994,
        "powerflow_computation": 0.04182999999943604,
        "total": 0.1982278999976188
    },
    "total": 0.33237209999992956
}