{
    "Agent": {
        "total": 0.5607219997909851
    },
    "Env": {
        "apply_act": 1.5228067997668404,
        "observation_computation": 0.25302999999257736,
        "powerflow_computation": 0.218162899982417,
        "total": 1.9939996997418348
    },
    "total": 2.8014360000088345
}