{
    "Agent": {
        "total": 0.007709800000213818
    },
    "Env": {
        "apply_act": 0.08517850000032468,
        "observation_computation": 0.055944800000077066,
        "powerflow_computation": 0.045992299999795705,
        "total": 0.18711560000019745
    },
    "total": 0.24714129999995293
}