{
    "Agent": {
        "total": 0.2688789001258556
    },
    "Env": {
        "apply_act": 1.0774936001980677,
        "observation_computation": 0.16702729996177368,
        "powerflow_computation": 0.16127489987411536,
        "total": 1.4057958000339568
    },
    "total": 1.8241525999910664
}