{
    "Agent": {
        "total": 0.9335043000000951
    },
    "Env": {
        "apply_act": 0.8544000000052847,
        "observation_computation": 0.48411710000118546,
        "powerflow_computation": 0.4293422999982113,
        "total": 1.7678594000046814
    },
    "total": 3.1599359999999024
}