{
    "Agent": {
        "total": 0.038668300257995725
    },
    "Env": {
        "apply_act": 0.09122890024445951,
        "observation_computation": 0.015824300004169345,
        "powerflow_computation": 0.018771299975924194,
        "total": 0.12582450022455305
    },
    "total": 0.18108439992647618
}