{
    "Agent": {
        "total": 0.1493285000033211
    },
    "Env": {
        "apply_act": 0.7836756999895442,
        "observation_computation": 0.12170399999922665,
        "powerflow_computation": 0.10787490000348043,
        "total": 1.0132545999922513
    },
    "total": 1.2690794999998616
}