{
    "Agent": {
        "total": 0.021645100000228013
    },
    "Env": {
        "apply_act": 0.07638340000005428,
        "observation_computation": 0.010926200000653807,
        "powerflow_computation": 0.011363100000266968,
        "total": 0.09867270000097506
    },
    "total": 0.13133670000001985
}