{
    "Agent": {
        "total": 0.10046300012618303
    },
    "Env": {
        "apply_act": 0.27416260191239417,
        "observation_computation": 0.06309350091032684,
        "powerflow_computation": 0.05525540001690388,
        "total": 0.3925115028396249
    },
    "total": 0.5491309000644833
}