{
    "Agent": {
        "total": 0.0060006994754076
    },
    "Env": {
        "apply_act": 0.014194199815392494,
        "observation_computation": 0.0026324992068111897,
        "powerflow_computation": 0.002771200379356742,
        "total": 0.019597899401560426
    },
    "total": 0.02835640008561313
}