{
    "Agent": {
        "total": 0.6551323000003322
    },
    "Env": {
        "apply_act": 0.9030322999956297,
        "observation_computation": 0.31649449999827084,
        "powerflow_computation": 0.2709842000035678,
        "total": 1.4905109999974684
    },
    "total": 2.437296800000013
}