{
    "Agent": {
        "total": 0.02176180000014938
    },
    "Env": {
        "apply_act": 0.05580239999994774,
        "observation_computation": 0.011266499999919688,
        "powerflow_computation": 0.009644600000001446,
        "total": 0.07671349999986887
    },
    "total": 0.11135320000005322
}