{
    "Agent": {
        "total": 0.06113849673420191
    },
    "Env": {
        "apply_act": 0.12216980033554137,
        "observation_computation": 0.03044250071980059,
        "powerflow_computation": 0.026999198831617832,
        "total": 0.1796114998869598
    },
    "total": 0.2690794998779893
}