{
    "Agent": {
        "total": 0.02790920017287135
    },
    "Env": {
        "apply_act": 0.054473899537697434,
        "observation_computation": 0.01083850092254579,
        "powerflow_computation": 0.009190100943669677,
        "total": 0.0745025014039129
    },
    "total": 0.1137820000294596
}