{
    "Agent": {
        "total": 0.039139099999374594
    },
    "Env": {
        "apply_act": 0.028593600000931474,
        "observation_computation": 0.018211199999768724,
        "powerflow_computation": 0.016188500000680506,
        "total": 0.0629933000013807
    },
    "total": 0.11978850000014063
}