{
    "Agent": {
        "total": 0.17994709977938328
    },
    "Env": {
        "apply_act": 0.9242009998997673,
        "observation_computation": 0.16385350008204114,
        "powerflow_computation": 0.14700759982224554,
        "total": 1.235062099804054
    },
    "total": 1.561156800002209
}