{
    "Agent": {
        "total": 0.023544199999832927
    },
    "Env": {
        "apply_act": 0.04504730000002155,
        "observation_computation": 0.008602299999893148,
        "powerflow_computation": 0.0069326999999930194,
        "total": 0.06058229999990772
    },
    "total": 0.09372689999997874
}