{
    "Agent": {
        "total": 0.051823399611748755
    },
    "Env": {
        "apply_act": 0.14697409979999065,
        "observation_computation": 0.02322540059685707,
        "powerflow_computation": 0.020078799687325954,
        "total": 0.19027830008417368
    },
    "total": 0.26610829995479435
}