{
    "Agent": {
        "total": 0.0013725999999678606
    },
    "Env": {
        "apply_act": 0.015650599999787573,
        "observation_computation": 0.009729999999933625,
        "powerflow_computation": 0.010007999999800177,
        "total": 0.035388599999521375
    },
    "total": 0.04596630000003188
}