{
    "Agent": {
        "total": 0.033515597926452756
    },
    "Env": {
        "apply_act": 0.06611379981040955,
        "observation_computation": 0.017076200107112527,
        "powerflow_computation": 0.015913799637928605,
        "total": 0.09910379955545068
    },
    "total": 0.14959509996697307
}