{
    "Agent": {
        "total": 0.0007460999768227339
    },
    "Env": {
        "apply_act": 0.0,
        "observation_computation": 0.0,
        "powerflow_computation": 0.0,
        "total": 0.0
    },
    "total": 0.001820000004954636
}