{
    "Agent": {
        "total": 0.15185459999975137
    },
    "Env": {
        "apply_act": 0.30892220000214365,
        "observation_computation": 0.0657430999999633,
        "powerflow_computation": 0.06323729999917305,
        "total": 0.43790260000128
    },
    "total": 0.6589985999999044
}