{
    "Agent": {
        "total": 0.1775447002146393
    },
    "Env": {
        "apply_act": 0.6113380985334516,
        "observation_computation": 0.13353620166890323,
        "powerflow_computation": 0.1164591012056917,
        "total": 0.8613334014080465
    },
    "total": 1.165179800009355
}