{
    "Agent": {
        "total": 0.5740411999975095
    },
    "Env": {
        "apply_act": 0.8316298000013376,
        "observation_computation": 0.2915237999986857,
        "powerflow_computation": 0.2522621999967214,
        "total": 1.3754157999967447
    },
    "total": 2.229947300000049
}