{
    "Agent": {
        "total": 0.523375998949632
    },
    "Env": {
        "apply_act": 1.5444795010844246,
        "observation_computation": 0.33335779898334295,
        "powerflow_computation": 0.29693440021947026,
        "total": 2.1747717002872378
    },
    "total": 2.99274959997274
}