{
    "Agent": {
        "total": 0.0640851987991482
    },
    "Env": {
        "apply_act": 0.11829940020106733,
        "observation_computation": 0.02686119987629354,
        "powerflow_computation": 0.022652900079265237,
        "total": 0.1678135001566261
    },
    "total": 0.25986560015007854
}