{
    "Agent": {
        "total": 0.046082200000910234
    },
    "Env": {
        "apply_act": 0.1426636999992752,
        "observation_computation": 0.03229679999935797,
        "powerflow_computation": 0.03082230000131858,
        "total": 0.20578279999995175
    },
    "total": 0.2833944999999858
}