{
    "Agent": {
        "total": 0.0043014999999968495
    },
    "Env": {
        "apply_act": 0.050203000000010434,
        "observation_computation": 0.032714499999997315,
        "powerflow_computation": 0.033165800000119816,
        "total": 0.11608330000012756
    },
    "total": 0.15050439999998844
}