{
    "Agent": {
        "total": 0.03408539853990078
    },
    "Env": {
        "apply_act": 0.12963560037314892,
        "observation_computation": 0.025784699013456702,
        "powerflow_computation": 0.02405420015566051,
        "total": 0.17947449954226613
    },
    "total": 0.23796019982546568
}