{
    "Agent": {
        "total": 0.09187080035917461
    },
    "Env": {
        "apply_act": 0.243462300975807,
        "observation_computation": 0.06559159990865737,
        "powerflow_computation": 0.06435359956230968,
        "total": 0.37340750044677407
    },
    "total": 0.5287149999057874
}