{
    "Agent": {
        "total": 0.0031982999999513595
    },
    "Env": {
        "apply_act": 0.03643759999991403,
        "observation_computation": 0.025275399999884485,
        "powerflow_computation": 0.021926599999829932,
        "total": 0.08363959999962844
    },
    "total": 0.11132889999998952
}