{
    "Agent": {
        "total": 0.06988709999723142
    },
    "Env": {
        "apply_act": 0.20220980000158306,
        "observation_computation": 0.029816499998560175,
        "powerflow_computation": 0.028394399997978326,
        "total": 0.26042069999812156
    },
    "total": 0.36012129999971876
}