{
    "Agent": {
        "total": 0.20963540006778203
    },
    "Env": {
        "apply_act": 1.1641590000799624,
        "observation_computation": 0.20710379981028382,
        "powerflow_computation": 0.19415220012888312,
        "total": 1.5654150000191294
    },
    "total": 1.9581573000032222
}