{
    "Agent": {
        "total": 0.022214299999802734
    },
    "Env": {
        "apply_act": 0.037110700000141605,
        "observation_computation": 0.008631399999899259,
        "powerflow_computation": 0.0070194999999557695,
        "total": 0.05276159999999663
    },
    "total": 0.08357990000001791
}