{
    "Agent": {
        "total": 0.3508626996772364
    },
    "Env": {
        "apply_act": 1.1424169002857525,
        "observation_computation": 0.18883779959287494,
        "powerflow_computation": 0.1605778998346068,
        "total": 1.4918325997132342
    },
    "total": 2.011730800004443
}