{
    "Agent": {
        "total": 0.15361390146426857
    },
    "Env": {
        "apply_act": 0.31545120221562684,
        "observation_computation": 0.07818540022708476,
        "powerflow_computation": 0.06647599907591939,
        "total": 0.460112601518631
    },
    "total": 0.6874458000529557
}