{
    "Agent": {
        "total": 0.013300100000037673
    },
    "Env": {
        "apply_act": 0.14454019999996603,
        "observation_computation": 0.10829830000024288,
        "powerflow_computation": 0.0900261999998122,
        "total": 0.3428647000000211
    },
    "total": 0.45184770000000185
}