{
    "Agent": {
        "total": 0.021895399200730026
    },
    "Env": {
        "apply_act": 0.04869119997601956,
        "observation_computation": 0.01170739985536784,
        "powerflow_computation": 0.009826899971812963,
        "total": 0.07022549980320036
    },
    "total": 0.10414219996891916
}