{
    "Agent": {
        "total": 0.7555388999935531
    },
    "Env": {
        "apply_act": 0.7961239999995087,
        "observation_computation": 0.48422119999827373,
        "powerflow_computation": 0.4167437999963113,
        "total": 1.6970889999940937
    },
    "total": 2.874052699999993
}