{
    "Agent": {
        "total": 0.05013939912896603
    },
    "Env": {
        "apply_act": 0.1077081001130864,
        "observation_computation": 0.023822600836865604,
        "powerflow_computation": 0.023146999068558216,
        "total": 0.15467770001851022
    },
    "total": 0.22776289994362742
}