{
    "Agent": {
        "total": 0.06170330033637583
    },
    "Env": {
        "apply_act": 0.1254612006014213,
        "observation_computation": 0.033514600014314055,
        "powerflow_computation": 0.032324099680408835,
        "total": 0.1912999002961442
    },
    "total": 0.28605860006064177
}