{
    "Agent": {
        "total": 0.3379331999922215
    },
    "Env": {
        "apply_act": 0.8444079000000784,
        "observation_computation": 0.12958959999741637,
        "powerflow_computation": 0.1454104999975243,
        "total": 1.119407999995019
    },
    "total": 1.5648833999994167
}