{
    "Agent": {
        "total": 0.09198879999939891
    },
    "Env": {
        "apply_act": 0.260273900000243,
        "observation_computation": 0.04801620000057483,
        "powerflow_computation": 0.04152819999978874,
        "total": 0.34981830000060654
    },
    "total": 0.48807399999998324
}