{
    "Agent": {
        "total": 0.0007555000483989716
    },
    "Env": {
        "apply_act": 0.0,
        "observation_computation": 0.0,
        "powerflow_computation": 0.0,
        "total": 0.0
    },
    "total": 0.00183750013820827
}