{
    "Agent": {
        "total": 0.030229299562051892
    },
    "Env": {
        "apply_act": 0.06392019940540195,
        "observation_computation": 0.014823799254372716,
        "powerflow_computation": 0.012984500033780932,
        "total": 0.0917284986935556
    },
    "total": 0.13699119980446994
}