{
    "Agent": {
        "total": 0.16193000064231455
    },
    "Env": {
        "apply_act": 0.3162227993598208,
        "observation_computation": 0.07677050051279366,
        "powerflow_computation": 0.06647319975309074,
        "total": 0.4594664996257052
    },
    "total": 0.696199300000444
}