{
    "Agent": {
        "total": 0.05903830076567829
    },
    "Env": {
        "apply_act": 0.06744939764030278,
        "observation_computation": 0.03178679756820202,
        "powerflow_computation": 0.031004099640995264,
        "total": 0.13024029484950006
    },
    "total": 0.21939670015126467
}