{
    "Agent": {
        "total": 0.010083500295877457
    },
    "Env": {
        "apply_act": 0.01933640008792281,
        "observation_computation": 0.00453909975476563,
        "powerflow_computation": 0.0045502998400479555,
        "total": 0.028425799682736397
    },
    "total": 0.04304439993575215
}