{
    "Agent": {
        "total": 0.01882720086723566
    },
    "Env": {
        "apply_act": 0.05641410010866821,
        "observation_computation": 0.01356710062827915,
        "powerflow_computation": 0.012953299330547452,
        "total": 0.08293450006749481
    },
    "total": 0.11554280004929751
}