{
    "Agent": {
        "total": 0.08258219980052672
    },
    "Env": {
        "apply_act": 0.1712937002594117,
        "observation_computation": 0.031520299962721765,
        "powerflow_computation": 0.02950780012179166,
        "total": 0.23232180034392513
    },
    "total": 0.3475237999809906
}