{
    "Agent": {
        "total": 0.011917799999764611
    },
    "Env": {
        "apply_act": 0.03494769999974778,
        "observation_computation": 0.008644700000559169,
        "powerflow_computation": 0.009118999999827793,
        "total": 0.052711400000134745
    },
    "total": 0.07277280000016617
}