{
    "Agent": {
        "total": 0.2619386000058057
    },
    "Env": {
        "apply_act": 1.0116682000048058,
        "observation_computation": 0.18714979999617753,
        "powerflow_computation": 0.1739961999985553,
        "total": 1.3728141999995387
    },
    "total": 1.813786600000185
}