{
    "Agent": {
        "total": 0.26029860018752515
    },
    "Env": {
        "apply_act": 0.7085861001396552,
        "observation_computation": 0.12377480015857145,
        "powerflow_computation": 0.10538020019885153,
        "total": 0.9377411004970782
    },
    "total": 1.3178894000011496
}