{
    "Agent": {
        "total": 0.0007831000257283449
    },
    "Env": {
        "apply_act": 0.0,
        "observation_computation": 0.0,
        "powerflow_computation": 0.0,
        "total": 0.0
    },
    "total": 0.001863699872046709
}