{
    "Agent": {
        "total": 0.04714829999966241
    },
    "Env": {
        "apply_act": 0.13552479999862044,
        "observation_computation": 0.019289599997591722,
        "powerflow_computation": 0.016946200002166734,
        "total": 0.1717605999983789
    },
    "total": 0.23878620000004958
}