{
    "Agent": {
        "total": 0.010618199999782973
    },
    "Env": {
        "apply_act": 0.11972559999998111,
        "observation_computation": 0.08618760000035763,
        "powerflow_computation": 0.07265509999979258,
        "total": 0.27856830000013133
    },
    "total": 0.3697479999999871
}