{
    "Agent": {
        "total": 0.1613353000002462
    },
    "Env": {
        "apply_act": 1.0010635000016919,
        "observation_computation": 0.15896559998873272,
        "powerflow_computation": 0.13341140000102314,
        "total": 1.2934404999914477
    },
    "total": 1.5961807000003319
}