{
    "Agent": {
        "total": 0.032558299950324
    },
    "Env": {
        "apply_act": 0.12326729972846806,
        "observation_computation": 0.02288780058734119,
        "powerflow_computation": 0.02023369970265776,
        "total": 0.166388800018467
    },
    "total": 0.22091470006853342
}