{
    "Agent": {
        "total": 0.2771339000055377
    },
    "Env": {
        "apply_act": 0.9214548999925682,
        "observation_computation": 0.1317054999872198,
        "powerflow_computation": 0.10213840000596974,
        "total": 1.1552987999857578
    },
    "total": 1.5514164999995046
}