{
    "Agent": {
        "total": 0.02900209988001734
    },
    "Env": {
        "apply_act": 0.0643229999113828,
        "observation_computation": 0.012577399844303727,
        "powerflow_computation": 0.010344500304199755,
        "total": 0.08724490005988628
    },
    "total": 0.12897309998515993
}