{
    "Agent": {
        "total": 0.33787469821982086
    },
    "Env": {
        "apply_act": 0.9346872001187876,
        "observation_computation": 0.14645500015467405,
        "powerflow_computation": 0.12830640119500458,
        "total": 1.2094486014684662
    },
    "total": 1.6869759999681264
}