{
    "Agent": {
        "total": 0.013568500115070492
    },
    "Env": {
        "apply_act": 0.0291301000979729,
        "observation_computation": 0.0052371000638231635,
        "powerflow_computation": 0.006156700022984296,
        "total": 0.04052390018478036
    },
    "total": 0.059411800000816584
}