{
    "Agent": {
        "total": 0.09251160000098935
    },
    "Env": {
        "apply_act": 0.08237009999993461,
        "observation_computation": 0.039202599999953236,
        "powerflow_computation": 0.03961459999982253,
        "total": 0.16118729999971038
    },
    "total": 0.290672000000086
}