{
    "Agent": {
        "total": 0.11825170053634793
    },
    "Env": {
        "apply_act": 0.4756207001628354,
        "observation_computation": 0.08684970019385219,
        "powerflow_computation": 0.07577500003390014,
        "total": 0.6382454003905877
    },
    "total": 0.8378735999576747
}