{
    "Agent": {
        "total": 0.5685638000068138
    },
    "Env": {
        "apply_act": 1.3334349000024304,
        "observation_computation": 0.22856329998739966,
        "powerflow_computation": 0.20047769998200238,
        "total": 1.7624758999718324
    },
    "total": 2.5275033999996595
}