{
    "Agent": {
        "total": 0.06834759999958351
    },
    "Env": {
        "apply_act": 0.13903110000023844,
        "observation_computation": 0.030564900000399575,
        "powerflow_computation": 0.03044840000018212,
        "total": 0.20004440000082013
    },
    "total": 0.2990379999999959
}