{
    "Agent": {
        "total": 0.017544000000725646
    },
    "Env": {
        "apply_act": 0.0612169999985781,
        "observation_computation": 0.009648399999605317,
        "powerflow_computation": 0.009284000000661763,
        "total": 0.08014939999884518
    },
    "total": 0.10709049999968556
}