{
    "Agent": {
        "total": 0.8441454999993994
    },
    "Env": {
        "apply_act": 2.7820679999987306,
        "observation_computation": 0.45103830000209655,
        "powerflow_computation": 0.4030306999977711,
        "total": 3.636136999998598
    },
    "total": 4.9025031999999555
}