{
    "Agent": {
        "total": 0.20973610000066856
    },
    "Env": {
        "apply_act": 0.2738374000001613,
        "observation_computation": 0.10641460000022107,
        "powerflow_computation": 0.10235840000075314,
        "total": 0.48261040000113553
    },
    "total": 0.7950738000000683
}