{
    "Agent": {
        "total": 0.08708799999567418
    },
    "Env": {
        "apply_act": 0.36140950000071825,
        "observation_computation": 0.06138949999922261,
        "powerflow_computation": 0.057034600004499225,
        "total": 0.4798336000044401
    },
    "total": 0.6260076999999455
}