{
    "Agent": {
        "total": 0.07115350000003673
    },
    "Env": {
        "apply_act": 0.1577255000004243,
        "observation_computation": 0.03205299999967792,
        "powerflow_computation": 0.029814699999974437,
        "total": 0.21959320000007665
    },
    "total": 0.3217716000000337
}