{
    "Agent": {
        "total": 0.04154509957879782
    },
    "Env": {
        "apply_act": 0.10676689969841391,
        "observation_computation": 0.01838880032300949,
        "powerflow_computation": 0.016103500383906066,
        "total": 0.14125920040532947
    },
    "total": 0.20134589995723218
}