{
    "Agent": {
        "total": 0.0011461000000281274
    },
    "Env": {
        "apply_act": 0.0,
        "observation_computation": 0.0,
        "powerflow_computation": 0.0,
        "total": 0.0
    },
    "total": 0.003388200000017605
}