{
    "Agent": {
        "total": 0.28645250000363376
    },
    "Env": {
        "apply_act": 0.4752388999913819,
        "observation_computation": 0.1166773000009016,
        "powerflow_computation": 0.11571960000128456,
        "total": 0.7076357999935681
    },
    "total": 1.1026486999999179
}