{
    "Agent": {
        "total": 0.06100169999990612
    },
    "Env": {
        "apply_act": 0.21553980035241693,
        "observation_computation": 0.042286100797355175,
        "powerflow_computation": 0.04016940062865615,
        "total": 0.29799530177842826
    },
    "total": 0.398632499971427
}