{
    "Agent": {
        "total": 0.12893720003194176
    },
    "Env": {
        "apply_act": 0.3394337999052368,
        "observation_computation": 0.06229219996021129,
        "powerflow_computation": 0.05474849996971898,
        "total": 0.4564744998351671
    },
    "total": 0.6455992000119295
}