{
    "Agent": {
        "total": 0.07854589999942618
    },
    "Env": {
        "apply_act": 0.28175310000005993,
        "observation_computation": 0.03211370000036595,
        "powerflow_computation": 0.028364399999873058,
        "total": 0.34223120000029894
    },
    "total": 0.45386949999999615
}