{
    "Agent": {
        "total": 0.00865469999968127
    },
    "Env": {
        "apply_act": 0.09919810000025109,
        "observation_computation": 0.06818670000023985,
        "powerflow_computation": 0.057130099999994854,
        "total": 0.2245149000004858
    },
    "total": 0.2940407000000391
}