{
    "Agent": {
        "total": 0.42620999999951437
    },
    "Env": {
        "apply_act": 1.3668557000004284,
        "observation_computation": 0.2260314999990669,
        "powerflow_computation": 0.20890289999908873,
        "total": 1.801790099998584
    },
    "total": 2.4430496999999605
}