{
    "Agent": {
        "total": 0.02071770000029005
    },
    "Env": {
        "apply_act": 0.20060450000022456,
        "observation_computation": 0.14546520000041596,
        "powerflow_computation": 0.12408409999977721,
        "total": 0.47015380000041773
    },
    "total": 0.6246031999999957
}