{
    "Agent": {
        "total": 0.04339980000008836
    },
    "Env": {
        "apply_act": 0.10950869999737733,
        "observation_computation": 0.01894429999993008,
        "powerflow_computation": 0.0169005999998717,
        "total": 0.14535359999717912
    },
    "total": 0.20651220000013382
}