{
    "Agent": {
        "total": 0.02017109999906097
    },
    "Env": {
        "apply_act": 0.07139069999857384,
        "observation_computation": 0.00991949999888675,
        "powerflow_computation": 0.010484499999620311,
        "total": 0.0917946999970809
    },
    "total": 0.12179999999989377
}