{
    "Agent": {
        "total": 0.36416499999950247
    },
    "Env": {
        "apply_act": 1.1203957000008131,
        "observation_computation": 0.18918989999895075,
        "powerflow_computation": 0.17149179999955777,
        "total": 1.4810773999993216
    },
    "total": 2.023378799999932
}