{
    "Agent": {
        "total": 0.21957010004553013
    },
    "Env": {
        "apply_act": 0.04714329997659661,
        "observation_computation": 0.018488400004571304,
        "powerflow_computation": 0.01833769987570122,
        "total": 0.08396939985686913
    },
    "total": 0.32457070000236854
}