{
    "Agent": {
        "total": 0.11770510056521744
    },
    "Env": {
        "apply_act": 0.3887120991712436,
        "observation_computation": 0.07893739989958704,
        "powerflow_computation": 0.07156879967078567,
        "total": 0.5392182987416163
    },
    "total": 0.7344359999988228
}