{
    "Agent": {
        "total": 0.005416000261902809
    },
    "Env": {
        "apply_act": 0.011027799686416984,
        "observation_computation": 0.0027187003288418055,
        "powerflow_computation": 0.0027961002197116613,
        "total": 0.01654260023497045
    },
    "total": 0.02467170008458197
}