{
    "Agent": {
        "total": 0.016730099999676895
    },
    "Env": {
        "apply_act": 0.06224800000018149,
        "observation_computation": 0.009376000000429485,
        "powerflow_computation": 0.010976300000038464,
        "total": 0.08260030000064944
    },
    "total": 0.10836520000020755
}