{
    "Agent": {
        "total": 0.23908139999912237
    },
    "Env": {
        "apply_act": 0.5538445999986834,
        "observation_computation": 0.12408180000056745,
        "powerflow_computation": 0.11495989999957601,
        "total": 0.7928862999988269
    },
    "total": 1.156935599999997
}