{
    "Agent": {
        "total": 0.05394219793379307
    },
    "Env": {
        "apply_act": 0.1263809003867209,
        "observation_computation": 0.029360301326960325,
        "powerflow_computation": 0.026539599522948265,
        "total": 0.18228080123662949
    },
    "total": 0.26408750005066395
}