{
    "Agent": {
        "total": 0.06547019999998582
    },
    "Env": {
        "apply_act": 0.7275945000000661,
        "observation_computation": 0.49557610000000096,
        "powerflow_computation": 0.3983664999999519,
        "total": 1.621537100000019
    },
    "total": 2.1444362000000012
}