{
    "Agent": {
        "total": 0.018204599999876336
    },
    "Env": {
        "apply_act": 0.04559270000015658,
        "observation_computation": 0.007759000000078231,
        "powerflow_computation": 0.008303000000182692,
        "total": 0.061654700000417506
    },
    "total": 0.08836309999992409
}