{
    "Agent": {
        "total": 0.011497199999439545
    },
    "Env": {
        "apply_act": 0.04059080000092763,
        "observation_computation": 0.007430900000144902,
        "powerflow_computation": 0.007082200000695593,
        "total": 0.055103900001768125
    },
    "total": 0.07433040000000801
}