{
    "Agent": {
        "total": 0.03106000000093445
    },
    "Env": {
        "apply_act": 0.08922489999963545,
        "observation_computation": 0.022634200000993587,
        "powerflow_computation": 0.024468499999102278,
        "total": 0.13632759999973132
    },
    "total": 0.18878319999998894
}