{
    "Agent": {
        "total": 0.024175899999875128
    },
    "Env": {
        "apply_act": 0.2658123999998452,
        "observation_computation": 0.19828670000002546,
        "powerflow_computation": 0.16368420000014794,
        "total": 0.6277833000000186
    },
    "total": 0.8368494999999996
}