{
    "Agent": {
        "total": 0.006138799944892526
    },
    "Env": {
        "apply_act": 0.01313920016400516,
        "observation_computation": 0.002720699878409505,
        "powerflow_computation": 0.0028659002855420113,
        "total": 0.018725800327956676
    },
    "total": 0.027673899894580245
}