{
    "Agent": {
        "total": 0.02930390031542629
    },
    "Env": {
        "apply_act": 0.05883939890190959,
        "observation_computation": 0.014130899915471673,
        "powerflow_computation": 0.01188750087749213,
        "total": 0.08485779969487339
    },
    "total": 0.12777929997537285
}