{
    "Agent": {
        "total": 0.5067755999998553
    },
    "Env": {
        "apply_act": 0.3500027000006867,
        "observation_computation": 0.1409956000004513,
        "powerflow_computation": 0.12107620000074348,
        "total": 0.6120745000018815
    },
    "total": 1.2540347999999994
}