{
    "Agent": {
        "total": 0.024630199768580496
    },
    "Env": {
        "apply_act": 0.0554081000154838,
        "observation_computation": 0.008819200447760522,
        "powerflow_computation": 0.007974699721671641,
        "total": 0.07220200018491596
    },
    "total": 0.10667869995813817
}