{
    "Agent": {
        "total": 1.0648381000011113
    },
    "Env": {
        "apply_act": 1.1879239999974516,
        "observation_computation": 0.5140536999980441,
        "powerflow_computation": 0.44910749999985455,
        "total": 2.15108519999535
    },
    "total": 3.6984110000000783
}