{
    "Agent": {
        "total": 0.08518369999990227
    },
    "Env": {
        "apply_act": 0.23665579999965303,
        "observation_computation": 0.04410849999976563,
        "powerflow_computation": 0.040674600000102146,
        "total": 0.3214388999995208
    },
    "total": 0.4472146000000521
}