{
    "Agent": {
        "total": 0.2624242000006234
    },
    "Env": {
        "apply_act": 0.5182582000043112,
        "observation_computation": 0.1501788000000488,
        "powerflow_computation": 0.1088040999943587,
        "total": 0.7772410999987187
    },
    "total": 1.1550959000001058
}