{
    "Agent": {
        "total": 0.19883210019906983
    },
    "Env": {
        "apply_act": 0.8885889999655774,
        "observation_computation": 0.18671539993374608,
        "powerflow_computation": 0.1713551999127958,
        "total": 1.2466595998121193
    },
    "total": 1.6113851999980398
}