{
    "Agent": {
        "total": 0.023417499999368374
    },
    "Env": {
        "apply_act": 0.046492299999499664,
        "observation_computation": 0.017086700000163546,
        "powerflow_computation": 0.018318500000532367,
        "total": 0.08189750000019558
    },
    "total": 0.12163959999998042
}