{
    "Agent": {
        "total": 0.01366410031914711
    },
    "Env": {
        "apply_act": 0.04790289967786521,
        "observation_computation": 0.01062459999229759,
        "powerflow_computation": 0.010693700518459082,
        "total": 0.06922120018862188
    },
    "total": 0.09310569998342544
}