{
    "Agent": {
        "total": 0.03159580018837005
    },
    "Env": {
        "apply_act": 0.10533500008750707,
        "observation_computation": 0.022494200384244323,
        "powerflow_computation": 0.019514500279910862,
        "total": 0.14734370075166225
    },
    "total": 0.20070749998558313
}