{
    "Agent": {
        "total": 0.07203239999961397
    },
    "Env": {
        "apply_act": 0.1708844000002614,
        "observation_computation": 0.031565599999737515,
        "powerflow_computation": 0.026393100000234426,
        "total": 0.22884310000023333
    },
    "total": 0.3325381999999877
}