{
    "Agent": {
        "total": 0.0029172999999786953
    },
    "Env": {
        "apply_act": 0.03490320000008751,
        "observation_computation": 0.025080499999987182,
        "powerflow_computation": 0.02391970000003596,
        "total": 0.08390340000011065
    },
    "total": 0.10870370000000662
}