{
    "Agent": {
        "total": 0.11736349999932827
    },
    "Env": {
        "apply_act": 0.25031369999976505,
        "observation_computation": 0.05543000000011489,
        "powerflow_computation": 0.04678350000062892,
        "total": 0.35252720000050886
    },
    "total": 0.5235194999999067
}