{
    "Agent": {
        "total": 0.0855138999997962
    },
    "Env": {
        "apply_act": 0.2576857000004793,
        "observation_computation": 0.04400519999990138,
        "powerflow_computation": 0.03716660000043248,
        "total": 0.33885750000081316
    },
    "total": 0.4678264000000354
}