{
    "Agent": {
        "total": 0.0771925999999894
    },
    "Env": {
        "apply_act": 0.09076129999880322,
        "observation_computation": 0.05427190000068549,
        "powerflow_computation": 0.04938160000097014,
        "total": 0.19441480000045885
    },
    "total": 0.31965260000015405
}