{
    "Agent": {
        "total": 0.4000076999941484
    },
    "Env": {
        "apply_act": 0.46449929999971573,
        "observation_computation": 0.27993619999597286,
        "powerflow_computation": 0.24503870000080497,
        "total": 0.9894741999964936
    },
    "total": 1.6348511000001054
}