{
    "Agent": {
        "total": 0.024392499999351003
    },
    "Env": {
        "apply_act": 0.28675230000135343,
        "observation_computation": 0.204054000001463,
        "powerflow_computation": 0.1674674000002483,
        "total": 0.6582737000030647
    },
    "total": 0.8719633999999701
}