{
    "Agent": {
        "total": 0.5295861000195146
    },
    "Env": {
        "apply_act": 1.7672426994831767,
        "observation_computation": 0.2821138995932415,
        "powerflow_computation": 0.2431072000763379,
        "total": 2.292463799152756
    },
    "total": 3.07664760001353
}