{
    "Agent": {
        "total": 0.03329109999947377
    },
    "Env": {
        "apply_act": 0.36663359999988643,
        "observation_computation": 0.2642885000001627,
        "powerflow_computation": 0.22790110000059371,
        "total": 0.8588232000006428
    },
    "total": 1.1410379999999805
}