{
    "Agent": {
        "total": 0.008294199999795637
    },
    "Env": {
        "apply_act": 0.09156810000013138,
        "observation_computation": 0.06727619999995227,
        "powerflow_computation": 0.05646649999982856,
        "total": 0.2153107999999122
    },
    "total": 0.2866529000000071
}