{
    "Agent": {
        "total": 0.006775000132620335
    },
    "Env": {
        "apply_act": 0.012880199821665883,
        "observation_computation": 0.0031057996675372124,
        "powerflow_computation": 0.0032506000716239214,
        "total": 0.019236599560827017
    },
    "total": 0.029171300120651722
}