{
    "Agent": {
        "total": 0.029600098729133606
    },
    "Env": {
        "apply_act": 0.09623650112189353,
        "observation_computation": 0.02036139997653663,
        "powerflow_computation": 0.018347598612308502,
        "total": 0.13494549971073866
    },
    "total": 0.18404410011135042
}