{
    "Agent": {
        "total": 0.06541869969805703
    },
    "Env": {
        "apply_act": 0.25299609964713454,
        "observation_computation": 0.06061029963893816,
        "powerflow_computation": 0.05717979988548905,
        "total": 0.37078619917156175
    },
    "total": 0.49201889999676496
}