{
    "Agent": {
        "total": 0.037314800000388004
    },
    "Env": {
        "apply_act": 0.414144100000442,
        "observation_computation": 0.30308650000051784,
        "powerflow_computation": 0.2527633000000833,
        "total": 0.9699939000010431
    },
    "total": 1.2873783000000003
}