{
    "Agent": {
        "total": 0.06810869977925904
    },
    "Env": {
        "apply_act": 0.16058719984721392,
        "observation_computation": 0.031134000164456666,
        "powerflow_computation": 0.0264250997279305,
        "total": 0.2181462997396011
    },
    "total": 0.31753020000178367
}