{
    "Agent": {
        "total": 0.05894609936513007
    },
    "Env": {
        "apply_act": 0.15563089936040342,
        "observation_computation": 0.03621399961411953,
        "powerflow_computation": 0.03188880137167871,
        "total": 0.22373370034620166
    },
    "total": 0.31517199985682964
}