{
    "Agent": {
        "total": 0.042434400646016
    },
    "Env": {
        "apply_act": 0.10653309803456068,
        "observation_computation": 0.01824309932999313,
        "powerflow_computation": 0.016683601774275303,
        "total": 0.1414597991388291
    },
    "total": 0.202521099941805
}