{
    "Agent": {
        "total": 0.0503901990596205
    },
    "Env": {
        "apply_act": 0.10085180192254484,
        "observation_computation": 0.025275699561461806,
        "powerflow_computation": 0.026162697933614254,
        "total": 0.1522901994176209
    },
    "total": 0.22663519997149706
}