{
    "Agent": {
        "total": 0.15545750000273983
    },
    "Env": {
        "apply_act": 0.17588409999871146,
        "observation_computation": 0.10797969999930501,
        "powerflow_computation": 0.08917639999936,
        "total": 0.3730401999973765
    },
    "total": 0.623629899999969
}