{
    "Agent": {
        "total": 0.19575209950562567
    },
    "Env": {
        "apply_act": 0.512035599705996,
        "observation_computation": 0.08877259996370412,
        "powerflow_computation": 0.08010959989042021,
        "total": 0.6809177995601203
    },
    "total": 0.9641349000157788
}