{
    "Agent": {
        "total": 0.021985200000131044
    },
    "Env": {
        "apply_act": 0.047876300000098126,
        "observation_computation": 0.010717599999679805,
        "powerflow_computation": 0.011098899999751666,
        "total": 0.0696927999995296
    },
    "total": 0.1021302999999989
}