{
    "Agent": {
        "total": 0.13416599999709433
    },
    "Env": {
        "apply_act": 0.44767779999847335,
        "observation_computation": 0.09145399999874826,
        "powerflow_computation": 0.10219209999763734,
        "total": 0.641323899994859
    },
    "total": 0.8626897999999983
}