{
    "Agent": {
        "total": 0.022369300000036674
    },
    "Env": {
        "apply_act": 0.045613999999943644,
        "observation_computation": 0.009125900000071852,
        "powerflow_computation": 0.007586899999978414,
        "total": 0.06232679999999391
    },
    "total": 0.09468180000004622
}