{
    "Agent": {
        "total": 0.18741549999958806
    },
    "Env": {
        "apply_act": 0.7446893999972417,
        "observation_computation": 0.17513919999873906,
        "powerflow_computation": 0.14644459999590254,
        "total": 1.0662731999918833
    },
    "total": 1.408042800000203
}