{
    "Agent": {
        "total": 0.09186159999899246
    },
    "Env": {
        "apply_act": 0.3440868999969098,
        "observation_computation": 0.07398439999678885,
        "powerflow_computation": 0.06009200000335113,
        "total": 0.47816329999704976
    },
    "total": 0.6304818000003252
}