{
    "Agent": {
        "total": 0.22341479996975977
    },
    "Env": {
        "apply_act": 0.6404951999502373,
        "observation_computation": 0.10209359994769329,
        "powerflow_computation": 0.0905734000261873,
        "total": 0.8331621999241179
    },
    "total": 1.1556229000052554
}