{
    "Agent": {
        "total": 0.1938977000536397
    },
    "Env": {
        "apply_act": 0.48602659977041185,
        "observation_computation": 0.10689029924105853,
        "powerflow_computation": 0.09241900010965765,
        "total": 0.685335899121128
    },
    "total": 0.9754786000121385
}