{
    "Agent": {
        "total": 0.001886300000137453
    },
    "Env": {
        "apply_act": 0.0020299999999906504,
        "observation_computation": 0.00044829999990270153,
        "powerflow_computation": 0.0004397999999810054,
        "total": 0.0029180999998743573
    },
    "total": 0.007449400000041351
}