{
    "Agent": {
        "total": 0.17330830000219066
    },
    "Env": {
        "apply_act": 0.7747132999929818,
        "observation_computation": 0.1698857000069438,
        "powerflow_computation": 0.14152450000119643,
        "total": 1.086123500001122
    },
    "total": 1.410864799999672
}