{
    "Agent": {
        "total": 0.012833499999942433
    },
    "Env": {
        "apply_act": 0.028350699999919016,
        "observation_computation": 0.005239100000153485,
        "powerflow_computation": 0.005230399998936264,
        "total": 0.038820199999008764
    },
    "total": 0.057707099999788625
}