{
    "Agent": {
        "total": 0.44036420003976673
    },
    "Env": {
        "apply_act": 0.9921400000457652,
        "observation_computation": 0.1721114997053519,
        "powerflow_computation": 0.15187120041809976,
        "total": 1.3161227001692168
    },
    "total": 1.9278736999840476
}