{
    "Agent": {
        "total": 0.11644749902188778
    },
    "Env": {
        "apply_act": 0.384256599470973,
        "observation_computation": 0.09125500125810504,
        "powerflow_computation": 0.09720479918178171,
        "total": 0.5727163999108598
    },
    "total": 0.7734447999391705
}