{
    "Agent": {
        "total": 0.0669529011938721
    },
    "Env": {
        "apply_act": 0.17535580159164965,
        "observation_computation": 0.041761999018490314,
        "powerflow_computation": 0.035995499696582556,
        "total": 0.2531133003067225
    },
    "total": 0.3567566000856459
}