{
    "Agent": {
        "total": 0.025149600114673376
    },
    "Env": {
        "apply_act": 0.06623440003022552,
        "observation_computation": 0.01592800032813102,
        "powerflow_computation": 0.014157700119540095,
        "total": 0.09632010047789663
    },
    "total": 0.13573109998833388
}