{
    "Agent": {
        "total": 0.11378919787239283
    },
    "Env": {
        "apply_act": 0.5123645993880928,
        "observation_computation": 0.08240469999145716,
        "powerflow_computation": 0.07130490057170391,
        "total": 0.6660741999512538
    },
    "total": 0.8588895000284538
}