{
    "Agent": {
        "total": 0.19466280122287571
    },
    "Env": {
        "apply_act": 0.7396319948602468,
        "observation_computation": 0.14664090308360755,
        "powerflow_computation": 0.12571020470932126,
        "total": 1.0119831026531756
    },
    "total": 1.3446706000249833
}