{
    "Agent": {
        "total": 0.05428259999916918
    },
    "Env": {
        "apply_act": 0.599214299999943,
        "observation_computation": 0.6157189000000187,
        "powerflow_computation": 0.34074880000008534,
        "total": 1.555682000000047
    },
    "total": 1.9801506999999958
}