{
    "Agent": {
        "total": 0.0009466999999858672
    },
    "Env": {
        "apply_act": 0.0,
        "observation_computation": 0.0,
        "powerflow_computation": 0.0,
        "total": 0.0
    },
    "total": 0.002015799999981027
}