{
    "Agent": {
        "total": 0.07172660005744547
    },
    "Env": {
        "apply_act": 0.1947150994092226,
        "observation_computation": 0.0445404996862635,
        "powerflow_computation": 0.042519499897025526,
        "total": 0.28177509899251163
    },
    "total": 0.3949362999992445
}