{
    "Agent": {
        "total": 1.1220450999992408
    },
    "Env": {
        "apply_act": 1.1880612999991627,
        "observation_computation": 0.7287715000002208,
        "powerflow_computation": 0.6192420000006678,
        "total": 2.5360748000000513
    },
    "total": 4.303425300000072
}