{
    "Agent": {
        "total": 0.14733529999921302
    },
    "Env": {
        "apply_act": 0.192256400001952,
        "observation_computation": 0.0971144000006916,
        "powerflow_computation": 0.08599189999949886,
        "total": 0.37536270000214245
    },
    "total": 0.6093152000000828
}