{
    "Agent": {
        "total": 0.26637429999482265
    },
    "Env": {
        "apply_act": 0.8189727999952083,
        "observation_computation": 0.13505680000798748,
        "powerflow_computation": 0.1227790000020832,
        "total": 1.076808600005279
    },
    "total": 1.4730328000005102
}