{
    "Agent": {
        "total": 0.23693570000227737
    },
    "Env": {
        "apply_act": 0.22599310000055084,
        "observation_computation": 0.10971629999880861,
        "powerflow_computation": 0.10155050000207666,
        "total": 0.4372599000014361
    },
    "total": 0.7797961999999643
}