{
    "Agent": {
        "total": 0.07491100000152073
    },
    "Env": {
        "apply_act": 0.07916009999826201,
        "observation_computation": 0.04879849999997532,
        "powerflow_computation": 0.04165140000077372,
        "total": 0.16960999999901105
    },
    "total": 0.2875005999999303
}