{
    "Agent": {
        "total": 0.2313468000006651
    },
    "Env": {
        "apply_act": 0.38802930000156266,
        "observation_computation": 0.11049309999884827,
        "powerflow_computation": 0.08752270000081808,
        "total": 0.586045100001229
    },
    "total": 0.924219100000073
}