{
    "Agent": {
        "total": 0.20867369999973562
    },
    "Env": {
        "apply_act": 0.6948931000001721,
        "observation_computation": 0.14953199999922617,
        "powerflow_computation": 0.12933589999647666,
        "total": 0.973760999995875
    },
    "total": 1.3258409000000029
}