{
    "Agent": {
        "total": 0.017356400261633098
    },
    "Env": {
        "apply_act": 0.03233320021536201,
        "observation_computation": 0.005298000294715166,
        "powerflow_computation": 0.005936100031249225,
        "total": 0.043567300541326404
    },
    "total": 0.06645529996603727
}