{
    "Agent": {
        "total": 0.04399259999672722
    },
    "Env": {
        "apply_act": 0.14232350000065708,
        "observation_computation": 0.042601500000728265,
        "powerflow_computation": 0.037172999997892475,
        "total": 0.22209799999927782
    },
    "total": 0.30381560000023455
}