{
    "Agent": {
        "total": 0.26839579989609774
    },
    "Env": {
        "apply_act": 0.7486799998732749,
        "observation_computation": 0.12966890011739451,
        "powerflow_computation": 0.11531159992591711,
        "total": 0.9936604999165866
    },
    "total": 1.3902367999980925
}