{
    "Agent": {
        "total": 0.029853699961677194
    },
    "Env": {
        "apply_act": 0.07912419992499053,
        "observation_computation": 0.017747599631547928,
        "powerflow_computation": 0.0181450005620718,
        "total": 0.11501680011861026
    },
    "total": 0.1608678000047803
}