{
    "Agent": {
        "total": 0.29494940000131464
    },
    "Env": {
        "apply_act": 1.4031085999949937,
        "observation_computation": 0.29893059999585603,
        "powerflow_computation": 0.24950429999671542,
        "total": 1.9515434999875652
    },
    "total": 2.508635499999855
}