{
    "Agent": {
        "total": 0.07561399999963214
    },
    "Env": {
        "apply_act": 0.1612776000017675,
        "observation_computation": 0.038596500002313405,
        "powerflow_computation": 0.033909499998571846,
        "total": 0.23378360000265275
    },
    "total": 0.3465358000000833
}