{
    "Agent": {
        "total": 0.04041940066963434
    },
    "Env": {
        "apply_act": 0.13283600145950913,
        "observation_computation": 0.02752910042181611,
        "powerflow_computation": 0.02613819926045835,
        "total": 0.1865033011417836
    },
    "total": 0.2538240000139922
}