{
    "Agent": {
        "total": 0.015168998157605529
    },
    "Env": {
        "apply_act": 0.047115599969401956,
        "observation_computation": 0.009484600508585572,
        "powerflow_computation": 0.008660799590870738,
        "total": 0.06526100006885827
    },
    "total": 0.09010790009051561
}