{
    "Agent": {
        "total": 0.05383919947780669
    },
    "Env": {
        "apply_act": 0.12427970045246184,
        "observation_computation": 0.028619700111448765,
        "powerflow_computation": 0.026259099133312702,
        "total": 0.1791584996972233
    },
    "total": 0.2600877999793738
}