{
    "Agent": {
        "total": 0.039227099999806114
    },
    "Env": {
        "apply_act": 0.4359105000005741,
        "observation_computation": 0.2903061999996055,
        "powerflow_computation": 0.24433320000028402,
        "total": 0.9705499000004636
    },
    "total": 1.2814314999999965
}