{
    "Agent": {
        "total": 0.057387899999412184
    },
    "Env": {
        "apply_act": 0.16475889999628635,
        "observation_computation": 0.024394400002620387,
        "powerflow_computation": 0.025257099998725607,
        "total": 0.21441039999763234
    },
    "total": 0.2964927000002717
}