{
    "Agent": {
        "total": 0.035383099457249045
    },
    "Env": {
        "apply_act": 0.12078219931572676,
        "observation_computation": 0.023126201587729156,
        "powerflow_computation": 0.021792699699290097,
        "total": 0.165701100602746
    },
    "total": 0.2239211000269279
}