{
    "Agent": {
        "total": 0.20128839957760647
    },
    "Env": {
        "apply_act": 0.6799319993006065,
        "observation_computation": 0.17921040015062317,
        "powerflow_computation": 0.15429899987066165,
        "total": 1.0134413993218914
    },
    "total": 1.3756255999905989
}