{
    "Agent": {
        "total": 0.014762799999857634
    },
    "Env": {
        "apply_act": 0.02633729999990919,
        "observation_computation": 0.005708699999900091,
        "powerflow_computation": 0.004756899999847519,
        "total": 0.0368028999996568
    },
    "total": 0.058049400000015794
}