{
    "Agent": {
        "total": 3.178364900009001
    },
    "Env": {
        "apply_act": 3.105287800000042,
        "observation_computation": 1.9227652000004127,
        "powerflow_computation": 1.596279200007757,
        "total": 6.624332200008212
    },
    "total": 11.488364300000057
}