{
    "Agent": {
        "total": 0.1483317994279787
    },
    "Env": {
        "apply_act": 0.5920514020835981,
        "observation_computation": 0.09577210061252117,
        "powerflow_computation": 0.08174309914465994,
        "total": 0.7695666018407792
    },
    "total": 1.0116408999310806
}