{
    "Agent": {
        "total": 0.07674110028892756
    },
    "Env": {
        "apply_act": 0.320252702338621,
        "observation_computation": 0.05777800106443465,
        "powerflow_computation": 0.05711710173636675,
        "total": 0.4351478051394224
    },
    "total": 0.5662508001551032
}