{
    "Agent": {
        "total": 2.210398300006318
    },
    "Env": {
        "apply_act": 2.0800733999919885,
        "observation_computation": 1.2645444000031603,
        "powerflow_computation": 1.1021580999984053,
        "total": 4.446775899993554
    },
    "total": 7.757807700000058
}