{
    "Agent": {
        "total": 0.10794560000181264
    },
    "Env": {
        "apply_act": 0.0926649999989877,
        "observation_computation": 0.05534740000018701,
        "powerflow_computation": 0.04897680000101445,
        "total": 0.19698920000018916
    },
    "total": 0.35923200000002
}