{
    "Agent": {
        "total": 0.1655427999976382
    },
    "Env": {
        "apply_act": 0.6299040999947465,
        "observation_computation": 0.08711209999910352,
        "powerflow_computation": 0.07207550000566698,
        "total": 0.789091699999517
    },
    "total": 1.0369252999998935
}