{
    "Agent": {
        "total": 0.018199500000150692
    },
    "Env": {
        "apply_act": 0.055769799999779934,
        "observation_computation": 0.009999999999990905,
        "powerflow_computation": 0.008348900000100912,
        "total": 0.07411869999987175
    },
    "total": 0.10374189999993177
}