{
    "Agent": {
        "total": 0.06292949966154993
    },
    "Env": {
        "apply_act": 0.17296959925442934,
        "observation_computation": 0.0398881989531219,
        "powerflow_computation": 0.03466559899970889,
        "total": 0.24752339720726013
    },
    "total": 0.3458396999631077
}