{
    "Agent": {
        "total": 0.298704300000054
    },
    "Env": {
        "apply_act": 0.8655063999993899,
        "observation_computation": 0.13634149999961664,
        "powerflow_computation": 0.12949110000090513,
        "total": 1.1313389999999117
    },
    "total": 1.5623819999999569
}