{
    "Agent": {
        "total": 0.4608207999262959
    },
    "Env": {
        "apply_act": 2.739818399975775,
        "observation_computation": 0.4172536002442939,
        "powerflow_computation": 0.37755569974251557,
        "total": 3.5346276999625843
    },
    "total": 4.362044800000149
}