{
    "Agent": {
        "total": 0.007725800000343952
    },
    "Env": {
        "apply_act": 0.08445369999986951,
        "observation_computation": 0.059251000000017484,
        "powerflow_computation": 0.07135880000015504,
        "total": 0.21506350000004204
    },
    "total": 0.27651590000004944
}