{
    "Agent": {
        "total": 0.2725532000004023
    },
    "Env": {
        "apply_act": 0.6045913999990944,
        "observation_computation": 0.1303034999995134,
        "powerflow_computation": 0.12419700000043576,
        "total": 0.8590918999990436
    },
    "total": 1.251403900000014
}