{
    "Agent": {
        "total": 0.016940699541009963
    },
    "Env": {
        "apply_act": 0.038102199556306005,
        "observation_computation": 0.008734500035643578,
        "powerflow_computation": 0.007890300126746297,
        "total": 0.05472699971869588
    },
    "total": 0.08028890006244183
}