{
    "Agent": {
        "total": 0.0943410008912906
    },
    "Env": {
        "apply_act": 0.4684201995842159,
        "observation_computation": 0.07130170124582946,
        "powerflow_computation": 0.06114270118996501,
        "total": 0.6008646020200104
    },
    "total": 0.7633035000180826
}