{
    "Agent": {
        "total": 0.022806000022683293
    },
    "Env": {
        "apply_act": 0.005241299979388714,
        "observation_computation": 0.0014449000009335577,
        "powerflow_computation": 0.0020102999988012016,
        "total": 0.008696499979123473
    },
    "total": 0.03386850000242703
}