{
    "Agent": {
        "total": 0.017356300000074043
    },
    "Env": {
        "apply_act": 0.03465150000010908,
        "observation_computation": 0.0075560000001360095,
        "powerflow_computation": 0.008453900000063186,
        "total": 0.050661400000308277
    },
    "total": 0.07560610000007273
}