{
    "Agent": {
        "total": 0.6585163027048111
    },
    "Env": {
        "apply_act": 1.449922299478203,
        "observation_computation": 0.3361717008519918,
        "powerflow_computation": 0.30965499649755657,
        "total": 2.0957489968277514
    },
    "total": 3.0744603999191895
}