{
    "Agent": {
        "total": 0.07446820114273578
    },
    "Env": {
        "apply_act": 0.19770090037491173,
        "observation_computation": 0.034841799759306014,
        "powerflow_computation": 0.02975670003797859,
        "total": 0.26229940017219633
    },
    "total": 0.370741100050509
}