{
    "Agent": {
        "total": 0.5789866000020538
    },
    "Env": {
        "apply_act": 1.9900674000001572,
        "observation_computation": 0.3060358000005863,
        "powerflow_computation": 0.2736833999975943,
        "total": 2.569786599998338
    },
    "total": 3.4395640000000185
}