{
    "Agent": {
        "total": 0.007909400155767798
    },
    "Env": {
        "apply_act": 0.015438399510458112,
        "observation_computation": 0.0036494999658316374,
        "powerflow_computation": 0.0037078000605106354,
        "total": 0.022795699536800385
    },
    "total": 0.03443570015951991
}