{
    "Agent": {
        "total": 0.4364354987628758
    },
    "Env": {
        "apply_act": 1.2221115998690948,
        "observation_computation": 0.2938207983970642,
        "powerflow_computation": 0.25447949953377247,
        "total": 1.7704118977999315
    },
    "total": 2.465791500057094
}