{
    "Agent": {
        "total": 0.0028730000485666096
    },
    "Env": {
        "apply_act": 0.006382299994584173,
        "observation_computation": 0.0011021000100299716,
        "powerflow_computation": 0.001640600006794557,
        "total": 0.009125000011408702
    },
    "total": 0.013339099998120219
}