{
    "Agent": {
        "total": 0.7876357997010928
    },
    "Env": {
        "apply_act": 2.242414099513553,
        "observation_computation": 0.37945620078244247,
        "powerflow_computation": 0.3328110996808391,
        "total": 2.9546813999768347
    },
    "total": 4.106925400003092
}