{
    "Agent": {
        "total": 0.0010593000333756208
    },
    "Env": {
        "apply_act": 0.0,
        "observation_computation": 0.0,
        "powerflow_computation": 0.0,
        "total": 0.0
    },
    "total": 0.003313099965453148
}