{
    "Agent": {
        "total": 0.0009209999116137624
    },
    "Env": {
        "apply_act": 0.0,
        "observation_computation": 0.0,
        "powerflow_computation": 0.0,
        "total": 0.0
    },
    "total": 0.00197049998678267
}