{
    "Agent": {
        "total": 0.1447441983036697
    },
    "Env": {
        "apply_act": 0.5642216019332409,
        "observation_computation": 0.10338569921441376,
        "powerflow_computation": 0.10008950007613748,
        "total": 0.7676968012237921
    },
    "total": 1.0106701999902725
}