{
    "Agent": {
        "total": 0.07726440000033108
    },
    "Env": {
        "apply_act": 0.1287570999993477,
        "observation_computation": 0.03930940000145711,
        "powerflow_computation": 0.036449200001698046,
        "total": 0.20451570000250285
    },
    "total": 0.31889029999979357
}