{
    "Agent": {
        "total": 0.04047140000022864
    },
    "Env": {
        "apply_act": 0.08661779999954433,
        "observation_computation": 0.018399500000214175,
        "powerflow_computation": 0.014708500000438107,
        "total": 0.11972580000019661
    },
    "total": 0.1779446000000462
}