{
    "Agent": {
        "total": 0.01761730000021089
    },
    "Env": {
        "apply_act": 0.01237790000050154,
        "observation_computation": 0.007513300000027812,
        "powerflow_computation": 0.00697569999897496,
        "total": 0.026866899999504312
    },
    "total": 0.05160030000001825
}