{
    "Agent": {
        "total": 0.004778000000186466
    },
    "Env": {
        "apply_act": 0.054582200000055536,
        "observation_computation": 0.039520600000003014,
        "powerflow_computation": 0.03452740000014387,
        "total": 0.12863020000020242
    },
    "total": 0.16979510000001596
}