{
    "Agent": {
        "total": 0.008212100000719147
    },
    "Env": {
        "apply_act": 0.017707600000221646,
        "observation_computation": 0.004057199999806471,
        "powerflow_computation": 0.003731800000423391,
        "total": 0.025496600000451508
    },
    "total": 0.0385251000000153
}