{
    "Agent": {
        "total": 1.8246154000071328
    },
    "Env": {
        "apply_act": 2.2770269999919037,
        "observation_computation": 0.8496904000016912,
        "powerflow_computation": 0.7530958000113515,
        "total": 3.8798132000049463
    },
    "total": 6.523887800000011
}