{
    "Agent": {
        "total": 0.02573269999956551
    },
    "Env": {
        "apply_act": 0.2888684000008368,
        "observation_computation": 0.1940681000003508,
        "powerflow_computation": 0.15407039999988115,
        "total": 0.6370069000010687
    },
    "total": 0.8408847999999978
}