{
    "Agent": {
        "total": 0.0627243994968012
    },
    "Env": {
        "apply_act": 0.16710110020358115,
        "observation_computation": 0.03904380020685494,
        "powerflow_computation": 0.03626440046355128,
        "total": 0.24240930087398738
    },
    "total": 0.34016879997216165
}