{
    "Agent": {
        "total": 0.02496760175563395
    },
    "Env": {
        "apply_act": 0.0747783009428531,
        "observation_computation": 0.017010600538924336,
        "powerflow_computation": 0.016043598065152764,
        "total": 0.1078324995469302
    },
    "total": 0.14976030006073415
}