{
    "Agent": {
        "total": 0.29142220000358066
    },
    "Env": {
        "apply_act": 1.5368450000009943,
        "observation_computation": 0.29262129999506215,
        "powerflow_computation": 0.24857620000784664,
        "total": 2.078042500003903
    },
    "total": 2.6273441999996976
}