{
    "Agent": {
        "total": 0.05286180065013468
    },
    "Env": {
        "apply_act": 0.10217219917103648,
        "observation_computation": 0.02300009981263429,
        "powerflow_computation": 0.021076800534501672,
        "total": 0.14624909951817244
    },
    "total": 0.22158559993840754
}