{
    "Agent": {
        "total": 0.007831000000351196
    },
    "Env": {
        "apply_act": 0.00946660000022348,
        "observation_computation": 0.004441900000301757,
        "powerflow_computation": 0.00631009999960952,
        "total": 0.020218600000134757
    },
    "total": 0.03224939999995513
}