{
    "Agent": {
        "total": 0.06698130001313984
    },
    "Env": {
        "apply_act": 0.3909205000381917,
        "observation_computation": 0.03403799911029637,
        "powerflow_computation": 0.030467798933386803,
        "total": 0.45542629808187485
    },
    "total": 0.5545639998745173
}