{
    "Agent": {
        "total": 0.05782000000044718
    },
    "Env": {
        "apply_act": 0.05174799999838342,
        "observation_computation": 0.02867060000028232,
        "powerflow_computation": 0.027948199999855206,
        "total": 0.10836679999852095
    },
    "total": 0.19377429999997275
}