{
    "Agent": {
        "total": 0.01657460001297295
    },
    "Env": {
        "apply_act": 0.06895450013689697,
        "observation_computation": 0.011303800391033292,
        "powerflow_computation": 0.009935299400240183,
        "total": 0.09019359992817044
    },
    "total": 0.11829539993777871
}