{
    "Agent": {
        "total": 0.009536300000021924
    },
    "Env": {
        "apply_act": 0.10849629999988508,
        "observation_computation": 0.07711039999989566,
        "powerflow_computation": 0.06873349999996492,
        "total": 0.25434019999974566
    },
    "total": 0.33590569999999786
}