{
    "Agent": {
        "total": 0.12420539999999392
    },
    "Env": {
        "apply_act": 0.4226213999996844,
        "observation_computation": 0.050104699999849345,
        "powerflow_computation": 0.04302430000058166,
        "total": 0.5157504000001154
    },
    "total": 0.6895417000000066
}