{
    "Agent": {
        "total": 0.0007368000001406472
    },
    "Env": {
        "apply_act": 0.0,
        "observation_computation": 0.0,
        "powerflow_computation": 0.0,
        "total": 0.0
    },
    "total": 0.001964200000202254
}