{
    "Agent": {
        "total": 0.24088509999921826
    },
    "Env": {
        "apply_act": 0.5486337000003232,
        "observation_computation": 0.11509469999896282,
        "powerflow_computation": 0.10258170000031441,
        "total": 0.7663100999996004
    },
    "total": 1.1187092999999777
}