{
    "Agent": {
        "total": 0.2520924991113134
    },
    "Env": {
        "apply_act": 0.5402639995445497,
        "observation_computation": 0.09868799976538867,
        "powerflow_computation": 0.08998869947390631,
        "total": 0.7289406987838447
    },
    "total": 1.078497199981939
}