{
    "Agent": {
        "total": 0.06007259897887707
    },
    "Env": {
        "apply_act": 0.1576100008096546,
        "observation_computation": 0.03691859915852547,
        "powerflow_computation": 0.03152530104853213,
        "total": 0.2260539010167122
    },
    "total": 0.3193564999382943
}