{
    "Agent": {
        "total": 0.15062909945845604
    },
    "Env": {
        "apply_act": 0.25619250186719,
        "observation_computation": 0.10207329853437841,
        "powerflow_computation": 0.09280769806355238,
        "total": 0.4510734984651208
    },
    "total": 0.6926055999938399
}