{
    "Agent": {
        "total": 0.008763300000055096
    },
    "Env": {
        "apply_act": 0.030094499999677282,
        "observation_computation": 0.00604570000041349,
        "powerflow_computation": 0.005581499999152584,
        "total": 0.041721699999243356
    },
    "total": 0.05645460000005187
}