{
    "Agent": {
        "total": 0.2772611000011693
    },
    "Env": {
        "apply_act": 0.2917790000004743,
        "observation_computation": 0.17985499999940657,
        "powerflow_computation": 0.14986520000059045,
        "total": 0.6214992000004713
    },
    "total": 1.0578140000000076
}