{
    "Agent": {
        "total": 0.0010520000000724394
    },
    "Env": {
        "apply_act": 0.0,
        "observation_computation": 0.0,
        "powerflow_computation": 0.0,
        "total": 0.0
    },
    "total": 0.003301700000065466
}