{
    "Agent": {
        "total": 0.0786688000016511
    },
    "Env": {
        "apply_act": 0.2840898999984347,
        "observation_computation": 0.04648309999856792,
        "powerflow_computation": 0.038591400000314025,
        "total": 0.36916439999731665
    },
    "total": 0.4922911999997268
}