{
    "Agent": {
        "total": 0.06720290053635836
    },
    "Env": {
        "apply_act": 0.17428250017110258,
        "observation_computation": 0.02977029955945909,
        "powerflow_computation": 0.030297300429083407,
        "total": 0.23435010015964508
    },
    "total": 0.3306999000487849
}