{
    "Agent": {
        "total": 0.05921000044327229
    },
    "Env": {
        "apply_act": 0.14564390038140118,
        "observation_computation": 0.024580099852755666,
        "powerflow_computation": 0.021461199270561337,
        "total": 0.19168519950471818
    },
    "total": 0.2752398999873549
}