{
    "Agent": {
        "total": 0.0927682020701468
    },
    "Env": {
        "apply_act": 0.40491689927875996,
        "observation_computation": 0.04514510021544993,
        "powerflow_computation": 0.03952200058847666,
        "total": 0.48958400008268654
    },
    "total": 0.6257119001820683
}