{
    "Agent": {
        "total": 0.010011399999967807
    },
    "Env": {
        "apply_act": 0.11181769999978997,
        "observation_computation": 0.08005589999994811,
        "powerflow_computation": 0.07020870000017965,
        "total": 0.2620822999999177
    },
    "total": 0.3463131999999973
}