{
    "Agent": {
        "total": 1.1740391999856001
    },
    "Env": {
        "apply_act": 0.6271988999542373,
        "observation_computation": 0.3959136999801558,
        "powerflow_computation": 0.35167420000561833,
        "total": 1.3747867999400114
    },
    "total": 2.9227037000000564
}