{
    "Agent": {
        "total": 0.06297660002019256
    },
    "Env": {
        "apply_act": 0.16392710024956614,
        "observation_computation": 0.02742919942829758,
        "powerflow_computation": 0.02299100044183433,
        "total": 0.21434730011969805
    },
    "total": 0.3048626999370754
}