{
    "Agent": {
        "total": 0.10926369999651797
    },
    "Env": {
        "apply_act": 0.02378279995173216,
        "observation_computation": 0.009211500087985769,
        "powerflow_computation": 0.009856599936028942,
        "total": 0.04285089997574687
    },
    "total": 0.16245689999777824
}