{
    "Agent": {
        "total": 0.12570339999990665
    },
    "Env": {
        "apply_act": 0.2715690000010227,
        "observation_computation": 0.059343800000306146,
        "powerflow_computation": 0.053547400000638845,
        "total": 0.3844602000019677
    },
    "total": 0.5649273999999878
}