{
    "Agent": {
        "total": 0.025099199999999655
    },
    "Env": {
        "apply_act": 0.2923147000001336,
        "observation_computation": 0.18847160000041185,
        "powerflow_computation": 0.1735191999985659,
        "total": 0.6543054999991114
    },
    "total": 0.8513532999999711
}