{
    "Agent": {
        "total": 0.05725189857184887
    },
    "Env": {
        "apply_act": 0.17197569832205772,
        "observation_computation": 0.039066799683496356,
        "powerflow_computation": 0.03359940089285374,
        "total": 0.24464189889840782
    },
    "total": 0.3395239000674337
}