{
    "Agent": {
        "total": 0.18114459933713078
    },
    "Env": {
        "apply_act": 0.6374431980075315,
        "observation_computation": 0.1255001985700801,
        "powerflow_computation": 0.11704000213649124,
        "total": 0.8799833987141028
    },
    "total": 1.1819280000636354
}