{
    "Agent": {
        "total": 0.015860999235883355
    },
    "Env": {
        "apply_act": 0.03383090009447187,
        "observation_computation": 0.00999329995829612,
        "powerflow_computation": 0.008675600285641849,
        "total": 0.05249980033840984
    },
    "total": 0.07921549992170185
}