{
    "Agent": {
        "total": 0.0549178999644937
    },
    "Env": {
        "apply_act": 0.15714289999596076,
        "observation_computation": 0.02692100000422215,
        "powerflow_computation": 0.02589809993514791,
        "total": 0.20996199993533082
    },
    "total": 0.29160040000715526
}