{
    "Agent": {
        "total": 0.09947789999932866
    },
    "Env": {
        "apply_act": 0.20512670000016442,
        "observation_computation": 0.06371970000259353,
        "powerflow_computation": 0.056922299999769166,
        "total": 0.3257687000025271
    },
    "total": 0.48250899999993635
}