{
    "Agent": {
        "total": 0.03715610201470554
    },
    "Env": {
        "apply_act": 0.07957679848186672,
        "observation_computation": 0.014589899685233831,
        "powerflow_computation": 0.0130364999640733,
        "total": 0.10720319813117385
    },
    "total": 0.159427999984473
}