{
    "Agent": {
        "total": 0.0696524999993926
    },
    "Env": {
        "apply_act": 0.19529110000030414,
        "observation_computation": 0.030696899999384186,
        "powerflow_computation": 0.025660999998308398,
        "total": 0.2516489999979967
    },
    "total": 0.3515009000002465
}