{
    "Agent": {
        "total": 0.9093870969954878
    },
    "Env": {
        "apply_act": 1.7291371019091457,
        "observation_computation": 0.5933542004786432,
        "powerflow_computation": 0.5274709980003536,
        "total": 2.8499623003881425
    },
    "total": 4.285945600131527
}