{
    "Agent": {
        "total": 0.5759265000012874
    },
    "Env": {
        "apply_act": 0.6541055000029701,
        "observation_computation": 0.2653042999961599,
        "powerflow_computation": 0.22971129999314144,
        "total": 1.1491210999922714
    },
    "total": 1.9808367000000544
}