{
    "Agent": {
        "total": 0.03656749999868225
    },
    "Env": {
        "apply_act": 0.13790479999670424,
        "observation_computation": 0.025834400000576352,
        "powerflow_computation": 0.022284500001887864,
        "total": 0.18602369999916846
    },
    "total": 0.24790669999993042
}