{
    "Agent": {
        "total": 0.0695078995777294
    },
    "Env": {
        "apply_act": 0.2285409013275057,
        "observation_computation": 0.05252959986682981,
        "powerflow_computation": 0.044900100328959525,
        "total": 0.32597060152329504
    },
    "total": 0.44517069996800274
}