{
    "Agent": {
        "total": 0.12038550013676286
    },
    "Env": {
        "apply_act": 0.29543449985794723,
        "observation_computation": 0.06668509915471077,
        "powerflow_computation": 0.058420998975634575,
        "total": 0.4205405979882926
    },
    "total": 0.6015571998432279
}