{
    "Agent": {
        "total": 0.36474469999666326
    },
    "Env": {
        "apply_act": 1.3186848000018472,
        "observation_computation": 0.2634255999969355,
        "powerflow_computation": 0.23295450000364326,
        "total": 1.815064900002426
    },
    "total": 2.4291041999999834
}