{
    "Agent": {
        "total": 0.06272089999970376
    },
    "Env": {
        "apply_act": 0.13556660000017473,
        "observation_computation": 0.025252100000273003,
        "powerflow_computation": 0.022191000000361782,
        "total": 0.18300970000080952
    },
    "total": 0.2718148999999812
}