{
    "Agent": {
        "total": 0.17940119933336973
    },
    "Env": {
        "apply_act": 0.3801922994898632,
        "observation_computation": 0.09739679959602654,
        "powerflow_computation": 0.08772920060437173,
        "total": 0.5653182996902615
    },
    "total": 0.8384926000144333
}