{
    "Agent": {
        "total": 0.5102717999970992
    },
    "Env": {
        "apply_act": 0.7528633000033551,
        "observation_computation": 0.32838090000450393,
        "powerflow_computation": 0.27382079999642883,
        "total": 1.3550650000042879
    },
    "total": 2.155627699999968
}