{
    "Agent": {
        "total": 0.06315599999516053
    },
    "Env": {
        "apply_act": 0.20033649999754743,
        "observation_computation": 0.044077799999513445,
        "powerflow_computation": 0.04079489999776342,
        "total": 0.2852091999948243
    },
    "total": 0.3908421000000999
}