{
    "Agent": {
        "total": 0.016516699572093785
    },
    "Env": {
        "apply_act": 0.0275959997670725,
        "observation_computation": 0.01024799991864711,
        "powerflow_computation": 0.00902540038805455,
        "total": 0.04686940007377416
    },
    "total": 0.0743717000586912
}