{
    "Agent": {
        "total": 0.07473920008487767
    },
    "Env": {
        "apply_act": 0.2180106999585405,
        "observation_computation": 0.036314599943580106,
        "powerflow_computation": 0.03231969995977124,
        "total": 0.28664499986189185
    },
    "total": 0.39742929999920307
}