{
    "Agent": {
        "total": 0.00700299999903109
    },
    "Env": {
        "apply_act": 0.020405399999617657,
        "observation_computation": 0.004663399999799367,
        "powerflow_computation": 0.004807999999002277,
        "total": 0.0298767999984193
    },
    "total": 0.041503500000089844
}