{
    "Agent": {
        "total": 0.0008417000001372799
    },
    "Env": {
        "apply_act": 0.0,
        "observation_computation": 0.0,
        "powerflow_computation": 0.0,
        "total": 0.0
    },
    "total": 0.00211459999991348
}