{
    "Agent": {
        "total": 0.05336609890218824
    },
    "Env": {
        "apply_act": 0.2077136995503679,
        "observation_computation": 0.03998670121654868,
        "powerflow_computation": 0.03430830186698586,
        "total": 0.28200870263390243
    },
    "total": 0.37329399993177503
}