{
    "Agent": {
        "total": 0.10219479957595468
    },
    "Env": {
        "apply_act": 0.47587340103928,
        "observation_computation": 0.0786036989884451,
        "powerflow_computation": 0.06973640038631856,
        "total": 0.6242135004140437
    },
    "total": 0.8004078000085428
}