{
    "Agent": {
        "total": 0.434557899920037
    },
    "Env": {
        "apply_act": 0.09250230001634918,
        "observation_computation": 0.03698520001489669,
        "powerflow_computation": 0.0374632999591995,
        "total": 0.16695079999044538
    },
    "total": 0.6412680000066757
}