{
    "Agent": {
        "total": 0.014780699857510626
    },
    "Env": {
        "apply_act": 0.0502707997802645,
        "observation_computation": 0.010673800366930664,
        "powerflow_computation": 0.009372899658046663,
        "total": 0.07031749980524182
    },
    "total": 0.09563969995360821
}