{
    "Agent": {
        "total": 0.0022962999998981104
    },
    "Env": {
        "apply_act": 0.028924900000134812,
        "observation_computation": 0.019424300000054018,
        "powerflow_computation": 0.02090299999997569,
        "total": 0.06925220000016452
    },
    "total": 0.08922000000001162
}