{
    "Agent": {
        "total": 0.003711800000473886
    },
    "Env": {
        "apply_act": 0.0027830000005906186,
        "observation_computation": 0.001305500000171378,
        "powerflow_computation": 0.0017824000001382956,
        "total": 0.005870900000900292
    },
    "total": 0.01113020000002507
}