{
    "Agent": {
        "total": 0.024671200000028648
    },
    "Env": {
        "apply_act": 0.2652919999997465,
        "observation_computation": 0.18251089999991166,
        "powerflow_computation": 0.14469529999993824,
        "total": 0.5924981999995964
    },
    "total": 0.7858793999999989
}