{
    "Agent": {
        "total": 0.12813520000145218
    },
    "Env": {
        "apply_act": 0.25750620000098934,
        "observation_computation": 0.0575720000003912,
        "powerflow_computation": 0.05409499999905165,
        "total": 0.3691732000004322
    },
    "total": 0.5542289999998502
}