{
    "Agent": {
        "total": 0.04498989999410696
    },
    "Env": {
        "apply_act": 0.12164119999215472,
        "observation_computation": 0.022076999986893497,
        "powerflow_computation": 0.01985630000854144,
        "total": 0.16357449998758966
    },
    "total": 0.2307987000021967
}