{
    "Agent": {
        "total": 0.0049908999998962145
    },
    "Env": {
        "apply_act": 0.05268109999995829,
        "observation_computation": 0.038378699999981336,
        "powerflow_computation": 0.031625200000107156,
        "total": 0.12268500000004678
    },
    "total": 0.16358069999999714
}