{
    "Agent": {
        "total": 0.19046160000243617
    },
    "Env": {
        "apply_act": 0.8648777999951562,
        "observation_computation": 0.18994950000069366,
        "powerflow_computation": 0.1583259999965776,
        "total": 1.2131532999924275
    },
    "total": 1.5695266000002448
}