{
    "Agent": {
        "total": 0.2736202000742196
    },
    "Env": {
        "apply_act": 0.7515294000404538,
        "observation_computation": 0.1333719000540441,
        "powerflow_computation": 0.11714529995515477,
        "total": 1.0020466000496526
    },
    "total": 1.4065252000000328
}