{
    "Agent": {
        "total": 0.03387240064330399
    },
    "Env": {
        "apply_act": 0.0796328994911164,
        "observation_computation": 0.013488399097695947,
        "powerflow_computation": 0.011549900518730283,
        "total": 0.10467119910754263
    },
    "total": 0.15261290012858808
}