{
    "Agent": {
        "total": 0.05482859999824541
    },
    "Env": {
        "apply_act": 0.04161899999985508,
        "observation_computation": 0.025305999998863626,
        "powerflow_computation": 0.02284080000049471,
        "total": 0.08976579999921341
    },
    "total": 0.1684147999999368
}