{
    "Agent": {
        "total": 0.20604269986506552
    },
    "Env": {
        "apply_act": 0.92179889959516,
        "observation_computation": 0.1849228996434249,
        "powerflow_computation": 0.15553759969770908,
        "total": 1.262259398936294
    },
    "total": 1.6324792000232264
}