{
    "Agent": {
        "total": 0.004871100000116257
    },
    "Env": {
        "apply_act": 0.05881599999992204,
        "observation_computation": 0.035654799999974784,
        "powerflow_computation": 0.03634649999969497,
        "total": 0.1308172999995918
    },
    "total": 0.1686675000000264
}