{
    "Agent": {
        "total": 0.07748010006616823
    },
    "Env": {
        "apply_act": 0.3141168999427464,
        "observation_computation": 0.04606940006488003,
        "powerflow_computation": 0.04033400016487576,
        "total": 0.4005203001725022
    },
    "total": 0.5189505000016652
}