{
    "Agent": {
        "total": 0.03576530000037792
    },
    "Env": {
        "apply_act": 0.3721969000003469,
        "observation_computation": 0.26383470000011755,
        "powerflow_computation": 0.21548080000006564,
        "total": 0.8515124000005301
    },
    "total": 1.1344358999999997
}