{
    "Agent": {
        "total": 0.2569996001548134
    },
    "Env": {
        "apply_act": 1.2683738001214806,
        "observation_computation": 0.24206120015878696,
        "powerflow_computation": 0.2255833998642629,
        "total": 1.7360184001445305
    },
    "total": 2.2058806999993976
}