{
    "Agent": {
        "total": 0.011551899999858506
    },
    "Env": {
        "apply_act": 0.1252218999999286,
        "observation_computation": 0.0919146000001092,
        "powerflow_computation": 0.07624599999979864,
        "total": 0.29338249999983645
    },
    "total": 0.39398009999999317
}