{
    "Agent": {
        "total": 0.002335199999862425
    },
    "Env": {
        "apply_act": 0.030520400000142445,
        "observation_computation": 0.02205620000017916,
        "powerflow_computation": 0.019689699999929644,
        "total": 0.07226630000025125
    },
    "total": 0.09511519999998086
}