{
    "Agent": {
        "total": 0.24871800000050825
    },
    "Env": {
        "apply_act": 0.600286400001437,
        "observation_computation": 0.12051949999988665,
        "powerflow_computation": 0.11028119999730279,
        "total": 0.8310870999986264
    },
    "total": 1.19476039999995
}