{
    "Agent": {
        "total": 0.17748510104138404
    },
    "Env": {
        "apply_act": 0.4109397995052859,
        "observation_computation": 0.07506960083264858,
        "powerflow_computation": 0.06761659926269203,
        "total": 0.5536259996006265
    },
    "total": 0.8030029000947252
}