{
    "Agent": {
        "total": 0.25882530000029647
    },
    "Env": {
        "apply_act": 0.22905170000052522,
        "observation_computation": 0.03994959999982939,
        "powerflow_computation": 0.036143800000331794,
        "total": 0.3051451000006864
    },
    "total": 0.6234297999999967
}