{
    "Agent": {
        "total": 0.13652359959087335
    },
    "Env": {
        "apply_act": 0.353514199872734,
        "observation_computation": 0.06015909955021925,
        "powerflow_computation": 0.05309690008289181,
        "total": 0.4667701995058451
    },
    "total": 0.6616217999835499
}