{
    "Agent": {
        "total": 0.002978200000029574
    },
    "Env": {
        "apply_act": 0.03507220000007294,
        "observation_computation": 0.024116500000005203,
        "powerflow_computation": 0.020532999999986146,
        "total": 0.07972170000006429
    },
    "total": 0.10540299999999547
}