{
    "Agent": {
        "total": 1.2954535999989503
    },
    "Env": {
        "apply_act": 1.1414628000020457,
        "observation_computation": 0.6050798999976905,
        "powerflow_computation": 0.5206836999997222,
        "total": 2.2672263999994584
    },
    "total": 4.1419155999999475
}