{
    "Agent": {
        "total": 0.03607469971757382
    },
    "Env": {
        "apply_act": 0.09861820004880428,
        "observation_computation": 0.022342300042510033,
        "powerflow_computation": 0.020315799745731056,
        "total": 0.14127629983704537
    },
    "total": 0.19724060001317412
}