{
    "Agent": {
        "total": 0.12005840102210641
    },
    "Env": {
        "apply_act": 0.3911532978527248,
        "observation_computation": 0.08569180127233267,
        "powerflow_computation": 0.07391189970076084,
        "total": 0.5507569988258183
    },
    "total": 0.7528304000152275
}