{
    "Agent": {
        "total": 0.12404950000075132
    },
    "Env": {
        "apply_act": 1.4012408000009486,
        "observation_computation": 1.0707746999996175,
        "powerflow_computation": 0.7843256999985897,
        "total": 3.256341199999156
    },
    "total": 4.242883699999993
}