{
    "Agent": {
        "total": 0.004736800000117114
    },
    "Env": {
        "apply_act": 0.05465520000001334,
        "observation_computation": 0.03913950000003297,
        "powerflow_computation": 0.03686669999999026,
        "total": 0.13066140000003656
    },
    "total": 0.17269170000000145
}