{
    "Agent": {
        "total": 0.013645999999639002
    },
    "Env": {
        "apply_act": 0.15209200000016665,
        "observation_computation": 0.11529780000009282,
        "powerflow_computation": 0.09037899999984234,
        "total": 0.3577688000001018
    },
    "total": 0.4778771000000006
}