{
    "Agent": {
        "total": 0.6277089999975942
    },
    "Env": {
        "apply_act": 0.3491618999923958,
        "observation_computation": 0.2169146000105684,
        "powerflow_computation": 0.19864220000090427,
        "total": 0.7647187000038684
    },
    "total": 1.6113752999999633
}