{
    "Agent": {
        "total": 0.07160150038544089
    },
    "Env": {
        "apply_act": 0.18894990009721369,
        "observation_computation": 0.029030600446276367,
        "powerflow_computation": 0.02580499940086156,
        "total": 0.2437854999443516
    },
    "total": 0.3436839999631047
}