{
    "Agent": {
        "total": 0.7753294999988611
    },
    "Env": {
        "apply_act": 0.7258929000004173,
        "observation_computation": 0.3322739000029742,
        "powerflow_computation": 0.27612219999900844,
        "total": 1.3342890000024
    },
    "total": 2.4036243999998987
}