{
    "Agent": {
        "total": 0.6145552995149046
    },
    "Env": {
        "apply_act": 1.090687597868964,
        "observation_computation": 0.40709719876758754,
        "powerflow_computation": 0.3438194948248565,
        "total": 1.8416042914614081
    },
    "total": 2.8179804000537843
}