{
    "Agent": {
        "total": 0.5745556000013039
    },
    "Env": {
        "apply_act": 1.1963138000010076,
        "observation_computation": 0.40297340000165605,
        "powerflow_computation": 0.3510248999991745,
        "total": 1.9503121000018382
    },
    "total": 2.880435700000021
}