{
    "Agent": {
        "total": 0.03891399999974965
    },
    "Env": {
        "apply_act": 0.04421049999859861,
        "observation_computation": 0.026697999999214517,
        "powerflow_computation": 0.02261709999947925,
        "total": 0.09352559999729237
    },
    "total": 0.15651400000001559
}