{
    "Agent": {
        "total": 0.3738392999948701
    },
    "Env": {
        "apply_act": 0.9700773999893499,
        "observation_computation": 0.1679236999943896,
        "powerflow_computation": 0.14321089999884862,
        "total": 1.2812119999825882
    },
    "total": 1.8077955999997357
}