{
    "Agent": {
        "total": 0.06871020000244243
    },
    "Env": {
        "apply_act": 0.0747575000004872,
        "observation_computation": 0.044064500000331464,
        "powerflow_computation": 0.038602899999204965,
        "total": 0.15742490000002363
    },
    "total": 0.2654662999998436
}