{
    "Agent": {
        "total": 0.0770765999982359
    },
    "Env": {
        "apply_act": 0.8527712999992332,
        "observation_computation": 0.5885382000004142,
        "powerflow_computation": 0.48684059999908413,
        "total": 1.9281500999987315
    },
    "total": 2.5369989000000146
}