{
    "Agent": {
        "total": 0.1559406999994053
    },
    "Env": {
        "apply_act": 0.39123310000059064,
        "observation_computation": 0.0757107000005135,
        "powerflow_computation": 0.06635640000115473,
        "total": 0.5333002000022589
    },
    "total": 0.7626080999999658
}