{
    "Agent": {
        "total": 1.621763099996997
    },
    "Env": {
        "apply_act": 2.3276457000038135,
        "observation_computation": 0.7582256999969559,
        "powerflow_computation": 0.684693500000094,
        "total": 3.7705649000008634
    },
    "total": 6.1289520999998786
}