{
    "Agent": {
        "total": 0.5086967003589962
    },
    "Env": {
        "apply_act": 1.2718204995326232,
        "observation_computation": 0.23567049979465082,
        "powerflow_computation": 0.19975199981126934,
        "total": 1.7072429991385434
    },
    "total": 2.4534484000178054
}