{
    "Agent": {
        "total": 0.0548578993184492
    },
    "Env": {
        "apply_act": 0.14082470070570707,
        "observation_computation": 0.02429860015399754,
        "powerflow_computation": 0.020819999859668314,
        "total": 0.18594330071937293
    },
    "total": 0.2652237999718636
}