{
    "Agent": {
        "total": 0.5243119999990995
    },
    "Env": {
        "apply_act": 0.5543990000007852,
        "observation_computation": 0.34831119999466864,
        "powerflow_computation": 0.2834244999967268,
        "total": 1.1861346999921807
    },
    "total": 2.0210206000001563
}