{
    "Agent": {
        "total": 0.17126610000150322
    },
    "Env": {
        "apply_act": 1.0634696000001895,
        "observation_computation": 0.17365810000273996,
        "powerflow_computation": 0.1581527999978789,
        "total": 1.3952805000008084
    },
    "total": 1.716012000000319
}