{
    "Agent": {
        "total": 2.241925300002549
    },
    "Env": {
        "apply_act": 2.4091579999935675,
        "observation_computation": 1.4834507999926245,
        "powerflow_computation": 1.2545619000072747,
        "total": 5.147170699993467
    },
    "total": 8.68344449999995
}