{
    "Agent": {
        "total": 0.08245260003604926
    },
    "Env": {
        "apply_act": 0.33299999980954453,
        "observation_computation": 0.04832049974356778,
        "powerflow_computation": 0.04497839996474795,
        "total": 0.42629889951786026
    },
    "total": 0.5526184000191279
}