{
    "Agent": {
        "total": 0.11622380000022758
    },
    "Env": {
        "apply_act": 0.28748259999986203,
        "observation_computation": 0.051074299999868344,
        "powerflow_computation": 0.04322010000004184,
        "total": 0.3817769999997722
    },
    "total": 0.54885859999996
}