{
    "Agent": {
        "total": 0.05701719999990473
    },
    "Env": {
        "apply_act": 0.12903740000007247,
        "observation_computation": 0.02300559999980578,
        "powerflow_computation": 0.019514199999946413,
        "total": 0.17155719999982466
    },
    "total": 0.2531046999999944
}