{
    "Agent": {
        "total": 0.007501600000182407
    },
    "Env": {
        "apply_act": 0.006597800000008647,
        "observation_computation": 0.003873300000236668,
        "powerflow_computation": 0.003815000000031432,
        "total": 0.014286100000276747
    },
    "total": 0.025624699999980294
}