{
    "Agent": {
        "total": 0.01723790000014702
    },
    "Env": {
        "apply_act": 0.1967145999999076,
        "observation_computation": 0.15340759999991604,
        "powerflow_computation": 0.11748039999989146,
        "total": 0.4676025999997151
    },
    "total": 0.6122882999999959
}