{
    "Agent": {
        "total": 0.1227395999012515
    },
    "Env": {
        "apply_act": 0.3832143006147817,
        "observation_computation": 0.08388549939263612,
        "powerflow_computation": 0.07411730079911649,
        "total": 0.5412171008065343
    },
    "total": 0.7381571000441909
}