{
    "Agent": {
        "total": 0.16058570030145347
    },
    "Env": {
        "apply_act": 0.7028133977437392,
        "observation_computation": 0.11722580122295767,
        "powerflow_computation": 0.10334360005799681,
        "total": 0.9233827990246937
    },
    "total": 1.1964853999670595
}