{
    "Agent": {
        "total": 0.029644301044754684
    },
    "Env": {
        "apply_act": 0.061864000163041055,
        "observation_computation": 0.014418200007639825,
        "powerflow_computation": 0.011933200410567224,
        "total": 0.0882154005812481
    },
    "total": 0.13220340001862496
}