{
    "Agent": {
        "total": 0.24985820000188141
    },
    "Env": {
        "apply_act": 0.4910647999984121,
        "observation_computation": 0.117535799999132,
        "powerflow_computation": 0.09677790000296227,
        "total": 0.7053785000005064
    },
    "total": 1.0655980999999883
}