{
    "Agent": {
        "total": 0.012185599887743592
    },
    "Env": {
        "apply_act": 0.030960799660533667,
        "observation_computation": 0.008954899851232767,
        "powerflow_computation": 0.0071461996994912624,
        "total": 0.047061899211257696
    },
    "total": 0.06849980005063117
}