{
    "Agent": {
        "total": 0.011961800000250378
    },
    "Env": {
        "apply_act": 0.13698200000010274,
        "observation_computation": 0.09867789999998422,
        "powerflow_computation": 0.08179219999968268,
        "total": 0.31745209999976964
    },
    "total": 0.42355069999999273
}