{
    "Agent": {
        "total": 0.10620029999915914
    },
    "Env": {
        "apply_act": 0.24177839999970274,
        "observation_computation": 0.04626659999973981,
        "powerflow_computation": 0.04051069999854917,
        "total": 0.3285556999979917
    },
    "total": 0.4806231000000025
}