{
    "Agent": {
        "total": 0.01341809999986765
    },
    "Env": {
        "apply_act": 0.1549696999999668,
        "observation_computation": 0.10490010000007999,
        "powerflow_computation": 0.08568399999983001,
        "total": 0.3455537999998768
    },
    "total": 0.45595420000000786
}