{
    "Agent": {
        "total": 0.5131278000189923
    },
    "Env": {
        "apply_act": 2.100299600046128,
        "observation_computation": 0.32389090038486756,
        "powerflow_computation": 0.2894801000657026,
        "total": 2.713670600496698
    },
    "total": 3.5297618999902625
}