{
    "Agent": {
        "total": 0.1028801000029489
    },
    "Env": {
        "apply_act": 0.0951267000016287,
        "observation_computation": 0.04788539999913155,
        "powerflow_computation": 0.04637799999886738,
        "total": 0.18939009999962764
    },
    "total": 0.33981539999990673
}