{
    "Agent": {
        "total": 0.1951592000018536
    },
    "Env": {
        "apply_act": 0.4254424000009749,
        "observation_computation": 0.08100969999486551,
        "powerflow_computation": 0.06529119999959221,
        "total": 0.5717432999954326
    },
    "total": 0.8432729000001018
}