{
    "Agent": {
        "total": 0.7522570011205971
    },
    "Env": {
        "apply_act": 1.9955137001816183,
        "observation_computation": 0.4688453007256612,
        "powerflow_computation": 0.40787420282140374,
        "total": 2.8722332037286833
    },
    "total": 4.044055699952878
}