{
    "Agent": {
        "total": 0.0019319000000450615
    },
    "Env": {
        "apply_act": 0.0020703999999795997,
        "observation_computation": 0.00046929999996336846,
        "powerflow_computation": 0.0004081000000724089,
        "total": 0.002947800000015377
    },
    "total": 0.0074425000000246655
}