{
    "Agent": {
        "total": 0.12207419995684177
    },
    "Env": {
        "apply_act": 0.34739660008926876,
        "observation_computation": 0.058750199888891075,
        "powerflow_computation": 0.052672800004074816,
        "total": 0.45881959998223465
    },
    "total": 0.6373548000046867
}