{
    "Agent": {
        "total": 0.21019940000451243
    },
    "Env": {
        "apply_act": 1.1018638999976247,
        "observation_computation": 0.2079637000015282,
        "powerflow_computation": 0.19003500000189888,
        "total": 1.4998626000010518
    },
    "total": 1.8949898000000758
}