{
    "Agent": {
        "total": 0.03915980000009256
    },
    "Env": {
        "apply_act": 0.4353650000000613,
        "observation_computation": 0.3002008999995667,
        "powerflow_computation": 0.24426910000028101,
        "total": 0.979834999999909
    },
    "total": 1.2914332999999942
}