{
    "Agent": {
        "total": 0.009204099999806203
    },
    "Env": {
        "apply_act": 0.1014578000003894,
        "observation_computation": 0.06982690000057801,
        "powerflow_computation": 0.05674800000014102,
        "total": 0.22803270000110842
    },
    "total": 0.30065430000001925
}