{
    "Agent": {
        "total": 0.4529177999992271
    },
    "Env": {
        "apply_act": 0.39038880000015297,
        "observation_computation": 0.2289327999999955,
        "powerflow_computation": 0.2029142999987812,
        "total": 0.8222358999989297
    },
    "total": 1.4950439999999503
}