{
    "Agent": {
        "total": 0.15470680128782988
    },
    "Env": {
        "apply_act": 0.30289450171403587,
        "observation_computation": 0.07783190347254276,
        "powerflow_computation": 0.06761629949323833,
        "total": 0.44834270467981696
    },
    "total": 0.6767541000153869
}