{
    "Agent": {
        "total": 0.09470749762840569
    },
    "Env": {
        "apply_act": 0.267549300333485,
        "observation_computation": 0.060385202057659626,
        "powerflow_computation": 0.05550399818457663,
        "total": 0.38343850057572126
    },
    "total": 0.5327866999432445
}