{
    "Agent": {
        "total": 0.022861200000534154
    },
    "Env": {
        "apply_act": 0.12740090000124837,
        "observation_computation": 0.023999100002129126,
        "powerflow_computation": 0.02752180000061344,
        "total": 0.17892180000399094
    },
    "total": 0.22474460000012186
}