{
    "Agent": {
        "total": 0.1301604000327643
    },
    "Env": {
        "apply_act": 0.33955359998799395,
        "observation_computation": 0.05756669999391306,
        "powerflow_computation": 0.050559000061184634,
        "total": 0.44767930004309164
    },
    "total": 0.6331286999993608
}