{
    "Agent": {
        "total": 0.1893523999997342
    },
    "Env": {
        "apply_act": 0.6224316000027557,
        "observation_computation": 0.13606360000039786,
        "powerflow_computation": 0.12198689999786438,
        "total": 0.8804821000010179
    },
    "total": 1.2009608000000753
}