{
    "Agent": {
        "total": 0.011566700000074093
    },
    "Env": {
        "apply_act": 0.1352194999999199,
        "observation_computation": 0.09603770000001077,
        "powerflow_computation": 0.08651979999989123,
        "total": 0.3177769999998219
    },
    "total": 0.420948199999998
}