{
    "Agent": {
        "total": 0.30759679999982836
    },
    "Env": {
        "apply_act": 0.47000999999886517,
        "observation_computation": 0.1404312000011032,
        "powerflow_computation": 0.12257249999902342,
        "total": 0.7330136999989918
    },
    "total": 1.175608400000101
}