{
    "Agent": {
        "total": 0.6678651999990279
    },
    "Env": {
        "apply_act": 1.1076256999981524,
        "observation_computation": 0.3015618000001723,
        "powerflow_computation": 0.2612523999982841,
        "total": 1.6704398999966088
    },
    "total": 2.633890500000007
}