{
    "Agent": {
        "total": 0.059012100000984447
    },
    "Env": {
        "apply_act": 0.6389574000001517,
        "observation_computation": 0.5809923000002186,
        "powerflow_computation": 0.3904145000002188,
        "total": 1.610364200000589
    },
    "total": 2.106795599999998
}