{
    "Agent": {
        "total": 0.008950199699029326
    },
    "Env": {
        "apply_act": 0.016967600444331765,
        "observation_computation": 0.003885000478476286,
        "powerflow_computation": 0.0038812998682260513,
        "total": 0.024733900791034102
    },
    "total": 0.0375600999686867
}