{
    "Agent": {
        "total": 0.01157419999992726
    },
    "Env": {
        "apply_act": 0.12841050000011478,
        "observation_computation": 0.0856383000001415,
        "powerflow_computation": 0.0732122000001425,
        "total": 0.2872610000003988
    },
    "total": 0.3793075000000101
}