{
    "Agent": {
        "total": 1.0845152999986567
    },
    "Env": {
        "apply_act": 1.4545709000026363,
        "observation_computation": 0.5801749999991443,
        "powerflow_computation": 0.4932549999980438,
        "total": 2.5280008999998245
    },
    "total": 4.117593800000122
}