{
    "Agent": {
        "total": 0.053807700000106706
    },
    "Env": {
        "apply_act": 0.12267760000025874,
        "observation_computation": 0.022500200000195036,
        "powerflow_computation": 0.019669299999861778,
        "total": 0.16484710000031555
    },
    "total": 0.2416016999999897
}