{
    "Agent": {
        "total": 0.06863620000262927
    },
    "Env": {
        "apply_act": 0.2243831999996928,
        "observation_computation": 0.04759730000091622,
        "powerflow_computation": 0.04215500000009342,
        "total": 0.31413550000070245
    },
    "total": 0.43094350000001214
}