{
    "Agent": {
        "total": 0.042482899967581034
    },
    "Env": {
        "apply_act": 0.09183960012160242,
        "observation_computation": 0.01671900018118322,
        "powerflow_computation": 0.016071999561972916,
        "total": 0.12463059986475855
    },
    "total": 0.1838467000052333
}