{
    "Agent": {
        "total": 0.008369999999871425
    },
    "Env": {
        "apply_act": 0.08899989999980562,
        "observation_computation": 0.061590999999793894,
        "powerflow_computation": 0.05375649999999155,
        "total": 0.20434739999959106
    },
    "total": 0.2683167999999796
}