{
    "Agent": {
        "total": 0.03977220002707327
    },
    "Env": {
        "apply_act": 0.09839529999590013,
        "observation_computation": 0.01907990000472637,
        "powerflow_computation": 0.015957300034642685,
        "total": 0.13343250003526919
    },
    "total": 0.19243060000007972
}