{
    "Agent": {
        "total": 0.09322120000001632
    },
    "Env": {
        "apply_act": 0.16473259999986567,
        "observation_computation": 0.06427260000089063,
        "powerflow_computation": 0.05624259999979131,
        "total": 0.2852478000005476
    },
    "total": 0.43531350000000657
}