{
    "Agent": {
        "total": 0.022708200000124634
    },
    "Env": {
        "apply_act": 0.08438630000000558,
        "observation_computation": 0.012033000000883476,
        "powerflow_computation": 0.011367200001586752,
        "total": 0.1077865000024758
    },
    "total": 0.14207970000006753
}