{
    "Agent": {
        "total": 0.15468419999945127
    },
    "Env": {
        "apply_act": 0.39854520000039884,
        "observation_computation": 0.07801200000051267,
        "powerflow_computation": 0.06639420000158225,
        "total": 0.5429514000024938
    },
    "total": 0.7731661999999915
}