{
    "Agent": {
        "total": 0.5930218000030436
    },
    "Env": {
        "apply_act": 0.6260403000048882,
        "observation_computation": 0.2769773999989411,
        "powerflow_computation": 0.25461059999997815,
        "total": 1.1576283000038075
    },
    "total": 2.020949299999984
}