{
    "Agent": {
        "total": 0.007755300000440002
    },
    "Env": {
        "apply_act": 0.08576969999933226,
        "observation_computation": 0.062335399999199126,
        "powerflow_computation": 0.05217299999998204,
        "total": 0.20027809999851343
    },
    "total": 0.2661484999999857
}