{
    "Agent": {
        "total": 0.23088320000283602
    },
    "Env": {
        "apply_act": 0.19258250000143562,
        "observation_computation": 0.1136151999996855,
        "powerflow_computation": 0.09549210000227504,
        "total": 0.40168980000339616
    },
    "total": 0.7414582000001246
}