{
    "Agent": {
        "total": 0.04834149999987858
    },
    "Env": {
        "apply_act": 0.11452000000014095,
        "observation_computation": 0.021177299999862953,
        "powerflow_computation": 0.01704589999980044,
        "total": 0.15274319999980435
    },
    "total": 0.22220549999997274
}