{
    "Agent": {
        "total": 0.13094639999894753
    },
    "Env": {
        "apply_act": 0.48031840000010106,
        "observation_computation": 0.09178380000082598,
        "powerflow_computation": 0.08428690000084771,
        "total": 0.6563891000017748
    },
    "total": 0.868709400000057
}