{
    "Agent": {
        "total": 0.1272709999957442
    },
    "Env": {
        "apply_act": 0.3565461000016512,
        "observation_computation": 0.06303720000050816,
        "powerflow_computation": 0.05638450000105877,
        "total": 0.47596780000321814
    },
    "total": 0.6646295999998983
}