{
    "Agent": {
        "total": 0.3156857000000173
    },
    "Env": {
        "apply_act": 0.7019960000003493,
        "observation_computation": 0.15191829999969286,
        "powerflow_computation": 0.13352840000072774,
        "total": 0.98744270000077
    },
    "total": 1.4507131999999956
}