{
    "Agent": {
        "total": 0.48685709999836035
    },
    "Env": {
        "apply_act": 1.5026725999937298,
        "observation_computation": 0.32002380000176345,
        "powerflow_computation": 0.2711298999938663,
        "total": 2.0938262999893595
    },
    "total": 2.862458300000071
}