{
    "Agent": {
        "total": 0.8514660999949228
    },
    "Env": {
        "apply_act": 1.2417507999894042,
        "observation_computation": 0.5511123999990559,
        "powerflow_computation": 0.47433819999878324,
        "total": 2.2672013999872433
    },
    "total": 3.6002826999997524
}