{
    "Agent": {
        "total": 0.006068099522963166
    },
    "Env": {
        "apply_act": 0.012142699910327792,
        "observation_computation": 0.0029688989743590355,
        "powerflow_computation": 0.0030737007036805153,
        "total": 0.018185299588367343
    },
    "total": 0.02724219998344779
}