{
    "Agent": {
        "total": 0.00822769999922457
    },
    "Env": {
        "apply_act": 0.023646000000780987,
        "observation_computation": 0.005536499998925137,
        "powerflow_computation": 0.0051770999991731514,
        "total": 0.034359599998879276
    },
    "total": 0.048000799999954324
}