{
    "Agent": {
        "total": 0.3031243999992057
    },
    "Env": {
        "apply_act": 0.33884810000063226,
        "observation_computation": 0.15129129999786528,
        "powerflow_computation": 0.1292188999998416,
        "total": 0.6193582999983391
    },
    "total": 1.0637724999999136
}