{
    "Agent": {
        "total": 0.018302200000107405
    },
    "Env": {
        "apply_act": 0.05351280000081715,
        "observation_computation": 0.012832600001047467,
        "powerflow_computation": 0.011671300000443807,
        "total": 0.07801670000230843
    },
    "total": 0.10866510000005292
}