{
    "Agent": {
        "total": 0.2634741000000531
    },
    "Env": {
        "apply_act": 0.7973824999992303,
        "observation_computation": 0.12385799999890423,
        "powerflow_computation": 0.10742330000209677,
        "total": 1.0286638000002313
    },
    "total": 1.4122305000000779
}