{
    "Agent": {
        "total": 0.003590400000007321
    },
    "Env": {
        "apply_act": 0.007226799999898503,
        "observation_computation": 0.0013241999999991094,
        "powerflow_computation": 0.0012385999999651176,
        "total": 0.00978959999986273
    },
    "total": 0.016741700000011406
}