{
    "Agent": {
        "total": 0.023147299999749293
    },
    "Env": {
        "apply_act": 0.25380759999995917,
        "observation_computation": 0.17908429999980058,
        "powerflow_computation": 0.15655250000042997,
        "total": 0.5894444000001897
    },
    "total": 0.7821039000000098
}