{
    "Agent": {
        "total": 0.07804830000009133
    },
    "Env": {
        "apply_act": 0.1418249000009837,
        "observation_computation": 0.03594389999966552,
        "powerflow_computation": 0.03023160000157077,
        "total": 0.20800040000221998
    },
    "total": 0.32296289999999317
}