{
    "Agent": {
        "total": 4.076810000007754
    },
    "Env": {
        "apply_act": 4.7281261000100585,
        "observation_computation": 2.8955155000069226,
        "powerflow_computation": 2.4610103000027266,
        "total": 10.084651900019708
    },
    "total": 16.689706800000067
}