{
    "Agent": {
        "total": 0.051296900000238566
    },
    "Env": {
        "apply_act": 0.11100879999980862,
        "observation_computation": 0.02547750000007909,
        "powerflow_computation": 0.023316400000339854,
        "total": 0.15980270000022756
    },
    "total": 0.23526370000001862
}