{
    "Agent": {
        "total": 0.06467119999797433
    },
    "Env": {
        "apply_act": 0.22292939999852024,
        "observation_computation": 0.037705400000959344,
        "powerflow_computation": 0.03138919999855716,
        "total": 0.29202399999803674
    },
    "total": 0.39387699999997494
}