{
    "Agent": {
        "total": 0.026310900109820068
    },
    "Env": {
        "apply_act": 0.0594555992865935,
        "observation_computation": 0.011163100367411971,
        "powerflow_computation": 0.010002100490964949,
        "total": 0.08062080014497042
    },
    "total": 0.11766320001333952
}