{
    "Agent": {
        "total": 0.10084020000226701
    },
    "Env": {
        "apply_act": 0.3318975999970917,
        "observation_computation": 0.07202839999627031,
        "powerflow_computation": 0.062443999999459265,
        "total": 0.46636999999282125
    },
    "total": 0.6367188000001534
}