{
    "Agent": {
        "total": 0.09581679990515113
    },
    "Env": {
        "apply_act": 0.22044040041510016,
        "observation_computation": 0.04051990027073771,
        "powerflow_computation": 0.033702999469824135,
        "total": 0.294663300155662
    },
    "total": 0.4300251000095159
}