{
    "Agent": {
        "total": 0.4379432000041561
    },
    "Env": {
        "apply_act": 1.4320808999900692,
        "observation_computation": 0.20184030000200437,
        "powerflow_computation": 0.20664449999912904,
        "total": 1.8405656999912026
    },
    "total": 2.4644163000002663
}