{
    "Agent": {
        "total": 0.04848729993682355
    },
    "Env": {
        "apply_act": 0.10117379960138351,
        "observation_computation": 0.019866500631906092,
        "powerflow_computation": 0.017248600255697966,
        "total": 0.13828890048898757
    },
    "total": 0.20718120003584772
}