{
    "Agent": {
        "total": 0.06450340000446886
    },
    "Env": {
        "apply_act": 0.25971129920799285,
        "observation_computation": 0.04475240013562143,
        "powerflow_computation": 0.03793919994495809,
        "total": 0.34240289928857237
    },
    "total": 0.44958349992521107
}