{
    "Agent": {
        "total": 0.02054510056041181
    },
    "Env": {
        "apply_act": 0.055638100137002766,
        "observation_computation": 0.008986100321635604,
        "powerflow_computation": 0.008018699823878706,
        "total": 0.07264290028251708
    },
    "total": 0.1038326999405399
}