{
    "Agent": {
        "total": 0.42070639808662236
    },
    "Env": {
        "apply_act": 1.3126128017902374,
        "observation_computation": 0.20021820184774697,
        "powerflow_computation": 0.1862819967791438,
        "total": 1.6991130004171282
    },
    "total": 2.3134145999792963
}