{
    "Agent": {
        "total": 0.0011097999999947206
    },
    "Env": {
        "apply_act": 0.0,
        "observation_computation": 0.0,
        "powerflow_computation": 0.0,
        "total": 0.0
    },
    "total": 0.002358299999968949
}