{
    "Agent": {
        "total": 0.008806599071249366
    },
    "Env": {
        "apply_act": 0.016578800044953823,
        "observation_computation": 0.004045499488711357,
        "powerflow_computation": 0.004178800620138645,
        "total": 0.024803100153803825
    },
    "total": 0.03784529981203377
}