{
    "Agent": {
        "total": 0.001079699999991135
    },
    "Env": {
        "apply_act": 0.0,
        "observation_computation": 0.0,
        "powerflow_computation": 0.0,
        "total": 0.0
    },
    "total": 0.0033117000000402186
}