{
    "Agent": {
        "total": 0.0054056999999687605
    },
    "Env": {
        "apply_act": 0.060657199999941014,
        "observation_computation": 0.04417190000000559,
        "powerflow_computation": 0.03878219999996091,
        "total": 0.14361129999990752
    },
    "total": 0.18984880000000004
}