{
    "Agent": {
        "total": 3.402817000002642
    },
    "Env": {
        "apply_act": 3.715995500007921,
        "observation_computation": 2.104002899986199,
        "powerflow_computation": 1.7895675000036135,
        "total": 7.609565899997733
    },
    "total": 12.884974199999988
}