{
    "Agent": {
        "total": 0.014555000000086693
    },
    "Env": {
        "apply_act": 0.16798279999989063,
        "observation_computation": 0.11084159999967369,
        "powerflow_computation": 0.10200339999988728,
        "total": 0.3808277999994516
    },
    "total": 0.49660860000000184
}