{
    "Agent": {
        "total": 0.022481700000071214
    },
    "Env": {
        "apply_act": 0.04287239999962367,
        "observation_computation": 0.011309299999084033,
        "powerflow_computation": 0.009189099999730388,
        "total": 0.06337079999843809
    },
    "total": 0.0968152000000373
}