{
    "Agent": {
        "total": 0.27860929999405926
    },
    "Env": {
        "apply_act": 0.1604256999980862,
        "observation_computation": 0.10093149999647721,
        "powerflow_computation": 0.2664748000115651,
        "total": 0.5278320000061285
    },
    "total": 0.9071286999997028
}