{
    "Agent": {
        "total": 0.07485099999939848
    },
    "Env": {
        "apply_act": 0.14017589999980373,
        "observation_computation": 0.035087399999383706,
        "powerflow_computation": 0.03090050000002975,
        "total": 0.2061637999992172
    },
    "total": 0.31463459999997667
}