{
    "Agent": {
        "total": 0.017676099999983208
    },
    "Env": {
        "apply_act": 0.1994493000000208,
        "observation_computation": 0.14440180000002556,
        "powerflow_computation": 0.1223433999999699,
        "total": 0.4661945000000163
    },
    "total": 0.6164152000000005
}