{
    "Agent": {
        "total": 0.32597169999871767
    },
    "Env": {
        "apply_act": 0.5880024000020967,
        "observation_computation": 0.11614420000069003,
        "powerflow_computation": 0.08135549999906289,
        "total": 0.7855021000018496
    },
    "total": 1.2124058999997942
}