{
    "Agent": {
        "total": 0.0002855999999269443
    },
    "Env": {
        "apply_act": 0.00338000000010652,
        "observation_computation": 0.002345199999979286,
        "powerflow_computation": 0.0023328000000333304,
        "total": 0.008058000000119137
    },
    "total": 0.011461800000006406
}