{
    "Agent": {
        "total": 0.018354300000069657
    },
    "Env": {
        "apply_act": 0.20550399999979874,
        "observation_computation": 0.28135409999993755,
        "powerflow_computation": 0.126188299999896,
        "total": 0.6130463999996323
    },
    "total": 0.767146700000005
}