{
    "Agent": {
        "total": 0.6411069000009775
    },
    "Env": {
        "apply_act": 0.7935345000009875,
        "observation_computation": 0.32752429999413835,
        "powerflow_computation": 0.2935536000027241,
        "total": 1.41461239999785
    },
    "total": 2.3675559999999223
}