{
    "Agent": {
        "total": 0.02006930000010243
    },
    "Env": {
        "apply_act": 0.040206000000011954,
        "observation_computation": 0.008604000000048018,
        "powerflow_computation": 0.007590900000195688,
        "total": 0.05640090000025566
    },
    "total": 0.08525370000000976
}