{
    "Agent": {
        "total": 0.011312399999951595
    },
    "Env": {
        "apply_act": 0.0366812999997137,
        "observation_computation": 0.005908800000156589,
        "powerflow_computation": 0.005250700000146935,
        "total": 0.047840800000017225
    },
    "total": 0.0666243000000577
}