{
    "Agent": {
        "total": 0.04503489704802632
    },
    "Env": {
        "apply_act": 0.11143739987164736,
        "observation_computation": 0.018992599798366427,
        "powerflow_computation": 0.017825799295678735,
        "total": 0.14825579896569252
    },
    "total": 0.2123348000459373
}