{
    "Agent": {
        "total": 0.01722589999928914
    },
    "Env": {
        "apply_act": 0.1982678999994505,
        "observation_computation": 0.14067980000152147,
        "powerflow_computation": 0.12427780000075472,
        "total": 0.4632255000017267
    },
    "total": 0.6141150999999923
}