{
    "Agent": {
        "total": 0.06717129843309522
    },
    "Env": {
        "apply_act": 0.1776297006290406,
        "observation_computation": 0.04100040020421147,
        "powerflow_computation": 0.03572120051831007,
        "total": 0.25435130135156214
    },
    "total": 0.3589719000738114
}