{
    "Agent": {
        "total": 0.026162699912674725
    },
    "Env": {
        "apply_act": 0.11666610033717006,
        "observation_computation": 0.020418299827724695,
        "powerflow_computation": 0.02146369987167418,
        "total": 0.15854810003656894
    },
    "total": 0.20445590000599623
}