{
    "Agent": {
        "total": 0.027987901121377945
    },
    "Env": {
        "apply_act": 0.05993099929764867,
        "observation_computation": 0.01218360010534525,
        "powerflow_computation": 0.011662899982184172,
        "total": 0.08377749938517809
    },
    "total": 0.12626539985649288
}