{
    "Agent": {
        "total": 0.0011083000572398305
    },
    "Env": {
        "apply_act": 0.0,
        "observation_computation": 0.0,
        "powerflow_computation": 0.0,
        "total": 0.0
    },
    "total": 0.0022186998976394534
}