{
    "Agent": {
        "total": 0.06421110000053432
    },
    "Env": {
        "apply_act": 0.15562670000065282,
        "observation_computation": 0.02860450000025594,
        "powerflow_computation": 0.02309050000019397,
        "total": 0.20732170000110273
    },
    "total": 0.29910469999992984
}