{
    "Agent": {
        "total": 0.24567630000171903
    },
    "Env": {
        "apply_act": 0.2872509000005721,
        "observation_computation": 0.12578710000036608,
        "powerflow_computation": 0.106948500001522,
        "total": 0.5199865000024602
    },
    "total": 0.8861560000000281
}