{
    "Agent": {
        "total": 0.022048600000459828
    },
    "Env": {
        "apply_act": 0.24604440000013028,
        "observation_computation": 0.17414760000016827,
        "powerflow_computation": 0.14964730000025384,
        "total": 0.5698393000005524
    },
    "total": 0.7526461999999867
}