{
    "Agent": {
        "total": 0.10355369921308011
    },
    "Env": {
        "apply_act": 0.3929004992824048,
        "observation_computation": 0.07925540080759674,
        "powerflow_computation": 0.06678979808930308,
        "total": 0.5389456981793046
    },
    "total": 0.7175113999983296
}