{
    "Agent": {
        "total": 0.014029899999059126
    },
    "Env": {
        "apply_act": 0.06092319999970641,
        "observation_computation": 0.01349750000053973,
        "powerflow_computation": 0.011609799998041126,
        "total": 0.08603049999828727
    },
    "total": 0.11393779999980325
}