{
    "Agent": {
        "total": 0.21356579987332225
    },
    "Env": {
        "apply_act": 0.5407490000361577,
        "observation_computation": 0.0980600997863803,
        "powerflow_computation": 0.09573219987214543,
        "total": 0.7345412996946834
    },
    "total": 1.0424150000035297
}