{
    "Agent": {
        "total": 0.07941160106565803
    },
    "Env": {
        "apply_act": 0.17578820046037436,
        "observation_computation": 0.03872119961306453,
        "powerflow_computation": 0.035126299131661654,
        "total": 0.24963569920510054
    },
    "total": 0.36673730006441474
}