{
    "Agent": {
        "total": 0.11062609999726192
    },
    "Env": {
        "apply_act": 0.34257609999895067,
        "observation_computation": 0.05656179999687083,
        "powerflow_computation": 0.04739310000059049,
        "total": 0.446530999996412
    },
    "total": 0.6119419000001471
}