{
    "Agent": {
        "total": 0.1902421000013419
    },
    "Env": {
        "apply_act": 0.35382340000046497,
        "observation_computation": 0.08679239999923993,
        "powerflow_computation": 0.07830280000302992,
        "total": 0.5189186000027348
    },
    "total": 0.7985902000000351
}