{
    "Agent": {
        "total": 0.0804803988430649
    },
    "Env": {
        "apply_act": 0.3208335996605456,
        "observation_computation": 0.060908997198566794,
        "powerflow_computation": 0.05552409728989005,
        "total": 0.43726669414900243
    },
    "total": 0.5746079999953508
}