{
    "Agent": {
        "total": 0.10091760032810271
    },
    "Env": {
        "apply_act": 0.5046433995012194,
        "observation_computation": 0.07412289909552783,
        "powerflow_computation": 0.07733730017207563,
        "total": 0.6561035987688228
    },
    "total": 0.8279002000344917
}