{
    "Agent": {
        "total": 0.1341787001292687
    },
    "Env": {
        "apply_act": 0.2957082998473197,
        "observation_computation": 0.04896349963382818,
        "powerflow_computation": 0.04335969980456866,
        "total": 0.38803149928571656
    },
    "total": 0.5706304999766871
}