{
    "Agent": {
        "total": 0.12210799999820665
    },
    "Env": {
        "apply_act": 0.4235773000032168,
        "observation_computation": 0.08654459999866049,
        "powerflow_computation": 0.08065040000064982,
        "total": 0.5907723000025271
    },
    "total": 0.7974179000000277
}