{
    "Agent": {
        "total": 0.31550879997666925
    },
    "Env": {
        "apply_act": 0.06756359999417327,
        "observation_computation": 0.02718590004951693,
        "powerflow_computation": 0.026832799892872572,
        "total": 0.12158229993656278
    },
    "total": 0.4679800999874715
}