{
    "Agent": {
        "total": 0.228810899998507
    },
    "Env": {
        "apply_act": 0.3082947999969292,
        "observation_computation": 0.11479630000326324,
        "powerflow_computation": 0.10127369999781877,
        "total": 0.5243647999980112
    },
    "total": 0.8618754999999965
}