{
    "Agent": {
        "total": 0.015099900000222988
    },
    "Env": {
        "apply_act": 0.0640984000001481,
        "observation_computation": 0.014511299999867333,
        "powerflow_computation": 0.012094299997897906,
        "total": 0.09070399999791334
    },
    "total": 0.12072489999991376
}