{
    "Agent": {
        "total": 0.11101219999954992
    },
    "Env": {
        "apply_act": 0.0769044000011263,
        "observation_computation": 0.0453346999996711,
        "powerflow_computation": 0.041097999998669366,
        "total": 0.16333709999946677
    },
    "total": 0.3169426999999132
}