{
    "Agent": {
        "total": 0.04129460000058316
    },
    "Env": {
        "apply_act": 0.11902979999968011,
        "observation_computation": 0.02965560000120604,
        "powerflow_computation": 0.0271457000008013,
        "total": 0.17583110000168745
    },
    "total": 0.2451492000000144
}