{
    "Agent": {
        "total": 0.11520189999862396
    },
    "Env": {
        "apply_act": 0.24559819999899446,
        "observation_computation": 0.05261509999991176,
        "powerflow_computation": 0.04864969999971436,
        "total": 0.3468629999986206
    },
    "total": 0.5202825000000075
}