{
    "Agent": {
        "total": 0.2858389999971678
    },
    "Env": {
        "apply_act": 0.2616119999986495,
        "observation_computation": 0.13464069999918138,
        "powerflow_computation": 0.11769170000320628,
        "total": 0.5139444000010371
    },
    "total": 0.9329413999998906
}