{
    "Agent": {
        "total": 0.43139519964461215
    },
    "Env": {
        "apply_act": 1.1368471995810978,
        "observation_computation": 0.19157570000970736,
        "powerflow_computation": 0.1702530997863505,
        "total": 1.4986759993771557
    },
    "total": 2.117272100003902
}