{
    "Agent": {
        "total": 0.09696479991544038
    },
    "Env": {
        "apply_act": 0.20321090065408498,
        "observation_computation": 0.060627998784184456,
        "powerflow_computation": 0.05381440161727369,
        "total": 0.3176533010555431
    },
    "total": 0.4685649999883026
}