{
    "Agent": {
        "total": 0.02780719999992698
    },
    "Env": {
        "apply_act": 0.3367718999999738,
        "observation_computation": 0.21224279999964324,
        "powerflow_computation": 0.17688409999976784,
        "total": 0.7258987999993849
    },
    "total": 0.9484597999999949
}