{
    "Agent": {
        "total": 0.2640353999972831
    },
    "Env": {
        "apply_act": 0.510540299997956,
        "observation_computation": 0.12683570000490363,
        "powerflow_computation": 0.10656889999881969,
        "total": 0.7439449000016793
    },
    "total": 1.1264820000001237
}