{
    "Agent": {
        "total": 0.015504899999783106
    },
    "Env": {
        "apply_act": 0.17033209999998178,
        "observation_computation": 0.1218336999998968,
        "powerflow_computation": 0.10542170000013584,
        "total": 0.3975875000000144
    },
    "total": 0.521597199999988
}