{
    "Agent": {
        "total": 0.004336500000079013
    },
    "Env": {
        "apply_act": 0.04839429999987033,
        "observation_computation": 0.03285489999990432,
        "powerflow_computation": 0.02834160000003294,
        "total": 0.10959079999980759
    },
    "total": 0.14417939999998453
}