{
    "Agent": {
        "total": 0.0725337999998601
    },
    "Env": {
        "apply_act": 0.16104740000025686,
        "observation_computation": 0.029717700000787772,
        "powerflow_computation": 0.024150300000428615,
        "total": 0.21491540000147324
    },
    "total": 0.31867079999994985
}