{
    "Agent": {
        "total": 0.01577370001177769
    },
    "Env": {
        "apply_act": 0.04473460002918728,
        "observation_computation": 0.007438799992087297,
        "powerflow_computation": 0.007733300037216395,
        "total": 0.05990670005849097
    },
    "total": 0.08314740000059828
}