{
    "Agent": {
        "total": 0.28882149999913054
    },
    "Env": {
        "apply_act": 0.5161933000001682,
        "observation_computation": 0.14672440000003917,
        "powerflow_computation": 0.12982190000184346,
        "total": 0.7927396000020508
    },
    "total": 1.2212791000000607
}