{
    "Agent": {
        "total": 0.027750298148021102
    },
    "Env": {
        "apply_act": 0.06608280073851347,
        "observation_computation": 0.01766240131109953,
        "powerflow_computation": 0.014843100449070334,
        "total": 0.09858830249868333
    },
    "total": 0.1447374999988824
}