{
    "Agent": {
        "total": 0.2535123987472616
    },
    "Env": {
        "apply_act": 0.5130453002639115,
        "observation_computation": 0.09055599960265681,
        "powerflow_computation": 0.0808960001450032,
        "total": 0.6844973000115715
    },
    "total": 1.0285421999869868
}