{
    "Agent": {
        "total": 0.02197769991471432
    },
    "Env": {
        "apply_act": 0.05827809986658394,
        "observation_computation": 0.010308299824828282,
        "powerflow_computation": 0.008883500006049871,
        "total": 0.0774698996974621
    },
    "total": 0.11037700000451878
}