{
    "Agent": {
        "total": 0.05068090069107711
    },
    "Env": {
        "apply_act": 0.15008020179811865,
        "observation_computation": 0.03418269974645227,
        "powerflow_computation": 0.031397099141031504,
        "total": 0.21566000068560243
    },
    "total": 0.2994472000282258
}