{
    "Agent": {
        "total": 0.15653349996136967
    },
    "Env": {
        "apply_act": 0.4184824998519616,
        "observation_computation": 0.07807680002588313,
        "powerflow_computation": 0.0711306000375771,
        "total": 0.5676898999154218
    },
    "total": 0.8012644999980694
}