{
    "Agent": {
        "total": 0.021951099999114376
    },
    "Env": {
        "apply_act": 0.07301400000142166,
        "observation_computation": 0.011887199998000142,
        "powerflow_computation": 0.011161399998400157,
        "total": 0.09606259999782196
    },
    "total": 0.12943330000007336
}