{
    "Agent": {
        "total": 0.011406300000118108
    },
    "Env": {
        "apply_act": 0.12709459999996398,
        "observation_computation": 0.08451650000000654,
        "powerflow_computation": 0.07189430000005359,
        "total": 0.2835054000000241
    },
    "total": 0.37324820000000614
}