{
    "Agent": {
        "total": 0.32976189628243446
    },
    "Env": {
        "apply_act": 0.42004769924096763,
        "observation_computation": 0.17960959509946406,
        "powerflow_computation": 0.15885480400174856,
        "total": 0.7585120983421803
    },
    "total": 1.2577672998886555
}