{
    "Agent": {
        "total": 0.054430600000614504
    },
    "Env": {
        "apply_act": 0.30128500000409986,
        "observation_computation": 0.05295790000081979,
        "powerflow_computation": 0.04599489999736761,
        "total": 0.40023780000228726
    },
    "total": 0.5009370000002491
}