{
    "Agent": {
        "total": 0.09286339994287118
    },
    "Env": {
        "apply_act": 0.18439709942322224,
        "observation_computation": 0.03524950047722086,
        "powerflow_computation": 0.02962269977433607,
        "total": 0.24926929967477918
    },
    "total": 0.3791131000034511
}