{
    "Agent": {
        "total": 0.09917470029904507
    },
    "Env": {
        "apply_act": 0.3848602000507526,
        "observation_computation": 0.05762450004112907,
        "powerflow_computation": 0.049131000094348565,
        "total": 0.49161570018623024
    },
    "total": 0.6448557999974582
}