{
    "Agent": {
        "total": 0.04116350000072089
    },
    "Env": {
        "apply_act": 0.08208409999951982,
        "observation_computation": 0.018388300000765412,
        "powerflow_computation": 0.015529000000356064,
        "total": 0.1160014000006413
    },
    "total": 0.17369960000007723
}