{
    "Agent": {
        "total": 0.3319727999969473
    },
    "Env": {
        "apply_act": 0.7806394000008368,
        "observation_computation": 0.12721980000151234,
        "powerflow_computation": 0.1102415000077599,
        "total": 1.018100700010109
    },
    "total": 1.4711463000003278
}