{
    "Agent": {
        "total": 0.3710291999977926
    },
    "Env": {
        "apply_act": 2.1636195000050975,
        "observation_computation": 0.3630985000013425,
        "powerflow_computation": 0.307399199989959,
        "total": 2.834117199996399
    },
    "total": 3.523439199999757
}