{
    "Agent": {
        "total": 0.013399699999354198
    },
    "Env": {
        "apply_act": 0.04059400000005553,
        "observation_computation": 0.009801600000173494,
        "powerflow_computation": 0.008365800000319723,
        "total": 0.05876140000054875
    },
    "total": 0.08066229999985808
}