{
    "Agent": {
        "total": 0.0010929000563919544
    },
    "Env": {
        "apply_act": 0.0,
        "observation_computation": 0.0,
        "powerflow_computation": 0.0,
        "total": 0.0
    },
    "total": 0.003383199917152524
}