{
    "Agent": {
        "total": 0.02593419999982416
    },
    "Env": {
        "apply_act": 0.28308519999922055,
        "observation_computation": 0.19321330000059334,
        "powerflow_computation": 0.15918939999983195,
        "total": 0.6354878999996458
    },
    "total": 0.8399165999999809
}