{
    "Agent": {
        "total": 0.28250920009304537
    },
    "Env": {
        "apply_act": 0.8129944999018335,
        "observation_computation": 0.14196010001614923,
        "powerflow_computation": 0.12337250002019573,
        "total": 1.0783270999381784
    },
    "total": 1.4964128999999957
}