{
    "Agent": {
        "total": 0.4053589000016018
    },
    "Env": {
        "apply_act": 0.47839970000450194,
        "observation_computation": 0.2805736999976034,
        "powerflow_computation": 0.22855539999977736,
        "total": 0.9875288000018827
    },
    "total": 1.6412924999999632
}