{
    "Agent": {
        "total": 0.02447719999781839
    },
    "Env": {
        "apply_act": 0.09985759999744914,
        "observation_computation": 0.019740800002182368,
        "powerflow_computation": 0.01774829999794747,
        "total": 0.13734669999757898
    },
    "total": 0.1797495999999228
}