{
    "Agent": {
        "total": 0.006819799999732368
    },
    "Env": {
        "apply_act": 0.07909549999970977,
        "observation_computation": 0.05247449999967557,
        "powerflow_computation": 0.046773199999449844,
        "total": 0.1783431999988352
    },
    "total": 0.23256220000001804
}