{
    "Agent": {
        "total": 0.3488022999081295
    },
    "Env": {
        "apply_act": 1.4426919000106864,
        "observation_computation": 0.2143872000160627,
        "powerflow_computation": 0.1852433000167366,
        "total": 1.8423224000434857
    },
    "total": 2.3800613000057638
}