{
    "Agent": {
        "total": 0.015519400000442829
    },
    "Env": {
        "apply_act": 0.1726539999995964,
        "observation_computation": 0.12685720000041556,
        "powerflow_computation": 0.10367250000010131,
        "total": 0.4031837000001133
    },
    "total": 0.5377232000000163
}