{
    "Agent": {
        "total": 0.527654200035613
    },
    "Env": {
        "apply_act": 2.117852000024868,
        "observation_computation": 0.311264799995115,
        "powerflow_computation": 0.266537600196898,
        "total": 2.695654400216881
    },
    "total": 3.505310400010785
}