{
    "Agent": {
        "total": 0.03391460000034385
    },
    "Env": {
        "apply_act": 0.028692600000340462,
        "observation_computation": 0.01529120000009243,
        "powerflow_computation": 0.014292700000055447,
        "total": 0.05827650000048834
    },
    "total": 0.1073282999999492
}