{
    "Agent": {
        "total": 0.021904599998379126
    },
    "Env": {
        "apply_act": 0.004501399991568178,
        "observation_computation": 0.0013976000482216477,
        "powerflow_computation": 0.0019524999952409416,
        "total": 0.007851500035030767
    },
    "total": 0.03189300000667572
}