{
    "Agent": {
        "total": 0.7210201000034431
    },
    "Env": {
        "apply_act": 1.8390018999944004,
        "observation_computation": 0.43878210000048057,
        "powerflow_computation": 0.36544199999116245,
        "total": 2.6432259999860435
    },
    "total": 3.758429999999862
}