{
    "Agent": {
        "total": 0.025129999732598662
    },
    "Env": {
        "apply_act": 0.07495399843901396,
        "observation_computation": 0.017100100871175528,
        "powerflow_computation": 0.015136700356379151,
        "total": 0.10719079966656864
    },
    "total": 0.14991799998097122
}