{
    "Agent": {
        "total": 0.03216680185869336
    },
    "Env": {
        "apply_act": 0.09421639982610941,
        "observation_computation": 0.022742500994354486,
        "powerflow_computation": 0.020671899197623134,
        "total": 0.13763080001808703
    },
    "total": 0.19214450009167194
}