{
    "Agent": {
        "total": 0.08453970002301503
    },
    "Env": {
        "apply_act": 0.3196421999746235,
        "observation_computation": 0.07605139995575882,
        "powerflow_computation": 0.06946939995395951,
        "total": 0.46516299988434184
    },
    "total": 0.616989400004968
}