{
    "Agent": {
        "total": 0.07927670062053949
    },
    "Env": {
        "apply_act": 0.15572319948114455,
        "observation_computation": 0.05029169924091548,
        "powerflow_computation": 0.04331560095306486,
        "total": 0.24933049967512488
    },
    "total": 0.3735543000511825
}