{
    "Agent": {
        "total": 0.6035618993919343
    },
    "Env": {
        "apply_act": 1.0263386010192335,
        "observation_computation": 0.3953216024674475,
        "powerflow_computation": 0.33683729893527925,
        "total": 1.7584975024219602
    },
    "total": 2.714705899823457
}