{
    "Agent": {
        "total": 0.03196860081516206
    },
    "Env": {
        "apply_act": 0.10883569973520935,
        "observation_computation": 0.024025800288654864,
        "powerflow_computation": 0.020979299442842603,
        "total": 0.1538407994667068
    },
    "total": 0.2097444999963045
}