{
    "Agent": {
        "total": 0.0010779000000411543
    },
    "Env": {
        "apply_act": 0.0,
        "observation_computation": 0.0,
        "powerflow_computation": 0.0,
        "total": 0.0
    },
    "total": 0.0031308000000080938
}