{
    "Agent": {
        "total": 0.09347259999975677
    },
    "Env": {
        "apply_act": 0.1985201000002803,
        "observation_computation": 0.042021199999737746,
        "powerflow_computation": 0.03395990000012716,
        "total": 0.2745012000001452
    },
    "total": 0.40398800000002666
}