{
    "Agent": {
        "total": 0.06544159923214465
    },
    "Env": {
        "apply_act": 0.21764669881667942,
        "observation_computation": 0.04416109970770776,
        "powerflow_computation": 0.036862701759673655,
        "total": 0.29867050028406084
    },
    "total": 0.40615129994694144
}