{
    "Agent": {
        "total": 0.021798400000477614
    },
    "Env": {
        "apply_act": 0.2483138000005738,
        "observation_computation": 0.3114045999998325,
        "powerflow_computation": 0.15644229999986692,
        "total": 0.7161607000002732
    },
    "total": 0.9050042999999732
}