{
    "Agent": {
        "total": 0.02968499999769847
    },
    "Env": {
        "apply_act": 0.10653949999823453,
        "observation_computation": 0.015163899998697161,
        "powerflow_computation": 0.014732299996921938,
        "total": 0.13643569999385363
    },
    "total": 0.1805394000002707
}