{
    "Agent": {
        "total": 0.506985399289988
    },
    "Env": {
        "apply_act": 1.23215930047445,
        "observation_computation": 0.3379513998515904,
        "powerflow_computation": 0.2993305001873523,
        "total": 1.8694412005133927
    },
    "total": 2.6802660000976175
}