{
    "Agent": {
        "total": 0.14206950000061624
    },
    "Env": {
        "apply_act": 0.25064550000320196,
        "observation_computation": 0.06491990000154146,
        "powerflow_computation": 0.057887299999492825,
        "total": 0.37345270000423625
    },
    "total": 0.5795044000001326
}