{
    "Agent": {
        "total": 0.14349730015965179
    },
    "Env": {
        "apply_act": 0.3195797005901113,
        "observation_computation": 0.05642489995807409,
        "powerflow_computation": 0.05065669980831444,
        "total": 0.42666130035649985
    },
    "total": 0.6254376000142656
}