{
    "Agent": {
        "total": 0.18648079999911715
    },
    "Env": {
        "apply_act": 0.6430545999969581,
        "observation_computation": 0.08397740000236809,
        "powerflow_computation": 0.07731640000383777,
        "total": 0.804348400003164
    },
    "total": 1.0727326000001085
}