{
    "Agent": {
        "total": 0.01229520000060802
    },
    "Env": {
        "apply_act": 0.1344293999999877,
        "observation_computation": 0.09592870000028597,
        "powerflow_computation": 0.0787812000003214,
        "total": 0.3091393000005951
    },
    "total": 0.41248440000001096
}