{
    "Agent": {
        "total": 0.017311200000222016
    },
    "Env": {
        "apply_act": 0.06181800000013027,
        "observation_computation": 0.00925169999982245,
        "powerflow_computation": 0.008978100000149425,
        "total": 0.08004780000010214
    },
    "total": 0.10643369999979768
}