{
    "Agent": {
        "total": 0.18008269999654658
    },
    "Env": {
        "apply_act": 0.27834130000292134,
        "observation_computation": 0.11597149999306566,
        "powerflow_computation": 0.09714129999838406,
        "total": 0.49145409999437106
    },
    "total": 0.7746910999999272
}