{
    "Agent": {
        "total": 0.6649117000022216
    },
    "Env": {
        "apply_act": 0.7265461000013147,
        "observation_computation": 0.42821770000205106,
        "powerflow_computation": 0.37980239999933474,
        "total": 1.5345662000027005
    },
    "total": 2.5804043999999067
}