{
    "Agent": {
        "total": 0.050783300190232694
    },
    "Env": {
        "apply_act": 0.13655179971829057,
        "observation_computation": 0.032000500010326505,
        "powerflow_computation": 0.029560400173068047,
        "total": 0.19811269990168512
    },
    "total": 0.2777990000322461
}