{
    "Agent": {
        "total": 0.14530290046241134
    },
    "Env": {
        "apply_act": 0.41966569889336824,
        "observation_computation": 0.0715689993230626,
        "powerflow_computation": 0.06884130032267421,
        "total": 0.5600759985391051
    },
    "total": 0.7745013000676408
}