{
    "Agent": {
        "total": 0.02422339899931103
    },
    "Env": {
        "apply_act": 0.06023620022460818,
        "observation_computation": 0.010655299527570605,
        "powerflow_computation": 0.00995169987436384,
        "total": 0.08084319962654263
    },
    "total": 0.11572530004195869
}