{
    "Agent": {
        "total": 0.07603580015711486
    },
    "Env": {
        "apply_act": 0.2126454000826925,
        "observation_computation": 0.03553209992242046,
        "powerflow_computation": 0.035010599764063954,
        "total": 0.2831880997691769
    },
    "total": 0.3941919000062626
}