{
    "Agent": {
        "total": 0.15072249999923315
    },
    "Env": {
        "apply_act": 0.44495220000044355,
        "observation_computation": 0.07671709999999621,
        "powerflow_computation": 0.06804029999921113,
        "total": 0.5897095999996509
    },
    "total": 0.8138548999999102
}