{
    "Agent": {
        "total": 0.14220380020560697
    },
    "Env": {
        "apply_act": 0.4345016999577638,
        "observation_computation": 0.08663000003434718,
        "powerflow_computation": 0.07582690005074255,
        "total": 0.5969586000428535
    },
    "total": 0.8178648000175599
}