{
    "Agent": {
        "total": 0.03895829999919442
    },
    "Env": {
        "apply_act": 0.3576867999998967,
        "observation_computation": 0.01944789999936347,
        "powerflow_computation": 0.01773090000040156,
        "total": 0.39486559999966175
    },
    "total": 0.45087340000009135
}