{
    "Agent": {
        "total": 0.011033599999997534
    },
    "Env": {
        "apply_act": 0.12476719999997954,
        "observation_computation": 0.175749500000002,
        "powerflow_computation": 0.08163169999998843,
        "total": 0.38214839999996997
    },
    "total": 0.4782516000000001
}