{
    "Agent": {
        "total": 0.09374069981276989
    },
    "Env": {
        "apply_act": 0.27293079992523417,
        "observation_computation": 0.04510930003016256,
        "powerflow_computation": 0.05045159978908487,
        "total": 0.3684916997444816
    },
    "total": 0.5052502999897115
}