{
    "Agent": {
        "total": 0.30526429999849825
    },
    "Env": {
        "apply_act": 0.47603330000265487,
        "observation_computation": 0.1400504999980967,
        "powerflow_computation": 0.12190290000285131,
        "total": 0.7379867000036029
    },
    "total": 1.1786987000000408
}