{
    "Agent": {
        "total": 0.015209300000151416
    },
    "Env": {
        "apply_act": 0.16923159999987547,
        "observation_computation": 0.12014670000019123,
        "powerflow_computation": 0.10701129999915793,
        "total": 0.39638959999922463
    },
    "total": 0.5220887000000403
}