{
    "Agent": {
        "total": 0.052923299837857485
    },
    "Env": {
        "apply_act": 0.12834890093654394,
        "observation_computation": 0.02166169963311404,
        "powerflow_computation": 0.019806100404821336,
        "total": 0.16981670097447932
    },
    "total": 0.24486109998542815
}