{
    "Agent": {
        "total": 0.04095330000063768
    },
    "Env": {
        "apply_act": 0.043875800001160314,
        "observation_computation": 0.025946700000076817,
        "powerflow_computation": 0.023882300000650503,
        "total": 0.09370480000188763
    },
    "total": 0.1580337000000327
}