{
    "Agent": {
        "total": 0.03263650042936206
    },
    "Env": {
        "apply_act": 0.06705629953648895,
        "observation_computation": 0.013952799839898944,
        "powerflow_computation": 0.017587200622074306,
        "total": 0.0985962999984622
    },
    "total": 0.14717440004460514
}