{
    "Agent": {
        "total": 0.08027600000048096
    },
    "Env": {
        "apply_act": 0.16264430000001084,
        "observation_computation": 0.029090800000176387,
        "powerflow_computation": 0.024967799999672025,
        "total": 0.21670289999985926
    },
    "total": 0.32813310000005913
}