{
    "Agent": {
        "total": 0.24643869999965773
    },
    "Env": {
        "apply_act": 0.8128552000009677,
        "observation_computation": 0.12826609999876837,
        "powerflow_computation": 0.10938099999964379,
        "total": 1.0505022999993798
    },
    "total": 1.4192947999999888
}