{
    "Agent": {
        "total": 0.0197437999304384
    },
    "Env": {
        "apply_act": 0.039331299951300025,
        "observation_computation": 0.014324701856821775,
        "powerflow_computation": 0.012199898483231664,
        "total": 0.06585590029135346
    },
    "total": 0.09993720008060336
}