{
    "Agent": {
        "total": 0.016646499999296793
    },
    "Env": {
        "apply_act": 0.059546700000282726,
        "observation_computation": 0.009095400001115195,
        "powerflow_computation": 0.008942000000843109,
        "total": 0.07758410000224103
    },
    "total": 0.10304480000013427
}