{
    "Agent": {
        "total": 0.07648289999951885
    },
    "Env": {
        "apply_act": 0.16706409999983407,
        "observation_computation": 0.02895439999986138,
        "powerflow_computation": 0.024652099999912025,
        "total": 0.22067059999960748
    },
    "total": 0.32689860000004956
}