{
    "Agent": {
        "total": 0.11472899999921538
    },
    "Env": {
        "apply_act": 0.09992069999930209,
        "observation_computation": 0.05943599999852722,
        "powerflow_computation": 0.054804800000056275,
        "total": 0.21416149999788558
    },
    "total": 0.3848787000000584
}