{
    "Agent": {
        "total": 0.04803189972881228
    },
    "Env": {
        "apply_act": 0.10110970016103238,
        "observation_computation": 0.023210900486446917,
        "powerflow_computation": 0.019595899851992726,
        "total": 0.14391650049947202
    },
    "total": 0.21441260003484786
}