{
    "Agent": {
        "total": 0.1288826959207654
    },
    "Env": {
        "apply_act": 0.4521069973707199,
        "observation_computation": 0.09550629835575819,
        "powerflow_computation": 0.08250830112956464,
        "total": 0.6301215968560427
    },
    "total": 0.8506656000390649
}