{
    "Agent": {
        "total": 0.9662062999914269
    },
    "Env": {
        "apply_act": 2.1750864000005095,
        "observation_computation": 0.3493487000141613,
        "powerflow_computation": 0.29435100000409875,
        "total": 2.8187861000187695
    },
    "total": 4.08767059999991
}