{
    "Agent": {
        "total": 0.05490799935068935
    },
    "Env": {
        "apply_act": 0.20103700004983693,
        "observation_computation": 0.04089889896567911,
        "powerflow_computation": 0.03617870027665049,
        "total": 0.27811459929216653
    },
    "total": 0.3717472000280395
}