{
    "Agent": {
        "total": 0.0438584999988052
    },
    "Env": {
        "apply_act": 0.2434398000004876,
        "observation_computation": 0.04377410000279269,
        "powerflow_computation": 0.039074799999980314,
        "total": 0.3262887000032606
    },
    "total": 0.41028229999983523
}