{
    "Agent": {
        "total": 0.16227349996916018
    },
    "Env": {
        "apply_act": 0.033960700035095215,
        "observation_computation": 0.013188800017815083,
        "powerflow_computation": 0.013037499971687794,
        "total": 0.06018700002459809
    },
    "total": 0.23737940000137314
}