{
    "Agent": {
        "total": 0.14752590000057353
    },
    "Env": {
        "apply_act": 0.22305629999937082,
        "observation_computation": 0.09575399999903311,
        "powerflow_computation": 0.08049449999975877,
        "total": 0.3993047999981627
    },
    "total": 0.6316804000000502
}