{
    "Agent": {
        "total": 0.07863939999970171
    },
    "Env": {
        "apply_act": 0.29302189999862094,
        "observation_computation": 0.046158900003320014,
        "powerflow_computation": 0.039658300000610325,
        "total": 0.3788391000025513
    },
    "total": 0.49976090000018303
}