{
    "Agent": {
        "total": 0.9491715000042404
    },
    "Env": {
        "apply_act": 1.1638563000014983,
        "observation_computation": 0.4641847999996571,
        "powerflow_computation": 0.40190470000254663,
        "total": 2.029945800003702
    },
    "total": 3.4191524999999956
}