{
    "Agent": {
        "total": 0.00818049999992354
    },
    "Env": {
        "apply_act": 0.08502269999999612,
        "observation_computation": 0.05435779999996271,
        "powerflow_computation": 0.04617679999989832,
        "total": 0.18555729999985715
    },
    "total": 0.24573070000002417
}