{
    "Agent": {
        "total": 0.030019499999923482
    },
    "Env": {
        "apply_act": 0.25092480000000705,
        "observation_computation": 0.014136099999916496,
        "powerflow_computation": 0.013679300000148942,
        "total": 0.2787402000000725
    },
    "total": 0.3224369000000138
}