{
    "Agent": {
        "total": 0.01494480000008025
    },
    "Env": {
        "apply_act": 0.053178600000023835,
        "observation_computation": 0.007982299999980569,
        "powerflow_computation": 0.006806100000062543,
        "total": 0.06796700000006695
    },
    "total": 0.09224570000003496
}