{
    "Agent": {
        "total": 0.01772730000016054
    },
    "Env": {
        "apply_act": 0.018223100000795966,
        "observation_computation": 0.010433799999418625,
        "powerflow_computation": 0.00973640000006526,
        "total": 0.03839330000027985
    },
    "total": 0.06596119999994698
}