{
    "Agent": {
        "total": 0.16427669999393402
    },
    "Env": {
        "apply_act": 0.6592189999646507,
        "observation_computation": 0.08283189994108398,
        "powerflow_computation": 0.06996029999572784,
        "total": 0.8120111999014625
    },
    "total": 1.056143300003896
}