{
    "Agent": {
        "total": 0.016391999999768814
    },
    "Env": {
        "apply_act": 0.034618100000216145,
        "observation_computation": 0.007473600000025726,
        "powerflow_computation": 0.007348200000137695,
        "total": 0.049439900000379566
    },
    "total": 0.0727666999999883
}