{
    "Agent": {
        "total": 0.004468999999968304
    },
    "Env": {
        "apply_act": 0.05079120000003101,
        "observation_computation": 0.036334399999987,
        "powerflow_computation": 0.03313629999997758,
        "total": 0.12026189999999559
    },
    "total": 0.15810860000000204
}