{
    "Agent": {
        "total": 0.012269199592992663
    },
    "Env": {
        "apply_act": 0.026196999941021204,
        "observation_computation": 0.004494399763643742,
        "powerflow_computation": 0.005042700213380158,
        "total": 0.035734099918045104
    },
    "total": 0.05331149999983609
}