{
    "Agent": {
        "total": 0.012447200000025305
    },
    "Env": {
        "apply_act": 0.1396389999997183,
        "observation_computation": 0.10011190000005854,
        "powerflow_computation": 0.08239090000000715,
        "total": 0.322141799999784
    },
    "total": 0.4298084000000131
}