{
    "Agent": {
        "total": 0.025255099999981212
    },
    "Env": {
        "apply_act": 0.05568970000001627,
        "observation_computation": 0.012381299999560724,
        "powerflow_computation": 0.011662299999443348,
        "total": 0.07973329999902035
    },
    "total": 0.11720149999996465
}