{
    "Agent": {
        "total": 0.35652029999982915
    },
    "Env": {
        "apply_act": 0.35099660000059885,
        "observation_computation": 0.1744320999980573,
        "powerflow_computation": 0.1514504000008401,
        "total": 0.6768790999994962
    },
    "total": 1.1999336999999741
}