{
    "Agent": {
        "total": 0.07222879999699217
    },
    "Env": {
        "apply_act": 0.5295678999996198,
        "observation_computation": 0.0705613999975867,
        "powerflow_computation": 0.06700149999824134,
        "total": 0.6671307999954479
    },
    "total": 0.8034458000001905
}