{
    "Agent": {
        "total": 0.10717149999976527
    },
    "Env": {
        "apply_act": 0.22279340000005732,
        "observation_computation": 0.04104570000055219,
        "powerflow_computation": 0.03653999999966118,
        "total": 0.3003791000002707
    },
    "total": 0.449956200000031
}