{
    "Agent": {
        "total": 0.04919930000187378
    },
    "Env": {
        "apply_act": 0.2692047000000457,
        "observation_computation": 0.04887479999842981,
        "powerflow_computation": 0.04220419999774094,
        "total": 0.36028369999621646
    },
    "total": 0.45268780000014885
}