{
    "Agent": {
        "total": 0.0013120999999500782
    },
    "Env": {
        "apply_act": 0.0,
        "observation_computation": 0.0,
        "powerflow_computation": 0.0,
        "total": 0.0
    },
    "total": 0.0025229999999965003
}