{
    "Agent": {
        "total": 0.3179943000000094
    },
    "Env": {
        "apply_act": 1.240812599998435,
        "observation_computation": 0.16984959999854254,
        "powerflow_computation": 0.14503459999923507,
        "total": 1.5556967999962126
    },
    "total": 2.0318260000000237
}