{
    "Agent": {
        "total": 0.030277399928309023
    },
    "Env": {
        "apply_act": 0.06459430034738034,
        "observation_computation": 0.015254399622790515,
        "powerflow_computation": 0.013547800481319427,
        "total": 0.09339650045149028
    },
    "total": 0.13852239993866533
}