{
    "Agent": {
        "total": 0.3178754000000481
    },
    "Env": {
        "apply_act": 0.3675911000073029,
        "observation_computation": 0.2218058999915229,
        "powerflow_computation": 0.18947790000993336,
        "total": 0.7788749000087591
    },
    "total": 1.2923569999998108
}