{
    "Agent": {
        "total": 0.12626149994321167
    },
    "Env": {
        "apply_act": 0.5319157999183517,
        "observation_computation": 0.07597289988189004,
        "powerflow_computation": 0.06608089985093102,
        "total": 0.6739695996511728
    },
    "total": 0.869058500014944
}