{
    "Agent": {
        "total": 0.13385660035419278
    },
    "Env": {
        "apply_act": 0.3625775003747549,
        "observation_computation": 0.060359499882906675,
        "powerflow_computation": 0.06158819978008978,
        "total": 0.48452520003775135
    },
    "total": 0.6764125000045169
}