{
    "Agent": {
        "total": 0.013062800164334476
    },
    "Env": {
        "apply_act": 0.02704329986590892,
        "observation_computation": 0.009656299953348935,
        "powerflow_computation": 0.008704399806447327,
        "total": 0.04540399962570518
    },
    "total": 0.06812640000134706
}