{
    "Agent": {
        "total": 0.10877149971202016
    },
    "Env": {
        "apply_act": 0.3489736011251807,
        "observation_computation": 0.07876790000591427,
        "powerflow_computation": 0.07506400079000741,
        "total": 0.5028055019211024
    },
    "total": 0.6878611999563873
}