{
    "Agent": {
        "total": 0.006704399999875932
    },
    "Env": {
        "apply_act": 0.07468489999996564,
        "observation_computation": 0.05076239999999643,
        "powerflow_computation": 0.04254680000019562,
        "total": 0.1679941000001577
    },
    "total": 0.2215813000000253
}