{
    "Agent": {
        "total": 0.006653300000010631
    },
    "Env": {
        "apply_act": 0.08002239999990479,
        "observation_computation": 0.053159799999932034,
        "powerflow_computation": 0.04659480000000826,
        "total": 0.1797769999998451
    },
    "total": 0.23703319999999906
}