{
    "Agent": {
        "total": 0.1958292999996729
    },
    "Env": {
        "apply_act": 0.4358038999985183,
        "observation_computation": 0.09993999999892367,
        "powerflow_computation": 0.09814210000024559,
        "total": 0.6338859999976876
    },
    "total": 0.9252665000000206
}