{
    "Agent": {
        "total": 0.08066800000233343
    },
    "Env": {
        "apply_act": 0.14341730000523967,
        "observation_computation": 0.04002739999577898,
        "powerflow_computation": 0.02977390000160085,
        "total": 0.2132186000026195
    },
    "total": 0.3269539999992048
}