{
    "Agent": {
        "total": 0.19673989999864716
    },
    "Env": {
        "apply_act": 0.5296759999996539,
        "observation_computation": 0.09990220000179306,
        "powerflow_computation": 0.09024399999952948,
        "total": 0.7198222000009764
    },
    "total": 1.0118806000000404
}