{
    "Agent": {
        "total": 0.0674151000001757
    },
    "Env": {
        "apply_act": 0.15018169999962083,
        "observation_computation": 0.03288119999979244,
        "powerflow_computation": 0.027978500000813256,
        "total": 0.21104140000022653
    },
    "total": 0.3098172999999633
}