{
    "Agent": {
        "total": 0.13945869999838578
    },
    "Env": {
        "apply_act": 0.10927069999979722,
        "observation_computation": 0.0657996999984789,
        "powerflow_computation": 0.0625894000002063,
        "total": 0.2376597999984824
    },
    "total": 0.4411832000000686
}