{
    "Agent": {
        "total": 0.09460280020721257
    },
    "Env": {
        "apply_act": 0.17977889941539615,
        "observation_computation": 0.06029280088841915,
        "powerflow_computation": 0.06029390066396445,
        "total": 0.30036560096777976
    },
    "total": 0.44835339998826385
}