{
    "Agent": {
        "total": 0.13094369999782884
    },
    "Env": {
        "apply_act": 0.12196410000035485,
        "observation_computation": 0.06759670000064943,
        "powerflow_computation": 0.06516880000083347,
        "total": 0.25472960000183775
    },
    "total": 0.4469609999999875
}