{
    "Agent": {
        "total": 0.10393279965501279
    },
    "Env": {
        "apply_act": 0.28186449874192476,
        "observation_computation": 0.06374530005268753,
        "powerflow_computation": 0.05417099967598915,
        "total": 0.39978079847060144
    },
    "total": 0.559598800027743
}