{
    "Agent": {
        "total": 0.34505130010074936
    },
    "Env": {
        "apply_act": 0.866759199736407,
        "observation_computation": 0.15657340025063604,
        "powerflow_computation": 0.14061560010304675,
        "total": 1.1639482000900898
    },
    "total": 1.6587092999834567
}