{
    "Agent": {
        "total": 0.10682839917717502
    },
    "Env": {
        "apply_act": 0.4909606999135576,
        "observation_computation": 0.09547309973277152,
        "powerflow_computation": 0.08092059975024313,
        "total": 0.6673543993965723
    },
    "total": 0.8587600999744609
}