{
    "Agent": {
        "total": 0.4189541006053332
    },
    "Env": {
        "apply_act": 1.6379164004174527,
        "observation_computation": 0.2545285004307516,
        "powerflow_computation": 0.22508069974719547,
        "total": 2.1175256005953997
    },
    "total": 2.7626219999801833
}