{
    "Agent": {
        "total": 0.043566100066527724
    },
    "Env": {
        "apply_act": 0.12376129976473749,
        "observation_computation": 0.020210500340908766,
        "powerflow_computation": 0.01716180006042123,
        "total": 0.16113360016606748
    },
    "total": 0.2248933999799192
}