{
    "Agent": {
        "total": 0.07357999999997844
    },
    "Env": {
        "apply_act": 0.9787413000001948,
        "observation_computation": 0.5467779000000803,
        "powerflow_computation": 0.46598070000003844,
        "total": 1.9914999000003135
    },
    "total": 2.568909700000006
}