{
    "Agent": {
        "total": 0.05741469992790371
    },
    "Env": {
        "apply_act": 0.10052560013718903,
        "observation_computation": 0.020016399561427534,
        "powerflow_computation": 0.017572900163941085,
        "total": 0.13811489986255765
    },
    "total": 0.21661320002749562
}