{
    "Agent": {
        "total": 0.05084920000172133
    },
    "Env": {
        "apply_act": 0.02821080000467191,
        "observation_computation": 0.016830100000333914,
        "powerflow_computation": 0.01786530000208586,
        "total": 0.06290620000709168
    },
    "total": 0.13046810000014375
}