{
    "Agent": {
        "total": 1.1556072003440931
    },
    "Env": {
        "apply_act": 0.36730920046102256,
        "observation_computation": 0.06623920006677508,
        "powerflow_computation": 0.09350180043838918,
        "total": 0.5270502009661868
    },
    "total": 1.744059299933724
}