{
    "Agent": {
        "total": 0.0049671999999105765
    },
    "Env": {
        "apply_act": 0.053503599999970675,
        "observation_computation": 0.03817009999990262,
        "powerflow_computation": 0.031402100000036626,
        "total": 0.12307579999990992
    },
    "total": 0.1651439000000039
}