{
    "Agent": {
        "total": 0.006695700000364013
    },
    "Env": {
        "apply_act": 0.021495899999081303,
        "observation_computation": 0.003400199999305187,
        "powerflow_computation": 0.002836699999988923,
        "total": 0.027732799998375413
    },
    "total": 0.03962279999996099
}