{
    "Agent": {
        "total": 0.05494529998395592
    },
    "Env": {
        "apply_act": 0.12452840025071055,
        "observation_computation": 0.02872550068423152,
        "powerflow_computation": 0.029673499753698707,
        "total": 0.18292740068864077
    },
    "total": 0.26536349998787045
}