{
    "Agent": {
        "total": 1.2135569999998097
    },
    "Env": {
        "apply_act": 1.641473899998573,
        "observation_computation": 0.7795661999916774,
        "powerflow_computation": 0.6562359999938963,
        "total": 3.0772760999841466
    },
    "total": 4.9897325999997975
}