{
    "Agent": {
        "total": 0.04863919999866084
    },
    "Env": {
        "apply_act": 0.05738510000128372,
        "observation_computation": 0.02338279999912629,
        "powerflow_computation": 0.02271230000064861,
        "total": 0.10348020000105862
    },
    "total": 0.17562290000000758
}