{
    "Agent": {
        "total": 0.005488700000569224
    },
    "Env": {
        "apply_act": 0.012144000036641955,
        "observation_computation": 0.003937800182029605,
        "powerflow_computation": 0.004534999607130885,
        "total": 0.020616799825802445
    },
    "total": 0.030597600154578686
}