{
    "Agent": {
        "total": 0.012255700000054048
    },
    "Env": {
        "apply_act": 0.13964659999999185,
        "observation_computation": 0.09123760000017,
        "powerflow_computation": 0.08157439999988014,
        "total": 0.312458600000042
    },
    "total": 0.41118040000000633
}