{
    "Agent": {
        "total": 0.8361283999684019
    },
    "Env": {
        "apply_act": 0.4298278000051141,
        "observation_computation": 0.2892491000111477,
        "powerflow_computation": 0.25481160000072123,
        "total": 0.973888500016983
    },
    "total": 2.077945600000021
}