{
    "Agent": {
        "total": 0.01668750000021646
    },
    "Env": {
        "apply_act": 0.05312750000030064,
        "observation_computation": 0.012188900001092406,
        "powerflow_computation": 0.011169099998824095,
        "total": 0.07648550000021714
    },
    "total": 0.10486450000007608
}