{
    "Agent": {
        "total": 0.016617800000574334
    },
    "Env": {
        "apply_act": 0.18433469999973795,
        "observation_computation": 0.12707099999960292,
        "powerflow_computation": 0.10262919999956921,
        "total": 0.4140348999989101
    },
    "total": 0.546572900000001
}