{
    "Agent": {
        "total": 0.1127952999977424
    },
    "Env": {
        "apply_act": 0.06348169999637321,
        "observation_computation": 0.041599700008191576,
        "powerflow_computation": 0.037649200005944294,
        "total": 0.14273060001050908
    },
    "total": 0.2966203999994832
}