{
    "Agent": {
        "total": 0.009124100000008184
    },
    "Env": {
        "apply_act": 0.02547640000057072,
        "observation_computation": 0.00578840000002856,
        "powerflow_computation": 0.004891099999440485,
        "total": 0.036155900000039765
    },
    "total": 0.05204169999979058
}