{
    "Agent": {
        "total": 2.1936531000038713
    },
    "Env": {
        "apply_act": 2.240864500001635,
        "observation_computation": 1.378337500000839,
        "powerflow_computation": 1.1497415999963323,
        "total": 4.768943599998806
    },
    "total": 8.187194399999953
}