{
    "Agent": {
        "total": 0.006538899999977588
    },
    "Env": {
        "apply_act": 0.06941900000001056,
        "observation_computation": 0.050401299999982996,
        "powerflow_computation": 0.04364969999997825,
        "total": 0.1634699999999718
    },
    "total": 0.2137494000000011
}