{
    "Agent": {
        "total": 0.3665955999963444
    },
    "Env": {
        "apply_act": 0.37860900000214315,
        "observation_computation": 0.23323150000260284,
        "powerflow_computation": 0.19590339999558637,
        "total": 0.8077439000003324
    },
    "total": 1.3833740999998554
}