{
    "Agent": {
        "total": 0.14808430008997675
    },
    "Env": {
        "apply_act": 0.40630200001760386,
        "observation_computation": 0.07266510002955329,
        "powerflow_computation": 0.06229749998601619,
        "total": 0.5412646000331733
    },
    "total": 0.7611161000022548
}