{
    "Agent": {
        "total": 0.1428324000005432
    },
    "Env": {
        "apply_act": 0.14250209999886465,
        "observation_computation": 0.07191539999962515,
        "powerflow_computation": 0.06290399999966212,
        "total": 0.2773214999981519
    },
    "total": 0.4886940000001232
}