{
    "Agent": {
        "total": 0.21973309999862067
    },
    "Env": {
        "apply_act": 0.203560600001083,
        "observation_computation": 0.1039176000012958,
        "powerflow_computation": 0.09098149999658744,
        "total": 0.39845969999896624
    },
    "total": 0.7169020999999702
}