{
    "Agent": {
        "total": 0.12752209976315498
    },
    "Env": {
        "apply_act": 0.44648580020293593,
        "observation_computation": 0.08745670155622065,
        "powerflow_computation": 0.07527609844692051,
        "total": 0.6092186002060771
    },
    "total": 0.8225557999685407
}