{
    "Agent": {
        "total": 0.011795200000165096
    },
    "Env": {
        "apply_act": 0.1318678000002933,
        "observation_computation": 0.09284429999996746,
        "powerflow_computation": 0.08234150000012619,
        "total": 0.30705360000038695
    },
    "total": 0.40126730000000066
}