{
    "Agent": {
        "total": 0.3354831999458838
    },
    "Env": {
        "apply_act": 0.8937235999910627,
        "observation_computation": 0.15071560026262887,
        "powerflow_computation": 0.1306229001202155,
        "total": 1.175062100373907
    },
    "total": 1.6570022999949288
}