{
    "Agent": {
        "total": 0.0032649000000617434
    },
    "Env": {
        "apply_act": 0.04365200000009395,
        "observation_computation": 0.029143099999828337,
        "powerflow_computation": 0.03129440000012096,
        "total": 0.10408950000004324
    },
    "total": 0.1331901000000073
}