{
    "Agent": {
        "total": 0.008050400000115587
    },
    "Env": {
        "apply_act": 0.09298090000038428,
        "observation_computation": 0.06339850000011893,
        "powerflow_computation": 0.05466790000019728,
        "total": 0.2110473000007005
    },
    "total": 0.2764778000000092
}