{
    "Agent": {
        "total": 0.0026544000000399137
    },
    "Env": {
        "apply_act": 0.03347390000001127,
        "observation_computation": 0.021374700000002633,
        "powerflow_computation": 0.02607829999999467,
        "total": 0.08092690000000857
    },
    "total": 0.1034477000000038
}