{
    "Agent": {
        "total": 0.04938949996721931
    },
    "Env": {
        "apply_act": 0.09360770005150698,
        "observation_computation": 0.01848890006658621,
        "powerflow_computation": 0.015502300055231899,
        "total": 0.1275989001733251
    },
    "total": 0.19690350000746548
}