{
    "Agent": {
        "total": 0.009230900090187788
    },
    "Env": {
        "apply_act": 0.027761600096710026,
        "observation_computation": 0.0068034002324566245,
        "powerflow_computation": 0.005712900194339454,
        "total": 0.040277900523506105
    },
    "total": 0.05673820001538843
}