{
    "Agent": {
        "total": 0.041807700000333625
    },
    "Env": {
        "apply_act": 0.463843099999508,
        "observation_computation": 0.3431321000007017,
        "powerflow_computation": 0.37111049999975876,
        "total": 1.1780856999999685
    },
    "total": 1.5377719999999897
}