{
    "Agent": {
        "total": 0.8158372999896528
    },
    "Env": {
        "apply_act": 1.7859633999960352,
        "observation_computation": 0.2617819000070085,
        "powerflow_computation": 0.2433582999947248,
        "total": 2.2911035999977685
    },
    "total": 3.3898792999998477
}