{
    "Agent": {
        "total": 0.010891499999985399
    },
    "Env": {
        "apply_act": 0.12070839999995542,
        "observation_computation": 0.08966459999973608,
        "powerflow_computation": 0.07895000000007713,
        "total": 0.2893229999997686
    },
    "total": 0.3804324000000179
}