{
    "Agent": {
        "total": 0.006539699854329228
    },
    "Env": {
        "apply_act": 0.015163100324571133,
        "observation_computation": 0.0031552002765238285,
        "powerflow_computation": 0.003289000364020467,
        "total": 0.021607300965115428
    },
    "total": 0.031227400060743093
}