{
    "Agent": {
        "total": 0.13381350052077323
    },
    "Env": {
        "apply_act": 0.381409699562937,
        "observation_computation": 0.08962300047278404,
        "powerflow_computation": 0.08702670061029494,
        "total": 0.558059400646016
    },
    "total": 0.7708663999801502
}