{
    "Agent": {
        "total": 0.02769900008570403
    },
    "Env": {
        "apply_act": 0.06574119930155575,
        "observation_computation": 0.012499400065280497,
        "powerflow_computation": 0.010447400156408548,
        "total": 0.0886879995232448
    },
    "total": 0.12902380002196878
}