{
    "Agent": {
        "total": 0.009328100131824613
    },
    "Env": {
        "apply_act": 0.023330400232225657,
        "observation_computation": 0.0034991998691111803,
        "powerflow_computation": 0.004077300080098212,
        "total": 0.03090690018143505
    },
    "total": 0.04385729995556176
}