{
    "Agent": {
        "total": 0.0006675000000768705
    },
    "Env": {
        "apply_act": 0.0,
        "observation_computation": 0.0,
        "powerflow_computation": 0.0,
        "total": 0.0
    },
    "total": 0.002010599999948681
}