{
    "Agent": {
        "total": 0.012309100000493345
    },
    "Env": {
        "apply_act": 0.1368287999997051,
        "observation_computation": 0.09295639999982086,
        "powerflow_computation": 0.0757266000001664,
        "total": 0.30551179999969236
    },
    "total": 0.403212099999962
}