{
    "Agent": {
        "total": 0.07550129946321249
    },
    "Env": {
        "apply_act": 0.10745280119590461,
        "observation_computation": 0.049445100128650665,
        "powerflow_computation": 0.04293969972059131,
        "total": 0.19983760104514658
    },
    "total": 0.3192637001629919
}