{
    "Agent": {
        "total": 0.0441261999985727
    },
    "Env": {
        "apply_act": 0.10753230000091207,
        "observation_computation": 0.03129489999832913,
        "powerflow_computation": 0.028010899999571848,
        "total": 0.16683809999881305
    },
    "total": 0.24024180000014894
}