{
    "Agent": {
        "total": 0.04471459984779358
    },
    "Env": {
        "apply_act": 0.14978139963932335,
        "observation_computation": 0.031706000794656575,
        "powerflow_computation": 0.028109099250286818,
        "total": 0.20959649968426675
    },
    "total": 0.28381640010047704
}