{
    "Agent": {
        "total": 0.2087222000022848
    },
    "Env": {
        "apply_act": 0.889275200001066,
        "observation_computation": 0.1597460999996656,
        "powerflow_computation": 0.1407972999982121,
        "total": 1.1898185999989437
    },
    "total": 1.5425199000001157
}