{
    "Agent": {
        "total": 0.022895199999993565
    },
    "Env": {
        "apply_act": 0.07155509999984133,
        "observation_computation": 0.015760900000714173,
        "powerflow_computation": 0.01377050000064628,
        "total": 0.10108650000120178
    },
    "total": 0.13921869999990122
}