{
    "Agent": {
        "total": 0.04054170000074464
    },
    "Env": {
        "apply_act": 0.0815426999997726,
        "observation_computation": 0.017789600000128303,
        "powerflow_computation": 0.016201800000203548,
        "total": 0.11553410000010444
    },
    "total": 0.1740816999999879
}