{
    "Agent": {
        "total": 0.08556910000424978
    },
    "Env": {
        "apply_act": 0.22943060000216065,
        "observation_computation": 0.034050899997964734,
        "powerflow_computation": 0.030928500002119108,
        "total": 0.2944100000022445
    },
    "total": 0.41280040000037843
}