{
    "Agent": {
        "total": 0.2289156000024377
    },
    "Env": {
        "apply_act": 0.25239710000028026,
        "observation_computation": 0.14856589999999414,
        "powerflow_computation": 0.12822510000364673,
        "total": 0.5291881000039211
    },
    "total": 0.89023740000016
}