{
    "Agent": {
        "total": 0.06291550000105417
    },
    "Env": {
        "apply_act": 0.17603460000236737,
        "observation_computation": 0.02615749999995387,
        "powerflow_computation": 0.02300200000308905,
        "total": 0.2251941000054103
    },
    "total": 0.3152567000001909
}