{
    "Agent": {
        "total": 0.18572619918268174
    },
    "Env": {
        "apply_act": 0.4040762010263279,
        "observation_computation": 0.09845180145930499,
        "powerflow_computation": 0.08617650030646473,
        "total": 0.5887045027920976
    },
    "total": 0.8680824999464676
}