{
    "Agent": {
        "total": 0.07349800155498087
    },
    "Env": {
        "apply_act": 0.1506713996641338,
        "observation_computation": 0.033735900884494185,
        "powerflow_computation": 0.03058160049840808,
        "total": 0.21498890104703605
    },
    "total": 0.3212101999670267
}