{
    "Agent": {
        "total": 0.16124040016438812
    },
    "Env": {
        "apply_act": 0.7455581001122482,
        "observation_computation": 0.1497078996617347,
        "powerflow_computation": 0.1391875000554137,
        "total": 1.0344534998293966
    },
    "total": 1.3268362000235356
}