{
    "Agent": {
        "total": 0.39016570002695516
    },
    "Env": {
        "apply_act": 0.21377439999196213,
        "observation_computation": 0.13333559999045974,
        "powerflow_computation": 0.12282939999113296,
        "total": 0.4699393999735548
    },
    "total": 0.991166400000111
}