{
    "Agent": {
        "total": 0.056808399909641594
    },
    "Env": {
        "apply_act": 0.15704129979712889,
        "observation_computation": 0.02563149994239211,
        "powerflow_computation": 0.021586200018646196,
        "total": 0.2042589997581672
    },
    "total": 0.2880406999902334
}