{
    "Agent": {
        "total": 0.019090602174401283
    },
    "Env": {
        "apply_act": 0.05672889924608171,
        "observation_computation": 0.013921000761911273,
        "powerflow_computation": 0.01257829973474145,
        "total": 0.08322819974273443
    },
    "total": 0.11550520011223853
}