{
    "Agent": {
        "total": 0.1809904000547249
    },
    "Env": {
        "apply_act": 0.47225689998595044,
        "observation_computation": 0.0856158995302394,
        "powerflow_computation": 0.07811670057708398,
        "total": 0.6359895000932738
    },
    "total": 0.9001188999973238
}