{
    "Agent": {
        "total": 0.06285390000022062
    },
    "Env": {
        "apply_act": 0.14072009999983948,
        "observation_computation": 0.02434770000007802,
        "powerflow_computation": 0.020026199999790606,
        "total": 0.1850939999997081
    },
    "total": 0.2700140000000033
}