{
    "Agent": {
        "total": 0.033950902288779616
    },
    "Env": {
        "apply_act": 0.10835089976899326,
        "observation_computation": 0.02576640248298645,
        "powerflow_computation": 0.022958399262279272,
        "total": 0.15707570151425898
    },
    "total": 0.2152817000169307
}