{
    "Agent": {
        "total": 0.07059690000011187
    },
    "Env": {
        "apply_act": 0.16729940000010401,
        "observation_computation": 0.03081689999982018,
        "powerflow_computation": 0.02997120000003406,
        "total": 0.22808749999995825
    },
    "total": 0.3287517999999636
}