{
    "Agent": {
        "total": 0.0800429000009899
    },
    "Env": {
        "apply_act": 0.2881045000008271,
        "observation_computation": 0.042795799997293216,
        "powerflow_computation": 0.03872390000060477,
        "total": 0.3696241999987251
    },
    "total": 0.4892592999999579
}