{
    "Agent": {
        "total": 0.36223050006083213
    },
    "Env": {
        "apply_act": 2.034536100065452,
        "observation_computation": 0.322330499853706,
        "powerflow_computation": 0.2703744003083557,
        "total": 2.6272410002275137
    },
    "total": 3.2770162999950117
}