{
    "Agent": {
        "total": 0.027620599139481783
    },
    "Env": {
        "apply_act": 0.0714377008844167,
        "observation_computation": 0.012521401280537248,
        "powerflow_computation": 0.010459200013428926,
        "total": 0.09441830217838287
    },
    "total": 0.13493119995109737
}