{
    "Agent": {
        "total": 0.00036760000017466155
    },
    "Env": {
        "apply_act": 0.004364899999870886,
        "observation_computation": 0.0029022999998460364,
        "powerflow_computation": 0.0033845999999471132,
        "total": 0.010651799999664036
    },
    "total": 0.01401650000002519
}