{
    "Agent": {
        "total": 0.05702850000147919
    },
    "Env": {
        "apply_act": 0.20236739999836573,
        "observation_computation": 0.03423619999875882,
        "powerflow_computation": 0.03137609999998858,
        "total": 0.26797969999711313
    },
    "total": 0.35572099999990314
}