{
    "Agent": {
        "total": 0.011953099630773067
    },
    "Env": {
        "apply_act": 0.00982650090008974,
        "observation_computation": 0.0054249996319413185,
        "powerflow_computation": 0.005293200025334954,
        "total": 0.020544700557366014
    },
    "total": 0.03789430018514395
}