{
    "Agent": {
        "total": 0.0054228000000478005
    },
    "Env": {
        "apply_act": 0.05989450000001284,
        "observation_computation": 0.15966660000002264,
        "powerflow_computation": 0.03614439999995511,
        "total": 0.2557054999999906
    },
    "total": 0.3006057999999996
}