{
    "Agent": {
        "total": 0.1180755000004865
    },
    "Env": {
        "apply_act": 0.7260497000033865,
        "observation_computation": 0.11389819999749307,
        "powerflow_computation": 0.0962928999988435,
        "total": 0.9362407999997231
    },
    "total": 1.155200799999875
}