{
    "Agent": {
        "total": 0.022037100000375176
    },
    "Env": {
        "apply_act": 0.24974120000081257,
        "observation_computation": 0.17293170000010605,
        "powerflow_computation": 0.13651820000023918,
        "total": 0.5591911000011578
    },
    "total": 0.7387481000000093
}