{
    "Agent": {
        "total": 0.07755559999981188
    },
    "Env": {
        "apply_act": 0.17865420000021004,
        "observation_computation": 0.034082900000100835,
        "powerflow_computation": 0.0292800999994256,
        "total": 0.24201719999973648
    },
    "total": 0.353149999999971
}