{
    "Agent": {
        "total": 0.05589480000014646
    },
    "Env": {
        "apply_act": 0.1850807000006398,
        "observation_computation": 0.029920099999912964,
        "powerflow_computation": 0.03021139999998468,
        "total": 0.24521220000053745
    },
    "total": 0.32889749999992546
}