{
    "Agent": {
        "total": 0.06725589999985004
    },
    "Env": {
        "apply_act": 0.13863320000029944,
        "observation_computation": 0.02761869999966393,
        "powerflow_computation": 0.023772500000745822,
        "total": 0.1900244000007092
    },
    "total": 0.2855160999999953
}