{
    "Agent": {
        "total": 0.35943089999909716
    },
    "Env": {
        "apply_act": 0.6517318000019259,
        "observation_computation": 0.10835719999886351,
        "powerflow_computation": 0.10474770000382705,
        "total": 0.8648367000046164
    },
    "total": 1.3501227000001563
}