{
    "Agent": {
        "total": 1.7798383000022113
    },
    "Env": {
        "apply_act": 2.079970500010404,
        "observation_computation": 1.2644264999848929,
        "powerflow_computation": 1.0922964000133106,
        "total": 4.436693400008608
    },
    "total": 7.335461399999986
}