{
    "Agent": {
        "total": 0.05392770026810467
    },
    "Env": {
        "apply_act": 0.13577579951379448,
        "observation_computation": 0.03183560003526509,
        "powerflow_computation": 0.029312899452634156,
        "total": 0.19692429900169373
    },
    "total": 0.27995469991583377
}