{
    "Agent": {
        "total": 0.41764749999788364
    },
    "Env": {
        "apply_act": 0.45695530000011786,
        "observation_computation": 0.19576790000451183,
        "powerflow_computation": 0.16814510000017435,
        "total": 0.820868300004804
    },
    "total": 1.4256536000000324
}