{
    "Agent": {
        "total": 0.365335299866274
    },
    "Env": {
        "apply_act": 0.7322760986862704,
        "observation_computation": 0.1727213009726256,
        "powerflow_computation": 0.1586968997726217,
        "total": 1.0636942994315177
    },
    "total": 1.5965413000667468
}