{
    "Agent": {
        "total": 0.2536252000068089
    },
    "Env": {
        "apply_act": 0.9266553999977987,
        "observation_computation": 0.19253669999898193,
        "powerflow_computation": 0.16505909999250434,
        "total": 1.284251199989285
    },
    "total": 1.7110019000001557
}