{
    "Agent": {
        "total": 0.3466717999931461
    },
    "Env": {
        "apply_act": 0.47947960000783496,
        "observation_computation": 0.2230656000019735,
        "powerflow_computation": 0.18756599999414902,
        "total": 0.8901112000039575
    },
    "total": 1.4409805000000233
}