{
    "Agent": {
        "total": 0.11058549999756906
    },
    "Env": {
        "apply_act": 0.34647889999973813,
        "observation_computation": 0.08056280000164406,
        "powerflow_computation": 0.0707401000011032,
        "total": 0.4977818000024854
    },
    "total": 0.6871309999999085
}