{
    "Agent": {
        "total": 0.12033609999923556
    },
    "Env": {
        "apply_act": 0.248435299999187,
        "observation_computation": 0.05311260000019047,
        "powerflow_computation": 0.0487564000011389,
        "total": 0.3503043000005164
    },
    "total": 0.5232234000000062
}