{
    "Agent": {
        "total": 0.0625961999999376
    },
    "Env": {
        "apply_act": 0.6746256999999147,
        "observation_computation": 0.4644237000000295,
        "powerflow_computation": 0.38684620000000436,
        "total": 1.5258955999999486
    },
    "total": 2.012270300000001
}