{
    "Agent": {
        "total": 0.4451835000945721
    },
    "Env": {
        "apply_act": 1.7634481004497502,
        "observation_computation": 0.23779099984676577,
        "powerflow_computation": 0.20853629973134957,
        "total": 2.2097754000278655
    },
    "total": 2.868841799994698
}