{
    "Agent": {
        "total": 0.009177900268696249
    },
    "Env": {
        "apply_act": 0.02523020002990961,
        "observation_computation": 0.006207500002346933,
        "powerflow_computation": 0.005770999821834266,
        "total": 0.03720869985409081
    },
    "total": 0.05245429999195039
}