{
    "Agent": {
        "total": 0.16116029999966486
    },
    "Env": {
        "apply_act": 0.4391749999998069,
        "observation_computation": 0.08072209999994584,
        "powerflow_computation": 0.06791670000001204,
        "total": 0.5878137999997648
    },
    "total": 0.8258400999999935
}