{
    "Agent": {
        "total": 0.09823080027126707
    },
    "Env": {
        "apply_act": 0.3837070997687988,
        "observation_computation": 0.058867499901680276,
        "powerflow_computation": 0.050091200129827484,
        "total": 0.49266579980030656
    },
    "total": 0.6459314999810886
}