{
    "Agent": {
        "total": 0.0029180000000224027
    },
    "Env": {
        "apply_act": 0.03323479999994561,
        "observation_computation": 0.02420409999993467,
        "powerflow_computation": 0.020479300000033618,
        "total": 0.0779181999999139
    },
    "total": 0.10339109999998186
}