{
    "Agent": {
        "total": 0.05500130000007175
    },
    "Env": {
        "apply_act": 0.12797230000012405,
        "observation_computation": 0.023560599999427723,
        "powerflow_computation": 0.018443800000568444,
        "total": 0.16997670000012022
    },
    "total": 0.24801700000000437
}