{
    "Agent": {
        "total": 0.056424800772219896
    },
    "Env": {
        "apply_act": 0.2031885008327663,
        "observation_computation": 0.03726670076139271,
        "powerflow_computation": 0.03899040073156357,
        "total": 0.2794456023257226
    },
    "total": 0.372658499982208
}