{
    "Agent": {
        "total": 0.04476400010753423
    },
    "Env": {
        "apply_act": 0.23279649950563908,
        "observation_computation": 0.029403200489468873,
        "powerflow_computation": 0.026135900290682912,
        "total": 0.28833560028579086
    },
    "total": 0.35970749997068197
}