{
    "Agent": {
        "total": 0.012791599999999903
    },
    "Env": {
        "apply_act": 0.13869590000001608,
        "observation_computation": 0.09856449999998063,
        "powerflow_computation": 0.08772530000027245,
        "total": 0.32498570000026916
    },
    "total": 0.42813360000000955
}