{
    "Agent": {
        "total": 0.44815150019712746
    },
    "Env": {
        "apply_act": 0.1329154999984894,
        "observation_computation": 0.03751559992088005,
        "powerflow_computation": 0.03629820002242923,
        "total": 0.20672929994179867
    },
    "total": 0.6959347999945749
}