{
    "Agent": {
        "total": 0.11752799851819873
    },
    "Env": {
        "apply_act": 0.3196444995701313,
        "observation_computation": 0.07054810016416013,
        "powerflow_computation": 0.0774340988136828,
        "total": 0.46762669854797423
    },
    "total": 0.6465490001719445
}