{
    "Agent": {
        "total": 0.029897000174969435
    },
    "Env": {
        "apply_act": 0.06703060015570372,
        "observation_computation": 0.015395999536849558,
        "powerflow_computation": 0.013228700147010386,
        "total": 0.09565529983956367
    },
    "total": 0.14026329992339015
}