{
    "Agent": {
        "total": 0.007110300241038203
    },
    "Env": {
        "apply_act": 0.016118300147354603,
        "observation_computation": 0.003335200250148773,
        "powerflow_computation": 0.003535000141710043,
        "total": 0.02298850053921342
    },
    "total": 0.03346820012666285
}