{
    "Agent": {
        "total": 0.05817509999883441
    },
    "Env": {
        "apply_act": 0.07444520000103694,
        "observation_computation": 0.028292900000678856,
        "powerflow_computation": 0.024037600001747705,
        "total": 0.1267757000034635
    },
    "total": 0.21305019999999786
}