{
    "Agent": {
        "total": 0.05200209999995309
    },
    "Env": {
        "apply_act": 0.5662503000002914,
        "observation_computation": 0.4189486000000642,
        "powerflow_computation": 0.34976000000006024,
        "total": 1.3349589000004158
    },
    "total": 1.7793575999999973
}