{
    "Agent": {
        "total": 0.058505699996203475
    },
    "Env": {
        "apply_act": 0.1681469999989531,
        "observation_computation": 0.025269300001127704,
        "powerflow_computation": 0.021381199997904332,
        "total": 0.21479749999798514
    },
    "total": 0.2986705000002985
}