{
    "Agent": {
        "total": 0.04463940020650625
    },
    "Env": {
        "apply_act": 0.16501009999774396,
        "observation_computation": 0.030393299064598978,
        "powerflow_computation": 0.029184600221924484,
        "total": 0.22458799928426743
    },
    "total": 0.2996954000554979
}