{
    "Agent": {
        "total": 0.17793979999714793
    },
    "Env": {
        "apply_act": 0.9799451000008048,
        "observation_computation": 0.17780850000553983,
        "powerflow_computation": 0.14885640000102285,
        "total": 1.3066100000073675
    },
    "total": 1.6392722000000504
}