{
    "Agent": {
        "total": 0.04381999999918662
    },
    "Env": {
        "apply_act": 0.10732650000022659,
        "observation_computation": 0.01916839999989861,
        "powerflow_computation": 0.02072670000029575,
        "total": 0.14722160000042095
    },
    "total": 0.21031999999991058
}