{
    "Agent": {
        "total": 0.12360359999001957
    },
    "Env": {
        "apply_act": 0.3338004999968689,
        "observation_computation": 0.06009080001967959,
        "powerflow_computation": 0.04959169993526302,
        "total": 0.4434829999518115
    },
    "total": 0.6244246000132989
}