{
    "Agent": {
        "total": 0.6857251963810995
    },
    "Env": {
        "apply_act": 1.4680542984278873,
        "observation_computation": 0.3278477967251092,
        "powerflow_computation": 0.294148403336294,
        "total": 2.0900504984892905
    },
    "total": 3.0955484999576584
}