{
    "Agent": {
        "total": 0.05811070019262843
    },
    "Env": {
        "apply_act": 0.1439848999143578,
        "observation_computation": 0.026155700121307746,
        "powerflow_computation": 0.024444199778372422,
        "total": 0.19458479981403798
    },
    "total": 0.27933520000078715
}