{
    "Agent": {
        "total": 0.24255829999901835
    },
    "Env": {
        "apply_act": 0.5344712000014624,
        "observation_computation": 0.1160101999988683,
        "powerflow_computation": 0.10727929999859498,
        "total": 0.7577606999989257
    },
    "total": 1.1121921999999813
}