{
    "Agent": {
        "total": 0.06351630028802902
    },
    "Env": {
        "apply_act": 0.16275109956040978,
        "observation_computation": 0.036472600302658975,
        "powerflow_computation": 0.03188609972130507,
        "total": 0.23110979958437383
    },
    "total": 0.3299339000368491
}