{
    "Agent": {
        "total": 0.19392329999959657
    },
    "Env": {
        "apply_act": 0.3921525999996902,
        "observation_computation": 0.08374779999758175,
        "powerflow_computation": 0.08060019999834367,
        "total": 0.5565005999956156
    },
    "total": 0.8376796999998533
}