{
    "Agent": {
        "total": 0.009066099999472499
    },
    "Env": {
        "apply_act": 0.02093990007415414,
        "observation_computation": 0.006114500807598233,
        "powerflow_computation": 0.005184899549931288,
        "total": 0.03223930043168366
    },
    "total": 0.04802530002780259
}