{
    "Agent": {
        "total": 0.05160539987264201
    },
    "Env": {
        "apply_act": 0.15044879997731186,
        "observation_computation": 0.023789700062479824,
        "powerflow_computation": 0.02484939995338209,
        "total": 0.19908789999317378
    },
    "total": 0.2735145000042394
}