{
    "Agent": {
        "total": 0.04071449999963761
    },
    "Env": {
        "apply_act": 0.09145940000013297,
        "observation_computation": 0.017070800000055897,
        "powerflow_computation": 0.015515999999934138,
        "total": 0.12404620000012301
    },
    "total": 0.18150170000001253
}