{
    "Agent": {
        "total": 0.11072840009001084
    },
    "Env": {
        "apply_act": 0.4169533996609971,
        "observation_computation": 0.06747890013502911,
        "powerflow_computation": 0.057154799811542034,
        "total": 0.5415870996075682
    },
    "total": 0.7144423999998253
}