{
    "Agent": {
        "total": 0.07919020000076671
    },
    "Env": {
        "apply_act": 0.15191180000192617,
        "observation_computation": 0.03648439999915354,
        "powerflow_computation": 0.03488019999872449,
        "total": 0.2232763999998042
    },
    "total": 0.33883890000015526
}