{
    "Agent": {
        "total": 0.14379149999967922
    },
    "Env": {
        "apply_act": 0.6677851999947961,
        "observation_computation": 0.1098706000002494,
        "powerflow_computation": 0.09463540000524517,
        "total": 0.8722912000002907
    },
    "total": 1.1127972000003865
}