{
    "Agent": {
        "total": 0.01601259999999627
    },
    "Env": {
        "apply_act": 0.18508130000007839,
        "observation_computation": 0.13075009999990073,
        "powerflow_computation": 0.11537849999994876,
        "total": 0.43120989999992787
    },
    "total": 0.5736750000000015
}