{
    "Agent": {
        "total": 0.09633779999967373
    },
    "Env": {
        "apply_act": 0.18299960000013016,
        "observation_computation": 0.04328700000007757,
        "powerflow_computation": 0.03622169999994185,
        "total": 0.2625083000001496
    },
    "total": 0.3995322999999189
}