{
    "Agent": {
        "total": 0.33464899999762565
    },
    "Env": {
        "apply_act": 0.38425620000157323,
        "observation_computation": 0.20749559999831035,
        "powerflow_computation": 0.17689670000186197,
        "total": 0.7686485000017456
    },
    "total": 1.2866125999998985
}