{
    "Agent": {
        "total": 0.0053041999999123846
    },
    "Env": {
        "apply_act": 0.059033800000150904,
        "observation_computation": 0.04210240000003296,
        "powerflow_computation": 0.03554369999999096,
        "total": 0.13667990000017483
    },
    "total": 0.1824682000000024
}