{
    "Agent": {
        "total": 0.012562699848785996
    },
    "Env": {
        "apply_act": 0.02659180061891675,
        "observation_computation": 0.005867199506610632,
        "powerflow_computation": 0.005952099803835154,
        "total": 0.038411099929362535
    },
    "total": 0.05677970009855926
}