{
    "Agent": {
        "total": 0.04688170000071068
    },
    "Env": {
        "apply_act": 0.549220499999791,
        "observation_computation": 0.38886739999955466,
        "powerflow_computation": 0.34431410000021856,
        "total": 1.2824019999995642
    },
    "total": 1.7024314999999888
}