{
    "Agent": {
        "total": 0.2405851992079988
    },
    "Env": {
        "apply_act": 0.5959397000260651,
        "observation_computation": 0.09277529851533473,
        "powerflow_computation": 0.08678230154328048,
        "total": 0.7754973000846803
    },
    "total": 1.1121739000082016
}