{
    "Agent": {
        "total": 0.021896199672482908
    },
    "Env": {
        "apply_act": 0.05665580020286143,
        "observation_computation": 0.00998869992326945,
        "powerflow_computation": 0.011576900025829673,
        "total": 0.07822140015196055
    },
    "total": 0.10992429999168962
}