{
    "Agent": {
        "total": 0.06508389976806939
    },
    "Env": {
        "apply_act": 0.13455749989952892,
        "observation_computation": 0.0313913996797055,
        "powerflow_computation": 0.026131900725886226,
        "total": 0.19208080030512065
    },
    "total": 0.28727480000816286
}