{
    "Agent": {
        "total": 0.0009584000799804926
    },
    "Env": {
        "apply_act": 0.0,
        "observation_computation": 0.0,
        "powerflow_computation": 0.0,
        "total": 0.0
    },
    "total": 0.002037299796938896
}