{
    "Agent": {
        "total": 0.12777080000080332
    },
    "Env": {
        "apply_act": 0.28551770000126453,
        "observation_computation": 0.060775699999112476,
        "powerflow_computation": 0.05322820000162665,
        "total": 0.39952160000200365
    },
    "total": 0.5857037000000673
}