{
    "Agent": {
        "total": 0.07566760000145223
    },
    "Env": {
        "apply_act": 0.13344819999997526,
        "observation_computation": 0.03684989999919708,
        "powerflow_computation": 0.033019400000966925,
        "total": 0.20331750000013926
    },
    "total": 0.3147884999998496
}