{
    "Agent": {
        "total": 0.7028931999948327
    },
    "Env": {
        "apply_act": 1.0119394999990163,
        "observation_computation": 0.3563915000036104,
        "powerflow_computation": 0.30936750000705615,
        "total": 1.677698500009683
    },
    "total": 2.720861700000114
}