{
    "Agent": {
        "total": 0.013507600000124853
    },
    "Env": {
        "apply_act": 0.16458050000021274,
        "observation_computation": 0.11980900000014572,
        "powerflow_computation": 0.09820239999997682,
        "total": 0.38259190000033527
    },
    "total": 0.5058136999999903
}