{
    "Agent": {
        "total": 0.7870978006976657
    },
    "Env": {
        "apply_act": 2.075545100524323,
        "observation_computation": 0.3572352991322987,
        "powerflow_computation": 0.32522269955370575,
        "total": 2.7580030992103275
    },
    "total": 3.8936447000014596
}