{
    "Agent": {
        "total": 0.0135486003709957
    },
    "Env": {
        "apply_act": 0.023138400283642113,
        "observation_computation": 0.004832700127735734,
        "powerflow_computation": 0.005773099954240024,
        "total": 0.03374420036561787
    },
    "total": 0.052234499948099256
}