{
    "Agent": {
        "total": 0.05572180000081062
    },
    "Env": {
        "apply_act": 0.2604025999980877,
        "observation_computation": 0.05482229999870469,
        "powerflow_computation": 0.0475656000003255,
        "total": 0.3627904999971179
    },
    "total": 0.4665674999996554
}