{
    "Agent": {
        "total": 0.12167070072609931
    },
    "Env": {
        "apply_act": 0.4341926994966343,
        "observation_computation": 0.0871274002129212,
        "powerflow_computation": 0.0749113989295438,
        "total": 0.5962314986390993
    },
    "total": 0.8029775000177324
}