{
    "Agent": {
        "total": 0.1311492000531871
    },
    "Env": {
        "apply_act": 0.492116099660052,
        "observation_computation": 0.07795850021648221,
        "powerflow_computation": 0.07027120018028654,
        "total": 0.6403458000568207
    },
    "total": 0.8418364000099245
}