{
    "Agent": {
        "total": 0.058396100997924805
    },
    "Env": {
        "apply_act": 0.12398960045538843,
        "observation_computation": 0.023453499656170607,
        "powerflow_computation": 0.019947299966588616,
        "total": 0.16739040007814765
    },
    "total": 0.25025909999385476
}