{
    "Agent": {
        "total": 0.040598199935629964
    },
    "Env": {
        "apply_act": 0.1104769988451153,
        "observation_computation": 0.018400500062853098,
        "powerflow_computation": 0.01573829841800034,
        "total": 0.14461579732596874
    },
    "total": 0.20381740015000105
}