{
    "Agent": {
        "total": 0.0010604999999941356
    },
    "Env": {
        "apply_act": 0.0,
        "observation_computation": 0.0,
        "powerflow_computation": 0.0,
        "total": 0.0
    },
    "total": 0.003265100000021448
}