{
    "Agent": {
        "total": 0.4214391994755715
    },
    "Env": {
        "apply_act": 0.27942709997296333,
        "observation_computation": 0.0824799002148211,
        "powerflow_computation": 0.0770135005004704,
        "total": 0.43892050068825483
    },
    "total": 0.9341610999545082
}