{
    "Agent": {
        "total": 0.03746320016216487
    },
    "Env": {
        "apply_act": 0.10281870025210083,
        "observation_computation": 0.01754530007019639,
        "powerflow_computation": 0.0149470001924783,
        "total": 0.13531100051477551
    },
    "total": 0.1905788000440225
}