{
    "Agent": {
        "total": 0.04955419999964761
    },
    "Env": {
        "apply_act": 0.11050189999974691,
        "observation_computation": 0.021988400000395814,
        "powerflow_computation": 0.02076040000008561,
        "total": 0.15325070000022833
    },
    "total": 0.22355870000001232
}