{
    "Agent": {
        "total": 0.14988579999703688
    },
    "Env": {
        "apply_act": 0.6812456999964525,
        "observation_computation": 0.10400890000028085,
        "powerflow_computation": 0.08896409999806565,
        "total": 0.874218699994799
    },
    "total": 1.1269522999998571
}