{
    "Agent": {
        "total": 0.03956289996858686
    },
    "Env": {
        "apply_act": 0.12999359992682002,
        "observation_computation": 0.02294989995425567,
        "powerflow_computation": 0.02081019987235777,
        "total": 0.17375369975343347
    },
    "total": 0.23427700001047924
}