{
    "Agent": {
        "total": 0.1238245000012057
    },
    "Env": {
        "apply_act": 0.20637879999958386,
        "observation_computation": 0.062094000001252425,
        "powerflow_computation": 0.05520780000040304,
        "total": 0.3236806000012393
    },
    "total": 0.5091560000000754
}