{
    "Agent": {
        "total": 0.0415072999894619
    },
    "Env": {
        "apply_act": 0.13745160191319883,
        "observation_computation": 0.029470499139279127,
        "powerflow_computation": 0.025428599445149302,
        "total": 0.19235070049762726
    },
    "total": 0.26196009991690516
}