{
    "Agent": {
        "total": 0.0749376000603661
    },
    "Env": {
        "apply_act": 0.27957290108315647,
        "observation_computation": 0.05429130035918206,
        "powerflow_computation": 0.047013298724778,
        "total": 0.3808775001671165
    },
    "total": 0.5081124999560416
}