{
    "Agent": {
        "total": 0.165719602140598
    },
    "Env": {
        "apply_act": 0.474854500615038,
        "observation_computation": 0.07562780007719994,
        "powerflow_computation": 0.06306369882076979,
        "total": 0.6135459995130077
    },
    "total": 0.8519140999997035
}