{
    "Agent": {
        "total": 0.05665779986884445
    },
    "Env": {
        "apply_act": 0.15410930011421442,
        "observation_computation": 0.02596009965054691,
        "powerflow_computation": 0.022682199371047318,
        "total": 0.20275159913580865
    },
    "total": 0.2853196000214666
}