{
    "Agent": {
        "total": 0.04550609947182238
    },
    "Env": {
        "apply_act": 0.09823610039893538,
        "observation_computation": 0.01884390041232109,
        "powerflow_computation": 0.01603700069244951,
        "total": 0.13311700150370598
    },
    "total": 0.1972324000671506
}