{
    "Agent": {
        "total": 0.07924809999803983
    },
    "Env": {
        "apply_act": 0.16299849999768412,
        "observation_computation": 0.02451310000196827,
        "powerflow_computation": 0.02141170000004422,
        "total": 0.2089232999996966
    },
    "total": 0.3120761999998649
}