{
    "Agent": {
        "total": 0.19900789999519475
    },
    "Env": {
        "apply_act": 0.5634246000013263,
        "observation_computation": 0.08645639999940613,
        "powerflow_computation": 0.08036689999562441,
        "total": 0.7302478999963569
    },
    "total": 1.0136419000000387
}