{
    "Agent": {
        "total": 0.074683300000288
    },
    "Env": {
        "apply_act": 0.16608719999987898,
        "observation_computation": 0.028995699999541102,
        "powerflow_computation": 0.0284988999989082,
        "total": 0.22358179999832828
    },
    "total": 0.32868359999997665
}