{
    "Agent": {
        "total": 0.3375165999983665
    },
    "Env": {
        "apply_act": 0.7347238000000971,
        "observation_computation": 0.1557594999991352,
        "powerflow_computation": 0.13543500000105269,
        "total": 1.025918300000285
    },
    "total": 1.514319799999953
}