{
    "Agent": {
        "total": 0.04312299867160618
    },
    "Env": {
        "apply_act": 0.08582319994457066,
        "observation_computation": 0.021811999613419175,
        "powerflow_computation": 0.020126501563936472,
        "total": 0.1277617011219263
    },
    "total": 0.19186480017378926
}