{
    "Agent": {
        "total": 0.0588917990680784
    },
    "Env": {
        "apply_act": 0.11402189987711608,
        "observation_computation": 0.023231301689520478,
        "powerflow_computation": 0.019917198922485113,
        "total": 0.15717040048912168
    },
    "total": 0.23978179995901883
}