{
    "Agent": {
        "total": 0.1330574999996088
    },
    "Env": {
        "apply_act": 0.2595553999989306,
        "observation_computation": 0.05984690000070714,
        "powerflow_computation": 0.05191950000107681,
        "total": 0.3713218000007146
    },
    "total": 0.5627350999999408
}