{
    "Agent": {
        "total": 0.028726899879984558
    },
    "Env": {
        "apply_act": 0.057153500034473836,
        "observation_computation": 0.01336450013332069,
        "powerflow_computation": 0.011816600454039872,
        "total": 0.0823346006218344
    },
    "total": 0.12429439998231828
}