{
    "Agent": {
        "total": 0.013851500001010209
    },
    "Env": {
        "apply_act": 0.02918199999976423,
        "observation_computation": 0.005639000000428496,
        "powerflow_computation": 0.005758999999898151,
        "total": 0.04058000000009088
    },
    "total": 0.060268800000130796
}