{
    "Agent": {
        "total": 0.2010833000022103
    },
    "Env": {
        "apply_act": 1.2624857000000702,
        "observation_computation": 0.20406499999944572,
        "powerflow_computation": 0.1747203000013542,
        "total": 1.6412710000008701
    },
    "total": 2.019539199999599
}