{
    "Agent": {
        "total": 0.030943499999693813
    },
    "Env": {
        "apply_act": 0.03253159999962918,
        "observation_computation": 0.01964610000072753,
        "powerflow_computation": 0.01715049999893381,
        "total": 0.06932819999929052
    },
    "total": 0.11776359999998931
}