{
    "Agent": {
        "total": 0.07440819995827042
    },
    "Env": {
        "apply_act": 0.16993830009596422,
        "observation_computation": 0.030354300077306107,
        "powerflow_computation": 0.02554450006573461,
        "total": 0.22583710023900494
    },
    "total": 0.33154149999609217
}