{
    "Agent": {
        "total": 0.6050798000105715
    },
    "Env": {
        "apply_act": 0.3259544000202368,
        "observation_computation": 0.20453729998098424,
        "powerflow_computation": 0.18817499998840503,
        "total": 0.7186666999896261
    },
    "total": 1.522853300000861
}