{
    "Agent": {
        "total": 0.1775277000042479
    },
    "Env": {
        "apply_act": 0.6122711999973944,
        "observation_computation": 0.12147200000117664,
        "powerflow_computation": 0.10193840000329146,
        "total": 0.8356816000018625
    },
    "total": 1.1241337000001295
}