{
    "Agent": {
        "total": 0.007291500456631184
    },
    "Env": {
        "apply_act": 0.015324900159612298,
        "observation_computation": 0.0030879999976605177,
        "powerflow_computation": 0.0031432993710041046,
        "total": 0.02155619952827692
    },
    "total": 0.032006500056013465
}