{
    "Agent": {
        "total": 0.043821899999784364
    },
    "Env": {
        "apply_act": 0.17294339999932618,
        "observation_computation": 0.02482870000051207,
        "powerflow_computation": 0.020832200000768353,
        "total": 0.2186043000006066
    },
    "total": 0.28752320000000964
}