{
    "Agent": {
        "total": 0.23449520044960082
    },
    "Env": {
        "apply_act": 0.6680148015730083,
        "observation_computation": 0.1455410986673087,
        "powerflow_computation": 0.14027479896321893,
        "total": 0.9538306992035359
    },
    "total": 1.3176736999303102
}