{
    "Agent": {
        "total": 0.06458280000060768
    },
    "Env": {
        "apply_act": 0.18200880000040343,
        "observation_computation": 0.027085300000180723,
        "powerflow_computation": 0.023173699994003982,
        "total": 0.23226779999458813
    },
    "total": 0.3247160000000804
}