{
    "Agent": {
        "total": 0.020597200142219663
    },
    "Env": {
        "apply_act": 0.07316599925979972,
        "observation_computation": 0.014922799076884985,
        "powerflow_computation": 0.013339600758627057,
        "total": 0.10142839909531176
    },
    "total": 0.13720869994722307
}