{
    "Agent": {
        "total": 0.10864589991979301
    },
    "Env": {
        "apply_act": 0.37060210201889277,
        "observation_computation": 0.07808609947096556,
        "powerflow_computation": 0.07106149883475155,
        "total": 0.5197497003246099
    },
    "total": 0.703740100027062
}