{
    "Agent": {
        "total": 0.11987649999537098
    },
    "Env": {
        "apply_act": 0.06672999999591411,
        "observation_computation": 0.04272130000481411,
        "powerflow_computation": 0.036459699992519745,
        "total": 0.14591099999324797
    },
    "total": 0.3057871000000887
}