{
    "Agent": {
        "total": 0.09655910008586943
    },
    "Env": {
        "apply_act": 0.2424479997716844,
        "observation_computation": 0.05386399896815419,
        "powerflow_computation": 0.04739009961485863,
        "total": 0.3437020983546972
    },
    "total": 0.48940049996599555
}