{
    "Agent": {
        "total": 0.02306529999987106
    },
    "Env": {
        "apply_act": 0.06783729999960997,
        "observation_computation": 0.01310330000023896,
        "powerflow_computation": 0.010981000000356289,
        "total": 0.09192160000020522
    },
    "total": 0.12936960000024555
}