{
    "Agent": {
        "total": 0.1708132999483496
    },
    "Env": {
        "apply_act": 0.6623703030636534,
        "observation_computation": 0.1267619007267058,
        "powerflow_computation": 0.11228519934229553,
        "total": 0.9014174031326547
    },
    "total": 1.1929388999706134
}