{
    "Agent": {
        "total": 0.0869366999831982
    },
    "Env": {
        "apply_act": 0.18405300029553473,
        "observation_computation": 0.029940500273369253,
        "powerflow_computation": 0.025391000206582248,
        "total": 0.23938450077548623
    },
    "total": 0.35722599999280646
}