{
    "Agent": {
        "total": 0.018317600000045786
    },
    "Env": {
        "apply_act": 0.05179869999915354,
        "observation_computation": 0.013511200000266399,
        "powerflow_computation": 0.011929200001532081,
        "total": 0.07723910000095202
    },
    "total": 0.10808469999983572
}