{
    "Agent": {
        "total": 0.08070800000047029
    },
    "Env": {
        "apply_act": 0.1906390000002034,
        "observation_computation": 0.03200419999990345,
        "powerflow_computation": 0.027986800000860512,
        "total": 0.25063000000096736
    },
    "total": 0.36424770000002127
}