{
    "Agent": {
        "total": 0.27887139935046434
    },
    "Env": {
        "apply_act": 0.7410351003054529,
        "observation_computation": 0.13509769877418876,
        "powerflow_computation": 0.12126250087749213,
        "total": 0.9973952999571338
    },
    "total": 1.4092162000015378
}