{
    "Agent": {
        "total": 0.02363920013885945
    },
    "Env": {
        "apply_act": 0.08271920005790889,
        "observation_computation": 0.01727839990053326,
        "powerflow_computation": 0.01479510054923594,
        "total": 0.11479270050767809
    },
    "total": 0.15578749997075647
}