{
    "Agent": {
        "total": 0.20284920019912533
    },
    "Env": {
        "apply_act": 0.5202639997587539,
        "observation_computation": 0.09672319993842393,
        "powerflow_computation": 0.0852254000492394,
        "total": 0.7022125997464173
    },
    "total": 0.9974262999894563
}