{
    "Agent": {
        "total": 0.020047000000033677
    },
    "Env": {
        "apply_act": 0.2288562000007346,
        "observation_computation": 0.30555170000030785,
        "powerflow_computation": 0.13184340000026396,
        "total": 0.6662513000013064
    },
    "total": 0.828903299999979
}