{
    "Agent": {
        "total": 0.03815559973008931
    },
    "Env": {
        "apply_act": 0.09815119975246489,
        "observation_computation": 0.017476698849350214,
        "powerflow_computation": 0.014738799538463354,
        "total": 0.13036669814027846
    },
    "total": 0.18600569991394877
}