{
    "Agent": {
        "total": 0.056347599999753584
    },
    "Env": {
        "apply_act": 0.1855779000009079,
        "observation_computation": 0.02993449999951281,
        "powerflow_computation": 0.03169319999972231,
        "total": 0.24720560000014302
    },
    "total": 0.3316933999999492
}