{
    "Agent": {
        "total": 0.08996119999966368
    },
    "Env": {
        "apply_act": 0.22822940000025937,
        "observation_computation": 0.0386726999999496,
        "powerflow_computation": 0.032354699999245895,
        "total": 0.29925679999945487
    },
    "total": 0.42743490000003703
}