{
    "Agent": {
        "total": 0.17397129999972094
    },
    "Env": {
        "apply_act": 1.140838600002553,
        "observation_computation": 0.1720608999930846,
        "powerflow_computation": 0.14391840000007505,
        "total": 1.4568178999957127
    },
    "total": 1.7830635999998776
}