{
    "Agent": {
        "total": 0.001998599999922135
    },
    "Env": {
        "apply_act": 0.02276629999992963,
        "observation_computation": 0.01665999999995904,
        "powerflow_computation": 0.014719700000014768,
        "total": 0.05414599999990344
    },
    "total": 0.07136459999999545
}