{
    "Agent": {
        "total": 0.03210040000021763
    },
    "Env": {
        "apply_act": 0.3487969000001101,
        "observation_computation": 0.2652658000001793,
        "powerflow_computation": 0.21192619999987983,
        "total": 0.8259889000001692
    },
    "total": 1.0972260000000063
}