{
    "Agent": {
        "total": 0.0657554000000573
    },
    "Env": {
        "apply_act": 0.15253689999991593,
        "observation_computation": 0.02734520000029761,
        "powerflow_computation": 0.02365769999994427,
        "total": 0.2035398000001578
    },
    "total": 0.2970614999999839
}