{
    "Agent": {
        "total": 0.07481509999888658
    },
    "Env": {
        "apply_act": 0.08443929999975808,
        "observation_computation": 0.05206660000021657,
        "powerflow_computation": 0.04500930000040171,
        "total": 0.18151520000037635
    },
    "total": 0.30226599999991777
}