{
    "Agent": {
        "total": 0.12375209999993331
    },
    "Env": {
        "apply_act": 0.10613340000088556,
        "observation_computation": 0.06183999999950629,
        "powerflow_computation": 0.057136399999308196,
        "total": 0.22510979999970004
    },
    "total": 0.408281699999975
}