{
    "Agent": {
        "total": 0.05774889967869967
    },
    "Env": {
        "apply_act": 0.12213289877399802,
        "observation_computation": 0.023372399737127125,
        "powerflow_computation": 0.02340560092125088,
        "total": 0.16891089943237603
    },
    "total": 0.25024690001737326
}