{
    "Agent": {
        "total": 0.031885899719782174
    },
    "Env": {
        "apply_act": 0.113422199501656,
        "observation_computation": 0.023518299334682524,
        "powerflow_computation": 0.021225900505669415,
        "total": 0.15816639934200794
    },
    "total": 0.21343720005825162
}