{
    "Agent": {
        "total": 0.02043529972434044
    },
    "Env": {
        "apply_act": 0.0561721995472908,
        "observation_computation": 0.014391700271517038,
        "powerflow_computation": 0.012212599394842982,
        "total": 0.08277649921365082
    },
    "total": 0.11833460000343621
}