{
    "Agent": {
        "total": 0.04149590000019998
    },
    "Env": {
        "apply_act": 0.09492419999924095,
        "observation_computation": 0.018565399999488363,
        "powerflow_computation": 0.01826970000001893,
        "total": 0.13175929999874825
    },
    "total": 0.1902500000001055
}