{
    "Agent": {
        "total": 0.022824199999917028
    },
    "Env": {
        "apply_act": 0.2579658999995047,
        "observation_computation": 0.3040591999997275,
        "powerflow_computation": 0.15384109999999396,
        "total": 0.7158661999992262
    },
    "total": 0.9133059000000117
}