{
    "Agent": {
        "total": 0.026216500904411077
    },
    "Env": {
        "apply_act": 0.06623720028437674,
        "observation_computation": 0.012000099988654256,
        "powerflow_computation": 0.010481498902663589,
        "total": 0.08871879917569458
    },
    "total": 0.1273453999310732
}