{
    "Agent": {
        "total": 0.014608000000407628
    },
    "Env": {
        "apply_act": 0.03543869999884919,
        "observation_computation": 0.006222199999911027,
        "powerflow_computation": 0.006296899999369998,
        "total": 0.04795779999813021
    },
    "total": 0.06882539999992332
}