{
    "Agent": {
        "total": 0.47924160000411575
    },
    "Env": {
        "apply_act": 0.9069960000056199,
        "observation_computation": 0.22790489999306374,
        "powerflow_computation": 0.18696959999488172,
        "total": 1.3218704999935653
    },
    "total": 2.0016795999999886
}