{
    "Agent": {
        "total": 0.031168300000416593
    },
    "Env": {
        "apply_act": 0.3441005000001809,
        "observation_computation": 0.25139259999988894,
        "powerflow_computation": 0.21329450000008876,
        "total": 0.8087876000001586
    },
    "total": 1.076816100000002
}