{
    "Agent": {
        "total": 0.04445009911432862
    },
    "Env": {
        "apply_act": 0.14758750004693866,
        "observation_computation": 0.033888199366629124,
        "powerflow_computation": 0.030380400829017162,
        "total": 0.21185610024258494
    },
    "total": 0.28785469988361
}