{
    "Agent": {
        "total": 0.05149109906051308
    },
    "Env": {
        "apply_act": 0.13280699925962836,
        "observation_computation": 0.02143350092228502,
        "powerflow_computation": 0.018555900314822793,
        "total": 0.17279640049673617
    },
    "total": 0.24629229994025081
}