{
    "Agent": {
        "total": 0.02536230000022499
    },
    "Env": {
        "apply_act": 0.2864022999997644,
        "observation_computation": 0.20349140000014643,
        "powerflow_computation": 0.17933340000003284,
        "total": 0.6692270999999437
    },
    "total": 0.8861227000000014
}