{
    "Agent": {
        "total": 0.20583730074577034
    },
    "Env": {
        "apply_act": 0.7337711013387889,
        "observation_computation": 0.1537907988531515,
        "powerflow_computation": 0.1457419014768675,
        "total": 1.0333038016688079
    },
    "total": 1.3813884000992402
}