{
    "Agent": {
        "total": 0.09152369759976864
    },
    "Env": {
        "apply_act": 0.17677549785003066,
        "observation_computation": 0.04639249970205128,
        "powerflow_computation": 0.03935000183992088,
        "total": 0.2625179993920028
    },
    "total": 0.3984733000397682
}