{
    "Agent": {
        "total": 0.06726289994549006
    },
    "Env": {
        "apply_act": 0.2991547999117756,
        "observation_computation": 0.061304799950448796,
        "powerflow_computation": 0.050395900034345686,
        "total": 0.4108554998965701
    },
    "total": 0.5363766000082251
}