{
    "Agent": {
        "total": 0.01550250000110509
    },
    "Env": {
        "apply_act": 0.17994909999964648,
        "observation_computation": 0.128815999999631,
        "powerflow_computation": 0.10550470000055157,
        "total": 0.41426979999982905
    },
    "total": 0.548298299999999
}