{
    "Agent": {
        "total": 0.047407698817551136
    },
    "Env": {
        "apply_act": 0.2209354001097381,
        "observation_computation": 0.015768399694934487,
        "powerflow_computation": 0.014790999703109264,
        "total": 0.25149479950778186
    },
    "total": 0.3144892000127584
}