{
    "Agent": {
        "total": 0.02063519973307848
    },
    "Env": {
        "apply_act": 0.022568600717931986,
        "observation_computation": 0.012863598763942719,
        "powerflow_computation": 0.01328559941612184,
        "total": 0.048717798897996545
    },
    "total": 0.08104279986582696
}