{
    "Agent": {
        "total": 0.013774600000033388
    },
    "Env": {
        "apply_act": 0.015182100000401988,
        "observation_computation": 0.008806099999446815,
        "powerflow_computation": 0.008651399999735077,
        "total": 0.03263959999958388
    },
    "total": 0.05477450000012141
}