{
    "Agent": {
        "total": 0.14447519974783063
    },
    "Env": {
        "apply_act": 0.5879793006461114,
        "observation_computation": 0.10616619838401675,
        "powerflow_computation": 0.09472319995984435,
        "total": 0.7888686989899725
    },
    "total": 1.0334302999544889
}