{
    "Agent": {
        "total": 0.028665300575084984
    },
    "Env": {
        "apply_act": 0.08725069917272776,
        "observation_computation": 0.019818999338895082,
        "powerflow_computation": 0.017924300162121654,
        "total": 0.1249939986737445
    },
    "total": 0.17274570011068135
}