{
    "Agent": {
        "total": 0.34695029974682257
    },
    "Env": {
        "apply_act": 2.2614445014623925,
        "observation_computation": 0.31359500001417473,
        "powerflow_computation": 0.28157070046290755,
        "total": 2.856610201939475
    },
    "total": 3.4804390000062995
}