{
    "Agent": {
        "total": 0.24304439999923488
    },
    "Env": {
        "apply_act": 0.5276747000008299,
        "observation_computation": 0.1081297000006316,
        "powerflow_computation": 0.09459529999912775,
        "total": 0.7303997000005893
    },
    "total": 1.0762980000000653
}