{
    "Agent": {
        "total": 0.012085000000027435
    },
    "Env": {
        "apply_act": 0.13714029999997024,
        "observation_computation": 0.09831789999997653,
        "powerflow_computation": 0.0855008999999427,
        "total": 0.3209590999998895
    },
    "total": 0.427777600000006
}