{
    "Agent": {
        "total": 0.0035005000000296604
    },
    "Env": {
        "apply_act": 0.03729179999993448,
        "observation_computation": 0.028335500000366665,
        "powerflow_computation": 0.025237900000149693,
        "total": 0.09086520000045084
    },
    "total": 0.11842280000001892
}