{
    "Agent": {
        "total": 0.6033550999939052
    },
    "Env": {
        "apply_act": 1.0084317999969699,
        "observation_computation": 0.3026869000034367,
        "powerflow_computation": 0.26608749999877546,
        "total": 1.577206199999182
    },
    "total": 2.4692236999999295
}