{
    "Agent": {
        "total": 0.009285799999361188
    },
    "Env": {
        "apply_act": 0.029114900000422494,
        "observation_computation": 0.006479200000285346,
        "powerflow_computation": 0.00651600000014696,
        "total": 0.0421101000008548
    },
    "total": 0.05791280000016741
}