{
    "Agent": {
        "total": 0.007515300298109651
    },
    "Env": {
        "apply_act": 0.01616540038958192,
        "observation_computation": 0.00263040023855865,
        "powerflow_computation": 0.002845299895852804,
        "total": 0.021641100523993373
    },
    "total": 0.032177000073716044
}