{
    "Agent": {
        "total": 0.01930299999867202
    },
    "Env": {
        "apply_act": 0.07454059999827223,
        "observation_computation": 0.010901300000568881,
        "powerflow_computation": 0.010301800000434014,
        "total": 0.09574369999927512
    },
    "total": 0.12550980000014533
}