{
    "Agent": {
        "total": 0.15504379977937788
    },
    "Env": {
        "apply_act": 0.45476159977260977,
        "observation_computation": 0.07588180003222078,
        "powerflow_computation": 0.07290929998271167,
        "total": 0.6035526997875422
    },
    "total": 0.8306857000570744
}