{
    "Agent": {
        "total": 0.01430820000001276
    },
    "Env": {
        "apply_act": 0.16473139999997777,
        "observation_computation": 0.20611650000000914,
        "powerflow_computation": 0.1013314999999988,
        "total": 0.4721793999999857
    },
    "total": 0.5940730999999992
}