{
    "Agent": {
        "total": 0.12042740000015328
    },
    "Env": {
        "apply_act": 0.2750984999988759,
        "observation_computation": 0.05694090000019969,
        "powerflow_computation": 0.05199399999912657,
        "total": 0.3840333999982022
    },
    "total": 0.5594080000000758
}