{
    "Agent": {
        "total": 0.6639047999633476
    },
    "Env": {
        "apply_act": 0.15389249986037612,
        "observation_computation": 0.057848700089380145,
        "powerflow_computation": 0.0607375001127366,
        "total": 0.27247870006249286
    },
    "total": 1.0014964999863878
}