{
    "Agent": {
        "total": 0.03624869999873681
    },
    "Env": {
        "apply_act": 0.39855420000014874,
        "observation_computation": 0.27688620000037645,
        "powerflow_computation": 0.2190741000002845,
        "total": 0.8945145000008097
    },
    "total": 1.18152230000004
}