{
    "Agent": {
        "total": 0.05552380000004575
    },
    "Env": {
        "apply_act": 0.477828800000097,
        "observation_computation": 0.35046700000004094,
        "powerflow_computation": 0.2876755000000024,
        "total": 1.1159713000001403
    },
    "total": 1.6204698999999998
}