{
    "Agent": {
        "total": 0.06878880000022036
    },
    "Env": {
        "apply_act": 0.14924480000070162,
        "observation_computation": 0.026663299999995616,
        "powerflow_computation": 0.02245589999972708,
        "total": 0.1983640000004243
    },
    "total": 0.2951187999999547
}