{
    "Agent": {
        "total": 0.03656240087002516
    },
    "Env": {
        "apply_act": 0.08522030152380466,
        "observation_computation": 0.026979898335412145,
        "powerflow_computation": 0.023117699660360813,
        "total": 0.13531789951957762
    },
    "total": 0.19741769996471703
}