{
    "Agent": {
        "total": 0.08412509970366955
    },
    "Env": {
        "apply_act": 0.17445739993127063,
        "observation_computation": 0.03199750045314431,
        "powerflow_computation": 0.029020199668593705,
        "total": 0.23547510005300865
    },
    "total": 0.3522419999935664
}