{
    "Agent": {
        "total": 0.2767486006487161
    },
    "Env": {
        "apply_act": 0.7541683011222631,
        "observation_computation": 0.13072460039984435,
        "powerflow_computation": 0.11602230044081807,
        "total": 1.0009152019629255
    },
    "total": 1.4021430000429973
}