{
    "Agent": {
        "total": 0.08734260000255745
    },
    "Env": {
        "apply_act": 0.3253242999990107,
        "observation_computation": 0.0516235000004599,
        "powerflow_computation": 0.04736860000093657,
        "total": 0.42431640000040716
    },
    "total": 0.5606631999999081
}