{
    "Agent": {
        "total": 0.16488379903603345
    },
    "Env": {
        "apply_act": 0.4509752010926604,
        "observation_computation": 0.09893180057406425,
        "powerflow_computation": 0.08428819966502488,
        "total": 0.6341952013317496
    },
    "total": 0.8884156999411061
}