{
    "Agent": {
        "total": 0.0026386999997782823
    },
    "Env": {
        "apply_act": 0.03245539999988978,
        "observation_computation": 0.021662300000087953,
        "powerflow_computation": 0.022855000000220116,
        "total": 0.07697270000019785
    },
    "total": 0.09986950000001116
}