{
    "Agent": {
        "total": 0.9822112999891033
    },
    "Env": {
        "apply_act": 0.7465544999731719,
        "observation_computation": 0.37383039998894674,
        "powerflow_computation": 0.32530550002320524,
        "total": 1.445690399985324
    },
    "total": 2.7794231999996555
}