{
    "Agent": {
        "total": 0.04043600000003167
    },
    "Env": {
        "apply_act": 0.42532889999994694,
        "observation_computation": 0.31707169999997475,
        "powerflow_computation": 0.2566948000000693,
        "total": 0.999095399999991
    },
    "total": 1.3397661999999997
}