{
    "Agent": {
        "total": 0.00813860003836453
    },
    "Env": {
        "apply_act": 0.016026200144551694,
        "observation_computation": 0.002990100299939513,
        "powerflow_computation": 0.002674599993042648,
        "total": 0.021690900437533855
    },
    "total": 0.033000600058585405
}