{
    "Agent": {
        "total": 0.13378130027558655
    },
    "Env": {
        "apply_act": 0.3087060999823734,
        "observation_computation": 0.08300889923702925,
        "powerflow_computation": 0.07263730012346059,
        "total": 0.46435229934286326
    },
    "total": 0.6726865000091493
}