{
    "Agent": {
        "total": 0.006247300000040923
    },
    "Env": {
        "apply_act": 0.06956739999978367,
        "observation_computation": 0.05005239999999844,
        "powerflow_computation": 0.04366069999994693,
        "total": 0.16328049999972905
    },
    "total": 0.22956279999999651
}