{
    "Agent": {
        "total": 0.023593599998548598
    },
    "Env": {
        "apply_act": 0.0716391000009935,
        "observation_computation": 0.01362829999970927,
        "powerflow_computation": 0.011200000001281296,
        "total": 0.09646740000198406
    },
    "total": 0.13479579999966518
}