{
    "Agent": {
        "total": 0.017298000001119362
    },
    "Env": {
        "apply_act": 0.060319100000469916,
        "observation_computation": 0.009653199998410855,
        "powerflow_computation": 0.009163799999896582,
        "total": 0.07913609999877735
    },
    "total": 0.10566519999974844
}