{
    "Agent": {
        "total": 0.8814383000117232
    },
    "Env": {
        "apply_act": 0.9433186999890495,
        "observation_computation": 0.5754020999856948,
        "powerflow_computation": 0.49197609999828273,
        "total": 2.010696899973027
    },
    "total": 3.4049659000002066
}