{
    "Agent": {
        "total": 0.21291649999966467
    },
    "Env": {
        "apply_act": 0.8026808000040546,
        "observation_computation": 0.11035249999167718,
        "powerflow_computation": 0.09190709999711544,
        "total": 1.0049403999928472
    },
    "total": 1.3165503000000172
}