{
    "Agent": {
        "total": 0.04990310058929026
    },
    "Env": {
        "apply_act": 0.18166740075685084,
        "observation_computation": 0.03759589954279363,
        "powerflow_computation": 0.03257350018247962,
        "total": 0.2518368004821241
    },
    "total": 0.3370290999300778
}