{
    "Agent": {
        "total": 0.09427169999844409
    },
    "Env": {
        "apply_act": 0.1118261999997685,
        "observation_computation": 0.046157400000083726,
        "powerflow_computation": 0.04036449999944125,
        "total": 0.19834809999929348
    },
    "total": 0.3373375999999553
}