{
    "Agent": {
        "total": 0.1593572999117896
    },
    "Env": {
        "apply_act": 0.3809528002748266,
        "observation_computation": 0.06482740119099617,
        "powerflow_computation": 0.05941439978778362,
        "total": 0.5051946012536064
    },
    "total": 0.7265518000349402
}