{
    "Agent": {
        "total": 0.0009313000000474858
    },
    "Env": {
        "apply_act": 0.0,
        "observation_computation": 0.0,
        "powerflow_computation": 0.0,
        "total": 0.0
    },
    "total": 0.002040500000020984
}