{
    "Agent": {
        "total": 0.009560899999897288
    },
    "Env": {
        "apply_act": 0.09517010000021031,
        "observation_computation": 0.06854469999992574,
        "powerflow_computation": 0.06018270000013359,
        "total": 0.22389750000026964
    },
    "total": 0.2977023999999986
}