{
    "Agent": {
        "total": 0.5445610000047054
    },
    "Env": {
        "apply_act": 0.5320678000030057,
        "observation_computation": 0.33176030000095125,
        "powerflow_computation": 0.27361920000498685,
        "total": 1.1374473000089438
    },
    "total": 1.978147399999898
}