{
    "Agent": {
        "total": 0.07689309999977922
    },
    "Env": {
        "apply_act": 0.13498939999954018,
        "observation_computation": 0.053806699998858676,
        "powerflow_computation": 0.045033999998622676,
        "total": 0.23383009999702153
    },
    "total": 0.3584392000000207
}