{
    "Agent": {
        "total": 0.004963899999779642
    },
    "Env": {
        "apply_act": 0.012288400000102229,
        "observation_computation": 0.002130000000079235,
        "powerflow_computation": 0.0018234999998867352,
        "total": 0.0162419000000682
    },
    "total": 0.025300099999981285
}