{
    "Agent": {
        "total": 0.0013186000287532806
    },
    "Env": {
        "apply_act": 0.0,
        "observation_computation": 0.0,
        "powerflow_computation": 0.0,
        "total": 0.0
    },
    "total": 0.0026226998306810856
}