{
    "Agent": {
        "total": 0.4082955002086237
    },
    "Env": {
        "apply_act": 1.1831540015991777,
        "observation_computation": 0.18124740140046924,
        "powerflow_computation": 0.15407179831527174,
        "total": 1.5184732013149187
    },
    "total": 2.100168300094083
}