{
    "Agent": {
        "total": 0.024614599999040365
    },
    "Env": {
        "apply_act": 0.038982900558039546,
        "observation_computation": 0.017285700421780348,
        "powerflow_computation": 0.01707110065035522,
        "total": 0.07333970163017511
    },
    "total": 0.1146148000843823
}