{
    "Agent": {
        "total": 0.5376004988793284
    },
    "Env": {
        "apply_act": 0.6936827020253986,
        "observation_computation": 0.32207379792816937,
        "powerflow_computation": 0.26713590044528246,
        "total": 1.2828924003988504
    },
    "total": 2.097546299919486
}