{
    "Agent": {
        "total": 0.05432249850127846
    },
    "Env": {
        "apply_act": 0.19699219928588718,
        "observation_computation": 0.04186019953340292,
        "powerflow_computation": 0.03606399998534471,
        "total": 0.2749163988046348
    },
    "total": 0.36917810002341866
}