{
    "Agent": {
        "total": 0.02395790000036868
    },
    "Env": {
        "apply_act": 0.07200280000279236,
        "observation_computation": 0.01679180000087399,
        "powerflow_computation": 0.01497470000094836,
        "total": 0.1037693000046147
    },
    "total": 0.14423850000002858
}