{
    "Agent": {
        "total": 0.0766899000001331
    },
    "Env": {
        "apply_act": 0.15688150000005407,
        "observation_computation": 0.027849400000945934,
        "powerflow_computation": 0.02423099999975875,
        "total": 0.20896190000075876
    },
    "total": 0.3141160000000127
}