{
    "Agent": {
        "total": 0.061943300417624414
    },
    "Env": {
        "apply_act": 0.17812979884911329,
        "observation_computation": 0.028675299952737987,
        "powerflow_computation": 0.03258149931207299,
        "total": 0.23938659811392426
    },
    "total": 0.3296377999940887
}