{
    "Agent": {
        "total": 0.012974499957635999
    },
    "Env": {
        "apply_act": 0.014552700449712574,
        "observation_computation": 0.00895239959936589,
        "powerflow_computation": 0.008153800386935472,
        "total": 0.03165890043601394
    },
    "total": 0.05337029998190701
}