{
    "Agent": {
        "total": 0.24295020080171525
    },
    "Env": {
        "apply_act": 0.9838858008151874,
        "observation_computation": 0.1889398996718228,
        "powerflow_computation": 0.16434629959985614,
        "total": 1.3371720000868663
    },
    "total": 1.7578043000539765
}