{
    "Agent": {
        "total": 0.028360200000179248
    },
    "Env": {
        "apply_act": 0.04496659999995245,
        "observation_computation": 0.008458199999950011,
        "powerflow_computation": 0.0066804999999021675,
        "total": 0.06010529999980463
    },
    "total": 0.10004670000000715
}