{
    "Agent": {
        "total": 0.12334650000593683
    },
    "Env": {
        "apply_act": 0.07322619999831659,
        "observation_computation": 0.04594619999079441,
        "powerflow_computation": 0.03945639999619743,
        "total": 0.15862879998530843
    },
    "total": 0.32486229999994976
}