{
    "Agent": {
        "total": 0.058121100000562365
    },
    "Env": {
        "apply_act": 0.09814920000098937,
        "observation_computation": 0.024756699999215925,
        "powerflow_computation": 0.02322030000027553,
        "total": 0.14612620000048082
    },
    "total": 0.2285389999999552
}