{
    "Agent": {
        "total": 0.43568849999246595
    },
    "Env": {
        "apply_act": 2.5904890000019805,
        "observation_computation": 0.43658489999597805,
        "powerflow_computation": 0.3821148999941215,
        "total": 3.40918879999208
    },
    "total": 4.227705799999967
}