{
    "Agent": {
        "total": 0.1111698999982309
    },
    "Env": {
        "apply_act": 0.26143080000201735,
        "observation_computation": 0.04650270000047385,
        "powerflow_computation": 0.04148800000098163,
        "total": 0.34942150000347283
    },
    "total": 0.5069822000000386
}