{
    "Agent": {
        "total": 0.4906640000037896
    },
    "Env": {
        "apply_act": 1.5410326000019268,
        "observation_computation": 0.33903839999857155,
        "powerflow_computation": 0.2835123999989264,
        "total": 2.1635833999994247
    },
    "total": 2.9528376000000662
}