{
    "Agent": {
        "total": 0.0406133986543864
    },
    "Env": {
        "apply_act": 0.13104019954334944,
        "observation_computation": 0.026455699698999524,
        "powerflow_computation": 0.024264100356958807,
        "total": 0.18175999959930778
    },
    "total": 0.24843199993483722
}