{
    "Agent": {
        "total": 0.054480299999966064
    },
    "Env": {
        "apply_act": 0.1389812000000461,
        "observation_computation": 0.024290899999868998,
        "powerflow_computation": 0.02057689999998047,
        "total": 0.18384899999989557
    },
    "total": 0.2732232000000181
}