{
    "Agent": {
        "total": 0.001201899999955458
    },
    "Env": {
        "apply_act": 0.0,
        "observation_computation": 0.0,
        "powerflow_computation": 0.0,
        "total": 0.0
    },
    "total": 0.0034327000000757835
}