{
    "Agent": {
        "total": 0.18831570132169873
    },
    "Env": {
        "apply_act": 0.488282099715434,
        "observation_computation": 0.08077559946104884,
        "powerflow_computation": 0.0706570006441325,
        "total": 0.6397146998206154
    },
    "total": 0.9053148999810219
}