{
    "Agent": {
        "total": 0.30308289953973144
    },
    "Env": {
        "apply_act": 0.6437245011329651,
        "observation_computation": 0.14660600072238594,
        "powerflow_computation": 0.12848810001742095,
        "total": 0.918818601872772
    },
    "total": 1.3649824999738485
}