{
    "Agent": {
        "total": 0.26168340000458556
    },
    "Env": {
        "apply_act": 0.9002170000048864,
        "observation_computation": 0.15710869999747956,
        "powerflow_computation": 0.15764129999934084,
        "total": 1.2149670000017068
    },
    "total": 1.6081303999999363
}