{
    "Agent": {
        "total": 0.028903499827720225
    },
    "Env": {
        "apply_act": 0.05821279960218817,
        "observation_computation": 0.01375489926431328,
        "powerflow_computation": 0.012983000953681767,
        "total": 0.08495069982018322
    },
    "total": 0.12739549996331334
}