{
    "Agent": {
        "total": 0.7441002999953525
    },
    "Env": {
        "apply_act": 1.5954524000037509,
        "observation_computation": 0.3378622000016094,
        "powerflow_computation": 0.28677769999876546,
        "total": 2.2200923000041257
    },
    "total": 3.2916651000000456
}