{
    "Agent": {
        "total": 0.5215620999979365
    },
    "Env": {
        "apply_act": 0.9385148000035315,
        "observation_computation": 0.3603703999965546,
        "powerflow_computation": 0.29027940000105446,
        "total": 1.5891646000011406
    },
    "total": 2.4070586999998795
}