{
    "Agent": {
        "total": 0.07124129999942852
    },
    "Env": {
        "apply_act": 0.08291960000042309,
        "observation_computation": 0.05000109999923552,
        "powerflow_computation": 0.04319689999942966,
        "total": 0.17611759999908827
    },
    "total": 0.291512899999816
}