{
    "Agent": {
        "total": 0.0010654999999815118
    },
    "Env": {
        "apply_act": 0.0,
        "observation_computation": 0.0,
        "powerflow_computation": 0.0,
        "total": 0.0
    },
    "total": 0.003304300000081639
}