{
    "Agent": {
        "total": 0.02911980077624321
    },
    "Env": {
        "apply_act": 0.08025269862264395,
        "observation_computation": 0.02081470051780343,
        "powerflow_computation": 0.020678099943324924,
        "total": 0.1217454990837723
    },
    "total": 0.1707327999174595
}