{
    "Agent": {
        "total": 0.3660146999989138
    },
    "Env": {
        "apply_act": 0.5311740000011014,
        "observation_computation": 0.23697389999892948,
        "powerflow_computation": 0.20947500000011132,
        "total": 0.9776229000001422
    },
    "total": 1.5508824000000914
}