{
    "Agent": {
        "total": 0.11491249999949105
    },
    "Env": {
        "apply_act": 0.17929289999915454,
        "observation_computation": 0.07717860000047949,
        "powerflow_computation": 0.06970029999820326,
        "total": 0.3261717999978373
    },
    "total": 0.5075823000001947
}