{
    "Agent": {
        "total": 0.18612949999987904
    },
    "Env": {
        "apply_act": 1.0794951000016226,
        "observation_computation": 0.18527849999463797,
        "powerflow_computation": 0.15626659999634285,
        "total": 1.4210401999926034
    },
    "total": 1.7699744999999893
}