{
    "Agent": {
        "total": 0.38783339931978844
    },
    "Env": {
        "apply_act": 1.3461823998659384,
        "observation_computation": 0.20383200014475733,
        "powerflow_computation": 0.17865730010089464,
        "total": 1.7286717001115903
    },
    "total": 2.3060507999907713
}