{
    "Agent": {
        "total": 0.3196377000008397
    },
    "Env": {
        "apply_act": 0.3938439000028211,
        "observation_computation": 0.14607700000146906,
        "powerflow_computation": 0.12912150000011025,
        "total": 0.6690424000044004
    },
    "total": 1.1299458999999388
}