{
    "Agent": {
        "total": 0.13134670000044935
    },
    "Env": {
        "apply_act": 0.2492072999998527,
        "observation_computation": 0.06018689999939397,
        "powerflow_computation": 0.05038719999947716,
        "total": 0.3597813999987238
    },
    "total": 0.5502206000001024
}