{
    "Agent": {
        "total": 0.039379000023473054
    },
    "Env": {
        "apply_act": 0.15461969998432323,
        "observation_computation": 0.03381360005005263,
        "powerflow_computation": 0.031078600062755868,
        "total": 0.21951190009713173
    },
    "total": 0.2908899000030942
}