{
    "Agent": {
        "total": 0.236577199999374
    },
    "Env": {
        "apply_act": 0.7733383999957368,
        "observation_computation": 0.11589690000619157,
        "powerflow_computation": 0.10553529999288003,
        "total": 0.9947705999948084
    },
    "total": 1.338983399999961
}