{
    "Agent": {
        "total": 0.20820780005306005
    },
    "Env": {
        "apply_act": 0.5431170999072492,
        "observation_computation": 0.09750570124015212,
        "powerflow_computation": 0.07097909948788583,
        "total": 0.7116019006352872
    },
    "total": 0.998198099900037
}