{
    "Agent": {
        "total": 0.38560539999866705
    },
    "Env": {
        "apply_act": 0.6203588999999283,
        "observation_computation": 0.24679060000266873,
        "powerflow_computation": 0.22198110000044835,
        "total": 1.0891306000030454
    },
    "total": 1.6961681000000226
}