{
    "Agent": {
        "total": 0.04232439999941562
    },
    "Env": {
        "apply_act": 0.19815189999644645,
        "observation_computation": 0.03603700000530807,
        "powerflow_computation": 0.03110390000165353,
        "total": 0.26529280000340805
    },
    "total": 0.3568420999999944
}