{
    "Agent": {
        "total": 0.03787039895541966
    },
    "Env": {
        "apply_act": 0.08509719953872263,
        "observation_computation": 0.016021599294617772,
        "powerflow_computation": 0.014391701202839613,
        "total": 0.11551050003618002
    },
    "total": 0.16965789999812841
}