{
    "Agent": {
        "total": 0.07943469961173832
    },
    "Env": {
        "apply_act": 0.3091540987370536,
        "observation_computation": 0.05884670128580183,
        "powerflow_computation": 0.05291660048533231,
        "total": 0.4209174005081877
    },
    "total": 0.5560198000166565
}