{
    "Agent": {
        "total": 0.14615710000634863
    },
    "Env": {
        "apply_act": 0.07787959999586747,
        "observation_computation": 0.04526760000044305,
        "powerflow_computation": 0.04949910000050295,
        "total": 0.17264629999681347
    },
    "total": 0.3617967000000135
}