{
    "Agent": {
        "total": 0.011754199999614912
    },
    "Env": {
        "apply_act": 0.13150649999994357,
        "observation_computation": 0.09356479999982525,
        "powerflow_computation": 0.08626099999949588,
        "total": 0.3113322999992647
    },
    "total": 0.4085098000000187
}