{
    "Agent": {
        "total": 0.15845510008512065
    },
    "Env": {
        "apply_act": 0.03382589991088025,
        "observation_computation": 0.014172200055327266,
        "powerflow_computation": 0.01329470006749034,
        "total": 0.06129280003369786
    },
    "total": 0.23443119999137707
}