{
    "Agent": {
        "total": 0.20704989999933332
    },
    "Env": {
        "apply_act": 0.40721760000042195,
        "observation_computation": 0.09694319999846357,
        "powerflow_computation": 0.08312499999988177,
        "total": 0.5872857999987673
    },
    "total": 0.8874821000000566
}