{
    "Agent": {
        "total": 0.0341880999994828
    },
    "Env": {
        "apply_act": 0.11128790000043409,
        "observation_computation": 0.02579809999815552,
        "powerflow_computation": 0.02624580000019705,
        "total": 0.16333179999878666
    },
    "total": 0.22253509999995913
}