{
    "Agent": {
        "total": 0.08636149999904319
    },
    "Env": {
        "apply_act": 0.4777280000001838,
        "observation_computation": 0.036310900000103175,
        "powerflow_computation": 0.03371630000026471,
        "total": 0.5477552000005517
    },
    "total": 0.6667363999999907
}