{
    "Agent": {
        "total": 0.3384213000026648
    },
    "Env": {
        "apply_act": 1.0329789000170422,
        "observation_computation": 0.17167139999219216,
        "powerflow_computation": 0.14039909993880428,
        "total": 1.3450493999480386
    },
    "total": 1.8512732000017422
}