{
    "Agent": {
        "total": 0.4793623983860016
    },
    "Env": {
        "apply_act": 1.6878983054775745,
        "observation_computation": 0.3493901046458632,
        "powerflow_computation": 0.30939149647019804,
        "total": 2.3466799065936357
    },
    "total": 3.159227699972689
}