{
    "Agent": {
        "total": 0.5724660999917432
    },
    "Env": {
        "apply_act": 0.7552879999971083,
        "observation_computation": 0.3573582000026363,
        "powerflow_computation": 0.2983285000018441,
        "total": 1.4109747000015886
    },
    "total": 2.2986282000001665
}