{
    "Agent": {
        "total": 0.11846650000006775
    },
    "Env": {
        "apply_act": 0.2408275000004778,
        "observation_computation": 0.05435360000058154,
        "powerflow_computation": 0.0461065999990069,
        "total": 0.34128770000006625
    },
    "total": 0.5119350999999597
}