{
    "Agent": {
        "total": 0.08323250000194093
    },
    "Env": {
        "apply_act": 0.37225640000451676,
        "observation_computation": 0.08383609999782493,
        "powerflow_computation": 0.07674190000170711,
        "total": 0.5328344000040488
    },
    "total": 0.6892909999996846
}