{
    "Agent": {
        "total": 0.18573560015647672
    },
    "Env": {
        "apply_act": 0.49516849988140166,
        "observation_computation": 0.08825159980915487,
        "powerflow_computation": 0.0776986000710167,
        "total": 0.6611186997615732
    },
    "total": 0.9324380999896675
}