{
    "Agent": {
        "total": 0.026736399857327342
    },
    "Env": {
        "apply_act": 0.06405430007725954,
        "observation_computation": 0.010102500091306865,
        "powerflow_computation": 0.009653699933551252,
        "total": 0.08381050010211766
    },
    "total": 0.12219499994534999
}