{
    "Agent": {
        "total": 0.007335099999934869
    },
    "Env": {
        "apply_act": 0.0895599000000118,
        "observation_computation": 0.06233129999998255,
        "powerflow_computation": 0.05337969999996517,
        "total": 0.2052708999999595
    },
    "total": 0.26699059999999974
}