{
    "Agent": {
        "total": 0.4458222000012029
    },
    "Env": {
        "apply_act": 1.0024310999997397,
        "observation_computation": 0.17966740000429127,
        "powerflow_computation": 0.16300370000135445,
        "total": 1.3451022000053854
    },
    "total": 1.9556210000000647
}