{
    "Agent": {
        "total": 0.026360800000475137
    },
    "Env": {
        "apply_act": 0.0682873000004065,
        "observation_computation": 0.013514299999883406,
        "powerflow_computation": 0.011336700000242672,
        "total": 0.09313830000053258
    },
    "total": 0.1345135000000255
}