{
    "Agent": {
        "total": 0.13993460027268156
    },
    "Env": {
        "apply_act": 0.30426789965713397,
        "observation_computation": 0.05202390014892444,
        "powerflow_computation": 0.05476439977064729,
        "total": 0.4110561995767057
    },
    "total": 0.6027403000043705
}