{
    "Agent": {
        "total": 0.1423968999997669
    },
    "Env": {
        "apply_act": 0.33141580000301474,
        "observation_computation": 0.060797800004365854,
        "powerflow_computation": 0.057530499997483275,
        "total": 0.44974410000486387
    },
    "total": 0.63898429999972
}