{
    "Agent": {
        "total": 0.04229339999972126
    },
    "Env": {
        "apply_act": 0.042249899998978435,
        "observation_computation": 0.02238359999989825,
        "powerflow_computation": 0.019296600000302533,
        "total": 0.08393009999917922
    },
    "total": 0.1474106999999094
}