{
    "Agent": {
        "total": 0.3939926999973977
    },
    "Env": {
        "apply_act": 0.2226795000160564,
        "observation_computation": 0.13979680001557426,
        "powerflow_computation": 0.1337061999947764,
        "total": 0.49618250002640707
    },
    "total": 1.0281810000005862
}