{
    "Agent": {
        "total": 0.09174819999316242
    },
    "Env": {
        "apply_act": 0.3589340000471566,
        "observation_computation": 0.0817784002283588,
        "powerflow_computation": 0.07477159991685767,
        "total": 0.5154840001923731
    },
    "total": 0.6801820000109728
}