{
    "Agent": {
        "total": 0.07001810000474507
    },
    "Env": {
        "apply_act": 0.2834648999987621,
        "observation_computation": 0.07067690000349103,
        "powerflow_computation": 0.06467239999574304,
        "total": 0.4188141999979962
    },
    "total": 0.5503072999999858
}