{
    "Agent": {
        "total": 0.4752606999991258
    },
    "Env": {
        "apply_act": 1.2568826999959128,
        "observation_computation": 0.26334549999273804,
        "powerflow_computation": 0.22622610000280474,
        "total": 1.7464542999914556
    },
    "total": 2.4603744999999435
}