{
    "Agent": {
        "total": 0.023949399999992238
    },
    "Env": {
        "apply_act": 0.272853000001021,
        "observation_computation": 0.19327519999944798,
        "powerflow_computation": 0.16835569999926747,
        "total": 0.6344838999997364
    },
    "total": 0.8412691999999993
}