{
    "Agent": {
        "total": 0.3192994000012277
    },
    "Env": {
        "apply_act": 0.3654805000023771,
        "observation_computation": 0.22349890000145933,
        "powerflow_computation": 0.18722620000153256,
        "total": 0.776205600005369
    },
    "total": 1.2916616999998496
}