{
    "Agent": {
        "total": 0.02910399999859692
    },
    "Env": {
        "apply_act": 0.09085369999979775,
        "observation_computation": 0.02031310000074882,
        "powerflow_computation": 0.019086800000422954,
        "total": 0.13025360000096953
    },
    "total": 0.1793685000000096
}