{
    "Agent": {
        "total": 0.020136400125920773
    },
    "Env": {
        "apply_act": 0.05214050004724413,
        "observation_computation": 0.011430200189352036,
        "powerflow_computation": 0.01019569975323975,
        "total": 0.07376639998983592
    },
    "total": 0.10645329998806119
}