{
    "Agent": {
        "total": 0.02706269989721477
    },
    "Env": {
        "apply_act": 0.06665260018780828,
        "observation_computation": 0.016497899894602597,
        "powerflow_computation": 0.015130699379369617,
        "total": 0.09828119946178049
    },
    "total": 0.14000899996608496
}