{
    "Agent": {
        "total": 0.07370340311899781
    },
    "Env": {
        "apply_act": 0.2879739000927657,
        "observation_computation": 0.0513403017539531,
        "powerflow_computation": 0.04494769801385701,
        "total": 0.3842618998605758
    },
    "total": 0.5073584001511335
}