{
    "Agent": {
        "total": 0.19969559973105788
    },
    "Env": {
        "apply_act": 0.4227146999910474,
        "observation_computation": 0.09996729961130768,
        "powerflow_computation": 0.08966810174752027,
        "total": 0.6123501013498753
    },
    "total": 0.9100144000258297
}