{
    "Agent": {
        "total": 0.03704450000032011
    },
    "Env": {
        "apply_act": 0.07843650000040725,
        "observation_computation": 0.015998200000467477,
        "powerflow_computation": 0.01241859999981898,
        "total": 0.10685330000069371
    },
    "total": 0.16129020000005312
}