{
    "Agent": {
        "total": 0.016636500833556056
    },
    "Env": {
        "apply_act": 0.03204120043665171,
        "observation_computation": 0.005981100257486105,
        "powerflow_computation": 0.0058551994152367115,
        "total": 0.04387750010937452
    },
    "total": 0.06663590017706156
}