{
    "Agent": {
        "total": 0.027378500000565964
    },
    "Env": {
        "apply_act": 0.30481439999988424,
        "observation_computation": 0.208939299999372,
        "powerflow_computation": 0.16745340000016995,
        "total": 0.6812070999994262
    },
    "total": 0.8986115999999811
}