{
    "Agent": {
        "total": 0.001585899999994922
    },
    "Env": {
        "apply_act": 0.017042999999958397,
        "observation_computation": 0.01074280000004535,
        "powerflow_computation": 0.010866200000023696,
        "total": 0.03865200000002744
    },
    "total": 0.050962800000007746
}