{
    "Agent": {
        "total": 0.028725000001259104
    },
    "Env": {
        "apply_act": 0.10418869999944036,
        "observation_computation": 0.019981799999186478,
        "powerflow_computation": 0.017762000001766864,
        "total": 0.1419325000003937
    },
    "total": 0.19007009999995716
}