{
    "Agent": {
        "total": 0.009834700729697943
    },
    "Env": {
        "apply_act": 0.019819099688902497,
        "observation_computation": 0.004663700237870216,
        "powerflow_computation": 0.0046267996076494455,
        "total": 0.02910959953442216
    },
    "total": 0.04370320006273687
}