{
    "Agent": {
        "total": 0.13710100064054132
    },
    "Env": {
        "apply_act": 0.3819544995203614,
        "observation_computation": 0.08861980168148875,
        "powerflow_computation": 0.07721850019879639,
        "total": 0.5477928014006466
    },
    "total": 0.7649834000039846
}