{
    "Agent": {
        "total": 0.4756237999977202
    },
    "Env": {
        "apply_act": 1.8002864000084173,
        "observation_computation": 0.32922390000157975,
        "powerflow_computation": 0.28950919999874714,
        "total": 2.419019500008744
    },
    "total": 3.2085133999999016
}