{
    "Agent": {
        "total": 0.0007136000785976648
    },
    "Env": {
        "apply_act": 0.0,
        "observation_computation": 0.0,
        "powerflow_computation": 0.0,
        "total": 0.0
    },
    "total": 0.0020012001041322947
}