{
    "Agent": {
        "total": 0.2692005999987259
    },
    "Env": {
        "apply_act": 0.5916760999986082,
        "observation_computation": 0.13505129999907695,
        "powerflow_computation": 0.12235089999796855,
        "total": 0.8490782999956537
    },
    "total": 1.247006199999987
}