{
    "Agent": {
        "total": 0.18253739999772733
    },
    "Env": {
        "apply_act": 0.5860615999999936,
        "observation_computation": 0.13034419999985403,
        "powerflow_computation": 0.11267200000020239,
        "total": 0.82907780000005
    },
    "total": 1.139314000000013
}