{
    "Agent": {
        "total": 0.010114500066265464
    },
    "Env": {
        "apply_act": 0.02829249994829297,
        "observation_computation": 0.004569299868308008,
        "powerflow_computation": 0.005386800039559603,
        "total": 0.03824859985616058
    },
    "total": 0.052930900012142956
}