{
    "Agent": {
        "total": 0.0010605000002215093
    },
    "Env": {
        "apply_act": 0.0,
        "observation_computation": 0.0,
        "powerflow_computation": 0.0,
        "total": 0.0
    },
    "total": 0.003397799999675044
}