{
    "Agent": {
        "total": 0.0009542999999894164
    },
    "Env": {
        "apply_act": 0.0,
        "observation_computation": 0.0,
        "powerflow_computation": 0.0,
        "total": 0.0
    },
    "total": 0.002155800000025465
}