{
    "Agent": {
        "total": 0.01282480000020314
    },
    "Env": {
        "apply_act": 0.14138959999996814,
        "observation_computation": 0.2558152999997674,
        "powerflow_computation": 0.07862719999963019,
        "total": 0.4758320999993657
    },
    "total": 0.5757338999999888
}