{
    "Agent": {
        "total": 0.3062773017445579
    },
    "Env": {
        "apply_act": 0.7770299024414271,
        "observation_computation": 0.13528969988692552,
        "powerflow_computation": 0.11167819856200367,
        "total": 1.0239978008903563
    },
    "total": 1.4624431000556797
}