{
    "Agent": {
        "total": 0.364676499273628
    },
    "Env": {
        "apply_act": 1.9288546002935618,
        "observation_computation": 0.33128660009242594,
        "powerflow_computation": 0.3067953995196149,
        "total": 2.5669365999056026
    },
    "total": 3.2245240000193007
}