{
    "Agent": {
        "total": 0.007244799751788378
    },
    "Env": {
        "apply_act": 0.015291200019419193,
        "observation_computation": 0.0029547996819019318,
        "powerflow_computation": 0.003109799697995186,
        "total": 0.02135579939931631
    },
    "total": 0.0318185999058187
}