{
    "Agent": {
        "total": 0.15671340000699274
    },
    "Env": {
        "apply_act": 0.31219239999427373,
        "observation_computation": 0.052558299998963776,
        "powerflow_computation": 0.04635760000019218,
        "total": 0.4111082999934297
    },
    "total": 0.6106111999997665
}