{
    "Agent": {
        "total": 0.0007778001017868519
    },
    "Env": {
        "apply_act": 0.0,
        "observation_computation": 0.0,
        "powerflow_computation": 0.0,
        "total": 0.0
    },
    "total": 0.001857199938967824
}