{
    "Agent": {
        "total": 0.17943950000062614
    },
    "Env": {
        "apply_act": 0.5035756999964178,
        "observation_computation": 0.07629750000251079,
        "powerflow_computation": 0.0697378000027129,
        "total": 0.6496110000016415
    },
    "total": 0.9052299999998468
}