{
    "Agent": {
        "total": 0.7626499000014064
    },
    "Env": {
        "apply_act": 0.5766306999989865,
        "observation_computation": 0.2317484999991848,
        "powerflow_computation": 0.20738469999650988,
        "total": 1.0157638999946812
    },
    "total": 1.9987841999998182
}