{
    "Agent": {
        "total": 0.4613304999977572
    },
    "Env": {
        "apply_act": 1.1123258000034184,
        "observation_computation": 0.3210157000005438,
        "powerflow_computation": 0.275483699998631,
        "total": 1.7088252000025932
    },
    "total": 2.4559816999999384
}