{
    "Agent": {
        "total": 0.29597509999871363
    },
    "Env": {
        "apply_act": 0.33960759999717993,
        "observation_computation": 0.1325643999998647,
        "powerflow_computation": 0.11718640000094638,
        "total": 0.589358399997991
    },
    "total": 1.0165031999999883
}