{
    "Agent": {
        "total": 0.05277449995628558
    },
    "Env": {
        "apply_act": 0.15214640024350956,
        "observation_computation": 0.023739500029478222,
        "powerflow_computation": 0.028036300325766206,
        "total": 0.203922200598754
    },
    "total": 0.2799906999862287
}