{
    "Agent": {
        "total": 0.22706200000141052
    },
    "Env": {
        "apply_act": 0.31547190000048886,
        "observation_computation": 0.16208350000044902,
        "powerflow_computation": 0.13302110000074663,
        "total": 0.6105765000016845
    },
    "total": 0.979172100000028
}