{
    "Agent": {
        "total": 0.03582420025486499
    },
    "Env": {
        "apply_act": 0.08940200007054955,
        "observation_computation": 0.02126939978916198,
        "powerflow_computation": 0.019530299585312605,
        "total": 0.13020169944502413
    },
    "total": 0.18537510000169277
}