{
    "Agent": {
        "total": 0.045034099952317774
    },
    "Env": {
        "apply_act": 0.09962319955229759,
        "observation_computation": 0.01742859953083098,
        "powerflow_computation": 0.014825099613517523,
        "total": 0.1318768986966461
    },
    "total": 0.19604089995846152
}