{
    "Agent": {
        "total": 0.02182250004261732
    },
    "Env": {
        "apply_act": 0.07087670010514557,
        "observation_computation": 0.01545449998229742,
        "powerflow_computation": 0.01792040024884045,
        "total": 0.10425160033628345
    },
    "total": 0.1414151000790298
}