{
    "Agent": {
        "total": 0.04209090000040305
    },
    "Env": {
        "apply_act": 0.07142709999993713,
        "observation_computation": 0.015488999998524378,
        "powerflow_computation": 0.014445199999954639,
        "total": 0.10136129999841614
    },
    "total": 0.1608633999999256
}