{
    "Agent": {
        "total": 0.14412890000130574
    },
    "Env": {
        "apply_act": 0.2799908000015421,
        "observation_computation": 0.07032170000275073,
        "powerflow_computation": 0.06626730000016323,
        "total": 0.41657980000445605
    },
    "total": 0.6187568999998803
}