{
    "Agent": {
        "total": 0.31734539987519383
    },
    "Env": {
        "apply_act": 1.2328453965019435,
        "observation_computation": 0.2336469953879714,
        "powerflow_computation": 0.21002280013635755,
        "total": 1.6765151920262724
    },
    "total": 2.215852100169286
}