{
    "Agent": {
        "total": 0.12104060000092431
    },
    "Env": {
        "apply_act": 0.7453426999968542,
        "observation_computation": 0.12075629999753801,
        "powerflow_computation": 0.10987710000426887,
        "total": 0.9759760999986611
    },
    "total": 1.202591400000074
}