{
    "Agent": {
        "total": 0.05496469999843612
    },
    "Env": {
        "apply_act": 0.34291830000074697,
        "observation_computation": 0.05561850000094637,
        "powerflow_computation": 0.055839799998011586,
        "total": 0.4543765999997049
    },
    "total": 0.5574538999999277
}