{
    "Agent": {
        "total": 0.08052689999863105
    },
    "Env": {
        "apply_act": 0.10356179999803317,
        "observation_computation": 0.041219499999670006,
        "powerflow_computation": 0.037243599997736965,
        "total": 0.18202489999544014
    },
    "total": 0.3019064000000071
}