{
    "Agent": {
        "total": 0.054437400540336967
    },
    "Env": {
        "apply_act": 0.1320325001142919,
        "observation_computation": 0.02468130039051175,
        "powerflow_computation": 0.020969400298781693,
        "total": 0.17768320080358535
    },
    "total": 0.2565556999761611
}