{
    "Agent": {
        "total": 0.21578090032562613
    },
    "Env": {
        "apply_act": 0.1021355000557378,
        "observation_computation": 0.013681999989785254,
        "powerflow_computation": 0.011918999371118844,
        "total": 0.1277364994166419
    },
    "total": 0.3576582999667153
}