{
    "Agent": {
        "total": 0.001913900000090507
    },
    "Env": {
        "apply_act": 0.0020336000000042986,
        "observation_computation": 0.00045480000005682086,
        "powerflow_computation": 0.00040679999995063554,
        "total": 0.002895200000011755
    },
    "total": 0.007458499999984269
}