{
    "Agent": {
        "total": 0.1400898996507749
    },
    "Env": {
        "apply_act": 0.5231689997017384,
        "observation_computation": 0.10246769979130477,
        "powerflow_computation": 0.08747579995542765,
        "total": 0.7131124994484708
    },
    "total": 0.9512535999529064
}