{
    "Agent": {
        "total": 1.3246878000059041
    },
    "Env": {
        "apply_act": 1.3870722999986356,
        "observation_computation": 0.8565605999979198,
        "powerflow_computation": 0.7171824000074594,
        "total": 2.9608153000040147
    },
    "total": 5.040584299999864
}