{
    "Agent": {
        "total": 0.013273099961224943
    },
    "Env": {
        "apply_act": 0.041698000219184905,
        "observation_computation": 0.011885900108609349,
        "powerflow_computation": 0.011188099801074713,
        "total": 0.06477200012886897
    },
    "total": 0.08877830003621057
}