{
    "Agent": {
        "total": 0.05512159999670985
    },
    "Env": {
        "apply_act": 0.1152656999984174,
        "observation_computation": 0.02360540000245237,
        "powerflow_computation": 0.023447999998097657,
        "total": 0.16231909999896743
    },
    "total": 0.23629100000016479
}