{
    "Agent": {
        "total": 0.03280159999849275
    },
    "Env": {
        "apply_act": 0.08685860003606649,
        "observation_computation": 0.015968500010785647,
        "powerflow_computation": 0.014434700016863644,
        "total": 0.11726180006371578
    },
    "total": 0.1656890000012936
}