{
    "Agent": {
        "total": 0.028951399999698424
    },
    "Env": {
        "apply_act": 0.3256190999998694,
        "observation_computation": 0.22215940000103274,
        "powerflow_computation": 0.1832296999995151,
        "total": 0.7310082000004172
    },
    "total": 0.9633901999999921
}