{
    "Agent": {
        "total": 0.3413835000014842
    },
    "Env": {
        "apply_act": 0.4554458000000068,
        "observation_computation": 0.22291750000022148,
        "powerflow_computation": 0.18366180000202803,
        "total": 0.8620251000022563
    },
    "total": 1.3991358000000673
}