{
    "Agent": {
        "total": 0.7678674987982959
    },
    "Env": {
        "apply_act": 1.1236356031149626,
        "observation_computation": 0.37401059875264764,
        "powerflow_computation": 0.35092580248601735,
        "total": 1.8485720043536276
    },
    "total": 2.97765009989962
}