{
    "Agent": {
        "total": 0.019018400344066322
    },
    "Env": {
        "apply_act": 0.06774800014682114,
        "observation_computation": 0.013568999711424112,
        "powerflow_computation": 0.011456499923951924,
        "total": 0.09277349978219718
    },
    "total": 0.12529979995451868
}