{
    "Agent": {
        "total": 0.01619899999991503
    },
    "Env": {
        "apply_act": 0.048081599999477476,
        "observation_computation": 0.010433200000761644,
        "powerflow_computation": 0.008782800000517454,
        "total": 0.06729760000075657
    },
    "total": 0.09432870000000548
}