{
    "Agent": {
        "total": 0.057521299998569475
    },
    "Env": {
        "apply_act": 0.6194814999992957,
        "observation_computation": 0.4501198999994642,
        "powerflow_computation": 0.371030700000091,
        "total": 1.440632099998851
    },
    "total": 2.0258182999999974
}