{
    "Agent": {
        "total": 0.3696003000950441
    },
    "Env": {
        "apply_act": 0.9847818005364388,
        "observation_computation": 0.22883929789531976,
        "powerflow_computation": 0.20683370193000883,
        "total": 1.4204548003617674
    },
    "total": 1.993192300084047
}