{
    "Agent": {
        "total": 0.4363989999989144
    },
    "Env": {
        "apply_act": 0.5119315999985474,
        "observation_computation": 0.22105259999921145,
        "powerflow_computation": 0.1979297000010547,
        "total": 0.9309138999988136
    },
    "total": 1.572036799999978
}