{
    "Agent": {
        "total": 0.04882799986808095
    },
    "Env": {
        "apply_act": 0.1940338000713382,
        "observation_computation": 0.04260289993544575,
        "powerflow_computation": 0.03614870009187143,
        "total": 0.2727854000986554
    },
    "total": 0.3614555999956792
}