{
    "Agent": {
        "total": 0.09336979954969138
    },
    "Env": {
        "apply_act": 0.26551989966537803,
        "observation_computation": 0.04467480012681335,
        "powerflow_computation": 0.039002000470645726,
        "total": 0.3491967002628371
    },
    "total": 0.4854359000455588
}