{
    "Agent": {
        "total": 0.7587897000037174
    },
    "Env": {
        "apply_act": 0.9233508000036181,
        "observation_computation": 0.36896720000117966,
        "powerflow_computation": 0.32601530000033563,
        "total": 1.6183333000051334
    },
    "total": 2.7297704999998587
}