{
    "Agent": {
        "total": 0.2662507999996251
    },
    "Env": {
        "apply_act": 0.5182904000016606,
        "observation_computation": 0.12366739999765741,
        "powerflow_computation": 0.11961900000187597,
        "total": 0.761576800001194
    },
    "total": 1.1494453000000249
}