{
    "Agent": {
        "total": 0.0821458000000348
    },
    "Env": {
        "apply_act": 0.19789360000049783,
        "observation_computation": 0.03605069999980515,
        "powerflow_computation": 0.03196330000002945,
        "total": 0.2659076000003324
    },
    "total": 0.38396949999997787
}