{
    "Agent": {
        "total": 0.0717326999999841
    },
    "Env": {
        "apply_act": 0.1828167999998982,
        "observation_computation": 0.03174269999965418,
        "powerflow_computation": 0.02829649999978301,
        "total": 0.24285599999933538
    },
    "total": 0.34637129999998706
}