{
    "Agent": {
        "total": 0.16457300001638941
    },
    "Env": {
        "apply_act": 0.6043643996235915,
        "observation_computation": 0.07201730020460673,
        "powerflow_computation": 0.06146610001451336,
        "total": 0.7378477998427115
    },
    "total": 0.9715065999771468
}