{
    "Agent": {
        "total": 0.0013349999208003283
    },
    "Env": {
        "apply_act": 0.0,
        "observation_computation": 0.0,
        "powerflow_computation": 0.0,
        "total": 0.0
    },
    "total": 0.002488299971446395
}