{
    "Agent": {
        "total": 0.17488840000169148
    },
    "Env": {
        "apply_act": 0.5637660999964282,
        "observation_computation": 0.08630120000043462,
        "powerflow_computation": 0.07841000000098575,
        "total": 0.7284772999978486
    },
    "total": 0.9849168000000645
}