{
    "Agent": {
        "total": 0.030172200058586895
    },
    "Env": {
        "apply_act": 0.06358459941111505,
        "observation_computation": 0.01566559972707182,
        "powerflow_computation": 0.012965400470420718,
        "total": 0.09221559960860759
    },
    "total": 0.1373492000857368
}