{
    "Agent": {
        "total": 0.05304389999969317
    },
    "Env": {
        "apply_act": 0.10938459999954375,
        "observation_computation": 0.02420300000039788,
        "powerflow_computation": 0.021186499999089392,
        "total": 0.15477409999903102
    },
    "total": 0.23224880000009307
}