{
    "Agent": {
        "total": 0.08599309999999605
    },
    "Env": {
        "apply_act": 0.15243129999930716,
        "observation_computation": 0.04364879999934601,
        "powerflow_computation": 0.04035890000022846,
        "total": 0.23643899999888163
    },
    "total": 0.36051930000007815
}