{
    "Agent": {
        "total": 0.039363899937598035
    },
    "Env": {
        "apply_act": 0.00835780001943931,
        "observation_computation": 0.0029634000384248793,
        "powerflow_computation": 0.004102500039152801,
        "total": 0.01542370009701699
    },
    "total": 0.058432099991478026
}