{
    "Agent": {
        "total": 0.23932499787770212
    },
    "Env": {
        "apply_act": 0.6761928023770452,
        "observation_computation": 0.155226199189201,
        "powerflow_computation": 0.13352890242822468,
        "total": 0.9649479039944708
    },
    "total": 1.3444182998500764
}