{
    "Agent": {
        "total": 0.5409407000007604
    },
    "Env": {
        "apply_act": 1.0544409000001451,
        "observation_computation": 0.24696339999991324,
        "powerflow_computation": 0.21924780000369992,
        "total": 1.5206521000037583
    },
    "total": 2.300657499999943
}