{
    "Agent": {
        "total": 0.0075621000000722916
    },
    "Env": {
        "apply_act": 0.08241099999990809,
        "observation_computation": 0.05894439999995882,
        "powerflow_computation": 0.0549393000001146,
        "total": 0.1962946999999815
    },
    "total": 0.2585444999999993
}