{
    "Agent": {
        "total": 0.0021409000000005562
    },
    "Env": {
        "apply_act": 0.02517560000003982,
        "observation_computation": 0.018155700000079378,
        "powerflow_computation": 0.016265599999826463,
        "total": 0.05959689999994566
    },
    "total": 0.07825249999999073
}