{
    "Agent": {
        "total": 0.18763459706678987
    },
    "Env": {
        "apply_act": 0.6681204994674772,
        "observation_computation": 0.13560260087251663,
        "powerflow_computation": 0.11599219869822264,
        "total": 0.9197152990382165
    },
    "total": 1.2352117002010345
}