{
    "Agent": {
        "total": 0.20684870006516576
    },
    "Env": {
        "apply_act": 0.6587053977418691,
        "observation_computation": 0.15389150008559227,
        "powerflow_computation": 0.13445860077627003,
        "total": 0.9470554986037314
    },
    "total": 1.2991464000660926
}