{
    "Agent": {
        "total": 0.3927574995032046
    },
    "Env": {
        "apply_act": 1.696309200662654,
        "observation_computation": 0.23778089944971725,
        "powerflow_computation": 0.21016399998916313,
        "total": 2.1442541001015343
    },
    "total": 2.7509426999895368
}