{
    "Agent": {
        "total": 0.08883619999988923
    },
    "Env": {
        "apply_act": 0.18790579999995316,
        "observation_computation": 0.03542719999967403,
        "powerflow_computation": 0.032370700000114994,
        "total": 0.2557036999997422
    },
    "total": 0.38248750000002474
}