{
    "Agent": {
        "total": 0.07374060003348859
    },
    "Env": {
        "apply_act": 0.23053470001468668,
        "observation_computation": 0.035775200034549925,
        "powerflow_computation": 0.03211929996177787,
        "total": 0.2984292000110145
    },
    "total": 0.407321899998351
}