{
    "Agent": {
        "total": 0.01948750007431954
    },
    "Env": {
        "apply_act": 0.043314700247719884,
        "observation_computation": 0.014409300172701478,
        "powerflow_computation": 0.012257900787517428,
        "total": 0.06998190120793879
    },
    "total": 0.103866400080733
}