{
    "Agent": {
        "total": 0.07364610000001903
    },
    "Env": {
        "apply_act": 0.17101239999971085,
        "observation_computation": 0.02946120000041219,
        "powerflow_computation": 0.027465800000300078,
        "total": 0.22793940000042312
    },
    "total": 0.3321424000000093
}