{
    "Agent": {
        "total": 0.09925320115871727
    },
    "Env": {
        "apply_act": 0.31211650068871677,
        "observation_computation": 0.07199660094920546,
        "powerflow_computation": 0.06812059960793704,
        "total": 0.45223370124585927
    },
    "total": 0.6201254000188783
}