{
    "Agent": {
        "total": 0.006519500631839037
    },
    "Env": {
        "apply_act": 0.01275360002182424,
        "observation_computation": 0.003004800295457244,
        "powerflow_computation": 0.0031417999416589737,
        "total": 0.01890020025894046
    },
    "total": 0.028563000028952956
}