{
    "Agent": {
        "total": 0.10557479999965835
    },
    "Env": {
        "apply_act": 0.24707800000015823,
        "observation_computation": 0.04464879999972027,
        "powerflow_computation": 0.0386039999994523,
        "total": 0.3303307999993308
    },
    "total": 0.4793311999999901
}