{
    "Agent": {
        "total": 0.22487520019058138
    },
    "Env": {
        "apply_act": 0.5087703998433426,
        "observation_computation": 0.15056050021667033,
        "powerflow_computation": 0.1295275011798367,
        "total": 0.7888584012398496
    },
    "total": 1.148197100032121
}