{
    "Agent": {
        "total": 0.1373315000009825
    },
    "Env": {
        "apply_act": 0.14655929999935324,
        "observation_computation": 0.08932109999977911,
        "powerflow_computation": 0.07474109999975553,
        "total": 0.3106214999988879
    },
    "total": 0.5269815999999992
}