{
    "Agent": {
        "total": 0.1646007017698139
    },
    "Env": {
        "apply_act": 0.5032773010898381,
        "observation_computation": 0.08106999867595732,
        "powerflow_computation": 0.0770636994857341,
        "total": 0.6614109992515296
    },
    "total": 0.9035292000044137
}