{
    "Agent": {
        "total": 0.6476083999975799
    },
    "Env": {
        "apply_act": 0.927450299998327,
        "observation_computation": 0.3320340000052511,
        "powerflow_computation": 0.29327590000320924,
        "total": 1.5527602000067873
    },
    "total": 2.5203914000001078
}