{
    "Agent": {
        "total": 0.03629659999796786
    },
    "Env": {
        "apply_act": 0.19942809999838573,
        "observation_computation": 0.03595550000000003,
        "powerflow_computation": 0.0319242999985363,
        "total": 0.26730789999692206
    },
    "total": 0.33560969999962253
}