{
    "Agent": {
        "total": 0.049672199999804434
    },
    "Env": {
        "apply_act": 0.05626619999884497,
        "observation_computation": 0.02266679999979715,
        "powerflow_computation": 0.022848900000326466,
        "total": 0.10178189999896858
    },
    "total": 0.17346519999978227
}