{
    "Agent": {
        "total": 0.1382688999990478
    },
    "Env": {
        "apply_act": 0.15304189999892515,
        "observation_computation": 0.09477999999944586,
        "powerflow_computation": 0.07737419999875783,
        "total": 0.32519609999712884
    },
    "total": 0.5465234000000692
}