{
    "Agent": {
        "total": 0.2026821980252862
    },
    "Env": {
        "apply_act": 0.586699700448662,
        "observation_computation": 0.1314487005583942,
        "powerflow_computation": 0.11629969952628016,
        "total": 0.8344481005333364
    },
    "total": 1.1540921998675913
}