{
    "Agent": {
        "total": 0.03750690014567226
    },
    "Env": {
        "apply_act": 0.14922530052717775,
        "observation_computation": 0.02662669913843274,
        "powerflow_computation": 0.023407900240272284,
        "total": 0.19925989990588278
    },
    "total": 0.2619763999246061
}