{
    "Agent": {
        "total": 0.1908130015945062
    },
    "Env": {
        "apply_act": 0.6757650000508875,
        "observation_computation": 0.13491780101321638,
        "powerflow_computation": 0.1221427998971194,
        "total": 0.9328256009612232
    },
    "total": 1.2528941999189556
}