{
    "Agent": {
        "total": 0.0468790000086301
    },
    "Env": {
        "apply_act": 0.14268399999127723,
        "observation_computation": 0.022918299997400027,
        "powerflow_computation": 0.02151610003784299,
        "total": 0.18711840002652025
    },
    "total": 0.2565632999976515
}