{
    "Agent": {
        "total": 0.0377880000002051
    },
    "Env": {
        "apply_act": 0.4266651999997464,
        "observation_computation": 0.29240989999948397,
        "powerflow_computation": 0.236832799999803,
        "total": 0.9559078999990334
    },
    "total": 1.2550147999999979
}