{
    "Agent": {
        "total": 0.08156089999999949
    },
    "Env": {
        "apply_act": 0.17571289999955297,
        "observation_computation": 0.03083509999993339,
        "powerflow_computation": 0.029133500000114054,
        "total": 0.23568149999960042
    },
    "total": 0.34839499999998225
}