{
    "Agent": {
        "total": 0.2260751014109701
    },
    "Env": {
        "apply_act": 0.4434975008480251,
        "observation_computation": 0.11260649864561856,
        "powerflow_computation": 0.10176530038006604,
        "total": 0.6578692998737097
    },
    "total": 0.990664699813351
}