{
    "Agent": {
        "total": 0.1060512000694871
    },
    "Env": {
        "apply_act": 0.5466158997733146,
        "observation_computation": 0.038891599571798,
        "powerflow_computation": 0.03805140021722764,
        "total": 0.6235588995623402
    },
    "total": 0.7691765000345185
}