{
    "Agent": {
        "total": 0.044348600786179304
    },
    "Env": {
        "apply_act": 0.09306940040551126,
        "observation_computation": 0.02008389960974455,
        "powerflow_computation": 0.0176944003906101,
        "total": 0.1308477004058659
    },
    "total": 0.19542440003715456
}