{
    "Agent": {
        "total": 0.06735649984329939
    },
    "Env": {
        "apply_act": 0.200065600220114,
        "observation_computation": 0.03067200002260506,
        "powerflow_computation": 0.0265534995123744,
        "total": 0.25729109975509346
    },
    "total": 0.3555314000695944
}