{
    "Agent": {
        "total": 0.026204500000027053
    },
    "Env": {
        "apply_act": 0.29835229999995505,
        "observation_computation": 0.21268700000007357,
        "powerflow_computation": 0.18009029999974757,
        "total": 0.6911295999997762
    },
    "total": 0.9162801999999957
}