{
    "Agent": {
        "total": 0.188673198223114
    },
    "Env": {
        "apply_act": 0.41014790115877986,
        "observation_computation": 0.08053169609047472,
        "powerflow_computation": 0.07310890033841133,
        "total": 0.5637884975876659
    },
    "total": 0.8315019998699427
}