{
    "Agent": {
        "total": 0.035180799080990255
    },
    "Env": {
        "apply_act": 0.10238580021541566,
        "observation_computation": 0.02632540080230683,
        "powerflow_computation": 0.023739199503324926,
        "total": 0.1524504005210474
    },
    "total": 0.21235579997301102
}