{
    "Agent": {
        "total": 0.06450070044957101
    },
    "Env": {
        "apply_act": 0.12203670269809663,
        "observation_computation": 0.03223580028861761,
        "powerflow_computation": 0.028615101240575314,
        "total": 0.18288760422728956
    },
    "total": 0.27896389993838966
}