{
    "Agent": {
        "total": 0.1085876002907753
    },
    "Env": {
        "apply_act": 0.274324799887836,
        "observation_computation": 0.06488380045630038,
        "powerflow_computation": 0.05653680255636573,
        "total": 0.3957454029005021
    },
    "total": 0.5642393999733031
}