{
    "Agent": {
        "total": 0.004120099999767035
    },
    "Env": {
        "apply_act": 0.04507830000005697,
        "observation_computation": 0.03305969999991021,
        "powerflow_computation": 0.027212199999809172,
        "total": 0.10535019999977635
    },
    "total": 0.14057030000000736
}