{
    "Agent": {
        "total": 0.22150399999964066
    },
    "Env": {
        "apply_act": 0.22298580000256152,
        "observation_computation": 0.09867960000087805,
        "powerflow_computation": 0.09603390000006584,
        "total": 0.4176993000035054
    },
    "total": 0.7355933999999706
}