{
    "Agent": {
        "total": 0.044254901353269815
    },
    "Env": {
        "apply_act": 0.09517039975617081,
        "observation_computation": 0.02110640041064471,
        "powerflow_computation": 0.01833500014618039,
        "total": 0.1346118003129959
    },
    "total": 0.19971519999671727
}