{
    "Agent": {
        "total": 0.01286319992505014
    },
    "Env": {
        "apply_act": 0.02797749941237271,
        "observation_computation": 0.005090899998322129,
        "powerflow_computation": 0.004877400351688266,
        "total": 0.0379457997623831
    },
    "total": 0.05592920002527535
}