{
    "Agent": {
        "total": 0.0757471000008536
    },
    "Env": {
        "apply_act": 0.19429429999979675,
        "observation_computation": 0.033694800000034775,
        "powerflow_computation": 0.030305900000826114,
        "total": 0.25829500000065764
    },
    "total": 0.3674385000000484
}