{
    "Agent": {
        "total": 0.088715099998808
    },
    "Env": {
        "apply_act": 0.2012323999997534,
        "observation_computation": 0.030165700003180973,
        "powerflow_computation": 0.028272899998682988,
        "total": 0.25967100000161736
    },
    "total": 0.3779997999999978
}