{
    "Agent": {
        "total": 0.06379769999944074
    },
    "Env": {
        "apply_act": 0.14430879999963508,
        "observation_computation": 0.02390350000007402,
        "powerflow_computation": 0.022347600000557577,
        "total": 0.19055990000026668
    },
    "total": 0.2794059999999945
}