{
    "Agent": {
        "total": 0.05760830035433173
    },
    "Env": {
        "apply_act": 0.16569989966228604,
        "observation_computation": 0.027018500259146094,
        "powerflow_computation": 0.023178800125606358,
        "total": 0.2158972000470385
    },
    "total": 0.29986979998648167
}