{
    "Agent": {
        "total": 0.011828700000066306
    },
    "Env": {
        "apply_act": 0.13411769999999024,
        "observation_computation": 0.0958565999997063,
        "powerflow_computation": 0.08580290000003288,
        "total": 0.3157771999997294
    },
    "total": 0.41672939999999414
}