{
    "Agent": {
        "total": 0.04312910000010106
    },
    "Env": {
        "apply_act": 0.10804099999995742,
        "observation_computation": 0.01596929999988106,
        "powerflow_computation": 0.01322290000001658,
        "total": 0.13723319999985506
    },
    "total": 0.1970266999999808
}