{
    "Agent": {
        "total": 0.03691770136356354
    },
    "Env": {
        "apply_act": 0.07827940047718585,
        "observation_computation": 0.01892319996841252,
        "powerflow_computation": 0.01777409901842475,
        "total": 0.11497669946402311
    },
    "total": 0.17084980010986328
}