{
    "Agent": {
        "total": 0.041162999999919236
    },
    "Env": {
        "apply_act": 0.4270927999999756,
        "observation_computation": 0.43454189999982873,
        "powerflow_computation": 0.258759000000083,
        "total": 1.1203936999998874
    },
    "total": 1.4587377000000004
}