{
    "Agent": {
        "total": 0.0007661000000780405
    },
    "Env": {
        "apply_act": 0.0,
        "observation_computation": 0.0,
        "powerflow_computation": 0.0,
        "total": 0.0
    },
    "total": 0.00191410000002179
}