{
    "Agent": {
        "total": 0.26331259999858503
    },
    "Env": {
        "apply_act": 0.5945879999985664,
        "observation_computation": 0.12490779999961887,
        "powerflow_computation": 0.10884590000023309,
        "total": 0.8283416999984183
    },
    "total": 1.2128844000000072
}