{
    "Agent": {
        "total": 0.05972029990516603
    },
    "Env": {
        "apply_act": 0.18890230124816298,
        "observation_computation": 0.04111499874852598,
        "powerflow_computation": 0.03523800102993846,
        "total": 0.2652553010266274
    },
    "total": 0.3649680002126843
}