{
    "Agent": {
        "total": 0.028926699655130506
    },
    "Env": {
        "apply_act": 0.06422360055148602,
        "observation_computation": 0.014746900764293969,
        "powerflow_computation": 0.01228819927200675,
        "total": 0.09125870058778673
    },
    "total": 0.13482150004711002
}