{
    "Agent": {
        "total": 0.2555354999997803
    },
    "Env": {
        "apply_act": 0.6192781000001446,
        "observation_computation": 0.10903130000008332,
        "powerflow_computation": 0.09282110000089006,
        "total": 0.821130500001118
    },
    "total": 1.1847218999999996
}