{
    "Agent": {
        "total": 0.5019819000012831
    },
    "Env": {
        "apply_act": 0.5791619999938575,
        "observation_computation": 0.23694340000179182,
        "powerflow_computation": 0.20403230000192707,
        "total": 1.0201376999975764
    },
    "total": 1.754961699999967
}