{
    "Agent": {
        "total": 0.023250300000540847
    },
    "Env": {
        "apply_act": 0.24793039999963185,
        "observation_computation": 0.3275194000004831,
        "powerflow_computation": 0.1531477000003747,
        "total": 0.7285975000004896
    },
    "total": 0.9174879999999916
}