{
    "Agent": {
        "total": 0.45837140000162435
    },
    "Env": {
        "apply_act": 0.5168901999966238,
        "observation_computation": 0.326633700002958,
        "powerflow_computation": 0.26340149999941787,
        "total": 1.1069253999989996
    },
    "total": 1.8512252000000444
}