{
    "Agent": {
        "total": 0.034649399342015386
    },
    "Env": {
        "apply_act": 0.1261397999478504,
        "observation_computation": 0.025011499878019094,
        "powerflow_computation": 0.021581499953754246,
        "total": 0.17273279977962375
    },
    "total": 0.2319924000184983
}