{
    "Agent": {
        "total": 0.3653652002103627
    },
    "Env": {
        "apply_act": 0.086851199506782,
        "observation_computation": 0.02047509979456663,
        "powerflow_computation": 0.02277189993765205,
        "total": 0.13009819923900068
    },
    "total": 0.5151405000360683
}