{
    "Agent": {
        "total": 0.07203290000006746
    },
    "Env": {
        "apply_act": 0.22321929999952772,
        "observation_computation": 0.037606300000788906,
        "powerflow_computation": 0.03795080000008966,
        "total": 0.2987764000004063
    },
    "total": 0.40668249999998807
}