{
    "Agent": {
        "total": 0.09799060000250392
    },
    "Env": {
        "apply_act": 0.17880320000267602,
        "observation_computation": 0.060201500004495756,
        "powerflow_computation": 0.05136870000296767,
        "total": 0.29037340001013945
    },
    "total": 0.4420081000002938
}