{
    "Agent": {
        "total": 0.02124789950903505
    },
    "Env": {
        "apply_act": 0.07478940044529736,
        "observation_computation": 0.014110599760897458,
        "powerflow_computation": 0.012127400026656687,
        "total": 0.1010274002328515
    },
    "total": 0.1381180000025779
}