{
    "Agent": {
        "total": 0.1815123999995194
    },
    "Env": {
        "apply_act": 0.18647879999866745,
        "observation_computation": 0.11632619999750204,
        "powerflow_computation": 0.0967238999987785,
        "total": 0.399528899994948
    },
    "total": 0.992658899999924
}