{
    "Agent": {
        "total": 0.0172297999993134
    },
    "Env": {
        "apply_act": 0.06286700000055134,
        "observation_computation": 0.009788100000605482,
        "powerflow_computation": 0.009283200000481884,
        "total": 0.08193830000163871
    },
    "total": 0.10838029999968057
}