{
    "Agent": {
        "total": 0.04902030012453906
    },
    "Env": {
        "apply_act": 0.2332814000255894,
        "observation_computation": 0.029582799965282902,
        "powerflow_computation": 0.030908800079487264,
        "total": 0.29377300007035956
    },
    "total": 0.3696263000019826
}