{
    "Agent": {
        "total": 0.027852700000494224
    },
    "Env": {
        "apply_act": 0.0975598999984868,
        "observation_computation": 0.01612440000008064,
        "powerflow_computation": 0.014463399999840476,
        "total": 0.12814769999840792
    },
    "total": 0.17110030000003462
}