{
    "Agent": {
        "total": 0.03984900063369423
    },
    "Env": {
        "apply_act": 0.15666340058669448,
        "observation_computation": 0.027122300467453897,
        "powerflow_computation": 0.024254798656329513,
        "total": 0.2080404997104779
    },
    "total": 0.2744341000216082
}