{
    "Agent": {
        "total": 0.009300400000086029
    },
    "Env": {
        "apply_act": 0.020139900000003763,
        "observation_computation": 0.0038223999998763247,
        "powerflow_computation": 0.005308800000136671,
        "total": 0.02927110000001676
    },
    "total": 0.04265459999999166
}