{
    "Agent": {
        "total": 0.24609079999925143
    },
    "Env": {
        "apply_act": 0.8387829000007514,
        "observation_computation": 0.12891580000041358,
        "powerflow_computation": 0.10905630000047495,
        "total": 1.07675500000164
    },
    "total": 1.446368399999983
}