{
    "Agent": {
        "total": 0.7401873999042436
    },
    "Env": {
        "apply_act": 0.17795520147774369,
        "observation_computation": 0.038562599453143775,
        "powerflow_computation": 0.037455899990163743,
        "total": 0.2539737009210512
    },
    "total": 1.0303470001090318
}