{
    "Agent": {
        "total": 0.12796850000086124
    },
    "Env": {
        "apply_act": 0.4432755000038924,
        "observation_computation": 0.06913890000623724,
        "powerflow_computation": 0.06197929999871121,
        "total": 0.5743937000088408
    },
    "total": 0.7685525999995662
}