{
    "Agent": {
        "total": 0.010923200000046762
    },
    "Env": {
        "apply_act": 0.12396610000005381,
        "observation_computation": 0.0869382999999857,
        "powerflow_computation": 0.07930390000002774,
        "total": 0.29020830000006725
    },
    "total": 0.3936029000000012
}