{
    "Agent": {
        "total": 0.07893990000593476
    },
    "Env": {
        "apply_act": 0.1821190000337083,
        "observation_computation": 0.0361773997428827,
        "powerflow_computation": 0.03138439983013086,
        "total": 0.24968079960672185
    },
    "total": 0.36290370000642724
}