{
    "Agent": {
        "total": 0.0009744000000182496
    },
    "Env": {
        "apply_act": 0.0,
        "observation_computation": 0.0,
        "powerflow_computation": 0.0,
        "total": 0.0
    },
    "total": 0.002140300000064599
}