{
    "Agent": {
        "total": 0.09675019996939227
    },
    "Env": {
        "apply_act": 0.3960633001115639,
        "observation_computation": 0.058426500152563676,
        "powerflow_computation": 0.050569700106279925,
        "total": 0.5050595003704075
    },
    "total": 0.6571786999993492
}