{
    "Agent": {
        "total": 0.023969999980181456
    },
    "Env": {
        "apply_act": 0.004719399963505566,
        "observation_computation": 0.001453699980629608,
        "powerflow_computation": 0.00195720000192523,
        "total": 0.008130299946060404
    },
    "total": 0.03420090000145137
}