{
    "Agent": {
        "total": 0.21530099917436019
    },
    "Env": {
        "apply_act": 1.1224813994485885,
        "observation_computation": 0.19543669989798218,
        "powerflow_computation": 0.1737727998988703,
        "total": 1.491690899245441
    },
    "total": 1.8804024999844842
}