{
    "Agent": {
        "total": 0.010084799998821836
    },
    "Env": {
        "apply_act": 0.03108580000071015,
        "observation_computation": 0.006805900000017573,
        "powerflow_computation": 0.00650480000058451,
        "total": 0.044396500001312234
    },
    "total": 0.061194200000045385
}