{
    "Agent": {
        "total": 0.0007242999272421002
    },
    "Env": {
        "apply_act": 0.0,
        "observation_computation": 0.0,
        "powerflow_computation": 0.0,
        "total": 0.0
    },
    "total": 0.00178980000782758
}