{
    "Agent": {
        "total": 0.08385749906301498
    },
    "Env": {
        "apply_act": 0.16547920007724315,
        "observation_computation": 0.030658400268293917,
        "powerflow_computation": 0.026346399798057973,
        "total": 0.22248400014359504
    },
    "total": 0.33851370005868375
}