{
    "Agent": {
        "total": 0.011179100000276776
    },
    "Env": {
        "apply_act": 0.1267563999997492,
        "observation_computation": 0.09358909999923526,
        "powerflow_computation": 0.07900649999982079,
        "total": 0.29935199999880524
    },
    "total": 0.39742880000000014
}