{
    "Agent": {
        "total": 0.010604700000101275
    },
    "Env": {
        "apply_act": 0.09321019999998725,
        "observation_computation": 0.06719000000005337,
        "powerflow_computation": 0.05960040000005051,
        "total": 0.22000060000009114
    },
    "total": 0.29029180000000565
}