{
    "Agent": {
        "total": 0.024702099850401282
    },
    "Env": {
        "apply_act": 0.07807000004686415,
        "observation_computation": 0.017265799921005964,
        "powerflow_computation": 0.01539830002002418,
        "total": 0.1107340999878943
    },
    "total": 0.15214949997607619
}