{
    "Agent": {
        "total": 0.02687039994634688
    },
    "Env": {
        "apply_act": 0.05943170085083693,
        "observation_computation": 0.01753379963338375,
        "powerflow_computation": 0.015714199864305556,
        "total": 0.09267970034852624
    },
    "total": 0.13901279994752258
}