{
    "Agent": {
        "total": 0.004750900000075831
    },
    "Env": {
        "apply_act": 0.052537200000074336,
        "observation_computation": 0.03741790000010781,
        "powerflow_computation": 0.03158869999998615,
        "total": 0.12154380000016829
    },
    "total": 0.16149360000000001
}