{
    "Agent": {
        "total": 0.12072150000028614
    },
    "Env": {
        "apply_act": 0.21393710000018018,
        "observation_computation": 0.04947420000053171,
        "powerflow_computation": 0.04081100000053084,
        "total": 0.30422230000124273
    },
    "total": 0.4721078000000034
}