{
    "Agent": {
        "total": 0.04667910002171993
    },
    "Env": {
        "apply_act": 0.00947769999038428,
        "observation_computation": 0.003307200036942959,
        "powerflow_computation": 0.0037038999726064503,
        "total": 0.01648879999993369
    },
    "total": 0.0671779999975115
}