{
    "Agent": {
        "total": 0.006442199999924014
    },
    "Env": {
        "apply_act": 0.07074259999990318,
        "observation_computation": 0.04792789999976321,
        "powerflow_computation": 0.03998489999952426,
        "total": 0.15865539999919065
    },
    "total": 0.21087019999998802
}