{
    "Agent": {
        "total": 0.4521294999960901
    },
    "Env": {
        "apply_act": 0.48595850000424434,
        "observation_computation": 0.23339739999551057,
        "powerflow_computation": 0.19462210000347113,
        "total": 0.913978000003226
    },
    "total": 1.7796634000001177
}