{
    "Agent": {
        "total": 0.005551099999934195
    },
    "Env": {
        "apply_act": 0.012724699999807854,
        "observation_computation": 0.002551499999981388,
        "powerflow_computation": 0.002192300000160685,
        "total": 0.017468499999949927
    },
    "total": 0.027476399999954992
}