{
    "Agent": {
        "total": 0.1974219997646287
    },
    "Env": {
        "apply_act": 0.4830160989658907,
        "observation_computation": 0.0802536002593115,
        "powerflow_computation": 0.07056230085436255,
        "total": 0.6338320000795648
    },
    "total": 0.9080778999486938
}