{
    "Agent": {
        "total": 0.071783900000014
    },
    "Env": {
        "apply_act": 0.15401129999980867,
        "observation_computation": 0.029372200000182147,
        "powerflow_computation": 0.024588100000016766,
        "total": 0.20797160000000758
    },
    "total": 0.3092714999999657
}