{
    "Agent": {
        "total": 0.1031168008921668
    },
    "Env": {
        "apply_act": 0.35789180046413094,
        "observation_computation": 0.07251349941361696,
        "powerflow_computation": 0.06581390055362135,
        "total": 0.49621920043136925
    },
    "total": 0.6705664000473917
}