{
    "Agent": {
        "total": 0.1281095000449568
    },
    "Env": {
        "apply_act": 0.35641649935860187,
        "observation_computation": 0.0778415008680895,
        "powerflow_computation": 0.07550559937953949,
        "total": 0.5097635996062309
    },
    "total": 0.7083778999513015
}