{
    "Agent": {
        "total": 0.05379319947678596
    },
    "Env": {
        "apply_act": 0.10839820024557412,
        "observation_computation": 0.025442799204029143,
        "powerflow_computation": 0.023140700301155448,
        "total": 0.1569816997507587
    },
    "total": 0.23606109991669655
}