{
    "Agent": {
        "total": 0.0002619999999069478
    },
    "Env": {
        "apply_act": 0.003036399999984951,
        "observation_computation": 0.001847700000041641,
        "powerflow_computation": 0.002327299999990373,
        "total": 0.007211400000016965
    },
    "total": 0.009330599999998412
}