{
    "Agent": {
        "total": 0.10644160008087056
    },
    "Env": {
        "apply_act": 0.3133590000361437,
        "observation_computation": 0.05220550003286917,
        "powerflow_computation": 0.0440974999582977,
        "total": 0.40966200002731057
    },
    "total": 0.5667239000031259
}