{
    "Agent": {
        "total": 0.008292199112474918
    },
    "Env": {
        "apply_act": 0.01549599994905293,
        "observation_computation": 0.003799899946898222,
        "powerflow_computation": 0.003747400129213929,
        "total": 0.02304330002516508
    },
    "total": 0.03518080012872815
}