{
    "Agent": {
        "total": 0.0455110001785215
    },
    "Env": {
        "apply_act": 0.09571340004913509,
        "observation_computation": 0.021449299907544628,
        "powerflow_computation": 0.019640999846160412,
        "total": 0.13680369980284013
    },
    "total": 0.20278409999446012
}