{
    "Agent": {
        "total": 0.0008245999924838543
    },
    "Env": {
        "apply_act": 0.0,
        "observation_computation": 0.0,
        "powerflow_computation": 0.0,
        "total": 0.0
    },
    "total": 0.001891499967314303
}