{
    "Agent": {
        "total": 0.11612730089109391
    },
    "Env": {
        "apply_act": 0.39775640016887337,
        "observation_computation": 0.0893221003934741,
        "powerflow_computation": 0.08230090024881065,
        "total": 0.5693794008111581
    },
    "total": 0.7691404999932274
}