{
    "Agent": {
        "total": 0.150695900001665
    },
    "Env": {
        "apply_act": 0.24965190000034454,
        "observation_computation": 0.0941692000014882,
        "powerflow_computation": 0.07962549999933799,
        "total": 0.42344660000117074
    },
    "total": 0.6582875999999942
}