{
    "Agent": {
        "total": 0.2451857018750161
    },
    "Env": {
        "apply_act": 0.4861174982506782,
        "observation_computation": 0.12324050418101251,
        "powerflow_computation": 0.10880709951743484,
        "total": 0.7181651019491255
    },
    "total": 1.0789747999515384
}