{
    "Agent": {
        "total": 0.804103799891891
    },
    "Env": {
        "apply_act": 2.887738999503199,
        "observation_computation": 0.49141089964541607,
        "powerflow_computation": 0.4194877002155408,
        "total": 3.798637599364156
    },
    "total": 5.048161300015636
}