{
    "Agent": {
        "total": 0.006677900000113368
    },
    "Env": {
        "apply_act": 0.074187999999765,
        "observation_computation": 0.22421200000002273,
        "powerflow_computation": 0.04259559999951534,
        "total": 0.34099559999930307
    },
    "total": 0.39471620000000485
}