{
    "Agent": {
        "total": 0.3765292000316549
    },
    "Env": {
        "apply_act": 0.08152730006258935,
        "observation_computation": 0.03253650001715869,
        "powerflow_computation": 0.031750200083479285,
        "total": 0.14581400016322732
    },
    "total": 0.5576358999824151
}