{
    "Agent": {
        "total": 0.0744774999980109
    },
    "Env": {
        "apply_act": 0.2717955000002803,
        "observation_computation": 0.04357760000266353,
        "powerflow_computation": 0.04183600000033039,
        "total": 0.3572091000032742
    },
    "total": 0.4720425999998952
}