{
    "Agent": {
        "total": 0.3699926051776856
    },
    "Env": {
        "apply_act": 0.43346999981440604,
        "observation_computation": 0.1944027990102768,
        "powerflow_computation": 0.1711236028932035,
        "total": 0.7989964017178863
    },
    "total": 1.3507818998768926
}