{
    "Agent": {
        "total": 0.033974300109548494
    },
    "Env": {
        "apply_act": 0.10571509998408146,
        "observation_computation": 0.02047930014668964,
        "powerflow_computation": 0.01832180001656525,
        "total": 0.14451620014733635
    },
    "total": 0.19708539999555796
}