{
    "Agent": {
        "total": 0.6889890999996169
    },
    "Env": {
        "apply_act": 1.359894799996482,
        "observation_computation": 0.4830682999988767,
        "powerflow_computation": 0.40460909999819705,
        "total": 2.247572199993556
    },
    "total": 3.3592385999999124
}