{
    "Agent": {
        "total": 0.056381699999803914
    },
    "Env": {
        "apply_act": 0.130936300000144,
        "observation_computation": 0.024474699999586846,
        "powerflow_computation": 0.02148929999975735,
        "total": 0.1769002999994882
    },
    "total": 0.2574065999999675
}