{
    "Agent": {
        "total": 0.016478200093843043
    },
    "Env": {
        "apply_act": 0.04054749966599047,
        "observation_computation": 0.011120400158688426,
        "powerflow_computation": 0.010851999977603555,
        "total": 0.06251989980228245
    },
    "total": 0.08978469995781779
}