{
    "Agent": {
        "total": 0.021225399999366346
    },
    "Env": {
        "apply_act": 0.02424040000005334,
        "observation_computation": 0.014251900000317619,
        "powerflow_computation": 0.013246300000901101,
        "total": 0.05173860000127206
    },
    "total": 0.08605680000005123
}