{
    "Agent": {
        "total": 0.0011035999050363898
    },
    "Env": {
        "apply_act": 0.0,
        "observation_computation": 0.0,
        "powerflow_computation": 0.0,
        "total": 0.0
    },
    "total": 0.002183699980378151
}