{
    "Agent": {
        "total": 0.011144099999711443
    },
    "Env": {
        "apply_act": 0.1248151000004043,
        "observation_computation": 0.09259969999996542,
        "powerflow_computation": 0.07244599999992829,
        "total": 0.289860800000298
    },
    "total": 0.38567150000000083
}