{
    "Agent": {
        "total": 0.05194159992970526
    },
    "Env": {
        "apply_act": 0.18474649847485125,
        "observation_computation": 0.03786539984866977,
        "powerflow_computation": 0.033020699163898826,
        "total": 0.25563259748741984
    },
    "total": 0.34547619987279177
}