{
    "Agent": {
        "total": 0.21413570000186155
    },
    "Env": {
        "apply_act": 0.2416829000026155,
        "observation_computation": 0.14865839999629316,
        "powerflow_computation": 0.12291270000287113,
        "total": 0.5132540000017798
    },
    "total": 0.8582679000001008
}