{
    "Agent": {
        "total": 0.13166610000189394
    },
    "Env": {
        "apply_act": 0.02662139994208701,
        "observation_computation": 0.010588799981633201,
        "powerflow_computation": 0.013781299960101023,
        "total": 0.050991499883821234
    },
    "total": 0.1945193999854382
}