{
    "Agent": {
        "total": 0.140326200001482
    },
    "Env": {
        "apply_act": 0.33451640000271254,
        "observation_computation": 0.09673830000110684,
        "powerflow_computation": 0.08123159999831842,
        "total": 0.5124863000021378
    },
    "total": 0.7390812000001006
}