{
    "Agent": {
        "total": 0.7628453000065747
    },
    "Env": {
        "apply_act": 1.1858709000000545,
        "observation_computation": 0.49968409999655705,
        "powerflow_computation": 0.43116789999430694,
        "total": 2.1167228999909184
    },
    "total": 3.3207382000000507
}