{
    "Agent": {
        "total": 0.043655200861394405
    },
    "Env": {
        "apply_act": 0.1154809002764523,
        "observation_computation": 0.02004940016195178,
        "powerflow_computation": 0.018358399160206318,
        "total": 0.1538886995986104
    },
    "total": 0.21759830019436777
}