{
    "Agent": {
        "total": 0.062191599630750716
    },
    "Env": {
        "apply_act": 0.17152869957499206,
        "observation_computation": 0.027632300276309252,
        "powerflow_computation": 0.027792400564067066,
        "total": 0.22695340041536838
    },
    "total": 0.3163616000674665
}