{
    "Agent": {
        "total": 0.10284249999983786
    },
    "Env": {
        "apply_act": 0.1851152999996657,
        "observation_computation": 0.04073909999931402,
        "powerflow_computation": 0.03897310000058951,
        "total": 0.2648274999995692
    },
    "total": 0.41068670000004204
}