{
    "Agent": {
        "total": 0.04934720019809902
    },
    "Env": {
        "apply_act": 0.14528400043491274,
        "observation_computation": 0.023231901228427887,
        "powerflow_computation": 0.01999649906065315,
        "total": 0.18851240072399378
    },
    "total": 0.26133110001683235
}