{
    "Agent": {
        "total": 0.05071840016171336
    },
    "Env": {
        "apply_act": 0.15603680023923516,
        "observation_computation": 0.03676370007451624,
        "powerflow_computation": 0.03419170051347464,
        "total": 0.22699220082722604
    },
    "total": 0.31225110008381307
}