{
    "Agent": {
        "total": 0.042482700000618934
    },
    "Env": {
        "apply_act": 0.12403210000229592,
        "observation_computation": 0.016385600001740386,
        "powerflow_computation": 0.01569629999812605,
        "total": 0.15611400000216236
    },
    "total": 0.21611200000006647
}