{
    "Agent": {
        "total": 0.009305000000040309
    },
    "Env": {
        "apply_act": 0.030860100000040802,
        "observation_computation": 0.004812900000047193,
        "powerflow_computation": 0.003922499999930551,
        "total": 0.039595500000018546
    },
    "total": 0.05546240000001035
}