{
    "Agent": {
        "total": 0.0010836000000153945
    },
    "Env": {
        "apply_act": 0.0,
        "observation_computation": 0.0,
        "powerflow_computation": 0.0,
        "total": 0.0
    },
    "total": 0.003358499999990272
}