{
    "Agent": {
        "total": 0.15857279999181628
    },
    "Env": {
        "apply_act": 0.03341880001244135,
        "observation_computation": 0.01309429996763356,
        "powerflow_computation": 0.012554900022223592,
        "total": 0.059068000002298504
    },
    "total": 0.23262270001578145
}