{
    "Agent": {
        "total": 0.027549100457690656
    },
    "Env": {
        "apply_act": 0.0888310003792867,
        "observation_computation": 0.01877620001323521,
        "powerflow_computation": 0.016227799584157765,
        "total": 0.12383499997667968
    },
    "total": 0.17021089990157634
}