{
    "Agent": {
        "total": 0.11452519999943434
    },
    "Env": {
        "apply_act": 0.13003229999867472,
        "observation_computation": 0.0524111999991419,
        "powerflow_computation": 0.04609529999925144,
        "total": 0.22853879999706805
    },
    "total": 0.39272809999988567
}