{
    "Agent": {
        "total": 0.05126200002268888
    },
    "Env": {
        "apply_act": 0.14479909991496243,
        "observation_computation": 0.024338199786143377,
        "powerflow_computation": 0.021204200020292774,
        "total": 0.19034149972139858
    },
    "total": 0.26581139999325387
}