{
    "Agent": {
        "total": 0.0026301000006014874
    },
    "Env": {
        "apply_act": 0.02857199999976956,
        "observation_computation": 0.020823799999391213,
        "powerflow_computation": 0.017676199999868913,
        "total": 0.06707199999902969
    },
    "total": 0.0896816000000058
}