{
    "Agent": {
        "total": 0.05858340000031603
    },
    "Env": {
        "apply_act": 0.6672387999998648,
        "observation_computation": 0.547019800000669,
        "powerflow_computation": 0.38476140000014425,
        "total": 1.599020000000678
    },
    "total": 2.0597271999999975
}