{
    "Agent": {
        "total": 0.07377089984947816
    },
    "Env": {
        "apply_act": 0.14824599993880838,
        "observation_computation": 0.029246599995531142,
        "powerflow_computation": 0.023370300012174994,
        "total": 0.20086289994651452
    },
    "total": 0.3040883999783546
}