{
    "Agent": {
        "total": 0.006738000000950706
    },
    "Env": {
        "apply_act": 0.020833800000218616,
        "observation_computation": 0.004595799999378869,
        "powerflow_computation": 0.004427899999427609,
        "total": 0.029857499999025094
    },
    "total": 0.04114279999998871
}