{
    "Agent": {
        "total": 0.10702390084043145
    },
    "Env": {
        "apply_act": 0.28366550034843385,
        "observation_computation": 0.06503239995799959,
        "powerflow_computation": 0.056390400510281324,
        "total": 0.40508830081671476
    },
    "total": 0.5740891998866573
}