{
    "Agent": {
        "total": 0.0017358999998577929
    },
    "Env": {
        "apply_act": 0.019543099999765445,
        "observation_computation": 0.013296200000013414,
        "powerflow_computation": 0.011531399999995529,
        "total": 0.04437069999977439
    },
    "total": 0.05923500000000104
}