{
    "Agent": {
        "total": 0.00716189993545413
    },
    "Env": {
        "apply_act": 0.014326800592243671,
        "observation_computation": 0.0030831005424261093,
        "powerflow_computation": 0.003347099991515279,
        "total": 0.02075700112618506
    },
    "total": 0.03117309999652207
}