{
    "Agent": {
        "total": 0.18131770000024972
    },
    "Env": {
        "apply_act": 0.4541615000001116,
        "observation_computation": 0.08176629999996976,
        "powerflow_computation": 0.06902910000013662,
        "total": 0.604956900000218
    },
    "total": 0.8652536999999825
}