{
    "Agent": {
        "total": 0.01144429999990848
    },
    "Env": {
        "apply_act": 0.12376889999987384,
        "observation_computation": 0.09192600000039874,
        "powerflow_computation": 0.07381139999986885,
        "total": 0.28950630000014144
    },
    "total": 0.38579350000000545
}