{
    "Agent": {
        "total": 0.01257669999972677
    },
    "Env": {
        "apply_act": 0.14260000000007267,
        "observation_computation": 0.09731040000053781,
        "powerflow_computation": 0.08057899999988649,
        "total": 0.32048940000049697
    },
    "total": 0.4178785000000289
}