{
    "Agent": {
        "total": 0.2061048992909491
    },
    "Env": {
        "apply_act": 0.2832601983100176,
        "observation_computation": 0.12875850219279528,
        "powerflow_computation": 0.1068770985584706,
        "total": 0.5188957990612835
    },
    "total": 0.8408540999516845
}