{
    "Agent": {
        "total": 0.14929590094834566
    },
    "Env": {
        "apply_act": 0.13564570317976177,
        "observation_computation": 0.07879320019856095,
        "powerflow_computation": 0.07008729758672416,
        "total": 0.2845262009650469
    },
    "total": 0.507323500001803
}