{
    "Agent": {
        "total": 0.19175249981344678
    },
    "Env": {
        "apply_act": 1.0564459001616342,
        "observation_computation": 0.1784866999805672,
        "powerflow_computation": 0.16719230005401187,
        "total": 1.4021249001962133
    },
    "total": 1.7503869999927701
}