{
    "Agent": {
        "total": 0.07717839999918397
    },
    "Env": {
        "apply_act": 0.13911550000079842,
        "observation_computation": 0.03206170000021302,
        "powerflow_computation": 0.032212399999707486,
        "total": 0.20338960000071893
    },
    "total": 0.31254340000009506
}