{
    "Agent": {
        "total": 0.06802470000025096
    },
    "Env": {
        "apply_act": 0.12625570000045627,
        "observation_computation": 0.028025900001011905,
        "powerflow_computation": 0.02378229999976611,
        "total": 0.1780639000012343
    },
    "total": 0.27556529999992563
}