{
    "Agent": {
        "total": 0.00996980001218617
    },
    "Env": {
        "apply_act": 0.025186200015014037,
        "observation_computation": 0.0047130000020843,
        "powerflow_computation": 0.005584500031545758,
        "total": 0.035483700048644096
    },
    "total": 0.050318800000241026
}