{
    "Agent": {
        "total": 0.3718708004744258
    },
    "Env": {
        "apply_act": 0.9454809995368123,
        "observation_computation": 0.16848200009553693,
        "powerflow_computation": 0.14994050021050498,
        "total": 1.2639034998428542
    },
    "total": 1.797328499989817
}