{
    "Agent": {
        "total": 0.12171709999529412
    },
    "Env": {
        "apply_act": 0.3977841999985685,
        "observation_computation": 0.09090839999817035,
        "powerflow_computation": 0.0794854000050691,
        "total": 0.568178000001808
    },
    "total": 0.7702561000000969
}