{
    "Agent": {
        "total": 0.34891979999451905
    },
    "Env": {
        "apply_act": 0.4056457999977283,
        "observation_computation": 0.16674989999569334,
        "powerflow_computation": 0.14143369999737843,
        "total": 0.7138293999908001
    },
    "total": 1.2263557999999648
}