{
    "Agent": {
        "total": 0.41593609924893826
    },
    "Env": {
        "apply_act": 0.9346725011710078,
        "observation_computation": 0.2052477019606158,
        "powerflow_computation": 0.18270289851352572,
        "total": 1.3226231016451493
    },
    "total": 1.9370952000608668
}