{
    "Agent": {
        "total": 0.028253000001370765
    },
    "Env": {
        "apply_act": 0.3221408999996811,
        "observation_computation": 0.21861319999959505,
        "powerflow_computation": 0.1806988000006413,
        "total": 0.7214528999999175
    },
    "total": 0.9502224000000297
}