{
    "Agent": {
        "total": 0.13474420000193277
    },
    "Env": {
        "apply_act": 0.4103875999949196,
        "observation_computation": 0.07040529999630962,
        "powerflow_computation": 0.060955600003126165,
        "total": 0.5417484999943554
    },
    "total": 0.7478235999997196
}