{
    "Agent": {
        "total": 0.406667499996729
    },
    "Env": {
        "apply_act": 1.1993086000074982,
        "observation_computation": 0.2552792000028603,
        "powerflow_computation": 0.21490180000546388,
        "total": 1.6694896000158224
    },
    "total": 2.3015485999999328
}