{
    "Agent": {
        "total": 0.0710405000005494
    },
    "Env": {
        "apply_act": 0.349590199999966,
        "observation_computation": 0.023350100000016027,
        "powerflow_computation": 0.023665600000072118,
        "total": 0.39660590000005413
    },
    "total": 0.49157739999998284
}