{
    "Agent": {
        "total": 0.06723150098696351
    },
    "Env": {
        "apply_act": 0.1561374997254461,
        "observation_computation": 0.03460469958372414,
        "powerflow_computation": 0.0333481018897146,
        "total": 0.22409030119888484
    },
    "total": 0.3247219000477344
}