{
    "Agent": {
        "total": 0.009343299549072981
    },
    "Env": {
        "apply_act": 0.017611100105568767,
        "observation_computation": 0.004402399994432926,
        "powerflow_computation": 0.004036399768665433,
        "total": 0.026049899868667126
    },
    "total": 0.03967470000497997
}