{
    "Agent": {
        "total": 0.019762200000172925
    },
    "Env": {
        "apply_act": 0.037215900000433066,
        "observation_computation": 0.008435400000394111,
        "powerflow_computation": 0.007594800000219948,
        "total": 0.053246100001047125
    },
    "total": 0.08195379999995112
}