{
    "Agent": {
        "total": 0.0489265000001069
    },
    "Env": {
        "apply_act": 0.3373798999978135,
        "observation_computation": 0.047541400002955925,
        "powerflow_computation": 0.04162480000195501,
        "total": 0.4265461000027244
    },
    "total": 0.5177951999999095
}