{
    "Agent": {
        "total": 0.3145647002675105
    },
    "Env": {
        "apply_act": 1.211575100402115,
        "observation_computation": 0.18781199993100017,
        "powerflow_computation": 0.16591840010369197,
        "total": 1.565305500436807
    },
    "total": 2.0517191999824718
}