{
    "Agent": {
        "total": 0.3579354975372553
    },
    "Env": {
        "apply_act": 0.6864421956706792,
        "observation_computation": 0.17859010235406458,
        "powerflow_computation": 0.1517854994162917,
        "total": 1.0168177974410355
    },
    "total": 1.5435893000103533
}