{
    "Agent": {
        "total": 0.012758300174027681
    },
    "Env": {
        "apply_act": 0.04226889996789396,
        "observation_computation": 0.008449300192296505,
        "powerflow_computation": 0.007128699915483594,
        "total": 0.05784690007567406
    },
    "total": 0.07961120002437383
}