{
    "Agent": {
        "total": 0.0023842000002787245
    },
    "Env": {
        "apply_act": 0.027323799999976472,
        "observation_computation": 0.0192763000000582,
        "powerflow_computation": 0.018069099999934224,
        "total": 0.0646691999999689
    },
    "total": 0.08479280000000244
}