{
    "Agent": {
        "total": 0.034785199677571654
    },
    "Env": {
        "apply_act": 0.07378170220181346,
        "observation_computation": 0.016804700950160623,
        "powerflow_computation": 0.014724398031830788,
        "total": 0.10531080118380487
    },
    "total": 0.15653100004419684
}