{
    "Agent": {
        "total": 0.0893250007648021
    },
    "Env": {
        "apply_act": 0.13876409945078194,
        "observation_computation": 0.057510401122272015,
        "powerflow_computation": 0.049217498395591974,
        "total": 0.24549199896864593
    },
    "total": 0.3857140999753028
}