{
    "Agent": {
        "total": 0.0011003000004166097
    },
    "Env": {
        "apply_act": 0.0,
        "observation_computation": 0.0,
        "powerflow_computation": 0.0,
        "total": 0.0
    },
    "total": 0.00354269999979806
}