{
    "Agent": {
        "total": 0.034674399765208364
    },
    "Env": {
        "apply_act": 0.060372500331141055,
        "observation_computation": 0.009776400052942336,
        "powerflow_computation": 0.009623299818485975,
        "total": 0.07977220020256937
    },
    "total": 0.12398009991738945
}