{
    "Agent": {
        "total": 0.0009271999588236213
    },
    "Env": {
        "apply_act": 0.0,
        "observation_computation": 0.0,
        "powerflow_computation": 0.0,
        "total": 0.0
    },
    "total": 0.002089100074954331
}