{
    "Agent": {
        "total": 0.04217050000011113
    },
    "Env": {
        "apply_act": 0.1378006000006735,
        "observation_computation": 0.029766699999072443,
        "powerflow_computation": 0.026161599997749363,
        "total": 0.19372889999749532
    },
    "total": 0.26514190000011695
}