{
    "Agent": {
        "total": 0.518838700005972
    },
    "Env": {
        "apply_act": 0.6000734000037937,
        "observation_computation": 0.36377120000270224,
        "powerflow_computation": 0.31359879999513396,
        "total": 1.27744340000163
    },
    "total": 2.3501119000000017
}