{
    "Agent": {
        "total": 0.18996600000218677
    },
    "Env": {
        "apply_act": 1.0833756000015455,
        "observation_computation": 0.19066860000020824,
        "powerflow_computation": 0.16399269999465105,
        "total": 1.4380368999964048
    },
    "total": 1.7945654999998624
}