{
    "Agent": {
        "total": 0.07329709999794431
    },
    "Env": {
        "apply_act": 0.2631987000004301,
        "observation_computation": 0.04263900000205467,
        "powerflow_computation": 0.03606379999973797,
        "total": 0.34190150000222275
    },
    "total": 0.4549732000000404
}