{
    "Agent": {
        "total": 0.3656154997879639
    },
    "Env": {
        "apply_act": 1.6687311999412486,
        "observation_computation": 0.3554647999117151,
        "powerflow_computation": 0.33554830007778946,
        "total": 2.359744299930753
    },
    "total": 3.033606500001042
}