{
    "Agent": {
        "total": 0.0509262994164601
    },
    "Env": {
        "apply_act": 0.12117689929436892,
        "observation_computation": 0.021003199624828994,
        "powerflow_computation": 0.019184700795449317,
        "total": 0.16136479971464723
    },
    "total": 0.233247600030154
}