{
    "Agent": {
        "total": 0.02698009996674955
    },
    "Env": {
        "apply_act": 0.06323260022327304,
        "observation_computation": 0.012761099031195045,
        "powerflow_computation": 0.010844200383871794,
        "total": 0.08683789963833988
    },
    "total": 0.12696400005370378
}