{
    "Agent": {
        "total": 0.8763029999968239
    },
    "Env": {
        "apply_act": 1.1822872999973697,
        "observation_computation": 0.44966340000087257,
        "powerflow_computation": 0.384106700000757,
        "total": 2.0160573999989992
    },
    "total": 3.324685699999918
}