{
    "Agent": {
        "total": 0.03818349999997395
    },
    "Env": {
        "apply_act": 0.41362859999990675,
        "observation_computation": 0.29637189999996494,
        "powerflow_computation": 0.2619454000000303,
        "total": 0.971945899999902
    },
    "total": 1.289674399999999
}