{
    "Agent": {
        "total": 0.1203761998040136
    },
    "Env": {
        "apply_act": 0.4661885997338686,
        "observation_computation": 0.07396399980643764,
        "powerflow_computation": 0.06686339972657152,
        "total": 0.6070159992668778
    },
    "total": 0.7957677000085823
}