{
    "Agent": {
        "total": 0.004349200000433484
    },
    "Env": {
        "apply_act": 0.03993119999967121,
        "observation_computation": 0.02844829999992271,
        "powerflow_computation": 0.024224200000162455,
        "total": 0.09260369999975637
    },
    "total": 0.1238220000000183
}