{
    "Agent": {
        "total": 0.12673440051730722
    },
    "Env": {
        "apply_act": 0.3764416998019442,
        "observation_computation": 0.05841910059098154,
        "powerflow_computation": 0.05152920098043978,
        "total": 0.4863900013733655
    },
    "total": 0.668989299912937
}