{
    "Agent": {
        "total": 0.012391599999943992
    },
    "Env": {
        "apply_act": 0.044560600000011164,
        "observation_computation": 0.006362699999954202,
        "powerflow_computation": 0.005314999999882275,
        "total": 0.05623829999984764
    },
    "total": 0.07645949999999857
}