{
    "Agent": {
        "total": 0.04201529978308827
    },
    "Env": {
        "apply_act": 0.1064435999142006,
        "observation_computation": 0.025067900540307164,
        "powerflow_computation": 0.022534699994139373,
        "total": 0.15404620044864714
    },
    "total": 0.21856270008720458
}