{
    "Agent": {
        "total": 0.014220100000216007
    },
    "Env": {
        "apply_act": 0.1607033000009892,
        "observation_computation": 0.28459940000004735,
        "powerflow_computation": 0.10170720000127176,
        "total": 0.5470099000023083
    },
    "total": 0.6697230999999988
}