{
    "Agent": {
        "total": 0.0010308000491932034
    },
    "Env": {
        "apply_act": 0.0,
        "observation_computation": 0.0,
        "powerflow_computation": 0.0,
        "total": 0.0
    },
    "total": 0.002126700012013316
}