{
    "Agent": {
        "total": 0.04987110000024586
    },
    "Env": {
        "apply_act": 0.5682448000006275,
        "observation_computation": 0.3850167999997893,
        "powerflow_computation": 0.3228591000004144,
        "total": 1.2761207000008312
    },
    "total": 1.6772966000000338
}