{
    "Agent": {
        "total": 0.0697302995249629
    },
    "Env": {
        "apply_act": 0.1453111997107044,
        "observation_computation": 0.027318899985402822,
        "powerflow_computation": 0.023162298602983356,
        "total": 0.19579239829909056
    },
    "total": 0.29337289999239147
}