{
    "Agent": {
        "total": 0.07776019999971595
    },
    "Env": {
        "apply_act": 0.17252179999979944,
        "observation_computation": 0.02848419999975249,
        "powerflow_computation": 0.026524100000131057,
        "total": 0.227530099999683
    },
    "total": 0.335177299999998
}