{
    "Agent": {
        "total": 0.36595269999804714
    },
    "Env": {
        "apply_act": 0.5476872999994384,
        "observation_computation": 0.1924231999988706,
        "powerflow_computation": 0.17210570000020198,
        "total": 0.912216199998511
    },
    "total": 1.4627656000000115
}