{
    "Agent": {
        "total": 0.009178600000069537
    },
    "Env": {
        "apply_act": 0.09907450000002882,
        "observation_computation": 0.18786829999997678,
        "powerflow_computation": 0.05827450000005285,
        "total": 0.34521730000005846
    },
    "total": 0.4204381000000126
}