{
    "Agent": {
        "total": 0.006277000000039834
    },
    "Env": {
        "apply_act": 0.06790929999991135,
        "observation_computation": 0.04821530000013752,
        "powerflow_computation": 0.04105110000008949,
        "total": 0.15717570000013836
    },
    "total": 0.20987150000000554
}