{
    "Agent": {
        "total": 0.004930299999841736
    },
    "Env": {
        "apply_act": 0.05579169999981559,
        "observation_computation": 0.2030523000000244,
        "powerflow_computation": 0.03696419999994305,
        "total": 0.29580819999978303
    },
    "total": 0.33583240000001524
}