{
    "Agent": {
        "total": 0.00484629999995434
    },
    "Env": {
        "apply_act": 0.057453699999939545,
        "observation_computation": 0.04157580000004657,
        "powerflow_computation": 0.03708340000009969,
        "total": 0.1361129000000858
    },
    "total": 0.17818690000000004
}