{
    "Agent": {
        "total": 1.0080526999977337
    },
    "Env": {
        "apply_act": 4.2848485000113214,
        "observation_computation": 0.7137679999975717,
        "powerflow_computation": 0.6466275000061614,
        "total": 5.6452440000150546
    },
    "total": 7.342117599999938
}