{
    "Agent": {
        "total": 0.34415269989403896
    },
    "Env": {
        "apply_act": 0.9367535000055796,
        "observation_computation": 0.16513880001730286,
        "powerflow_computation": 0.13612729992019013,
        "total": 1.2380195999430725
    },
    "total": 1.744706799996493
}