{
    "Agent": {
        "total": 0.33676579999837486
    },
    "Env": {
        "apply_act": 0.3832214000019576,
        "observation_computation": 0.22164880000241283,
        "powerflow_computation": 0.18132170000012593,
        "total": 0.7861919000044963
    },
    "total": 1.3206148000001576
}