{
    "Agent": {
        "total": 0.022173000004841015
    },
    "Env": {
        "apply_act": 0.004846999974688515,
        "observation_computation": 0.0014466000138781965,
        "powerflow_computation": 0.0020109000033698976,
        "total": 0.00830449999193661
    },
    "total": 0.03258949998416938
}