{
    "Agent": {
        "total": 0.5222688999986076
    },
    "Env": {
        "apply_act": 0.5915448999965065,
        "observation_computation": 0.36654470000098627,
        "powerflow_computation": 0.3041568000010102,
        "total": 1.262246399998503
    },
    "total": 2.110672300000033
}