{
    "Agent": {
        "total": 0.622654799998827
    },
    "Env": {
        "apply_act": 0.7505955999990874,
        "observation_computation": 0.3161871000015708,
        "powerflow_computation": 0.2828452000046582,
        "total": 1.3496279000053164
    },
    "total": 2.2725884999999835
}