{
    "Agent": {
        "total": 0.007168899999612677
    },
    "Env": {
        "apply_act": 0.08690180000019154,
        "observation_computation": 0.19351510000024064,
        "powerflow_computation": 0.05426810000022897,
        "total": 0.33468500000066115
    },
    "total": 0.3972577000000115
}