{
    "Agent": {
        "total": 0.03066069999749743
    },
    "Env": {
        "apply_act": 0.11035189999711292,
        "observation_computation": 0.015314700000999437,
        "powerflow_computation": 0.014664600000287464,
        "total": 0.14033119999839982
    },
    "total": 0.18574590000025637
}