{
    "Agent": {
        "total": 0.13865750283002853
    },
    "Env": {
        "apply_act": 0.27144250040873885,
        "observation_computation": 0.06875550211407244,
        "powerflow_computation": 0.06425119820050895,
        "total": 0.40444920072332025
    },
    "total": 0.608676299918443
}