{
    "Agent": {
        "total": 0.13018330000045353
    },
    "Env": {
        "apply_act": 0.26331139999979314,
        "observation_computation": 0.06020790000115994,
        "powerflow_computation": 0.0607968000007304,
        "total": 0.3843161000016835
    },
    "total": 0.5707316000000446
}