{
    "Agent": {
        "total": 0.10530599963385612
    },
    "Env": {
        "apply_act": 0.2858479004353285,
        "observation_computation": 0.06173329974990338,
        "powerflow_computation": 0.06200759985949844,
        "total": 0.4095888000447303
    },
    "total": 0.5705959000624716
}