{
    "Agent": {
        "total": 0.04689229994255584
    },
    "Env": {
        "apply_act": 0.18239910001284443,
        "observation_computation": 0.04241449998517055,
        "powerflow_computation": 0.03513520008709747,
        "total": 0.25994880008511245
    },
    "total": 0.34755150000273716
}