{
    "Agent": {
        "total": 0.07617029873654246
    },
    "Env": {
        "apply_act": 0.30521270050667226,
        "observation_computation": 0.05511009995825589,
        "powerflow_computation": 0.050482097547501326,
        "total": 0.4108048980124295
    },
    "total": 0.5382432998158038
}