{
    "Agent": {
        "total": 0.07433300000008103
    },
    "Env": {
        "apply_act": 0.17104220000021542,
        "observation_computation": 0.0319101999999134,
        "powerflow_computation": 0.02568510000014612,
        "total": 0.22863750000027494
    },
    "total": 0.33312559999995983
}