{
    "Agent": {
        "total": 0.045313299999861556
    },
    "Env": {
        "apply_act": 0.5212943999998743,
        "observation_computation": 0.3537118000010082,
        "powerflow_computation": 0.29191240000000107,
        "total": 1.1669186000008835
    },
    "total": 1.5354207999999971
}