{
    "Agent": {
        "total": 0.10832319999872198
    },
    "Env": {
        "apply_act": 0.35097989999985657,
        "observation_computation": 0.0806266000015512,
        "powerflow_computation": 0.0734946999962176,
        "total": 0.5051011999976254
    },
    "total": 0.6889777999999751
}