{
    "Agent": {
        "total": 0.026673899999423156
    },
    "Env": {
        "apply_act": 0.29392610000007835,
        "observation_computation": 0.20310830000045144,
        "powerflow_computation": 0.16322060000038618,
        "total": 0.660255000000916
    },
    "total": 0.872549499999991
}