{
    "Agent": {
        "total": 0.38992010115180165
    },
    "Env": {
        "apply_act": 0.8516885994467884,
        "observation_computation": 0.19332480151206255,
        "powerflow_computation": 0.17601240111980587,
        "total": 1.2210258020786569
    },
    "total": 1.798983999993652
}