{
    "Agent": {
        "total": 0.2057948999963628
    },
    "Env": {
        "apply_act": 0.8430100000023231,
        "observation_computation": 0.14812460000212013,
        "powerflow_computation": 0.12512700000479526,
        "total": 1.1162616000092385
    },
    "total": 1.439806000000317
}