{
    "Agent": {
        "total": 0.1591779999988603
    },
    "Env": {
        "apply_act": 0.4509512999997014,
        "observation_computation": 0.08340070000031119,
        "powerflow_computation": 0.07305259999986902,
        "total": 0.6074045999998816
    },
    "total": 0.8432831999999735
}