{
    "Agent": {
        "total": 0.11585059924982488
    },
    "Env": {
        "apply_act": 0.2913424000144005,
        "observation_computation": 0.06694740173406899,
        "powerflow_computation": 0.06902940035797656,
        "total": 0.42731920210644603
    },
    "total": 0.6037220999132842
}