{
    "Agent": {
        "total": 0.025474199999564462
    },
    "Env": {
        "apply_act": 0.26818830000058824,
        "observation_computation": 0.1884895000000597,
        "powerflow_computation": 0.16059080000013637,
        "total": 0.6172686000007843
    },
    "total": 0.8180088999999953
}