{
    "Agent": {
        "total": 0.14862549999929797
    },
    "Env": {
        "apply_act": 0.2859626999984357,
        "observation_computation": 0.0938186999997015,
        "powerflow_computation": 0.08448909999947318,
        "total": 0.4642704999976104
    },
    "total": 0.6966711000000032
}