{
    "Agent": {
        "total": 0.015242399999749523
    },
    "Env": {
        "apply_act": 0.1727906000000985,
        "observation_computation": 0.12603920000046287,
        "powerflow_computation": 0.10346650000005297,
        "total": 0.40229630000061434
    },
    "total": 0.5405540000000144
}