{
    "Agent": {
        "total": 0.011892000000017333
    },
    "Env": {
        "apply_act": 0.13881280000006768,
        "observation_computation": 0.09107940000049553,
        "powerflow_computation": 0.08320919999988519,
        "total": 0.3131014000004484
    },
    "total": 0.4080703999999855
}