{
    "Agent": {
        "total": 0.8798472000041784
    },
    "Env": {
        "apply_act": 1.0527890000014395,
        "observation_computation": 0.5766000999999505,
        "powerflow_computation": 0.4858353000036004,
        "total": 2.1152244000049905
    },
    "total": 3.5023248999998486
}