{
    "Agent": {
        "total": 0.0405425000062678
    },
    "Env": {
        "apply_act": 0.1407861001061974,
        "observation_computation": 0.035341700044227764,
        "powerflow_computation": 0.02929999990737997,
        "total": 0.20542780005780514
    },
    "total": 0.2798345000046538
}