{
    "Agent": {
        "total": 0.1642712998436764
    },
    "Env": {
        "apply_act": 0.6563384997425601,
        "observation_computation": 0.14912979979999363,
        "powerflow_computation": 0.12743150012101978,
        "total": 0.9328997996635735
    },
    "total": 1.2285717999911867
}