{
    "Agent": {
        "total": 0.7190590999994129
    },
    "Env": {
        "apply_act": 0.9429493999973602,
        "observation_computation": 0.33425810000062484,
        "powerflow_computation": 0.29128330000480673,
        "total": 1.5684908000027917
    },
    "total": 2.6134157999999843
}