{
    "Agent": {
        "total": 0.04549660091288388
    },
    "Env": {
        "apply_act": 0.1296302005648613,
        "observation_computation": 0.021236700587905943,
        "powerflow_computation": 0.01969479920808226,
        "total": 0.1705617003608495
    },
    "total": 0.23655669996514916
}