{
    "Agent": {
        "total": 0.08152419999873928
    },
    "Env": {
        "apply_act": 0.16732550000028823,
        "observation_computation": 0.058176699999421544,
        "powerflow_computation": 0.05204260000095928,
        "total": 0.27754480000066906
    },
    "total": 0.41015169999991485
}