{
    "Agent": {
        "total": 0.0010665999998309417
    },
    "Env": {
        "apply_act": 0.0,
        "observation_computation": 0.0,
        "powerflow_computation": 0.0,
        "total": 0.0
    },
    "total": 0.003495699999803037
}