{
    "Agent": {
        "total": 0.005839399999899797
    },
    "Env": {
        "apply_act": 0.00946770000007291,
        "observation_computation": 0.002237100000115788,
        "powerflow_computation": 0.0033417000000781627,
        "total": 0.01504650000026686
    },
    "total": 0.023487199999976838
}