{
    "Agent": {
        "total": 0.1742787000005137
    },
    "Env": {
        "apply_act": 0.5649178999949527,
        "observation_computation": 0.12463700000216704,
        "powerflow_computation": 0.11148519999915152,
        "total": 0.8010400999962712
    },
    "total": 1.0944586000000527
}