{
    "Agent": {
        "total": 1.050135899999077
    },
    "Env": {
        "apply_act": 0.9555584999991424,
        "observation_computation": 0.5370849999964094,
        "powerflow_computation": 0.46537869999997383,
        "total": 1.9580221999955256
    },
    "total": 3.526937900000007
}