{
    "Agent": {
        "total": 0.0010729000205174088
    },
    "Env": {
        "apply_act": 0.0,
        "observation_computation": 0.0,
        "powerflow_computation": 0.0,
        "total": 0.0
    },
    "total": 0.002196399960666895
}