{
    "Agent": {
        "total": 0.0010583000257611275
    },
    "Env": {
        "apply_act": 0.0,
        "observation_computation": 0.0,
        "powerflow_computation": 0.0,
        "total": 0.0
    },
    "total": 0.003349799895659089
}