{
    "Agent": {
        "total": 0.13579200000071978
    },
    "Env": {
        "apply_act": 0.6838379999999233,
        "observation_computation": 0.06976619999954892,
        "powerflow_computation": 0.061291000000096574,
        "total": 0.8148951999995688
    },
    "total": 1.015888000000018
}