{
    "Agent": {
        "total": 0.0007420999463647604
    },
    "Env": {
        "apply_act": 0.0,
        "observation_computation": 0.0,
        "powerflow_computation": 0.0,
        "total": 0.0
    },
    "total": 0.001815799972973764
}