{
    "Agent": {
        "total": 0.2583196005434729
    },
    "Env": {
        "apply_act": 0.5511563001200557,
        "observation_computation": 0.09766960045089945,
        "powerflow_computation": 0.08957590005593374,
        "total": 0.7384018006268889
    },
    "total": 1.0956836999976076
}