{
    "Agent": {
        "total": 0.07250139978714287
    },
    "Env": {
        "apply_act": 0.16342260036617517,
        "observation_computation": 0.03840609930921346,
        "powerflow_computation": 0.033872098894789815,
        "total": 0.23570079857017845
    },
    "total": 0.3446700000204146
}