{
    "Agent": {
        "total": 0.15604859999848486
    },
    "Env": {
        "apply_act": 1.0032627999971737,
        "observation_computation": 0.15384929999572705,
        "powerflow_computation": 0.12986130000581397,
        "total": 1.2869733999987147
    },
    "total": 1.5780485999998746
}