{
    "Agent": {
        "total": 0.01248570013558492
    },
    "Env": {
        "apply_act": 0.027846300159581006,
        "observation_computation": 0.004775700101163238,
        "powerflow_computation": 0.005563699989579618,
        "total": 0.03818570025032386
    },
    "total": 0.05567310005426407
}