{
    "Agent": {
        "total": 1.3224467000054574
    },
    "Env": {
        "apply_act": 1.2513799000062136,
        "observation_computation": 0.7710095000006731,
        "powerflow_computation": 0.6366265999988627,
        "total": 2.6590160000057494
    },
    "total": 4.656700099999853
}