{
    "Agent": {
        "total": 0.3614103000010118
    },
    "Env": {
        "apply_act": 0.41357349999998405,
        "observation_computation": 0.22850070000049527,
        "powerflow_computation": 0.1895487999981924,
        "total": 0.8316229999986717
    },
    "total": 1.3984421000000111
}