{
    "Agent": {
        "total": 0.08096760000000813
    },
    "Env": {
        "apply_act": 0.1883757999999034,
        "observation_computation": 0.03404399999993757,
        "powerflow_computation": 0.029085800000132167,
        "total": 0.25150559999997313
    },
    "total": 0.36578750000001037
}