{
    "Agent": {
        "total": 0.04111139999895386
    },
    "Env": {
        "apply_act": 0.10890809999909834,
        "observation_computation": 0.014343199998165801,
        "powerflow_computation": 0.012443000000985194,
        "total": 0.13569429999824933
    },
    "total": 0.19174930000008317
}