{
    "Agent": {
        "total": 0.008992599323391914
    },
    "Env": {
        "apply_act": 0.015999700408428907,
        "observation_computation": 0.0035081999376416206,
        "powerflow_computation": 0.003379899775609374,
        "total": 0.022887800121679902
    },
    "total": 0.035564899910241365
}