{
    "Agent": {
        "total": 0.09849270000449906
    },
    "Env": {
        "apply_act": 0.45164640000484724,
        "observation_computation": 0.0965416000035475,
        "powerflow_computation": 0.08579620000409705,
        "total": 0.6339842000124918
    },
    "total": 0.818523599999935
}