{
    "Agent": {
        "total": 0.11151429952587932
    },
    "Env": {
        "apply_act": 0.35470029967837036,
        "observation_computation": 0.05463590077124536,
        "powerflow_computation": 0.047338899807073176,
        "total": 0.4566751002566889
    },
    "total": 0.6210036999545991
}