{
    "Agent": {
        "total": 0.11641010000289498
    },
    "Env": {
        "apply_act": 0.16636269999867181,
        "observation_computation": 0.059436800001776646,
        "powerflow_computation": 0.05028030000062245,
        "total": 0.2760798000010709
    },
    "total": 0.44948969999995825
}