{
    "Agent": {
        "total": 0.005005900000185193
    },
    "Env": {
        "apply_act": 0.056885599999588976,
        "observation_computation": 0.03856419999959826,
        "powerflow_computation": 0.03464009999970585,
        "total": 0.1300898999988931
    },
    "total": 0.1701424999999972
}