{
    "Agent": {
        "total": 0.13927719999909982
    },
    "Env": {
        "apply_act": 0.5517912999983423,
        "observation_computation": 0.40152219999959016,
        "powerflow_computation": 0.33501130000072976,
        "total": 1.2883247999986622
    },
    "total": 1.8063424999999995
}