{
    "Agent": {
        "total": 0.04577599999964832
    },
    "Env": {
        "apply_act": 0.1160477000003084,
        "observation_computation": 0.019948900000088088,
        "powerflow_computation": 0.016990399999428973,
        "total": 0.15298699999982546
    },
    "total": 0.22042790000000423
}