{
    "Agent": {
        "total": 0.055520799999840165
    },
    "Env": {
        "apply_act": 0.14007670000046346,
        "observation_computation": 0.023338299999977608,
        "powerflow_computation": 0.022643900000389294,
        "total": 0.18605890000083036
    },
    "total": 0.26573049999990417
}