{
    "Agent": {
        "total": 0.018606300000101328
    },
    "Env": {
        "apply_act": 0.20857069999979672,
        "observation_computation": 0.15180470000001378,
        "powerflow_computation": 0.13244950000009226,
        "total": 0.49282489999990275
    },
    "total": 0.6509230000000059
}