{
    "Agent": {
        "total": 0.11133700000004865
    },
    "Env": {
        "apply_act": 0.2747130000020661,
        "observation_computation": 0.0478008000002319,
        "powerflow_computation": 0.04313009999964379,
        "total": 0.3656439000019418
    },
    "total": 0.5232849999999871
}