{
    "Agent": {
        "total": 0.15823870012536645
    },
    "Env": {
        "apply_act": 0.4817259004339576,
        "observation_computation": 0.07704119838308543,
        "powerflow_computation": 0.0674577004974708,
        "total": 0.6262247993145138
    },
    "total": 0.8580553999636322
}