{
    "Agent": {
        "total": 0.0056340997107326984
    },
    "Env": {
        "apply_act": 0.012250799918547273,
        "observation_computation": 0.002710900269448757,
        "powerflow_computation": 0.0026533002965152264,
        "total": 0.017615000484511256
    },
    "total": 0.026125599863007665
}