{
    "Agent": {
        "total": 0.0007924999999886495
    },
    "Env": {
        "apply_act": 0.0,
        "observation_computation": 0.0,
        "powerflow_computation": 0.0,
        "total": 0.0
    },
    "total": 0.0022469000000455708
}