{
    "Agent": {
        "total": 0.006652199999990671
    },
    "Env": {
        "apply_act": 0.07448739999999532,
        "observation_computation": 0.05185800000000995,
        "powerflow_computation": 0.04616859999998013,
        "total": 0.1725139999999854
    },
    "total": 0.22876540000000034
}