{
    "Agent": {
        "total": 0.06000899999997955
    },
    "Env": {
        "apply_act": 0.6578328000003069,
        "observation_computation": 0.4449981999997874,
        "powerflow_computation": 0.3571944999999914,
        "total": 1.4600255000000857
    },
    "total": 1.9223059000000262
}