{
    "Agent": {
        "total": 0.02593930000034561
    },
    "Env": {
        "apply_act": 0.08653539999886561,
        "observation_computation": 0.018609599999081183,
        "powerflow_computation": 0.024551699999165066,
        "total": 0.12969669999711186
    },
    "total": 0.17383029999996324
}