{
    "Agent": {
        "total": 0.03476050146855414
    },
    "Env": {
        "apply_act": 0.1292582987807691,
        "observation_computation": 0.024103200063109398,
        "powerflow_computation": 0.021511499769985676,
        "total": 0.17487299861386418
    },
    "total": 0.23281570011749864
}