{
    "Agent": {
        "total": 0.041345799691043794
    },
    "Env": {
        "apply_act": 0.09525209933053702,
        "observation_computation": 0.017236400046385825,
        "powerflow_computation": 0.014946699608117342,
        "total": 0.1274351989850402
    },
    "total": 0.18639189994428307
}