{
    "Agent": {
        "total": 0.38741900000150054
    },
    "Env": {
        "apply_act": 0.5813027999987526,
        "observation_computation": 0.2711363999976584,
        "powerflow_computation": 0.23616939999908482,
        "total": 1.0886085999954958
    },
    "total": 1.7157836999999745
}