{
    "Agent": {
        "total": 0.43255770000814664
    },
    "Env": {
        "apply_act": 1.389117299994723,
        "observation_computation": 0.24805449999985285,
        "powerflow_computation": 0.2015670999935537,
        "total": 1.8387388999881296
    },
    "total": 2.4955848999998125
}