{
    "Agent": {
        "total": 0.015705100000189987
    },
    "Env": {
        "apply_act": 0.18689440000008517,
        "observation_computation": 0.13384579999976154,
        "powerflow_computation": 0.11404770000008568,
        "total": 0.4347878999999324
    },
    "total": 0.5761617000000001
}