{
    "Agent": {
        "total": 0.08207789999960369
    },
    "Env": {
        "apply_act": 0.1683941999998524,
        "observation_computation": 0.03147300000000541,
        "powerflow_computation": 0.02833140000018375,
        "total": 0.22819860000004155
    },
    "total": 0.3433428000000731
}