{
    "Agent": {
        "total": 0.38522850032313727
    },
    "Env": {
        "apply_act": 1.0516756994475145,
        "observation_computation": 0.18883350008400157,
        "powerflow_computation": 0.16422810006770305,
        "total": 1.4047372995992191
    },
    "total": 1.9713562999968417
}