{
    "Agent": {
        "total": 0.07071299999961411
    },
    "Env": {
        "apply_act": 0.20389960000420615,
        "observation_computation": 0.030719399999270536,
        "powerflow_computation": 0.028270600002997526,
        "total": 0.2628896000064742
    },
    "total": 0.3630601999998362
}