{
    "Agent": {
        "total": 0.023025800000141317
    },
    "Env": {
        "apply_act": 0.0563675999995894,
        "observation_computation": 0.01128700000003846,
        "powerflow_computation": 0.011894900000470443,
        "total": 0.0795495000000983
    },
    "total": 0.11350049999998646
}