{
    "Agent": {
        "total": 0.33767229970544577
    },
    "Env": {
        "apply_act": 0.8159569016424939,
        "observation_computation": 0.14296480210032314,
        "powerflow_computation": 0.12651040055789053,
        "total": 1.0854321043007076
    },
    "total": 1.5637846000026911
}