{
    "Agent": {
        "total": 0.06251460080966353
    },
    "Env": {
        "apply_act": 0.11791240097954869,
        "observation_computation": 0.025851700687780976,
        "powerflow_computation": 0.02331330208107829,
        "total": 0.16707740374840796
    },
    "total": 0.2550420998595655
}