{
    "Agent": {
        "total": 0.17868960078340024
    },
    "Env": {
        "apply_act": 0.7173611001344398,
        "observation_computation": 0.14240980125032365,
        "powerflow_computation": 0.13217920006718487,
        "total": 0.9919501014519483
    },
    "total": 1.305952399969101
}