{
    "Agent": {
        "total": 0.11106969999696048
    },
    "Env": {
        "apply_act": 0.10419859999888104,
        "observation_computation": 0.05518730000017058,
        "powerflow_computation": 0.053930599999603146,
        "total": 0.21331649999865476
    },
    "total": 0.3755418999999165
}