{
    "Agent": {
        "total": 0.02075710000053732
    },
    "Env": {
        "apply_act": 0.09341289999929359,
        "observation_computation": 0.020821300002353382,
        "powerflow_computation": 0.01829309999857287,
        "total": 0.13252730000021984
    },
    "total": 0.17312419999962003
}