{
    "Agent": {
        "total": 0.1553145000943914
    },
    "Env": {
        "apply_act": 0.03447419998701662,
        "observation_computation": 0.013097599847242236,
        "powerflow_computation": 0.012718399957520887,
        "total": 0.06029019979177974
    },
    "total": 0.23066929998458363
}