{
    "Agent": {
        "total": 0.01845669999920574
    },
    "Env": {
        "apply_act": 0.06778400000075635,
        "observation_computation": 0.010159600000406499,
        "powerflow_computation": 0.009633700000904355,
        "total": 0.0875773000020672
    },
    "total": 0.11582879999969009
}