{
    "Agent": {
        "total": 0.1811405010521412
    },
    "Env": {
        "apply_act": 0.6333883984480053,
        "observation_computation": 0.133561096386984,
        "powerflow_computation": 0.11507080099545419,
        "total": 0.8820202958304435
    },
    "total": 1.190390800125897
}