{
    "Agent": {
        "total": 0.29550520033808425
    },
    "Env": {
        "apply_act": 1.442214499518741,
        "observation_computation": 0.27187940024305135,
        "powerflow_computation": 0.2426902013248764,
        "total": 1.9567841010866687
    },
    "total": 2.491981500003021
}