{
    "Agent": {
        "total": 0.4733447999992677
    },
    "Env": {
        "apply_act": 0.5459167000055913,
        "observation_computation": 0.3330506999991485,
        "powerflow_computation": 0.28193500000179483,
        "total": 1.1609024000065347
    },
    "total": 1.9264786999999615
}