{
    "Agent": {
        "total": 0.019634500000393018
    },
    "Env": {
        "apply_act": 0.06398100000069462,
        "observation_computation": 0.011076800000410003,
        "powerflow_computation": 0.010280400000283407,
        "total": 0.08533820000138803
    },
    "total": 0.1156249000000571
}