{
    "Agent": {
        "total": 0.038779200229328126
    },
    "Env": {
        "apply_act": 0.09278099989751354,
        "observation_computation": 0.03655880008591339,
        "powerflow_computation": 0.03781569987768307,
        "total": 0.16715549986111
    },
    "total": 0.23862820002250373
}