{
    "Agent": {
        "total": 0.16597159999719224
    },
    "Env": {
        "apply_act": 0.32571280000070146,
        "observation_computation": 0.0879811000004338,
        "powerflow_computation": 0.07085199999846736,
        "total": 0.4845458999996026
    },
    "total": 0.7276798000000326
}