{
    "Agent": {
        "total": 0.1409613999985595
    },
    "Env": {
        "apply_act": 0.28295649999836314,
        "observation_computation": 0.062299199998051336,
        "powerflow_computation": 0.05290710000372201,
        "total": 0.3981628000001365
    },
    "total": 0.6020759000002727
}