{
    "Agent": {
        "total": 0.019396898802369833
    },
    "Env": {
        "apply_act": 0.05784970032982528,
        "observation_computation": 0.013952900655567646,
        "powerflow_computation": 0.013642600504681468,
        "total": 0.0854452014900744
    },
    "total": 0.11888780002482235
}