{
    "Agent": {
        "total": 0.06549890000007963
    },
    "Env": {
        "apply_act": 0.15920569999963163,
        "observation_computation": 0.029627200000106768,
        "powerflow_computation": 0.024401299999510684,
        "total": 0.21323419999924909
    },
    "total": 0.3086447000000021
}