{
    "Agent": {
        "total": 0.028205599868670106
    },
    "Env": {
        "apply_act": 0.05135310092009604,
        "observation_computation": 0.011388999177142978,
        "powerflow_computation": 0.00969829992391169,
        "total": 0.07244040002115071
    },
    "total": 0.11259600007906556
}