{
    "Agent": {
        "total": 0.058997599997837824
    },
    "Env": {
        "apply_act": 0.3067936000043119,
        "observation_computation": 0.05840770000395423,
        "powerflow_computation": 0.05167799999981071,
        "total": 0.4168793000080768
    },
    "total": 0.5268125000002328
}