{
    "Agent": {
        "total": 0.0027886000000023614
    },
    "Env": {
        "apply_act": 0.03210770000004004,
        "observation_computation": 0.02149100000039539,
        "powerflow_computation": 0.021749400000061314,
        "total": 0.07534810000049674
    },
    "total": 0.09880060000000412
}