{
    "Agent": {
        "total": 0.6934816999928444
    },
    "Env": {
        "apply_act": 1.9434660999886546,
        "observation_computation": 0.30952170000637125,
        "powerflow_computation": 0.2764333999939481,
        "total": 2.529421199988974
    },
    "total": 3.5067951999999423
}