{
    "Agent": {
        "total": 0.04512500064447522
    },
    "Env": {
        "apply_act": 0.12829119991511106,
        "observation_computation": 0.02160610002465546,
        "powerflow_computation": 0.0183529001660645,
        "total": 0.16825020010583103
    },
    "total": 0.23495790001470596
}