{
    "Agent": {
        "total": 0.06738289969507605
    },
    "Env": {
        "apply_act": 0.2239143003243953,
        "observation_computation": 0.04535279970150441,
        "powerflow_computation": 0.04085230070631951,
        "total": 0.3101194007322192
    },
    "total": 0.42124980001244694
}