{
    "Agent": {
        "total": 0.037511900074605364
    },
    "Env": {
        "apply_act": 0.10142540001106681,
        "observation_computation": 0.018531199973949697,
        "powerflow_computation": 0.01823619999777293,
        "total": 0.13819279998278944
    },
    "total": 0.1943399000010686
}