{
    "Agent": {
        "total": 0.03781370004435303
    },
    "Env": {
        "apply_act": 0.10904880001908168,
        "observation_computation": 0.018598299961013254,
        "powerflow_computation": 0.0157876000230317,
        "total": 0.14343470000312664
    },
    "total": 0.19967929999984335
}