{
    "Agent": {
        "total": 0.22279959999787025
    },
    "Env": {
        "apply_act": 0.23084760000142523,
        "observation_computation": 0.11085850000063147,
        "powerflow_computation": 0.09002769999915472,
        "total": 0.4317338000012114
    },
    "total": 0.7595939999998791
}