{
    "Agent": {
        "total": 0.05863889999918115
    },
    "Env": {
        "apply_act": 0.5862658999996597,
        "observation_computation": 0.5680372000002762,
        "powerflow_computation": 0.35944159999900194,
        "total": 1.513744699998938
    },
    "total": 1.9729250000000036
}