{
    "Agent": {
        "total": 0.15567619999910676
    },
    "Env": {
        "apply_act": 0.20495339999934004,
        "observation_computation": 0.06916470000101071,
        "powerflow_computation": 0.05915390000109255,
        "total": 0.3332720000014433
    },
    "total": 0.557501000000002
}