{
    "Agent": {
        "total": 0.01058560000046782
    },
    "Env": {
        "apply_act": 0.031172099999821512,
        "observation_computation": 0.005841599999257596,
        "powerflow_computation": 0.006328599999960716,
        "total": 0.043342299999039824
    },
    "total": 0.05977530000018305
}