{
    "Agent": {
        "total": 0.0007967999999891617
    },
    "Env": {
        "apply_act": 0.0,
        "observation_computation": 0.0,
        "powerflow_computation": 0.0,
        "total": 0.0
    },
    "total": 0.002358399999991434
}