{
    "Agent": {
        "total": 0.08586729899980128
    },
    "Env": {
        "apply_act": 0.1691315989010036,
        "observation_computation": 0.042073399759829044,
        "powerflow_computation": 0.03994440194219351,
        "total": 0.25114940060302615
    },
    "total": 0.37688570003956556
}