{
    "Agent": {
        "total": 0.12713930010795593
    },
    "Env": {
        "apply_act": 0.4231558002065867,
        "observation_computation": 0.08377260074485093,
        "powerflow_computation": 0.07507139886729419,
        "total": 0.5819997998187318
    },
    "total": 0.7901600999757648
}