{
    "Agent": {
        "total": 0.17561150011897553
    },
    "Env": {
        "apply_act": 0.7729205002833623,
        "observation_computation": 0.16548399998282548,
        "powerflow_computation": 0.15257560017926153,
        "total": 1.0909801004454494
    },
    "total": 1.4115732999925967
}