{
    "Agent": {
        "total": 0.06669599912129343
    },
    "Env": {
        "apply_act": 0.1726700997678563,
        "observation_computation": 0.026572601054795086,
        "powerflow_computation": 0.023737798794172704,
        "total": 0.2229804996168241
    },
    "total": 0.3163672999944538
}