{
    "Agent": {
        "total": 0.1027286994503811
    },
    "Env": {
        "apply_act": 0.17447000020183623,
        "observation_computation": 0.05154900124762207,
        "powerflow_computation": 0.04576950008049607,
        "total": 0.2717885015299544
    },
    "total": 0.42431360005866736
}