{
    "Agent": {
        "total": 0.25499839999906726
    },
    "Env": {
        "apply_act": 0.2914882999987185,
        "observation_computation": 0.17942559999960395,
        "powerflow_computation": 0.15126900000359456,
        "total": 0.622182900001917
    },
    "total": 1.0330750999999054
}