{
    "Agent": {
        "total": 0.5752732999983436
    },
    "Env": {
        "apply_act": 0.38781279999909657,
        "observation_computation": 0.20623259999797483,
        "powerflow_computation": 0.19035839999935433,
        "total": 0.7844037999964257
    },
    "total": 1.559344699999997
}