{
    "Agent": {
        "total": 0.06546149999860518
    },
    "Env": {
        "apply_act": 0.06399639999938245,
        "observation_computation": 0.03254210000045532,
        "powerflow_computation": 0.028251000000523163,
        "total": 0.12478950000036093
    },
    "total": 0.2261045999999851
}