{
    "Agent": {
        "total": 0.12375680000013745
    },
    "Env": {
        "apply_act": 0.35145189999821014,
        "observation_computation": 0.05385400000113805,
        "powerflow_computation": 0.04857969999602574,
        "total": 0.4538855999953739
    },
    "total": 0.6296339999998963
}