{
    "Agent": {
        "total": 0.013755399999809015
    },
    "Env": {
        "apply_act": 0.032943699999805176,
        "observation_computation": 0.006824299999721006,
        "powerflow_computation": 0.006240800000114177,
        "total": 0.04600879999964036
    },
    "total": 0.06647559999998975
}