{
    "Agent": {
        "total": 0.0009412000000565968
    },
    "Env": {
        "apply_act": 0.0,
        "observation_computation": 0.0,
        "powerflow_computation": 0.0,
        "total": 0.0
    },
    "total": 0.002916400000003705
}