{
    "Agent": {
        "total": 0.024120499612763524
    },
    "Env": {
        "apply_act": 0.05175469990354031,
        "observation_computation": 0.013131599524058402,
        "powerflow_computation": 0.011512599652633071,
        "total": 0.07639889908023179
    },
    "total": 0.11251350003294647
}