{
    "Agent": {
        "total": 0.12270399999988513
    },
    "Env": {
        "apply_act": 0.3393914999996923,
        "observation_computation": 0.062084900000286325,
        "powerflow_computation": 0.053247200000555495,
        "total": 0.45472360000053413
    },
    "total": 0.6372440999999753
}