{
    "Agent": {
        "total": 0.2032030000003715
    },
    "Env": {
        "apply_act": 0.21675140000036208,
        "observation_computation": 0.13317600000061702,
        "powerflow_computation": 0.1140283999991425,
        "total": 0.4639558000001216
    },
    "total": 0.7835706000000755
}