{
    "Agent": {
        "total": 0.09063919971231371
    },
    "Env": {
        "apply_act": 0.3323711989214644,
        "observation_computation": 0.06982159975450486,
        "powerflow_computation": 0.06626600050367415,
        "total": 0.4684587991796434
    },
    "total": 0.6233031000010669
}