{
    "Agent": {
        "total": 0.08536659999992935
    },
    "Env": {
        "apply_act": 0.19578580000057855,
        "observation_computation": 0.036401700000396886,
        "powerflow_computation": 0.034335599999849364,
        "total": 0.2665231000008248
    },
    "total": 0.388316599999996
}