{
    "Agent": {
        "total": 0.013083099999789738
    },
    "Env": {
        "apply_act": 0.13817449999970677,
        "observation_computation": 0.09783050000015692,
        "powerflow_computation": 0.07876620000058665,
        "total": 0.31477120000045034
    },
    "total": 0.4170765000000074
}