{
    "Agent": {
        "total": 0.11578729969915003
    },
    "Env": {
        "apply_act": 0.43721290020039305,
        "observation_computation": 0.09870109998155385,
        "powerflow_computation": 0.08438320033019409,
        "total": 0.620297200512141
    },
    "total": 0.8246903999825008
}