{
    "Agent": {
        "total": 0.014674299396574497
    },
    "Env": {
        "apply_act": 0.027355000376701355,
        "observation_computation": 0.005211799871176481,
        "powerflow_computation": 0.005165800219401717,
        "total": 0.03773260046727955
    },
    "total": 0.0582893998362124
}