{
    "Agent": {
        "total": 0.26297760219313204
    },
    "Env": {
        "apply_act": 1.0585409002378583,
        "observation_computation": 0.19147340045310557,
        "powerflow_computation": 0.1833808997180313,
        "total": 1.4333952004089952
    },
    "total": 1.876739599974826
}