{
    "Agent": {
        "total": 0.059159999997064006
    },
    "Env": {
        "apply_act": 0.3178009000007478,
        "observation_computation": 0.05889799999931711,
        "powerflow_computation": 0.05766559999574383,
        "total": 0.43436449999580873
    },
    "total": 0.5468178999999509
}