{
    "Agent": {
        "total": 0.08796080038882792
    },
    "Env": {
        "apply_act": 0.18256459897384048,
        "observation_computation": 0.042506901547312737,
        "powerflow_computation": 0.03922109678387642,
        "total": 0.26429259730502963
    },
    "total": 0.39282700000330806
}