{
    "Agent": {
        "total": 0.11924820000240288
    },
    "Env": {
        "apply_act": 0.0654155000074752,
        "observation_computation": 0.0429692999996405,
        "powerflow_computation": 0.03543219999573921,
        "total": 0.1438170000028549
    },
    "total": 0.302440999999817
}