{
    "Agent": {
        "total": 0.09167260000083388
    },
    "Env": {
        "apply_act": 0.182539000001384,
        "observation_computation": 0.04056970000010551,
        "powerflow_computation": 0.03645570000094267,
        "total": 0.2595644000024322
    },
    "total": 0.38970789999996214
}