{
    "Agent": {
        "total": 0.04079939999988369
    },
    "Env": {
        "apply_act": 0.44998789999974065,
        "observation_computation": 0.490679799999981,
        "powerflow_computation": 0.2808721999998056,
        "total": 1.2215398999995273
    },
    "total": 1.5619719000000032
}