{
    "Agent": {
        "total": 0.07161860214546323
    },
    "Env": {
        "apply_act": 0.28455569967627525,
        "observation_computation": 0.050893799401819706,
        "powerflow_computation": 0.04282829840667546,
        "total": 0.3782777974847704
    },
    "total": 0.4978197000455111
}