{
    "Agent": {
        "total": 0.008753199999944172
    },
    "Env": {
        "apply_act": 0.10276039999934028,
        "observation_computation": 0.07114000000035503,
        "powerflow_computation": 0.061797200000000885,
        "total": 0.2356975999996962
    },
    "total": 0.3130723000000444
}