{
    "Agent": {
        "total": 0.06502060000025267
    },
    "Env": {
        "apply_act": 0.10423229999969408,
        "observation_computation": 0.023608799999237817,
        "powerflow_computation": 0.025013900000658396,
        "total": 0.1528549999995903
    },
    "total": 0.24775180000006003
}