{
    "Agent": {
        "total": 0.03456559999989395
    },
    "Env": {
        "apply_act": 0.06878269999981512,
        "observation_computation": 0.012784600000031787,
        "powerflow_computation": 0.011029000000291944,
        "total": 0.09259630000013885
    },
    "total": 0.14079279999998562
}