{
    "Agent": {
        "total": 0.02011120000020128
    },
    "Env": {
        "apply_act": 0.022708600000214574,
        "observation_computation": 0.013259300000754592,
        "powerflow_computation": 0.012325300000838979,
        "total": 0.048293200001808145
    },
    "total": 0.08046170000011443
}