{
    "Agent": {
        "total": 0.09380029999556427
    },
    "Env": {
        "apply_act": 0.233604899999591,
        "observation_computation": 0.052150300001812866,
        "powerflow_computation": 0.038007300002391275,
        "total": 0.32376250000379514
    },
    "total": 0.45304159999977855
}