{
    "Agent": {
        "total": 0.06276290000039353
    },
    "Env": {
        "apply_act": 0.13459120000050007,
        "observation_computation": 0.022197399999981826,
        "powerflow_computation": 0.01978259999941656,
        "total": 0.17657119999989845
    },
    "total": 0.26215430000002016
}