{
    "Agent": {
        "total": 0.05563090000077864
    },
    "Env": {
        "apply_act": 0.058290200003284554,
        "observation_computation": 0.0350938000028691,
        "powerflow_computation": 0.03051289999984874,
        "total": 0.1238969000060024
    },
    "total": 0.21157689999972717
}