{
    "Agent": {
        "total": 0.5578904999920269
    },
    "Env": {
        "apply_act": 1.159762300004786,
        "observation_computation": 0.34581769999931566,
        "powerflow_computation": 0.3112768999972104,
        "total": 1.8168569000013122
    },
    "total": 2.6807349999999133
}