{
    "Agent": {
        "total": 0.004687099999756583
    },
    "Env": {
        "apply_act": 0.05480039999991959,
        "observation_computation": 0.037786700000040696,
        "powerflow_computation": 0.036744900000087455,
        "total": 0.12933200000004774
    },
    "total": 0.16901690000000258
}