{
    "Agent": {
        "total": 0.041205700021237135
    },
    "Env": {
        "apply_act": 0.08325489971321076,
        "observation_computation": 0.019567399751394987,
        "powerflow_computation": 0.017115799710154533,
        "total": 0.11993809917476028
    },
    "total": 0.180199799942784
}