{
    "Agent": {
        "total": 0.22046499949647114
    },
    "Env": {
        "apply_act": 0.4668903997517191,
        "observation_computation": 0.07954950025305152,
        "powerflow_computation": 0.0708599992794916,
        "total": 0.6172998992842622
    },
    "total": 0.9172669000108726
}