{
    "Agent": {
        "total": 0.24839960000690553
    },
    "Env": {
        "apply_act": 1.2031943999982104,
        "observation_computation": 0.19786959999419196,
        "powerflow_computation": 0.1705327000008765,
        "total": 1.571596699993279
    },
    "total": 1.9967372000000978
}