{
    "Agent": {
        "total": 0.017451100051403046
    },
    "Env": {
        "apply_act": 0.04678430058993399,
        "observation_computation": 0.01233970036264509,
        "powerflow_computation": 0.011192299658432603,
        "total": 0.07031630061101168
    },
    "total": 0.09989079996012151
}