{
    "Agent": {
        "total": 0.014480100000241691
    },
    "Env": {
        "apply_act": 0.16466130000007695,
        "observation_computation": 0.11829530000001398,
        "powerflow_computation": 0.10643710000012163,
        "total": 0.38939370000021256
    },
    "total": 0.5150594999999925
}