{
    "Agent": {
        "total": 0.013304400000095029
    },
    "Env": {
        "apply_act": 0.16007419999996841,
        "observation_computation": 0.11432899999979895,
        "powerflow_computation": 0.10329169999985766,
        "total": 0.377694899999625
    },
    "total": 0.4949028999999996
}