{
    "Agent": {
        "total": 0.08573199999966619
    },
    "Env": {
        "apply_act": 0.19105490000009695,
        "observation_computation": 0.033803599999998823,
        "powerflow_computation": 0.03201889999996865,
        "total": 0.2568774000000644
    },
    "total": 0.37829779999998436
}