{
    "Agent": {
        "total": 1.00757580017671
    },
    "Env": {
        "apply_act": 0.215086399926804,
        "observation_computation": 0.046894000843167305,
        "powerflow_computation": 0.04098050016909838,
        "total": 0.3029609009390697
    },
    "total": 1.3575824000872672
}