{
    "Agent": {
        "total": 0.19931039994116873
    },
    "Env": {
        "apply_act": 0.5587237001163885,
        "observation_computation": 0.0924570997885894,
        "powerflow_computation": 0.08006419980665669,
        "total": 0.7312449997116346
    },
    "total": 1.018827899999451
}