{
    "Agent": {
        "total": 0.7023543000095742
    },
    "Env": {
        "apply_act": 0.3631430999857912,
        "observation_computation": 0.228580500021053,
        "powerflow_computation": 0.2015910000054646,
        "total": 0.7933146000123088
    },
    "total": 1.7205904000002192
}