{
    "Agent": {
        "total": 0.08307179999974323
    },
    "Env": {
        "apply_act": 0.24981910000133212,
        "observation_computation": 0.04396779999979117,
        "powerflow_computation": 0.038766400000440626,
        "total": 0.3325533000015639
    },
    "total": 0.4569558000002871
}