{
    "Agent": {
        "total": 0.11318079882767051
    },
    "Env": {
        "apply_act": 0.49459169909823686,
        "observation_computation": 0.08572209894191474,
        "powerflow_computation": 0.07895020034629852,
        "total": 0.6592639983864501
    },
    "total": 0.8539506000233814
}