{
    "Agent": {
        "total": 0.5743094999984351
    },
    "Env": {
        "apply_act": 0.6007057000019813,
        "observation_computation": 0.36431000000197855,
        "powerflow_computation": 0.3137250000011136,
        "total": 1.2787407000050734
    },
    "total": 2.173354700000118
}