{
    "Agent": {
        "total": 0.2356953999842517
    },
    "Env": {
        "apply_act": 0.5363778002792969,
        "observation_computation": 0.08724530012113973,
        "powerflow_computation": 0.08980649948352948,
        "total": 0.7134295998839661
    },
    "total": 1.0348281000042334
}