{
    "Agent": {
        "total": 0.08010009999952672
    },
    "Env": {
        "apply_act": 0.1922394999998005,
        "observation_computation": 0.03186050000039131,
        "powerflow_computation": 0.026614699999981895,
        "total": 0.2507147000001737
    },
    "total": 0.362667799999997
}