{
    "Agent": {
        "total": 0.11952919885516167
    },
    "Env": {
        "apply_act": 0.30701820040121675,
        "observation_computation": 0.07167900004424155,
        "powerflow_computation": 0.06155600305646658,
        "total": 0.4402532035019249
    },
    "total": 0.6266309998463839
}