{
    "Agent": {
        "total": 0.020383700000053295
    },
    "Env": {
        "apply_act": 0.23464309999999244,
        "observation_computation": 0.14906259999992955,
        "powerflow_computation": 0.13742549999992804,
        "total": 0.52113119999985
    },
    "total": 0.6796113999999989
}