{
    "Agent": {
        "total": 0.03691960021387786
    },
    "Env": {
        "apply_act": 0.09647349931765348,
        "observation_computation": 0.02178320020902902,
        "powerflow_computation": 0.02054330031387508,
        "total": 0.13879999984055758
    },
    "total": 0.19552949990611523
}