{
    "Agent": {
        "total": 0.08098640000207524
    },
    "Env": {
        "apply_act": 0.2719171000003371,
        "observation_computation": 0.04729329999872789,
        "powerflow_computation": 0.04102250000141794,
        "total": 0.3602329000004829
    },
    "total": 0.4853290000000925
}