{
    "Agent": {
        "total": 0.019932299968786538
    },
    "Env": {
        "apply_act": 0.04786040002363734,
        "observation_computation": 0.008825399912893772,
        "powerflow_computation": 0.008381700026802719,
        "total": 0.06506749996333383
    },
    "total": 0.09385760000441223
}