{
    "Agent": {
        "total": 0.40636209999297535
    },
    "Env": {
        "apply_act": 0.42568409999807955,
        "observation_computation": 0.19168229999831965,
        "powerflow_computation": 0.1759620000002542,
        "total": 0.7933283999966534
    },
    "total": 1.3837108000000171
}