{
    "Agent": {
        "total": 0.23789509999915026
    },
    "Env": {
        "apply_act": 0.601426399994125,
        "observation_computation": 0.1291932000003726,
        "powerflow_computation": 0.10237430001052417,
        "total": 0.8329939000050217
    },
    "total": 1.1789402000003975
}