{
    "Agent": {
        "total": 0.061620600004062
    },
    "Env": {
        "apply_act": 0.034337800005232566,
        "observation_computation": 0.022819900003923976,
        "powerflow_computation": 0.020131400005084288,
        "total": 0.07728910001424083
    },
    "total": 0.1610078000003341
}