{
    "Agent": {
        "total": 0.07353460078593343
    },
    "Env": {
        "apply_act": 0.17060709977522492,
        "observation_computation": 0.02981820038985461,
        "powerflow_computation": 0.025602899491786957,
        "total": 0.2260281996568665
    },
    "total": 0.3298066999996081
}