{
    "Agent": {
        "total": 0.05080730025656521
    },
    "Env": {
        "apply_act": 0.1199811000842601,
        "observation_computation": 0.019718901021406054,
        "powerflow_computation": 0.017117002047598362,
        "total": 0.15681700315326452
    },
    "total": 0.22773320018313825
}