{
    "Agent": {
        "total": 0.2836643000018739
    },
    "Env": {
        "apply_act": 0.16068049999284995,
        "observation_computation": 0.10328160002609366,
        "powerflow_computation": 0.09931390000656393,
        "total": 0.36327600002550753
    },
    "total": 0.7471125000001848
}