{
    "Agent": {
        "total": 0.02404780057258904
    },
    "Env": {
        "apply_act": 0.04631889867596328,
        "observation_computation": 0.011599099962040782,
        "powerflow_computation": 0.011846899520605803,
        "total": 0.06976489815860987
    },
    "total": 0.10510049993172288
}