{
    "Agent": {
        "total": 0.0027069999999866923
    },
    "Env": {
        "apply_act": 0.003931299999976545,
        "observation_computation": 0.0008494000001064705,
        "powerflow_computation": 0.000780099999929007,
        "total": 0.005560800000012023
    },
    "total": 0.011168600000019069
}