{
    "Agent": {
        "total": 0.06909880000017665
    },
    "Env": {
        "apply_act": 0.14873789999978726,
        "observation_computation": 0.028829300000040803,
        "powerflow_computation": 0.024271000000339882,
        "total": 0.20183820000016794
    },
    "total": 0.30001370000002225
}