{
    "Agent": {
        "total": 1.1940159000223503
    },
    "Env": {
        "apply_act": 1.7024866999900041,
        "observation_computation": 0.7581188000058319,
        "powerflow_computation": 0.6370151000114674,
        "total": 3.0976206000073034
    },
    "total": 4.962993900000129
}