{
    "Agent": {
        "total": 0.06286589801311493
    },
    "Env": {
        "apply_act": 0.13211420155130327,
        "observation_computation": 0.02995300176553428,
        "powerflow_computation": 0.026254600379616022,
        "total": 0.18832180369645357
    },
    "total": 0.28123280010186136
}