{
    "Agent": {
        "total": 0.009148699464276433
    },
    "Env": {
        "apply_act": 0.026758300024084747,
        "observation_computation": 0.0057739001931622624,
        "powerflow_computation": 0.004869199940003455,
        "total": 0.037401400157250464
    },
    "total": 0.053047899971716106
}