{
    "Agent": {
        "total": 0.06358490000047823
    },
    "Env": {
        "apply_act": 0.23076450000007753,
        "observation_computation": 0.03704339999876538,
        "powerflow_computation": 0.031019500000184053,
        "total": 0.29882739999902697
    },
    "total": 0.39899619999960123
}