{
    "Agent": {
        "total": 0.0901585987303406
    },
    "Env": {
        "apply_act": 0.10539289773441851,
        "observation_computation": 0.0461525006685406,
        "powerflow_computation": 0.040916701313108206,
        "total": 0.19246209971606731
    },
    "total": 0.3251316000241786
}