{
    "Agent": {
        "total": 0.03966910000053758
    },
    "Env": {
        "apply_act": 0.15834970000025805,
        "observation_computation": 0.02263570000013715,
        "powerflow_computation": 0.018683000000009997,
        "total": 0.1996684000004052
    },
    "total": 0.26197590000003856
}