{
    "Agent": {
        "total": 0.00903209999970045
    },
    "Env": {
        "apply_act": 0.1038134000000639,
        "observation_computation": 0.07490879999994604,
        "powerflow_computation": 0.06471619999976497,
        "total": 0.2434383999997749
    },
    "total": 0.32165939999998727
}