{
    "Agent": {
        "total": 0.12934959999938656
    },
    "Env": {
        "apply_act": 0.17709510000054252,
        "observation_computation": 0.08370129999957499,
        "powerflow_computation": 0.0742074999993747,
        "total": 0.3350038999994922
    },
    "total": 0.5390749000000596
}