{
    "Agent": {
        "total": 0.01723179999999047
    },
    "Env": {
        "apply_act": 0.19677189999970324,
        "observation_computation": 0.1324579000000199,
        "powerflow_computation": 0.11168439999985935,
        "total": 0.4409141999995825
    },
    "total": 0.5775454999999994
}