{
    "Agent": {
        "total": 0.0299448999978722
    },
    "Env": {
        "apply_act": 0.07884199999875818,
        "observation_computation": 0.021923100000094564,
        "powerflow_computation": 0.018900500000654574,
        "total": 0.11966559999950732
    },
    "total": 0.17095569999992222
}