{
    "Agent": {
        "total": 0.9149240000074315
    },
    "Env": {
        "apply_act": 1.0461433999962537,
        "observation_computation": 0.6419649999977537,
        "powerflow_computation": 0.5314776000011534,
        "total": 2.219585999995161
    },
    "total": 3.6932778000000326
}