{
    "Agent": {
        "total": 0.2966162000057011
    },
    "Env": {
        "apply_act": 0.16992220000884117,
        "observation_computation": 0.10355059999437799,
        "powerflow_computation": 0.09771419999560749,
        "total": 0.37118699999882665
    },
    "total": 0.7669850000002043
}