{
    "Agent": {
        "total": 0.043894499999623804
    },
    "Env": {
        "apply_act": 0.04979879999928016,
        "observation_computation": 0.021587100000488135,
        "powerflow_computation": 0.019856200000276658,
        "total": 0.09124210000004496
    },
    "total": 0.1556844000001547
}