{
    "Agent": {
        "total": 0.0009135999716818333
    },
    "Env": {
        "apply_act": 0.0,
        "observation_computation": 0.0,
        "powerflow_computation": 0.0,
        "total": 0.0
    },
    "total": 0.002061299979686737
}