{
    "Agent": {
        "total": 0.23117880150675774
    },
    "Env": {
        "apply_act": 0.4518609023652971,
        "observation_computation": 0.11212289845570922,
        "powerflow_computation": 0.09983889851719141,
        "total": 0.6638226993381977
    },
    "total": 1.0037976999301463
}