{
    "Agent": {
        "total": 0.07399759953841567
    },
    "Env": {
        "apply_act": 0.1573127992451191,
        "observation_computation": 0.02902389969676733,
        "powerflow_computation": 0.025090400129556656,
        "total": 0.21142709907144308
    },
    "total": 0.315474700066261
}