{
    "Agent": {
        "total": 0.03451010014396161
    },
    "Env": {
        "apply_act": 0.10464879963546991,
        "observation_computation": 0.016225299914367497,
        "powerflow_computation": 0.014383200905285776,
        "total": 0.13525730045512319
    },
    "total": 0.18534760002512485
}