{
    "Agent": {
        "total": 0.0010549999999511783
    },
    "Env": {
        "apply_act": 0.0,
        "observation_computation": 0.0,
        "powerflow_computation": 0.0,
        "total": 0.0
    },
    "total": 0.0032852000000502812
}