{
    "Agent": {
        "total": 0.013421299999038183
    },
    "Env": {
        "apply_act": 0.1482821999994144,
        "observation_computation": 0.10723799999982475,
        "powerflow_computation": 0.09104069999972353,
        "total": 0.34656089999896267
    },
    "total": 0.46136979999999994
}