{
    "Agent": {
        "total": 0.10371119999967959
    },
    "Env": {
        "apply_act": 0.19879089999994903,
        "observation_computation": 0.04554809999990539,
        "powerflow_computation": 0.0454298000001927,
        "total": 0.2897688000000471
    },
    "total": 0.4378676000001178
}