{
    "Agent": {
        "total": 0.30224719999614535
    },
    "Env": {
        "apply_act": 1.9763162999988708,
        "observation_computation": 0.2984191000032297,
        "powerflow_computation": 0.2596659999999247,
        "total": 2.534401400002025
    },
    "total": 3.0977050000001327
}