{
    "Agent": {
        "total": 0.0007887000000437183
    },
    "Env": {
        "apply_act": 0.0,
        "observation_computation": 0.0,
        "powerflow_computation": 0.0,
        "total": 0.0
    },
    "total": 0.0018675000000030195
}