{
    "Agent": {
        "total": 0.28619549979339354
    },
    "Env": {
        "apply_act": 1.4784577998652821,
        "observation_computation": 0.25642740017792676,
        "powerflow_computation": 0.2427980998327257,
        "total": 1.9776832998759346
    },
    "total": 2.4872378000000026
}