{
    "Agent": {
        "total": 0.0032183000001850814
    },
    "Env": {
        "apply_act": 0.0362417000003461,
        "observation_computation": 0.0257511999997746,
        "powerflow_computation": 0.023281199999814817,
        "total": 0.08527409999993552
    },
    "total": 0.1129048000000239
}