{
    "Agent": {
        "total": 0.1569599020294845
    },
    "Env": {
        "apply_act": 0.16452760132960975,
        "observation_computation": 0.08315900037996471,
        "powerflow_computation": 0.07373949978500605,
        "total": 0.3214261014945805
    },
    "total": 0.5565996000077575
}