{
    "Agent": {
        "total": 0.13174270070157945
    },
    "Env": {
        "apply_act": 0.5241748004918918,
        "observation_computation": 0.0959855024702847,
        "powerflow_computation": 0.08631870022509247,
        "total": 0.706479003187269
    },
    "total": 0.9291226000059396
}