{
    "Agent": {
        "total": 0.06754829990677536
    },
    "Env": {
        "apply_act": 0.1954851991031319,
        "observation_computation": 0.03252819972112775,
        "powerflow_computation": 0.030496900202706456,
        "total": 0.2585102990269661
    },
    "total": 0.3579390000086278
}