{
    "Agent": {
        "total": 0.13637100004416425
    },
    "Env": {
        "apply_act": 0.3597728001404903,
        "observation_computation": 0.0647669001336908,
        "powerflow_computation": 0.05568329998641275,
        "total": 0.48022300026059384
    },
    "total": 0.6819538999989163
}