{
    "Agent": {
        "total": 0.04770949971862137
    },
    "Env": {
        "apply_act": 0.15443309932015836,
        "observation_computation": 0.03579699946567416,
        "powerflow_computation": 0.03119440097361803,
        "total": 0.22142449975945055
    },
    "total": 0.3030787999741733
}