{
    "Agent": {
        "total": 0.120251499931328
    },
    "Env": {
        "apply_act": 0.38921450008638203,
        "observation_computation": 0.08090270007960498,
        "powerflow_computation": 0.0783269009552896,
        "total": 0.5484441011212766
    },
    "total": 0.7477612999500707
}