{
    "Agent": {
        "total": 0.07694129995070398
    },
    "Env": {
        "apply_act": 0.30150320002576336,
        "observation_computation": 0.04459739997400902,
        "powerflow_computation": 0.03979289979906753,
        "total": 0.3858934997988399
    },
    "total": 0.5039511000213679
}