{
    "Agent": {
        "total": 0.8268680000006725
    },
    "Env": {
        "apply_act": 1.5323373999983687,
        "observation_computation": 0.37859439999976985,
        "powerflow_computation": 0.31902440000067145,
        "total": 2.22995619999881
    },
    "total": 3.4249360000000024
}