{
    "Agent": {
        "total": 1.4159774999978936
    },
    "Env": {
        "apply_act": 1.1983671999989838,
        "observation_computation": 0.7037234999972952,
        "powerflow_computation": 0.6525669999948605,
        "total": 2.5546576999911395
    },
    "total": 4.6423573999999235
}