{
    "Agent": {
        "total": 0.009245000000305481
    },
    "Env": {
        "apply_act": 0.10123229999976502,
        "observation_computation": 0.06879299999997102,
        "powerflow_computation": 0.057912200000146186,
        "total": 0.22793749999988222
    },
    "total": 0.3002905000000169
}