{
    "Agent": {
        "total": 0.0007301000878214836
    },
    "Env": {
        "apply_act": 0.0,
        "observation_computation": 0.0,
        "powerflow_computation": 0.0,
        "total": 0.0
    },
    "total": 0.0019326000474393368
}