{
    "Agent": {
        "total": 0.09168939999966597
    },
    "Env": {
        "apply_act": 0.18797780000056719,
        "observation_computation": 0.03308000000015454,
        "powerflow_computation": 0.026682199999868317,
        "total": 0.24774000000059004
    },
    "total": 0.37425740000003316
}