{
    "Agent": {
        "total": 0.07085350000170365
    },
    "Env": {
        "apply_act": 0.32670049999615003,
        "observation_computation": 0.06839749999744527,
        "powerflow_computation": 0.05664520000391349,
        "total": 0.4517431999975088
    },
    "total": 0.5848936999996113
}