{
    "Agent": {
        "total": 0.3437848001776729
    },
    "Env": {
        "apply_act": 0.8951018003863283,
        "observation_computation": 0.1628825001535006,
        "powerflow_computation": 0.14633820005110465,
        "total": 1.2043225005909335
    },
    "total": 1.7022642999945674
}