{
    "Agent": {
        "total": 0.05885380000063378
    },
    "Env": {
        "apply_act": 0.16755119999970702,
        "observation_computation": 0.024970500000108586,
        "powerflow_computation": 0.023749099997075973,
        "total": 0.21627079999689158
    },
    "total": 0.3003499000001284
}