{
    "Agent": {
        "total": 0.061660900828428566
    },
    "Env": {
        "apply_act": 0.2229515010258183,
        "observation_computation": 0.04552449914626777,
        "powerflow_computation": 0.05127549928147346,
        "total": 0.3197514994535595
    },
    "total": 0.42550829995889217
}