{
    "Agent": {
        "total": 0.10072500000080709
    },
    "Env": {
        "apply_act": 0.19764570000006643,
        "observation_computation": 0.03984869999942475,
        "powerflow_computation": 0.037868299999900046,
        "total": 0.2753626999993912
    },
    "total": 0.4171797000000197
}