{
    "Agent": {
        "total": 0.41170440000064445
    },
    "Env": {
        "apply_act": 0.10022430000026361,
        "observation_computation": 0.05673620000266055,
        "powerflow_computation": 0.048278000000436805,
        "total": 0.20523850000336097
    },
    "total": 0.6711272000000008
}