{
    "Agent": {
        "total": 0.009266600000174208
    },
    "Env": {
        "apply_act": 0.10629960000001404,
        "observation_computation": 0.10438369999987174,
        "powerflow_computation": 0.06202419999989672,
        "total": 0.2727074999997825
    },
    "total": 0.3542443999999989
}