{
    "Agent": {
        "total": 0.007255200296640396
    },
    "Env": {
        "apply_act": 0.01788979978300631,
        "observation_computation": 0.003198700724169612,
        "powerflow_computation": 0.0034924999345093966,
        "total": 0.02458100044168532
    },
    "total": 0.035159199964255095
}