{
    "Agent": {
        "total": 0.09051729999994507
    },
    "Env": {
        "apply_act": 0.9512903999994649,
        "observation_computation": 0.7047593000002337,
        "powerflow_computation": 0.6787818000001664,
        "total": 2.334831499999865
    },
    "total": 3.064192899999995
}