{
    "Agent": {
        "total": 0.11287710000169682
    },
    "Env": {
        "apply_act": 0.34161539999968227,
        "observation_computation": 0.0562449000012748,
        "powerflow_computation": 0.047903300003781624,
        "total": 0.4457636000047387
    },
    "total": 0.6145804999996471
}