{
    "Agent": {
        "total": 0.036549799726344645
    },
    "Env": {
        "apply_act": 0.09119750012177974,
        "observation_computation": 0.021848000236786902,
        "powerflow_computation": 0.019259199500083923,
        "total": 0.13230469985865057
    },
    "total": 0.1887436000397429
}