{
    "Agent": {
        "total": 0.34967220001362875
    },
    "Env": {
        "apply_act": 0.20199220000267815,
        "observation_computation": 0.12992990000384452,
        "powerflow_computation": 0.1196020000070348,
        "total": 0.4515241000135575
    },
    "total": 0.9225815999998304
}