{
    "Agent": {
        "total": 0.0011282999999906451
    },
    "Env": {
        "apply_act": 0.012979499999978827,
        "observation_computation": 0.00852379999997055,
        "powerflow_computation": 0.009040800000008176,
        "total": 0.030544099999957552
    },
    "total": 0.03957789999999761
}