{
    "Agent": {
        "total": 0.05445889999850806
    },
    "Env": {
        "apply_act": 0.1630755000001045,
        "observation_computation": 0.03973859999996421,
        "powerflow_computation": 0.03783300000009149,
        "total": 0.2406471000001602
    },
    "total": 0.3327839999999469
}