{
    "Agent": {
        "total": 0.0223535000004631
    },
    "Env": {
        "apply_act": 0.24782679999975699,
        "observation_computation": 0.17025890000019217,
        "powerflow_computation": 0.1399160000001416,
        "total": 0.5580017000000908
    },
    "total": 0.7355737999999974
}