{
    "Agent": {
        "total": 0.23867850000067392
    },
    "Env": {
        "apply_act": 0.46932879999894794,
        "observation_computation": 0.16744540000070174,
        "powerflow_computation": 0.1375915999993822,
        "total": 0.7743657999990319
    },
    "total": 1.1594907999999577
}