{
    "Agent": {
        "total": 0.0009737000000313856
    },
    "Env": {
        "apply_act": 0.0,
        "observation_computation": 0.0,
        "powerflow_computation": 0.0,
        "total": 0.0
    },
    "total": 0.002093200000217621
}