{
    "Agent": {
        "total": 0.07963169971480966
    },
    "Env": {
        "apply_act": 0.32742299942765385,
        "observation_computation": 0.029476500232703984,
        "powerflow_computation": 0.025369999813847244,
        "total": 0.3822694994742051
    },
    "total": 0.49277509993407875
}