{
    "Agent": {
        "total": 0.0073347005527466536
    },
    "Env": {
        "apply_act": 0.017821199959143996,
        "observation_computation": 0.0034744006115943193,
        "powerflow_computation": 0.0034613993484526873,
        "total": 0.024756999919191003
    },
    "total": 0.035780200036242604
}