{
    "Agent": {
        "total": 0.21986540069337934
    },
    "Env": {
        "apply_act": 0.998375499912072,
        "observation_computation": 0.2028544013737701,
        "powerflow_computation": 0.1744953002780676,
        "total": 1.3757252015639096
    },
    "total": 1.7755620999960229
}