{
    "Agent": {
        "total": 0.03291010000066308
    },
    "Env": {
        "apply_act": 0.11353199999848584,
        "observation_computation": 0.024086499999384614,
        "powerflow_computation": 0.02116019999971286,
        "total": 0.15877869999758332
    },
    "total": 0.2140743999998449
}