{
    "Agent": {
        "total": 0.026361199794337153
    },
    "Env": {
        "apply_act": 0.051870499504730105,
        "observation_computation": 0.017263900372199714,
        "powerflow_computation": 0.014851600280962884,
        "total": 0.0839860001578927
    },
    "total": 0.1284461000468582
}