{
    "Agent": {
        "total": 0.0025492998538538814
    },
    "Env": {
        "apply_act": 0.008218499948270619,
        "observation_computation": 0.001531100133433938,
        "powerflow_computation": 0.0020952001214027405,
        "total": 0.011844800203107297
    },
    "total": 0.016184700070880353
}