{
    "Agent": {
        "total": 0.5356744999993452
    },
    "Env": {
        "apply_act": 1.0303559999977097,
        "observation_computation": 0.3642249999991236,
        "powerflow_computation": 0.30000469999686175,
        "total": 1.694585699993695
    },
    "total": 2.5516692999999577
}