{
    "Agent": {
        "total": 0.32644070126116276
    },
    "Env": {
        "apply_act": 0.9188909996300936,
        "observation_computation": 0.14961219858378172,
        "powerflow_computation": 0.1311503004981205,
        "total": 1.1996534987119958
    },
    "total": 1.6681974999373779
}