{
    "Agent": {
        "total": 0.22293389999322244
    },
    "Env": {
        "apply_act": 0.11531630000536097,
        "observation_computation": 0.07097870000143303,
        "powerflow_computation": 0.06807249999474152,
        "total": 0.2543675000015355
    },
    "total": 0.5442731000002823
}