{
    "Agent": {
        "total": 0.0171123999170959
    },
    "Env": {
        "apply_act": 0.048187099979259074,
        "observation_computation": 0.011787400464527309,
        "powerflow_computation": 0.010141199920326471,
        "total": 0.07011570036411285
    },
    "total": 0.10045369993895292
}