{
    "Agent": {
        "total": 0.05800079998880392
    },
    "Env": {
        "apply_act": 0.17828060000465484,
        "observation_computation": 0.02771380001649959,
        "powerflow_computation": 0.024703899944142904,
        "total": 0.23069829996529734
    },
    "total": 0.31686709999485174
}