{
    "Agent": {
        "total": 1.7739998999923046
    },
    "Env": {
        "apply_act": 1.5926429999967695,
        "observation_computation": 0.9804656999976942,
        "powerflow_computation": 0.8396706000050926,
        "total": 3.4127792999995563
    },
    "total": 6.049453599999879
}