{
    "Agent": {
        "total": 0.545864800000345
    },
    "Env": {
        "apply_act": 0.6343853000037143,
        "observation_computation": 0.35726630000158366,
        "powerflow_computation": 0.29350440000052913,
        "total": 1.285156000005827
    },
    "total": 2.1519676000000345
}