{
    "Agent": {
        "total": 0.07365340000035303
    },
    "Env": {
        "apply_act": 0.06934920000026068,
        "observation_computation": 0.03930859999968561,
        "powerflow_computation": 0.03948359999958484,
        "total": 0.14814139999953113
    },
    "total": 0.26019670000005135
}