{
    "Agent": {
        "total": 0.24229260114952922
    },
    "Env": {
        "apply_act": 0.4502162963617593,
        "observation_computation": 0.11714099976234138,
        "powerflow_computation": 0.10202409815974534,
        "total": 0.669381394283846
    },
    "total": 1.0239211998414248
}