{
    "Agent": {
        "total": 0.1024175000784453
    },
    "Env": {
        "apply_act": 0.39034620008897036,
        "observation_computation": 0.06058730013319291,
        "powerflow_computation": 0.05179260007571429,
        "total": 0.5027261002978776
    },
    "total": 0.6614717000047676
}