{
    "Agent": {
        "total": 0.16910529999950086
    },
    "Env": {
        "apply_act": 0.4175492000031227,
        "observation_computation": 0.08134639999570936,
        "powerflow_computation": 0.056579200000669516,
        "total": 0.5554747999995016
    },
    "total": 0.7918712999999116
}