{
    "Agent": {
        "total": 0.06977750000078231
    },
    "Env": {
        "apply_act": 0.25255670000251484,
        "observation_computation": 0.040650200000982295,
        "powerflow_computation": 0.034125900001072296,
        "total": 0.32733280000456944
    },
    "total": 0.4370002000000568
}