{
    "Agent": {
        "total": 0.3964967000044908
    },
    "Env": {
        "apply_act": 1.5314454999977443,
        "observation_computation": 0.27863700000261815,
        "powerflow_computation": 0.2544626000003518,
        "total": 2.0645451000007142
    },
    "total": 2.7040133999998943
}