{
    "Agent": {
        "total": 0.016524999984540045
    },
    "Env": {
        "apply_act": 0.035543399630114436,
        "observation_computation": 0.007912299712188542,
        "powerflow_computation": 0.008773299981839955,
        "total": 0.05222899932414293
    },
    "total": 0.07666979997884482
}