{
    "Agent": {
        "total": 0.21329919900745153
    },
    "Env": {
        "apply_act": 0.6011560000479221,
        "observation_computation": 0.1316491994075477,
        "powerflow_computation": 0.12079940061084926,
        "total": 0.8536046000663191
    },
    "total": 1.1839391000103205
}