{
    "Agent": {
        "total": 0.32300720000012006
    },
    "Env": {
        "apply_act": 0.8840629000028457,
        "observation_computation": 0.13897680000627588,
        "powerflow_computation": 0.1279573000028904,
        "total": 1.150997000012012
    },
    "total": 1.6096011999998154
}