{
    "Agent": {
        "total": 0.131275500000811
    },
    "Env": {
        "apply_act": 0.3602377000004253,
        "observation_computation": 0.09063610000225708,
        "powerflow_computation": 0.08041459999981271,
        "total": 0.5312884000024951
    },
    "total": 0.7430497000000287
}