{
    "Agent": {
        "total": 0.008254099999703612
    },
    "Env": {
        "apply_act": 0.0264099999994869,
        "observation_computation": 0.005943999999999505,
        "powerflow_computation": 0.005106499999783409,
        "total": 0.037460499999269814
    },
    "total": 0.05148729999996249
}