{
    "Agent": {
        "total": 0.12584599999865986
    },
    "Env": {
        "apply_act": 0.33448020000003,
        "observation_computation": 0.0884729000003972,
        "powerflow_computation": 0.08058419999997568,
        "total": 0.5035373000004029
    },
    "total": 0.7072792000000163
}