{
    "Agent": {
        "total": 0.0007574000001113745
    },
    "Env": {
        "apply_act": 0.0,
        "observation_computation": 0.0,
        "powerflow_computation": 0.0,
        "total": 0.0
    },
    "total": 0.001864800000021205
}