{
    "Agent": {
        "total": 0.013416399999812256
    },
    "Env": {
        "apply_act": 0.14583099999984483,
        "observation_computation": 0.10164260000013314,
        "powerflow_computation": 0.08215020000039885,
        "total": 0.32962380000037683
    },
    "total": 0.43729879999997934
}