{
    "Agent": {
        "total": 0.051641999918501824
    },
    "Env": {
        "apply_act": 0.14604049996705726,
        "observation_computation": 0.024661600051331334,
        "powerflow_computation": 0.020882800010440405,
        "total": 0.191584900028829
    },
    "total": 0.2688468999986071
}