{
    "Agent": {
        "total": 0.46531670000558734
    },
    "Env": {
        "apply_act": 1.617041099998005,
        "observation_computation": 0.25245010000026014,
        "powerflow_computation": 0.24184689999947295,
        "total": 2.111338099997738
    },
    "total": 2.803271499999937
}