{
    "Agent": {
        "total": 0.012129700000173216
    },
    "Env": {
        "apply_act": 0.13544570000013323,
        "observation_computation": 0.09709150000028899,
        "powerflow_computation": 0.07556900000014366,
        "total": 0.3081062000005659
    },
    "total": 0.40701839999999834
}