{
    "Agent": {
        "total": 0.1853768000044056
    },
    "Env": {
        "apply_act": 0.23421500000131346,
        "observation_computation": 0.09481279999613434,
        "powerflow_computation": 0.08088449999831937,
        "total": 0.40991229999576717
    },
    "total": 0.6851197000000866
}