{
    "Agent": {
        "total": 0.37675939861219376
    },
    "Env": {
        "apply_act": 0.9631888993317261,
        "observation_computation": 0.22576910152565688,
        "powerflow_computation": 0.20300319930538535,
        "total": 1.3919612001627684
    },
    "total": 1.9718101000180468
}