{
    "Agent": {
        "total": 0.027807399999119298
    },
    "Env": {
        "apply_act": 0.05056560000070931,
        "observation_computation": 0.01169290000007095,
        "powerflow_computation": 0.010246500000221204,
        "total": 0.07250500000100146
    },
    "total": 0.11370739999983925
}