{
    "Agent": {
        "total": 0.041484500048682094
    },
    "Env": {
        "apply_act": 0.10152630088850856,
        "observation_computation": 0.016506499610841274,
        "powerflow_computation": 0.01800199947319925,
        "total": 0.13603479997254908
    },
    "total": 0.19419430010020733
}