{
    "Agent": {
        "total": 0.05715019997296622
    },
    "Env": {
        "apply_act": 0.16083110000181478,
        "observation_computation": 0.027396999968914315,
        "powerflow_computation": 0.02293139997345861,
        "total": 0.2111594999441877
    },
    "total": 0.2964741999967373
}