{
    "Agent": {
        "total": 0.021267800242640078
    },
    "Env": {
        "apply_act": 0.04497680033091456,
        "observation_computation": 0.01004189986269921,
        "powerflow_computation": 0.008589599980041385,
        "total": 0.06360830017365515
    },
    "total": 0.09457399998791516
}