{
    "Agent": {
        "total": 0.13779330000011214
    },
    "Env": {
        "apply_act": 0.15977459999749044,
        "observation_computation": 0.05766049999988354,
        "powerflow_computation": 0.05034250000153406,
        "total": 0.26777759999890804
    },
    "total": 0.4625475999998798
}