{
    "Agent": {
        "total": 0.039856599999984255
    },
    "Env": {
        "apply_act": 0.42727740000002257,
        "observation_computation": 0.3084718999999687,
        "powerflow_computation": 0.2637544999999779,
        "total": 0.9995037999999692
    },
    "total": 1.3222881999999991
}