{
    "Agent": {
        "total": 0.02322849999980292
    },
    "Env": {
        "apply_act": 0.2359633999999744,
        "observation_computation": 0.1593165999998689,
        "powerflow_computation": 0.13160399999998162,
        "total": 0.5268839999998249
    },
    "total": 0.6960629000000012
}