{
    "Agent": {
        "total": 0.008937499999774445
    },
    "Env": {
        "apply_act": 0.023690800000167656,
        "observation_computation": 0.008133799999086477,
        "powerflow_computation": 0.009415800001079333,
        "total": 0.041240400000333466
    },
    "total": 0.05755030000000261
}