{
    "Agent": {
        "total": 0.08654410252347589
    },
    "Env": {
        "apply_act": 0.30883350130170584,
        "observation_computation": 0.06323169777169824,
        "powerflow_computation": 0.06064169900491834,
        "total": 0.4327068980783224
    },
    "total": 0.5785918000619859
}