{
    "Agent": {
        "total": 0.2854503000002069
    },
    "Env": {
        "apply_act": 0.25936110000156987,
        "observation_computation": 0.15209950000030403,
        "powerflow_computation": 0.1310835000010684,
        "total": 0.5425441000029423
    },
    "total": 0.9731514999999717
}