{
    "Agent": {
        "total": 0.047988099162466824
    },
    "Env": {
        "apply_act": 0.13334780023433268,
        "observation_computation": 0.022239699377678335,
        "powerflow_computation": 0.019043100182898343,
        "total": 0.17463059979490936
    },
    "total": 0.24415599997155368
}