{
    "Agent": {
        "total": 0.029989101458340883
    },
    "Env": {
        "apply_act": 0.0942525016143918,
        "observation_computation": 0.021296300692483783,
        "powerflow_computation": 0.01990890013985336,
        "total": 0.13545770244672894
    },
    "total": 0.18611110001802444
}