{
    "Agent": {
        "total": 0.001253600000040933
    },
    "Env": {
        "apply_act": 0.0,
        "observation_computation": 0.0,
        "powerflow_computation": 0.0,
        "total": 0.0
    },
    "total": 0.0037281999999549953
}