{
    "Agent": {
        "total": 0.03832799999987557
    },
    "Env": {
        "apply_act": 0.4218165000000411,
        "observation_computation": 0.46820570000006967,
        "powerflow_computation": 0.25570280000001233,
        "total": 1.1457250000001231
    },
    "total": 1.4634326999999985
}