{
    "Agent": {
        "total": 0.17767000070307404
    },
    "Env": {
        "apply_act": 0.5604939011391252,
        "observation_computation": 0.11865869979374111,
        "powerflow_computation": 0.10085780126973987,
        "total": 0.7800104022026062
    },
    "total": 1.0628723999252543
}