{
    "Agent": {
        "total": 1.0126538000004075
    },
    "Env": {
        "apply_act": 1.0678939000009677,
        "observation_computation": 0.6530545999988817,
        "powerflow_computation": 0.5574445000008836,
        "total": 2.278393000000733
    },
    "total": 4.2342972000000145
}