{
    "Agent": {
        "total": 0.007034500362351537
    },
    "Env": {
        "apply_act": 0.014764799969270825,
        "observation_computation": 0.0032267000060528517,
        "powerflow_computation": 0.0032013996969908476,
        "total": 0.021192899672314525
    },
    "total": 0.031458199955523014
}