{
    "Agent": {
        "total": 0.005143599999868798
    },
    "Env": {
        "apply_act": 0.06267859999987024,
        "observation_computation": 0.04318329999981074,
        "powerflow_computation": 0.04273999999995226,
        "total": 0.14860189999963325
    },
    "total": 0.19276140000000908
}