{
    "Agent": {
        "total": 0.015097399591468275
    },
    "Env": {
        "apply_act": 0.052007599850185215,
        "observation_computation": 0.010518799652345479,
        "powerflow_computation": 0.008803400327451527,
        "total": 0.07132979982998222
    },
    "total": 0.09733589994721115
}