{
    "Agent": {
        "total": 0.20588280000220038
    },
    "Env": {
        "apply_act": 1.329244599989579,
        "observation_computation": 0.2064805999989403,
        "powerflow_computation": 0.1865469999979723,
        "total": 1.7222721999864916
    },
    "total": 2.108984800000144
}