{
    "Agent": {
        "total": 0.00293119999952296
    },
    "Env": {
        "apply_act": 0.03198929999973643,
        "observation_computation": 0.02313259999988304,
        "powerflow_computation": 0.019639599999720758,
        "total": 0.07476149999934023
    },
    "total": 0.09959459999998899
}