{
    "Agent": {
        "total": 0.0007823000196367502
    },
    "Env": {
        "apply_act": 0.0,
        "observation_computation": 0.0,
        "powerflow_computation": 0.0,
        "total": 0.0
    },
    "total": 0.002181999967433512
}