{
    "Agent": {
        "total": 0.060935799265280366
    },
    "Env": {
        "apply_act": 0.20137789868749678,
        "observation_computation": 0.04283870046492666,
        "powerflow_computation": 0.03761569887865335,
        "total": 0.2818322980310768
    },
    "total": 0.38386330008506775
}