{
    "Agent": {
        "total": 0.02279720000024099
    },
    "Env": {
        "apply_act": 0.019482699998206954,
        "observation_computation": 0.011361999999508043,
        "powerflow_computation": 0.0106498999998621,
        "total": 0.0414945999975771
    },
    "total": 0.07518089999985023
}