{
    "Agent": {
        "total": 0.04861149999896952
    },
    "Env": {
        "apply_act": 0.11984180000126798,
        "observation_computation": 0.022429500001180713,
        "powerflow_computation": 0.020260899997992965,
        "total": 0.16253220000044166
    },
    "total": 0.23178319999988162
}