{
    "Agent": {
        "total": 0.02411999999890213
    },
    "Env": {
        "apply_act": 0.04632869999977629,
        "observation_computation": 0.00952329999927315,
        "powerflow_computation": 0.008218599999509024,
        "total": 0.06407059999855846
    },
    "total": 0.09874530000001869
}