{
    "Agent": {
        "total": 0.22313870002835756
    },
    "Env": {
        "apply_act": 0.6474655000783969,
        "observation_computation": 0.1025356999525684,
        "powerflow_computation": 0.08929030007857364,
        "total": 0.8392915001095389
    },
    "total": 1.1628294000038295
}