{
    "Agent": {
        "total": 0.10563949903007597
    },
    "Env": {
        "apply_act": 0.3190978008788079,
        "observation_computation": 0.05062000046018511,
        "powerflow_computation": 0.04384060017764568,
        "total": 0.4135584015166387
    },
    "total": 0.5677065999479964
}