{
    "Agent": {
        "total": 0.0746501007815823
    },
    "Env": {
        "apply_act": 0.22591149911750108,
        "observation_computation": 0.05271629989147186,
        "powerflow_computation": 0.04767800041008741,
        "total": 0.32630579941906035
    },
    "total": 0.45227400003932416
}