{
    "Agent": {
        "total": 0.17367929895408452
    },
    "Env": {
        "apply_act": 0.3652779996627942,
        "observation_computation": 0.08385439892299473,
        "powerflow_computation": 0.07626030163373798,
        "total": 0.5253927002195269
    },
    "total": 0.7812006999738514
}