{
    "Agent": {
        "total": 0.0893860001815483
    },
    "Env": {
        "apply_act": 0.1971541994716972,
        "observation_computation": 0.043707699165679514,
        "powerflow_computation": 0.04079550050664693,
        "total": 0.28165739914402366
    },
    "total": 0.4129782000090927
}