{
    "Agent": {
        "total": 0.005656099999868047
    },
    "Env": {
        "apply_act": 0.06411960000005479,
        "observation_computation": 0.043644499999942354,
        "powerflow_computation": 0.039049700000134635,
        "total": 0.14681380000013178
    },
    "total": 0.19146529999997597
}