{
    "Agent": {
        "total": 0.056274299742653966
    },
    "Env": {
        "apply_act": 0.12133539863862097,
        "observation_computation": 0.028173099155537784,
        "powerflow_computation": 0.023655601078644395,
        "total": 0.17316409887280315
    },
    "total": 0.25671470002271235
}