{
    "Agent": {
        "total": 0.005731099999991329
    },
    "Env": {
        "apply_act": 0.06597590000009745,
        "observation_computation": 0.047101000000083104,
        "powerflow_computation": 0.04058300000005488,
        "total": 0.15365990000023544
    },
    "total": 0.2043706000000043
}