{
    "Agent": {
        "total": 0.04412800259888172
    },
    "Env": {
        "apply_act": 0.13528369925916195,
        "observation_computation": 0.033198399003595114,
        "powerflow_computation": 0.029584900476038456,
        "total": 0.19806699873879552
    },
    "total": 0.27385349990800023
}