{
    "Agent": {
        "total": 0.06957680000869004
    },
    "Env": {
        "apply_act": 0.03953739999269601,
        "observation_computation": 0.026458300005288038,
        "powerflow_computation": 0.02265709999937826,
        "total": 0.08865279999736231
    },
    "total": 0.18373480000082054
}