{
    "Agent": {
        "total": 0.1654637005412951
    },
    "Env": {
        "apply_act": 0.416678600711748,
        "observation_computation": 0.09370539977680892,
        "powerflow_computation": 0.08672049944289029,
        "total": 0.5971044999314472
    },
    "total": 0.8462369999615476
}