{
    "Agent": {
        "total": 0.029133299999784867
    },
    "Env": {
        "apply_act": 0.0823198000003913,
        "observation_computation": 0.014220000000364053,
        "powerflow_computation": 0.013744200000246565,
        "total": 0.11028400000100191
    },
    "total": 0.1529993999999988
}