{
    "Agent": {
        "total": 0.41895950000230187
    },
    "Env": {
        "apply_act": 0.43069750000199747,
        "observation_computation": 0.19927970000571804,
        "powerflow_computation": 0.17192650000151843,
        "total": 0.8019037000092339
    },
    "total": 1.4106176999998752
}