{
    "Agent": {
        "total": 0.05208979999952135
    },
    "Env": {
        "apply_act": 0.05410610000035376,
        "observation_computation": 0.033657199999879595,
        "powerflow_computation": 0.028936600000406543,
        "total": 0.1166999000006399
    },
    "total": 0.19873899999993228
}