{
    "Agent": {
        "total": 0.3777666999912981
    },
    "Env": {
        "apply_act": 1.302700699993693,
        "observation_computation": 0.24816169999485282,
        "powerflow_computation": 0.17692849999639293,
        "total": 1.7277908999849387
    },
    "total": 2.321651799999927
}