{
    "Agent": {
        "total": 0.1898007004056126
    },
    "Env": {
        "apply_act": 0.5340800994308665,
        "observation_computation": 0.08283529907930642,
        "powerflow_computation": 0.0752193012740463,
        "total": 0.6921346997842193
    },
    "total": 0.9627190000610426
}