{
    "Agent": {
        "total": 0.1776549001224339
    },
    "Env": {
        "apply_act": 0.7392019999679178,
        "observation_computation": 0.13072729937266558,
        "powerflow_computation": 0.1130744997644797,
        "total": 0.9830037991050631
    },
    "total": 1.2854364999802783
}