{
    "Agent": {
        "total": 0.07237099786289036
    },
    "Env": {
        "apply_act": 0.2881873003207147,
        "observation_computation": 0.05129119916819036,
        "powerflow_computation": 0.044767701299861073,
        "total": 0.38424620078876615
    },
    "total": 0.5053213001228869
}