{
    "Agent": {
        "total": 0.009509700000080556
    },
    "Env": {
        "apply_act": 0.027525499999910608,
        "observation_computation": 0.00614810000001853,
        "powerflow_computation": 0.005378600000312872,
        "total": 0.03905220000024201
    },
    "total": 0.055213999999978114
}