{
    "Agent": {
        "total": 1.1785017999959564
    },
    "Env": {
        "apply_act": 2.0219394999971882,
        "observation_computation": 0.5279854999994313,
        "powerflow_computation": 0.44476709999594277,
        "total": 2.9946920999925624
    },
    "total": 4.695686600000045
}