{
    "Agent": {
        "total": 0.05178289976902306
    },
    "Env": {
        "apply_act": 0.11475369893014431,
        "observation_computation": 0.02565560070797801,
        "powerflow_computation": 0.02403440047055483,
        "total": 0.16444370010867715
    },
    "total": 0.2408210999565199
}