{
    "Agent": {
        "total": 0.07296259864233434
    },
    "Env": {
        "apply_act": 0.2055557994171977,
        "observation_computation": 0.05441110208630562,
        "powerflow_computation": 0.04782109661027789,
        "total": 0.3077879981137812
    },
    "total": 0.4323819999117404
}