{
    "Agent": {
        "total": 0.047626201063394547
    },
    "Env": {
        "apply_act": 0.14161470031831414,
        "observation_computation": 0.022526600514538586,
        "powerflow_computation": 0.01972359954379499,
        "total": 0.1838649003766477
    },
    "total": 0.2539981999434531
}