{
    "Agent": {
        "total": 0.053415499999800886
    },
    "Env": {
        "apply_act": 0.0468214999995098,
        "observation_computation": 0.02823849999901995,
        "powerflow_computation": 0.025016400000481553,
        "total": 0.1000763999990113
    },
    "total": 0.18045170000004873
}