{
    "Agent": {
        "total": 0.019249000000399974
    },
    "Env": {
        "apply_act": 0.08461149999902773,
        "observation_computation": 0.018505900001400732,
        "powerflow_computation": 0.016525899997759552,
        "total": 0.11964329999818801
    },
    "total": 0.15695529999993596
}