{
    "Agent": {
        "total": 0.12499529999900005
    },
    "Env": {
        "apply_act": 0.26653020000037486,
        "observation_computation": 0.05835389999867857,
        "powerflow_computation": 0.05890349999913269,
        "total": 0.3837875999981861
    },
    "total": 0.5647337000000334
}