{
    "Agent": {
        "total": 0.04155780025757849
    },
    "Env": {
        "apply_act": 0.08891890058293939,
        "observation_computation": 0.02152530034072697,
        "powerflow_computation": 0.018328599631786346,
        "total": 0.1287728005554527
    },
    "total": 0.19242990005295724
}