{
    "Agent": {
        "total": 0.22549610005808063
    },
    "Env": {
        "apply_act": 0.5754816998087335,
        "observation_computation": 0.09828019980341196,
        "powerflow_computation": 0.08749540004646406,
        "total": 0.7612572996586096
    },
    "total": 1.0828283000155352
}