{
    "Agent": {
        "total": 0.039054299937561154
    },
    "Env": {
        "apply_act": 0.1459164001280442,
        "observation_computation": 0.028417300200089812,
        "powerflow_computation": 0.024023299920372665,
        "total": 0.19835700024850667
    },
    "total": 0.2652951000491157
}