{
    "Agent": {
        "total": 0.0878434992628172
    },
    "Env": {
        "apply_act": 0.24567039939574897,
        "observation_computation": 0.0377558006439358,
        "powerflow_computation": 0.033710999647155404,
        "total": 0.3171371996868402
    },
    "total": 0.4416932000312954
}