{
    "Agent": {
        "total": 0.004197600000026114
    },
    "Env": {
        "apply_act": 0.04656039999989048,
        "observation_computation": 0.034293700000063154,
        "powerflow_computation": 0.02961279999993849,
        "total": 0.11046689999989212
    },
    "total": 0.1469731999999908
}