{
    "Agent": {
        "total": 0.03181230000007673
    },
    "Env": {
        "apply_act": 0.34910599999992087,
        "observation_computation": 0.26826210000010775,
        "powerflow_computation": 0.2115366000000094,
        "total": 0.828904700000038
    },
    "total": 1.1075234999999992
}