{
    "Agent": {
        "total": 0.07146630000193
    },
    "Env": {
        "apply_act": 0.09535820000041895,
        "observation_computation": 0.03565289999869492,
        "powerflow_computation": 0.03341140000225096,
        "total": 0.16442250000136482
    },
    "total": 0.2700522000000092
}