{
    "Agent": {
        "total": 0.012526900041848421
    },
    "Env": {
        "apply_act": 0.04150870023295283,
        "observation_computation": 0.006819800240918994,
        "powerflow_computation": 0.006710699992254376,
        "total": 0.055039200466126204
    },
    "total": 0.07422389998100698
}