{
    "Agent": {
        "total": 0.010045799999943483
    },
    "Env": {
        "apply_act": 0.019013699999845812,
        "observation_computation": 0.003978200000005927,
        "powerflow_computation": 0.004106699999852026,
        "total": 0.027098599999703765
    },
    "total": 0.04129249999999729
}