{
    "Agent": {
        "total": 0.004374600000033979
    },
    "Env": {
        "apply_act": 0.05133360000004927,
        "observation_computation": 0.03666060000006155,
        "powerflow_computation": 0.03053850000006264,
        "total": 0.11853270000017346
    },
    "total": 0.15761349999999652
}