{
    "Agent": {
        "total": 0.055042498745024204
    },
    "Env": {
        "apply_act": 0.05467450083233416,
        "observation_computation": 0.02503630123101175,
        "powerflow_computation": 0.025830400176346302,
        "total": 0.10554120223969221
    },
    "total": 0.1852422000374645
}