{
    "Agent": {
        "total": 0.2844150000009904
    },
    "Env": {
        "apply_act": 0.4943260999980339,
        "observation_computation": 0.19938940000133698,
        "powerflow_computation": 0.16830629999731173,
        "total": 0.8620217999966826
    },
    "total": 1.3184697000001506
}