{
    "Agent": {
        "total": 0.08467250000063586
    },
    "Env": {
        "apply_act": 0.1920302999994874,
        "observation_computation": 0.03622559999985242,
        "powerflow_computation": 0.035920999999973446,
        "total": 0.26417689999931326
    },
    "total": 0.38537250000001677
}