{
    "Agent": {
        "total": 0.23579540000173438
    },
    "Env": {
        "apply_act": 1.0721008000045913,
        "observation_computation": 0.22074159999647236,
        "powerflow_computation": 0.1856308999981593,
        "total": 1.478473299999223
    },
    "total": 1.9070188999999118
}