{
    "Agent": {
        "total": 0.00944379938300699
    },
    "Env": {
        "apply_act": 0.02564120024908334,
        "observation_computation": 0.006342699518427253,
        "powerflow_computation": 0.00541860016528517,
        "total": 0.03740249993279576
    },
    "total": 0.05397789995186031
}