{
    "Agent": {
        "total": 0.014403300000054742
    },
    "Env": {
        "apply_act": 0.161999800000018,
        "observation_computation": 0.11911200000005095,
        "powerflow_computation": 0.10054080000001875,
        "total": 0.3816526000000877
    },
    "total": 0.6505665999999977
}