{
    "Agent": {
        "total": 0.1884019999706652
    },
    "Env": {
        "apply_act": 0.9098363000084646,
        "observation_computation": 0.11130680033238605,
        "powerflow_computation": 0.09543030016357079,
        "total": 1.1165734005044214
    },
    "total": 1.4050227999978233
}