{
    "Agent": {
        "total": 0.8802685999544337
    },
    "Env": {
        "apply_act": 0.2966536001767963,
        "observation_computation": 0.07273259968496859,
        "powerflow_computation": 0.07059309995383956,
        "total": 0.43997929981560446
    },
    "total": 1.4044906999915838
}