{
    "Agent": {
        "total": 0.035066600306890905
    },
    "Env": {
        "apply_act": 0.11784609965980053,
        "observation_computation": 0.024494800134561956,
        "powerflow_computation": 0.020858899923041463,
        "total": 0.16319979971740395
    },
    "total": 0.22272620000876486
}