{
    "Agent": {
        "total": 0.006673000000006368
    },
    "Env": {
        "apply_act": 0.07088140000024623,
        "observation_computation": 0.052955899999886924,
        "powerflow_computation": 0.04296400000009726,
        "total": 0.1668013000002304
    },
    "total": 0.22152220000000966
}