{
    "Agent": {
        "total": 0.12174379996577045
    },
    "Env": {
        "apply_act": 0.3476820999785559,
        "observation_computation": 0.06025510015024338,
        "powerflow_computation": 0.05364720008947188,
        "total": 0.4615844002182712
    },
    "total": 0.6418038999981945
}