{
    "Agent": {
        "total": 0.06424280069768429
    },
    "Env": {
        "apply_act": 0.27923689945600927,
        "observation_computation": 0.04522510361857712,
        "powerflow_computation": 0.039722501300275326,
        "total": 0.3641845043748617
    },
    "total": 0.47295810002833605
}