{
    "Agent": {
        "total": 0.045808899973053485
    },
    "Env": {
        "apply_act": 0.009416500019142404,
        "observation_computation": 0.0033502000151202083,
        "powerflow_computation": 0.0037388000055216253,
        "total": 0.016505500039784238
    },
    "total": 0.06656289999955334
}