{
    "Agent": {
        "total": 1.2206493000005594
    },
    "Env": {
        "apply_act": 1.031804300004751,
        "observation_computation": 0.44640849999996135,
        "powerflow_computation": 0.3745134999996935,
        "total": 1.8527263000044059
    },
    "total": 3.493744099999958
}