{
    "Agent": {
        "total": 0.11178790219128132
    },
    "Env": {
        "apply_act": 0.3915655998280272,
        "observation_computation": 0.0832231001695618,
        "powerflow_computation": 0.07468400010839105,
        "total": 0.54947270010598
    },
    "total": 0.7411072000395507
}