{
    "Agent": {
        "total": 0.0024697999999716558
    },
    "Env": {
        "apply_act": 0.0,
        "observation_computation": 0.0,
        "powerflow_computation": 0.0,
        "total": 0.0
    },
    "total": 0.004832399999941117
}