{
    "Agent": {
        "total": 0.03621580000012159
    },
    "Env": {
        "apply_act": 0.3997664000004022,
        "observation_computation": 0.2907657999998037,
        "powerflow_computation": 0.2394420999998772,
        "total": 0.9299743000000831
    },
    "total": 1.235799400000019
}