{
    "Agent": {
        "total": 0.04082440002821386
    },
    "Env": {
        "apply_act": 0.13632380065973848,
        "observation_computation": 0.024674499174579978,
        "powerflow_computation": 0.023820800008252263,
        "total": 0.18481909984257072
    },
    "total": 0.2505756999598816
}