{
    "Agent": {
        "total": 0.06166020059026778
    },
    "Env": {
        "apply_act": 0.1315527013503015,
        "observation_computation": 0.02936519938521087,
        "powerflow_computation": 0.028531298972666264,
        "total": 0.18944919970817864
    },
    "total": 0.2800408999901265
}