{
    "Agent": {
        "total": 0.283967599996231
    },
    "Env": {
        "apply_act": 1.8048321000060241,
        "observation_computation": 0.28325260000292474,
        "powerflow_computation": 0.24542010000095615,
        "total": 2.333504800009905
    },
    "total": 2.8678678000001128
}