{
    "Agent": {
        "total": 0.22361710000222956
    },
    "Env": {
        "apply_act": 0.2401356000020769,
        "observation_computation": 0.1128750000002583,
        "powerflow_computation": 0.10134120000157054,
        "total": 0.45435180000390574
    },
    "total": 0.7847822000001088
}