{
    "Agent": {
        "total": 0.5907637000002524
    },
    "Env": {
        "apply_act": 2.0381909000008136,
        "observation_computation": 0.31341579999923397,
        "powerflow_computation": 0.27017440000031456,
        "total": 2.621781100000362
    },
    "total": 3.506185000000073
}