{
    "Agent": {
        "total": 0.44545209999569124
    },
    "Env": {
        "apply_act": 0.5103303000003052,
        "observation_computation": 0.3143215000015971,
        "powerflow_computation": 0.26330170000210273,
        "total": 1.087953500004005
    },
    "total": 1.8091320000000906
}