{
    "Agent": {
        "total": 0.44581869966350496
    },
    "Env": {
        "apply_act": 0.10783560026902705,
        "observation_computation": 0.02642340026795864,
        "powerflow_computation": 0.02271720056887716,
        "total": 0.15697620110586286
    },
    "total": 0.6265212999423966
}