{
    "Agent": {
        "total": 0.014110799878835678
    },
    "Env": {
        "apply_act": 0.022491600015200675,
        "observation_computation": 0.0040433998219668865,
        "powerflow_computation": 0.0052860998548567295,
        "total": 0.03182109969202429
    },
    "total": 0.05032730009406805
}