{
    "Agent": {
        "total": 0.07591589999719872
    },
    "Env": {
        "apply_act": 0.041737100000318605,
        "observation_computation": 0.02714630000264151,
        "powerflow_computation": 0.023523299998487346,
        "total": 0.09240670000144746
    },
    "total": 0.19413079999958427
}