{
    "Agent": {
        "total": 0.1422280999904615
    },
    "Env": {
        "apply_act": 0.07694210000227031,
        "observation_computation": 0.04857669999000791,
        "powerflow_computation": 0.045943500003886584,
        "total": 0.1714622999961648
    },
    "total": 0.3614004000000932
}