{
    "Agent": {
        "total": 0.012013700000068184
    },
    "Env": {
        "apply_act": 0.13882420000027196,
        "observation_computation": 0.09158009999924843,
        "powerflow_computation": 0.07923919999950613,
        "total": 0.3096434999990265
    },
    "total": 0.4072950999999989
}