{
    "Agent": {
        "total": 0.0553036998026073
    },
    "Env": {
        "apply_act": 0.11277390108443797,
        "observation_computation": 0.025875199702568352,
        "powerflow_computation": 0.022356800152920187,
        "total": 0.1610059009399265
    },
    "total": 0.24171660002321005
}