{
    "Agent": {
        "total": 0.17040289999840752
    },
    "Env": {
        "apply_act": 0.8927203000021109,
        "observation_computation": 0.16880919999766775,
        "powerflow_computation": 0.1442119000025741,
        "total": 1.2057414000023527
    },
    "total": 1.5235520000001088
}