{
    "Agent": {
        "total": 0.04439720000004854
    },
    "Env": {
        "apply_act": 0.49927680000038777,
        "observation_computation": 0.338649700000218,
        "powerflow_computation": 0.2980116000000237,
        "total": 1.1359381000006294
    },
    "total": 1.4889242999999794
}