{
    "Agent": {
        "total": 0.2861198999989938
    },
    "Env": {
        "apply_act": 0.3976999000019532,
        "observation_computation": 0.13826059999905738,
        "powerflow_computation": 0.12147639999579951,
        "total": 0.6574368999968101
    },
    "total": 1.0761119999999664
}