{
    "Agent": {
        "total": 0.09272590000023229
    },
    "Env": {
        "apply_act": 0.24489130000011983,
        "observation_computation": 0.044820499999900676,
        "powerflow_computation": 0.03830189999990807,
        "total": 0.3280136999999286
    },
    "total": 0.4652514999999653
}