{
    "Agent": {
        "total": 0.8643372000019554
    },
    "Env": {
        "apply_act": 0.8583155999970131,
        "observation_computation": 0.5346744999992552,
        "powerflow_computation": 0.45021669999891856,
        "total": 1.8432067999951869
    },
    "total": 3.183475999999928
}