{
    "Agent": {
        "total": 0.08451379999974051
    },
    "Env": {
        "apply_act": 0.17846700000086457,
        "observation_computation": 0.03383050000002186,
        "powerflow_computation": 0.029176899999242778,
        "total": 0.2414744000001292
    },
    "total": 0.3606889999999794
}