{
    "Agent": {
        "total": 0.8206719999971028
    },
    "Env": {
        "apply_act": 0.8674661999932596,
        "observation_computation": 0.5311294999958136,
        "powerflow_computation": 0.45313700000406243,
        "total": 1.8517326999931356
    },
    "total": 3.1364551000001484
}