{
    "Agent": {
        "total": 0.17072370000141746
    },
    "Env": {
        "apply_act": 0.1844678999975713,
        "observation_computation": 0.10919650000050751,
        "powerflow_computation": 0.09285089999707452,
        "total": 0.3865152999951533
    },
    "total": 0.6546097000000373
}