{
    "Agent": {
        "total": 0.08527510007843375
    },
    "Env": {
        "apply_act": 0.2637514000525698,
        "observation_computation": 0.05273670027963817,
        "powerflow_computation": 0.05147639964707196,
        "total": 0.36796449997927994
    },
    "total": 0.500819299952127
}