{
    "Agent": {
        "total": 0.004128499999808355
    },
    "Env": {
        "apply_act": 0.04488030000004528,
        "observation_computation": 0.03282719999987194,
        "powerflow_computation": 0.027599199999940538,
        "total": 0.10530669999985776
    },
    "total": 0.14034250000003112
}