{
    "Agent": {
        "total": 0.15437550004571676
    },
    "Env": {
        "apply_act": 0.41965529951266944,
        "observation_computation": 0.09475599997676909,
        "powerflow_computation": 0.0816243989393115,
        "total": 0.59603569842875
    },
    "total": 0.8340698999818414
}