{
    "Agent": {
        "total": 0.07788179999806744
    },
    "Env": {
        "apply_act": 0.26507720000063273,
        "observation_computation": 0.05927689999862196,
        "powerflow_computation": 0.05827679999947577,
        "total": 0.38263089999873046
    },
    "total": 0.513982500000111
}