{
    "Agent": {
        "total": 0.017253199999572644
    },
    "Env": {
        "apply_act": 0.034411800000384574,
        "observation_computation": 0.006911700000273413,
        "powerflow_computation": 0.00591240000005655,
        "total": 0.04723590000071454
    },
    "total": 0.07250590000001012
}