{
    "Agent": {
        "total": 0.31759320000077196
    },
    "Env": {
        "apply_act": 0.7205222999994589,
        "observation_computation": 0.13395859999968707,
        "powerflow_computation": 0.12167759999920236,
        "total": 0.9761584999983484
    },
    "total": 1.4263960999999767
}