{
    "Agent": {
        "total": 0.036982599999532795
    },
    "Env": {
        "apply_act": 0.4076687999996125,
        "observation_computation": 0.30101259999986496,
        "powerflow_computation": 0.24233860000032337,
        "total": 0.9510199999998008
    },
    "total": 1.274345000000011
}