{
    "Agent": {
        "total": 0.28384600012213923
    },
    "Env": {
        "apply_act": 1.1578396994445939,
        "observation_computation": 0.17684349967748858,
        "powerflow_computation": 0.1635575999680441,
        "total": 1.4982407990901265
    },
    "total": 1.940717899997253
}