{
    "Agent": {
        "total": 0.07130670000333339
    },
    "Env": {
        "apply_act": 0.016063099959865212,
        "observation_computation": 0.006099799968069419,
        "powerflow_computation": 0.006690399983199313,
        "total": 0.028853299911133945
    },
    "total": 0.10736019999603741
}