{
    "Agent": {
        "total": 0.037461399999756395
    },
    "Env": {
        "apply_act": 0.07518450000020493,
        "observation_computation": 0.01719119999972918,
        "powerflow_computation": 0.013587599999937083,
        "total": 0.1059632999998712
    },
    "total": 0.1598870000000261
}