{
    "Agent": {
        "total": 0.40003130002878606
    },
    "Env": {
        "apply_act": 0.10875549959018826,
        "observation_computation": 0.02176149981096387,
        "powerflow_computation": 0.020455399644561112,
        "total": 0.15097239904571325
    },
    "total": 0.5787297000642866
}