{
    "Agent": {
        "total": 0.05333579936996102
    },
    "Env": {
        "apply_act": 0.12330409861169755,
        "observation_computation": 0.02863350068219006,
        "powerflow_computation": 0.026867601787671447,
        "total": 0.17880520108155906
    },
    "total": 0.25889309984631836
}