{
    "Agent": {
        "total": 0.2493840022943914
    },
    "Env": {
        "apply_act": 0.26494420296512544,
        "observation_computation": 0.12249150197021663,
        "powerflow_computation": 0.11162769817747176,
        "total": 0.49906340311281383
    },
    "total": 0.8664762999396771
}