{
    "Agent": {
        "total": 0.30984259999945607
    },
    "Env": {
        "apply_act": 0.2678040000009787,
        "observation_computation": 0.15991329999826576,
        "powerflow_computation": 0.1425709000010329,
        "total": 0.5702882000002774
    },
    "total": 1.0316156999999748
}