{
    "Agent": {
        "total": 0.06861269999996011
    },
    "Env": {
        "apply_act": 0.7078411000004508,
        "observation_computation": 0.5809307000000672,
        "powerflow_computation": 0.40119359999897597,
        "total": 1.689965399999494
    },
    "total": 2.2348929999999996
}