{
    "Agent": {
        "total": 0.07718570000110958
    },
    "Env": {
        "apply_act": 0.09022349999986545,
        "observation_computation": 0.054526600000144754,
        "powerflow_computation": 0.04790909999928772,
        "total": 0.19265919999929793
    },
    "total": 0.3175006999999823
}