{
    "Agent": {
        "total": 0.08132109999951354
    },
    "Env": {
        "apply_act": 0.23207259999981034,
        "observation_computation": 0.04163879999919118,
        "powerflow_computation": 0.037238199999933386,
        "total": 0.3109495999989349
    },
    "total": 0.4307752999999366
}