{
    "Agent": {
        "total": 0.0034687999999505337
    },
    "Env": {
        "apply_act": 0.042012800000179595,
        "observation_computation": 0.028627099999994243,
        "powerflow_computation": 0.025189899999702448,
        "total": 0.09582979999987629
    },
    "total": 0.12602419999996073
}