{
    "Agent": {
        "total": 0.01104819999989104
    },
    "Env": {
        "apply_act": 0.022250100000064776,
        "observation_computation": 0.004669199999966622,
        "powerflow_computation": 0.00452739999991536,
        "total": 0.03144669999994676
    },
    "total": 0.04738889999998719
}