{
    "Agent": {
        "total": 0.012834299999951782
    },
    "Env": {
        "apply_act": 0.1417764999999065,
        "observation_computation": 0.09503249999997365,
        "powerflow_computation": 0.07823640000003707,
        "total": 0.3150453999999172
    },
    "total": 0.4215707999999836
}