{
    "Agent": {
        "total": 0.2063287000012224
    },
    "Env": {
        "apply_act": 0.21389159999625917,
        "observation_computation": 0.13667970000028618,
        "powerflow_computation": 0.11028330000021924,
        "total": 0.4608545999967646
    },
    "total": 0.7847275999999965
}