{
    "Agent": {
        "total": 0.0010637999999971726
    },
    "Env": {
        "apply_act": 0.0,
        "observation_computation": 0.0,
        "powerflow_computation": 0.0,
        "total": 0.0
    },
    "total": 0.003332099999965976
}