{
    "Agent": {
        "total": 0.11722760007251054
    },
    "Env": {
        "apply_act": 0.26046759984456,
        "observation_computation": 0.04479669971624389,
        "powerflow_computation": 0.040757300332188606,
        "total": 0.3460215998929925
    },
    "total": 0.5083206000272185
}