{
    "Agent": {
        "total": 3.10344240001632
    },
    "Env": {
        "apply_act": 4.1497283000003335,
        "observation_computation": 1.9978224999949816,
        "powerflow_computation": 1.6939994999843293,
        "total": 7.8415502999796445
    },
    "total": 12.953140099999928
}