{
    "Agent": {
        "total": 0.053233399987220764
    },
    "Env": {
        "apply_act": 0.12223030044697225,
        "observation_computation": 0.021185000659897923,
        "powerflow_computation": 0.018071999307721853,
        "total": 0.16148730041459203
    },
    "total": 0.23601320013403893
}