{
    "Agent": {
        "total": 0.6039396049454808
    },
    "Env": {
        "apply_act": 1.0988027981948107,
        "observation_computation": 0.39450829941779375,
        "powerflow_computation": 0.3432045956142247,
        "total": 1.8365156932268292
    },
    "total": 2.785856100032106
}