{
    "Agent": {
        "total": 0.030223599998862483
    },
    "Env": {
        "apply_act": 0.10476260000268667,
        "observation_computation": 0.020971800001461816,
        "powerflow_computation": 0.025646400002187875,
        "total": 0.15138080000633636
    },
    "total": 0.2069824999998673
}