{
    "Agent": {
        "total": 0.14948059999642282
    },
    "Env": {
        "apply_act": 0.6143771999986711,
        "observation_computation": 0.09884009999950649,
        "powerflow_computation": 0.08666190000712959,
        "total": 0.7998792000053072
    },
    "total": 1.0407253000003038
}