{
    "Agent": {
        "total": 0.012052699225023389
    },
    "Env": {
        "apply_act": 0.025969399604946375,
        "observation_computation": 0.006144499406218529,
        "powerflow_computation": 0.005112300626933575,
        "total": 0.03722619963809848
    },
    "total": 0.055957699893042445
}