{
    "Agent": {
        "total": 0.008667199999706554
    },
    "Env": {
        "apply_act": 0.10057980000010502,
        "observation_computation": 0.07121920000000159,
        "powerflow_computation": 0.06214820000008103,
        "total": 0.23394720000018765
    },
    "total": 0.310383800000011
}