{
    "Agent": {
        "total": 0.023225301643833518
    },
    "Env": {
        "apply_act": 0.07054850016720593,
        "observation_computation": 0.01549160247668624,
        "powerflow_computation": 0.015320398844778538,
        "total": 0.1013605014886707
    },
    "total": 0.1405255999416113
}