{
    "Agent": {
        "total": 0.08327469999881032
    },
    "Env": {
        "apply_act": 0.10012080000069545,
        "observation_computation": 0.04303349999918282,
        "powerflow_computation": 0.036139599998023186,
        "total": 0.17929389999790146
    },
    "total": 0.3043580999999449
}