{
    "Agent": {
        "total": 0.4326545000005808
    },
    "Env": {
        "apply_act": 0.3784571000011283,
        "observation_computation": 0.22617409999998017,
        "powerflow_computation": 0.19635609999966164,
        "total": 0.8009873000007701
    },
    "total": 1.4491259000000127
}