{
    "Agent": {
        "total": 0.0013167999998984214
    },
    "Env": {
        "apply_act": 0.014458900000164476,
        "observation_computation": 0.010056400000024723,
        "powerflow_computation": 0.009269000000074357,
        "total": 0.033784300000263556
    },
    "total": 0.04554070000000365
}