{
    "Agent": {
        "total": 0.11020909948274493
    },
    "Env": {
        "apply_act": 0.4525252004386857,
        "observation_computation": 0.07922989956568927,
        "powerflow_computation": 0.07343189918901771,
        "total": 0.6051869991933927
    },
    "total": 0.7917466999497265
}