{
    "Agent": {
        "total": 0.0015307999999549793
    },
    "Env": {
        "apply_act": 0.0,
        "observation_computation": 0.0,
        "powerflow_computation": 0.0,
        "total": 0.0
    },
    "total": 0.003905799999984083
}