{
    "Agent": {
        "total": 0.00015369999994163663
    },
    "Env": {
        "apply_act": 0.0018678000000136308,
        "observation_computation": 0.0009520999999494961,
        "powerflow_computation": 0.0015562999999474414,
        "total": 0.004376199999910568
    },
    "total": 0.005655199999978322
}