{
    "Agent": {
        "total": 0.13531460089143366
    },
    "Env": {
        "apply_act": 0.369636699790135,
        "observation_computation": 0.09075880015734583,
        "powerflow_computation": 0.0777863998664543,
        "total": 0.5381818998139352
    },
    "total": 0.7530475999228656
}