{
    "Agent": {
        "total": 0.18233949999921606
    },
    "Env": {
        "apply_act": 0.26372690000039256,
        "observation_computation": 0.1215614000000187,
        "powerflow_computation": 0.10455080000065209,
        "total": 0.48983910000106334
    },
    "total": 0.7793142000000444
}