{
    "Agent": {
        "total": 0.10091320000174164
    },
    "Env": {
        "apply_act": 0.3664619000001039,
        "observation_computation": 0.0590000000006512,
        "powerflow_computation": 0.04919910000262462,
        "total": 0.47466100000337974
    },
    "total": 0.632644899999832
}