{
    "Agent": {
        "total": 0.2594390998710878
    },
    "Env": {
        "apply_act": 0.6681835001509171,
        "observation_computation": 0.11754960002144799,
        "powerflow_computation": 0.10342689961544238,
        "total": 0.8891599997878075
    },
    "total": 1.2630892999877688
}