{
    "Agent": {
        "total": 0.13605509999899823
    },
    "Env": {
        "apply_act": 0.43144529999960923,
        "observation_computation": 0.07057669999983318,
        "powerflow_computation": 0.06060879999984081,
        "total": 0.5626307999992832
    },
    "total": 0.766555100000005
}