{
    "Agent": {
        "total": 0.05048909999368334
    },
    "Env": {
        "apply_act": 0.29600379999374127,
        "observation_computation": 0.045718300002590695,
        "powerflow_computation": 0.04021329999613954,
        "total": 0.3819353999924715
    },
    "total": 0.4726354000003994
}