{
    "Agent": {
        "total": 0.027026900000180376
    },
    "Env": {
        "apply_act": 0.3007957000002648,
        "observation_computation": 0.21220490000001746,
        "powerflow_computation": 0.16893049999981713,
        "total": 0.6819311000000994
    },
    "total": 0.8966758999999911
}