{
    "Agent": {
        "total": 0.044687799999678646
    },
    "Env": {
        "apply_act": 0.49716370000055576,
        "observation_computation": 0.35521069999958854,
        "powerflow_computation": 0.29011299999973517,
        "total": 1.1424873999998795
    },
    "total": 1.4933778999999845
}