{
    "Agent": {
        "total": 0.13242000038735569
    },
    "Env": {
        "apply_act": 0.3612573998980224,
        "observation_computation": 0.08181000011973083,
        "powerflow_computation": 0.052789299632422626,
        "total": 0.49585669965017587
    },
    "total": 0.6831942000426352
}