{
    "Agent": {
        "total": 0.05229229997348739
    },
    "Env": {
        "apply_act": 0.14427790008630836,
        "observation_computation": 0.024584700011473615,
        "powerflow_computation": 0.021267999953124672,
        "total": 0.19013060005090665
    },
    "total": 0.26753639999515144
}