{
    "Agent": {
        "total": 0.9073203000011745
    },
    "Env": {
        "apply_act": 0.961844899998141,
        "observation_computation": 0.5938596999974379,
        "powerflow_computation": 0.4995520000009037,
        "total": 2.0552565999964827
    },
    "total": 3.4933224999999766
}