{
    "Agent": {
        "total": 0.5850798000055875
    },
    "Env": {
        "apply_act": 2.287034599999515,
        "observation_computation": 0.38521609999361317,
        "powerflow_computation": 0.34837210000023333,
        "total": 3.0206227999933617
    },
    "total": 3.9663174000002073
}