{
    "Agent": {
        "total": 0.014654799999984647
    },
    "Env": {
        "apply_act": 0.16633160000001013,
        "observation_computation": 0.11348470000002564,
        "powerflow_computation": 0.10032469999995541,
        "total": 0.3801409999999912
    },
    "total": 0.5061566000000006
}