{
    "Agent": {
        "total": 0.015187200000980283
    },
    "Env": {
        "apply_act": 0.1686482000000069,
        "observation_computation": 0.12394550000033178,
        "powerflow_computation": 0.10043940000002749,
        "total": 0.3930331000003662
    },
    "total": 0.5226162000000159
}