{
    "Agent": {
        "total": 0.062379300070460886
    },
    "Env": {
        "apply_act": 0.14264439980615862,
        "observation_computation": 0.029963800101540983,
        "powerflow_computation": 0.024819899728754535,
        "total": 0.19742809963645414
    },
    "total": 0.28941080000367947
}