{
    "Agent": {
        "total": 0.008149900001171773
    },
    "Env": {
        "apply_act": 0.029603200000565266,
        "observation_computation": 0.0042100000000573345,
        "powerflow_computation": 0.005061899999873276,
        "total": 0.03887510000049588
    },
    "total": 0.05134209999960149
}