{
    "Agent": {
        "total": 0.01641370018478483
    },
    "Env": {
        "apply_act": 0.033482300117611885,
        "observation_computation": 0.005777999991551042,
        "powerflow_computation": 0.005575599847361445,
        "total": 0.04483589995652437
    },
    "total": 0.06726219994015992
}