{
    "Agent": {
        "total": 0.17762729967944324
    },
    "Env": {
        "apply_act": 0.4547899998142384,
        "observation_computation": 0.08197249963996,
        "powerflow_computation": 0.07692709992988966,
        "total": 0.6136895993840881
    },
    "total": 0.8711567000136711
}