{
    "Agent": {
        "total": 0.06386190094053745
    },
    "Env": {
        "apply_act": 0.1641254003625363,
        "observation_computation": 0.03733239974826574,
        "powerflow_computation": 0.03345399955287576,
        "total": 0.2349117996636778
    },
    "total": 0.3331477001775056
}