{
    "Agent": {
        "total": 0.07089249999955882
    },
    "Env": {
        "apply_act": 0.13049149999994825,
        "observation_computation": 0.0354281000006722,
        "powerflow_computation": 0.030574400000432433,
        "total": 0.19649400000105288
    },
    "total": 0.30179309999994075
}