{
    "Agent": {
        "total": 0.09865659999991294
    },
    "Env": {
        "apply_act": 0.18300529999783066,
        "observation_computation": 0.03215759999761758,
        "powerflow_computation": 0.02777890000197658,
        "total": 0.24294179999742482
    },
    "total": 0.37435960000016166
}