{
    "Agent": {
        "total": 0.05086580035276711
    },
    "Env": {
        "apply_act": 0.1856500010471791,
        "observation_computation": 0.038492202991619706,
        "powerflow_computation": 0.0330076995305717,
        "total": 0.2571499035693705
    },
    "total": 0.34378249989822507
}