{
    "Agent": {
        "total": 0.011611900000843889
    },
    "Env": {
        "apply_act": 0.03338130000020101,
        "observation_computation": 0.00783919999958016,
        "powerflow_computation": 0.006837300000597679,
        "total": 0.04805780000037885
    },
    "total": 0.06750200000010409
}