{
    "Agent": {
        "total": 0.5687750000003007
    },
    "Env": {
        "apply_act": 1.8543363999976918,
        "observation_computation": 0.2898244000007253,
        "powerflow_computation": 0.2588020999978653,
        "total": 2.4029628999962824
    },
    "total": 3.2476837000000387
}