{
    "Agent": {
        "total": 0.0007670999999902506
    },
    "Env": {
        "apply_act": 0.00910159999989446,
        "observation_computation": 0.005815499999926033,
        "powerflow_computation": 0.005551800000063167,
        "total": 0.02046889999988366
    },
    "total": 0.026853600000009692
}