{
    "Agent": {
        "total": 0.005656600000037315
    },
    "Env": {
        "apply_act": 0.06306330000009552,
        "observation_computation": 0.043000699999879544,
        "powerflow_computation": 0.04037200000004759,
        "total": 0.14643600000002266
    },
    "total": 0.19268109999998728
}