{
    "Agent": {
        "total": 0.029734500334598124
    },
    "Env": {
        "apply_act": 0.09211750002577901,
        "observation_computation": 0.020287398947402835,
        "powerflow_computation": 0.017114900168962777,
        "total": 0.12951979914214462
    },
    "total": 0.17962599999736995
}