{
    "Agent": {
        "total": 0.0003482000000119001
    },
    "Env": {
        "apply_act": 0.0037659000000047627,
        "observation_computation": 0.0025045000000147866,
        "powerflow_computation": 0.002927399999997249,
        "total": 0.009197800000016798
    },
    "total": 0.012327800000001332
}