{
    "Agent": {
        "total": 0.010080800158903003
    },
    "Env": {
        "apply_act": 0.026274900184944272,
        "observation_computation": 0.004987200140021741,
        "powerflow_computation": 0.0050813001580536366,
        "total": 0.03634340048301965
    },
    "total": 0.0516351000405848
}