{
    "Agent": {
        "total": 0.10816169999998237
    },
    "Env": {
        "apply_act": 0.29777310000037005,
        "observation_computation": 0.055227800000182015,
        "powerflow_computation": 0.05133159999985537,
        "total": 0.40433250000040744
    },
    "total": 0.5629541999999788
}