{
    "Agent": {
        "total": 0.2603922000030252
    },
    "Env": {
        "apply_act": 0.3467775000012807,
        "observation_computation": 0.1683857999976226,
        "powerflow_computation": 0.1553085000032297,
        "total": 0.670471800002133
    },
    "total": 1.0791529999999057
}