{
    "Agent": {
        "total": 0.0018097000000807384
    },
    "Env": {
        "apply_act": 0.0020429999999578285,
        "observation_computation": 0.0004502000000456974,
        "powerflow_computation": 0.00040710000007493363,
        "total": 0.0029003000000784596
    },
    "total": 0.0073879999999917345
}