{
    "Agent": {
        "total": 0.09230650018434972
    },
    "Env": {
        "apply_act": 0.2389398996019736,
        "observation_computation": 0.053490098915062845,
        "powerflow_computation": 0.045300900004804134,
        "total": 0.3377308985218406
    },
    "total": 0.48153610003646463
}