{
    "Agent": {
        "total": 0.03925839997828007
    },
    "Env": {
        "apply_act": 0.16457089995674323,
        "observation_computation": 0.038296999962767586,
        "powerflow_computation": 0.0410798999510007,
        "total": 0.24394779987051152
    },
    "total": 0.3185146000032546
}