{
    "Agent": {
        "total": 0.06519940000134739
    },
    "Env": {
        "apply_act": 0.13308289999918088,
        "observation_computation": 0.03002249999963169,
        "powerflow_computation": 0.02588730000036321,
        "total": 0.18899269999917578
    },
    "total": 0.2833057999999937
}