{
    "Agent": {
        "total": 0.021040500258095562
    },
    "Env": {
        "apply_act": 0.06625920010264963,
        "observation_computation": 0.014010700513608754,
        "powerflow_computation": 0.012020099791698158,
        "total": 0.09229000040795654
    },
    "total": 0.1274079999420792
}