{
    "Agent": {
        "total": 0.03101500000047963
    },
    "Env": {
        "apply_act": 0.10559760000205642,
        "observation_computation": 0.017286100000546867,
        "powerflow_computation": 0.015582199998789292,
        "total": 0.13846590000139258
    },
    "total": 0.18583699999999226
}