{
    "Agent": {
        "total": 0.014652700000283403
    },
    "Env": {
        "apply_act": 0.16128039999978228,
        "observation_computation": 0.10807089999997288,
        "powerflow_computation": 0.09111609999939674,
        "total": 0.3604673999991519
    },
    "total": 0.47366520000002765
}