{
    "Agent": {
        "total": 0.039201400708407164
    },
    "Env": {
        "apply_act": 0.12544060102663934,
        "observation_computation": 0.026340699288994074,
        "powerflow_computation": 0.023260599933564663,
        "total": 0.17504190024919808
    },
    "total": 0.2407655999995768
}