{
    "Agent": {
        "total": 1.0007706000022836
    },
    "Env": {
        "apply_act": 1.6092210000020941,
        "observation_computation": 0.4593696000034697,
        "powerflow_computation": 0.4109171999989485,
        "total": 2.4795078000045123
    },
    "total": 3.9443765000000894
}