{
    "Agent": {
        "total": 0.05800079999983154
    },
    "Env": {
        "apply_act": 0.1910686999999598,
        "observation_computation": 0.030506600000080653,
        "powerflow_computation": 0.03634230000045591,
        "total": 0.25791760000049635
    },
    "total": 0.3445521999999528
}