{
    "Agent": {
        "total": 0.26477980031631887
    },
    "Env": {
        "apply_act": 0.8969683011528105,
        "observation_computation": 0.19202120078261942,
        "powerflow_computation": 0.16427789896260947,
        "total": 1.2532674008980393
    },
    "total": 1.7031003999290988
}