{
    "Agent": {
        "total": 1.5440833999978167
    },
    "Env": {
        "apply_act": 2.708412200002158,
        "observation_computation": 0.9726720999985901,
        "powerflow_computation": 0.8166771000085191,
        "total": 4.497761400009267
    },
    "total": 6.90227149999987
}