{
    "Agent": {
        "total": 0.13517869999972731
    },
    "Env": {
        "apply_act": 0.36534789999970485,
        "observation_computation": 0.26222850000010567,
        "powerflow_computation": 0.22772310000019047,
        "total": 0.855299500000001
    },
    "total": 1.2408929999999998
}