{
    "Agent": {
        "total": 0.09962390176951885
    },
    "Env": {
        "apply_act": 0.2616730995941907,
        "observation_computation": 0.06023239903151989,
        "powerflow_computation": 0.053236800944432616,
        "total": 0.3751422995701432
    },
    "total": 0.5292938998900354
}