{
    "Agent": {
        "total": 0.13479690000031042
    },
    "Env": {
        "apply_act": 0.35569699999996374,
        "observation_computation": 0.09318830000029266,
        "powerflow_computation": 0.08060410000143747,
        "total": 0.5294894000016939
    },
    "total": 0.7451794999999493
}