{
    "Agent": {
        "total": 0.11300980066880584
    },
    "Env": {
        "apply_act": 0.34217819827608764,
        "observation_computation": 0.08233149978332222,
        "powerflow_computation": 0.07129440223798156,
        "total": 0.4958041002973914
    },
    "total": 0.6868505000602454
}