{
    "Agent": {
        "total": 0.02406189974863082
    },
    "Env": {
        "apply_act": 0.07037779921665788,
        "observation_computation": 0.015242700465023518,
        "powerflow_computation": 0.014735099859535694,
        "total": 0.10035559954121709
    },
    "total": 0.13964029995258898
}