{
    "Agent": {
        "total": 0.0617546999710612
    },
    "Env": {
        "apply_act": 0.14469380013179034,
        "observation_computation": 0.02722910002921708,
        "powerflow_computation": 0.023061499989125878,
        "total": 0.1949844001501333
    },
    "total": 0.28464440000243485
}