{
    "Agent": {
        "total": 0.9507657000012841
    },
    "Env": {
        "apply_act": 1.058976099995789,
        "observation_computation": 0.6174885999998878,
        "powerflow_computation": 0.5350174000004699,
        "total": 2.2114820999961466
    },
    "total": 3.7113988000000973
}