{
    "Agent": {
        "total": 0.20958949974738061
    },
    "Env": {
        "apply_act": 0.5638001000334043,
        "observation_computation": 0.09869160025846213,
        "powerflow_computation": 0.08621200022753328,
        "total": 0.7487037005193997
    },
    "total": 1.0541844999825116
}