{
    "Agent": {
        "total": 0.05673230113461614
    },
    "Env": {
        "apply_act": 0.22573020099662244,
        "observation_computation": 0.038447899743914604,
        "powerflow_computation": 0.03415289870463312,
        "total": 0.29833099944517016
    },
    "total": 0.3917710001114756
}