{
    "Agent": {
        "total": 0.009467799915000796
    },
    "Env": {
        "apply_act": 0.02911040000617504,
        "observation_computation": 0.006466299877502024,
        "powerflow_computation": 0.006823099567554891,
        "total": 0.042399799451231956
    },
    "total": 0.0586036000167951
}