{
    "Agent": {
        "total": 0.1785142999992786
    },
    "Env": {
        "apply_act": 0.8915658999953848,
        "observation_computation": 0.1665738000010606,
        "powerflow_computation": 0.13874609999629683,
        "total": 1.1968857999927422
    },
    "total": 1.524768799999947
}