{
    "Agent": {
        "total": 0.9790127000028406
    },
    "Env": {
        "apply_act": 1.681710699989253,
        "observation_computation": 0.4358081999989736,
        "powerflow_computation": 0.3834336999948391,
        "total": 2.5009525999830657
    },
    "total": 3.8752963000001728
}