{
    "Agent": {
        "total": 0.10713140000461863
    },
    "Env": {
        "apply_act": 0.22415380000711593,
        "observation_computation": 0.046208700002353,
        "powerflow_computation": 0.045445400000062364,
        "total": 0.3158079000095313
    },
    "total": 0.4710631999996622
}