{
    "Agent": {
        "total": 0.16233499953523278
    },
    "Env": {
        "apply_act": 0.6046309997327626,
        "observation_computation": 0.1235603999812156,
        "powerflow_computation": 0.1070733992382884,
        "total": 0.8352647989522666
    },
    "total": 1.113547099987045
}