{
    "Agent": {
        "total": 0.47436319978442043
    },
    "Env": {
        "apply_act": 1.3049714004155248,
        "observation_computation": 0.20644519967027009,
        "powerflow_computation": 0.17966689774766564,
        "total": 1.6910834978334606
    },
    "total": 2.3617866000859067
}