{
    "Agent": {
        "total": 0.0007028999999647567
    },
    "Env": {
        "apply_act": 0.0,
        "observation_computation": 0.0,
        "powerflow_computation": 0.0,
        "total": 0.0
    },
    "total": 0.0021327000000042062
}