{
    "Agent": {
        "total": 0.007681299699470401
    },
    "Env": {
        "apply_act": 0.013903599930927157,
        "observation_computation": 0.0032215004321187735,
        "powerflow_computation": 0.0033668000251054764,
        "total": 0.020491900388151407
    },
    "total": 0.031639200169593096
}