{
    "Agent": {
        "total": 0.09129059999986566
    },
    "Env": {
        "apply_act": 0.4296848000005866,
        "observation_computation": 0.08466969999994944,
        "powerflow_computation": 0.08269539999946574,
        "total": 0.5970499000000018
    },
    "total": 0.7676845000000867
}