{
    "Agent": {
        "total": 0.6674708999926224
    },
    "Env": {
        "apply_act": 1.5762806999900931,
        "observation_computation": 0.25757730001532764,
        "powerflow_computation": 0.22746099999403668,
        "total": 2.0613189999994574
    },
    "total": 2.976761799999622
}