{
    "Agent": {
        "total": 0.13850639900192618
    },
    "Env": {
        "apply_act": 0.39345630118623376,
        "observation_computation": 0.09064570011105388,
        "powerflow_computation": 0.08975760091561824,
        "total": 0.5738596022129059
    },
    "total": 0.7929049000376835
}