{
    "Agent": {
        "total": 0.012192299999895795
    },
    "Env": {
        "apply_act": 0.1412198000004139,
        "observation_computation": 0.10370290000003024,
        "powerflow_computation": 0.09005899999931444,
        "total": 0.3349816999997586
    },
    "total": 0.44199409999998807
}