{
    "Agent": {
        "total": 0.1232611988671124
    },
    "Env": {
        "apply_act": 0.4732027987483889,
        "observation_computation": 0.09017929947003722,
        "powerflow_computation": 0.07770799938589334,
        "total": 0.6410900976043195
    },
    "total": 0.8490763998124748
}