{
    "Agent": {
        "total": 0.35951550000186216
    },
    "Env": {
        "apply_act": 0.7067306000024018,
        "observation_computation": 0.23504529999991064,
        "powerflow_computation": 0.21991700000216952,
        "total": 1.161692900004482
    },
    "total": 1.7288378999999168
}