{
    "Agent": {
        "total": 0.019406799459829926
    },
    "Env": {
        "apply_act": 0.049904800369404256,
        "observation_computation": 0.014776600524783134,
        "powerflow_computation": 0.01558410027064383,
        "total": 0.08026550116483122
    },
    "total": 0.11428139999043196
}