{
    "Agent": {
        "total": 0.11462439992465079
    },
    "Env": {
        "apply_act": 0.486342299496755,
        "observation_computation": 0.08198529854416847,
        "powerflow_computation": 0.07076379703357816,
        "total": 0.6390913950745016
    },
    "total": 0.8314004999119788
}