{
    "Agent": {
        "total": 0.008249399999840534
    },
    "Env": {
        "apply_act": 0.02449499999966065,
        "observation_computation": 0.004879800000935575,
        "powerflow_computation": 0.004292700000632976,
        "total": 0.0336675000012292
    },
    "total": 0.046966299999894545
}