{
    "Agent": {
        "total": 0.04056139918975532
    },
    "Env": {
        "apply_act": 0.11210789927281439,
        "observation_computation": 0.018685700139030814,
        "powerflow_computation": 0.015705500030890107,
        "total": 0.14649909944273531
    },
    "total": 0.20591580006293952
}