{
    "Agent": {
        "total": 0.007098499685525894
    },
    "Env": {
        "apply_act": 0.015551400138065219,
        "observation_computation": 0.0030671001877635717,
        "powerflow_computation": 0.003065199824050069,
        "total": 0.02168370014987886
    },
    "total": 0.03196890000253916
}