{
    "Agent": {
        "total": 0.12351519999992888
    },
    "Env": {
        "apply_act": 0.3707206999996515,
        "observation_computation": 0.06582480000008673,
        "powerflow_computation": 0.05471659999955136,
        "total": 0.4912620999992896
    },
    "total": 0.6771979999999758
}