{
    "Agent": {
        "total": 0.1152682000031291
    },
    "Env": {
        "apply_act": 0.4371523999986948,
        "observation_computation": 0.08598600000277656,
        "powerflow_computation": 0.0870776000024307,
        "total": 0.6102160000039021
    },
    "total": 0.8056128000000626
}