{
    "Agent": {
        "total": 0.01410919998306781
    },
    "Env": {
        "apply_act": 0.030046899570152164,
        "observation_computation": 0.005662700044922531,
        "powerflow_computation": 0.005157799925655127,
        "total": 0.04086739954072982
    },
    "total": 0.060521399951539934
}