{
    "Agent": {
        "total": 0.019289100309833884
    },
    "Env": {
        "apply_act": 0.038317799335345626,
        "observation_computation": 0.009127300465479493,
        "powerflow_computation": 0.007719099521636963,
        "total": 0.05516419932246208
    },
    "total": 0.08423070004209876
}