{
    "Agent": {
        "total": 0.037494100000117214
    },
    "Env": {
        "apply_act": 0.08428790000004938,
        "observation_computation": 0.01617740000028789,
        "powerflow_computation": 0.01334800000023506,
        "total": 0.11381330000057233
    },
    "total": 0.1676818000000253
}