{
    "Agent": {
        "total": 0.07686510000002045
    },
    "Env": {
        "apply_act": 0.8337570000007588,
        "observation_computation": 0.7594619999998713,
        "powerflow_computation": 0.4703000999998892,
        "total": 2.0635191000005193
    },
    "total": 2.6503564999999867
}