{
    "Agent": {
        "total": 0.2893716000085078
    },
    "Env": {
        "apply_act": 1.4653888999991977,
        "observation_computation": 0.2836093000009896,
        "powerflow_computation": 0.23671960000365289,
        "total": 1.9857178000038402
    },
    "total": 2.5282546999997066
}