{
    "Agent": {
        "total": 0.017840099753811955
    },
    "Env": {
        "apply_act": 0.0541841002414003,
        "observation_computation": 0.0075664002215489745,
        "powerflow_computation": 0.0067805994767695665,
        "total": 0.06853109993971884
    },
    "total": 0.09447990008629858
}