{
    "Agent": {
        "total": 0.00895529999934297
    },
    "Env": {
        "apply_act": 0.02648140000087551,
        "observation_computation": 0.006055400000605005,
        "powerflow_computation": 0.005190100000163511,
        "total": 0.037726900001644026
    },
    "total": 0.05355409999992844
}