{
    "Agent": {
        "total": 0.09727179992478341
    },
    "Env": {
        "apply_act": 0.268353299703449,
        "observation_computation": 0.04006570004276,
        "powerflow_computation": 0.03525070013711229,
        "total": 0.3436696998833213
    },
    "total": 0.48091360001126304
}