{
    "Agent": {
        "total": 0.05407809999996971
    },
    "Env": {
        "apply_act": 0.07651080000141519,
        "observation_computation": 0.024913500001730426,
        "powerflow_computation": 0.027707900001587404,
        "total": 0.12913220000473302
    },
    "total": 0.2073084999999537
}