{
    "Agent": {
        "total": 0.0007637999951839447
    },
    "Env": {
        "apply_act": 0.0,
        "observation_computation": 0.0,
        "powerflow_computation": 0.0,
        "total": 0.0
    },
    "total": 0.001827700063586235
}