{
    "Agent": {
        "total": 0.36252539999986766
    },
    "Env": {
        "apply_act": 0.32074439999973947,
        "observation_computation": 0.1884064000004173,
        "powerflow_computation": 0.17586330000142425,
        "total": 0.685014100001581
    },
    "total": 1.2273351999999704
}