{
    "Agent": {
        "total": 0.3088587000006555
    },
    "Env": {
        "apply_act": 0.3526613999983965,
        "observation_computation": 0.2173908000013398,
        "powerflow_computation": 0.18156359999557026,
        "total": 0.7516157999953066
    },
    "total": 1.251223100000061
}