{
    "Agent": {
        "total": 0.0444265017285943
    },
    "Env": {
        "apply_act": 0.11972459824755788,
        "observation_computation": 0.01991059980355203,
        "powerflow_computation": 0.017359299585223198,
        "total": 0.1569944976363331
    },
    "total": 0.22142500011250377
}