{
    "Agent": {
        "total": 0.6590310000001409
    },
    "Env": {
        "apply_act": 1.2714513000005354,
        "observation_computation": 0.2810498000003463,
        "powerflow_computation": 0.2380775000065114,
        "total": 1.790578600007393
    },
    "total": 2.6657343000001674
}