{
    "Agent": {
        "total": 0.30457940069027245
    },
    "Env": {
        "apply_act": 0.5998191994149238,
        "observation_computation": 0.15795639716088772,
        "powerflow_computation": 0.137120297877118,
        "total": 0.8948958944529295
    },
    "total": 1.350310199894011
}