{
    "Agent": {
        "total": 0.06755269999962366
    },
    "Env": {
        "apply_act": 0.06934769999838863,
        "observation_computation": 0.04188290000138295,
        "powerflow_computation": 0.036106599999811806,
        "total": 0.1473371999995834
    },
    "total": 0.25253700000007484
}