{
    "Agent": {
        "total": 0.5324376994976774
    },
    "Env": {
        "apply_act": 1.4957723985426128,
        "observation_computation": 0.32805950206238776,
        "powerflow_computation": 0.28626670001540333,
        "total": 2.110098600620404
    },
    "total": 2.933918199967593
}