{
    "Agent": {
        "total": 0.062120700953528285
    },
    "Env": {
        "apply_act": 0.17943509959150106,
        "observation_computation": 0.02969850052613765,
        "powerflow_computation": 0.027665800298564136,
        "total": 0.23679940041620284
    },
    "total": 0.3275450000073761
}