{
    "Agent": {
        "total": 0.26201779999883
    },
    "Env": {
        "apply_act": 0.618471999997837,
        "observation_computation": 0.13635560000102487,
        "powerflow_computation": 0.11432019999983822,
        "total": 0.8691477999987001
    },
    "total": 1.2628063999995902
}