{
    "Agent": {
        "total": 0.01871870000013587
    },
    "Env": {
        "apply_act": 0.05801429999951324,
        "observation_computation": 0.01348899999970854,
        "powerflow_computation": 0.01163639999958832,
        "total": 0.0831396999988101
    },
    "total": 0.1147057999999106
}