{
    "Agent": {
        "total": 0.22998659894801676
    },
    "Env": {
        "apply_act": 0.985982799436897,
        "observation_computation": 0.21325989993056282,
        "powerflow_computation": 0.18844109924975783,
        "total": 1.3876837986172177
    },
    "total": 1.8044955999939702
}