{
    "Agent": {
        "total": 0.7124750999994376
    },
    "Env": {
        "apply_act": 1.0064831000033791,
        "observation_computation": 0.351675799999839,
        "powerflow_computation": 0.31455300000607167,
        "total": 1.6727119000092898
    },
    "total": 2.722650600000179
}