{
    "Agent": {
        "total": 0.34750190000011116
    },
    "Env": {
        "apply_act": 1.1544539999997596,
        "observation_computation": 0.1746295000008331,
        "powerflow_computation": 0.15450119999798062,
        "total": 1.4835846999985733
    },
    "total": 1.9947477999999137
}