{
    "Agent": {
        "total": 0.0198913999998922
    },
    "Env": {
        "apply_act": 0.2178869999996209,
        "observation_computation": 0.1530818000002796,
        "powerflow_computation": 0.12100950000024113,
        "total": 0.49197830000014164
    },
    "total": 0.646961900000008
}