{
    "Agent": {
        "total": 0.04632790000005116
    },
    "Env": {
        "apply_act": 0.14081260000079965,
        "observation_computation": 0.030580799999370356,
        "powerflow_computation": 0.027705400000286318,
        "total": 0.19909880000045632
    },
    "total": 0.27473540000005414
}