{
    "Agent": {
        "total": 0.12891379999928176
    },
    "Env": {
        "apply_act": 0.32848790008574724,
        "observation_computation": 0.07298050192184746,
        "powerflow_computation": 0.07683840091340244,
        "total": 0.47830680292099714
    },
    "total": 0.673278900096193
}