{
    "Agent": {
        "total": 0.49437310000121215
    },
    "Env": {
        "apply_act": 1.8767442000034862,
        "observation_computation": 0.3524376999980632,
        "powerflow_computation": 0.32142999999632593,
        "total": 2.5506118999978753
    },
    "total": 3.38998289999995
}