{
    "Agent": {
        "total": 0.05427390011027455
    },
    "Env": {
        "apply_act": 0.12125799874775112,
        "observation_computation": 0.023158899624831975,
        "powerflow_computation": 0.020182000705972314,
        "total": 0.1645988990785554
    },
    "total": 0.24171199998818338
}