{
    "Agent": {
        "total": 0.07518419999814796
    },
    "Env": {
        "apply_act": 0.22852430000011736,
        "observation_computation": 0.0414814000023398,
        "powerflow_computation": 0.04223329999922498,
        "total": 0.31223900000168214
    },
    "total": 0.4221898000000692
}