{
    "Agent": {
        "total": 0.12169889999722727
    },
    "Env": {
        "apply_act": 0.7797417999972822,
        "observation_computation": 0.12126800000169169,
        "powerflow_computation": 0.11166560000265235,
        "total": 1.0126754000016263
    },
    "total": 1.2399098999999296
}