{
    "Agent": {
        "total": 0.04650279999987106
    },
    "Env": {
        "apply_act": 0.07895580000081281,
        "observation_computation": 0.021530699998947966,
        "powerflow_computation": 0.019978099999434562,
        "total": 0.12046459999919534
    },
    "total": 0.1879783999997926
}