{
    "Agent": {
        "total": 0.08103630000073281
    },
    "Env": {
        "apply_act": 0.18031410000043024,
        "observation_computation": 0.035304799999948955,
        "powerflow_computation": 0.026075500000388274,
        "total": 0.24169440000076747
    },
    "total": 0.3531447999999955
}