{
    "Agent": {
        "total": 0.009868099999934543
    },
    "Env": {
        "apply_act": 0.10939009999991356,
        "observation_computation": 0.07261989999989282,
        "powerflow_computation": 0.06063089999993565,
        "total": 0.24264089999974203
    },
    "total": 0.3215042000000068
}