{
    "Agent": {
        "total": 0.09382409999955144
    },
    "Env": {
        "apply_act": 0.1705158000000324,
        "observation_computation": 0.031073200000093948,
        "powerflow_computation": 0.02889679999998407,
        "total": 0.23048580000011043
    },
    "total": 0.3579729000000498
}