{
    "Agent": {
        "total": 0.009045800077728927
    },
    "Env": {
        "apply_act": 0.023178100236691535,
        "observation_computation": 0.004299100022763014,
        "powerflow_computation": 0.004239499801769853,
        "total": 0.0317167000612244
    },
    "total": 0.044979099999181926
}