{
    "Agent": {
        "total": 0.0009399999980814755
    },
    "Env": {
        "apply_act": 0.0,
        "observation_computation": 0.0,
        "powerflow_computation": 0.0,
        "total": 0.0
    },
    "total": 0.0034756999812088907
}