{
    "Agent": {
        "total": 0.040245101088657975
    },
    "Env": {
        "apply_act": 0.10342290019616485,
        "observation_computation": 0.017715397523716092,
        "powerflow_computation": 0.01544849923811853,
        "total": 0.13658679695799947
    },
    "total": 0.1949683998245746
}