{
    "Agent": {
        "total": 0.02855920000001788
    },
    "Env": {
        "apply_act": 0.060336400056257844,
        "observation_computation": 0.015006600762717426,
        "powerflow_computation": 0.012650899356231093,
        "total": 0.08799390017520636
    },
    "total": 0.13174400001298636
}