{
    "Agent": {
        "total": 0.025952399998743658
    },
    "Env": {
        "apply_act": 0.28039350000085506,
        "observation_computation": 0.18960499999917602,
        "powerflow_computation": 0.1618349999994848,
        "total": 0.6318334999995159
    },
    "total": 0.8527737000000002
}