{
    "Agent": {
        "total": 0.20008099999813567
    },
    "Env": {
        "apply_act": 1.2415178999995078,
        "observation_computation": 0.19865589999562872,
        "powerflow_computation": 0.16849790000424036,
        "total": 1.6086716999993769
    },
    "total": 1.9813881000000038
}