{
    "Agent": {
        "total": 0.23812209999744027
    },
    "Env": {
        "apply_act": 0.5011376999999584,
        "observation_computation": 0.11298869999859562,
        "powerflow_computation": 0.09989880000136964,
        "total": 0.7140251999999236
    },
    "total": 1.0604789999999866
}