{
    "Agent": {
        "total": 0.3268794000005073
    },
    "Env": {
        "apply_act": 0.47354749999885826,
        "observation_computation": 0.2117613999992045,
        "powerflow_computation": 0.17959749999977248,
        "total": 0.8649063999978353
    },
    "total": 1.3818211000000247
}