{
    "Agent": {
        "total": 0.02767510013654828
    },
    "Env": {
        "apply_act": 0.05392139940522611,
        "observation_computation": 0.01383670186623931,
        "powerflow_computation": 0.012043498689308763,
        "total": 0.07980159996077418
    },
    "total": 0.12070490000769496
}