{
    "Agent": {
        "total": 0.16274140000018633
    },
    "Env": {
        "apply_act": 0.2628471999998965,
        "observation_computation": 0.10188659999971605,
        "powerflow_computation": 0.08396999999933996,
        "total": 0.4487037999989525
    },
    "total": 0.7014082000000599
}