{
    "Agent": {
        "total": 0.0022756999998705396
    },
    "Env": {
        "apply_act": 0.0259119000000112,
        "observation_computation": 0.017985300000049165,
        "powerflow_computation": 0.017038600000034876,
        "total": 0.06093580000009524
    },
    "total": 0.0806919999999991
}