{
    "Agent": {
        "total": 0.22917890001554042
    },
    "Env": {
        "apply_act": 0.5705544004158583,
        "observation_computation": 0.1041249000118114,
        "powerflow_computation": 0.0888272997981403,
        "total": 0.76350660022581
    },
    "total": 1.0936993999930564
}