{
    "Agent": {
        "total": 0.08158349999962411
    },
    "Env": {
        "apply_act": 0.14449409999792806,
        "observation_computation": 0.03654199999868979,
        "powerflow_computation": 0.03686440000069524,
        "total": 0.2179004999973131
    },
    "total": 0.33316199999990204
}