{
    "Agent": {
        "total": 0.019407100000535138
    },
    "Env": {
        "apply_act": 0.07265129995357711,
        "observation_computation": 0.016651100071612746,
        "powerflow_computation": 0.015817899969988503,
        "total": 0.10512029999517836
    },
    "total": 0.13957090000621974
}