{
    "Agent": {
        "total": 0.02471929998137057
    },
    "Env": {
        "apply_act": 0.0626447000540793,
        "observation_computation": 0.010792899993248284,
        "powerflow_computation": 0.010125300148501992,
        "total": 0.08356290019582957
    },
    "total": 0.1190139000536874
}