{
    "Agent": {
        "total": 0.20042310000076213
    },
    "Env": {
        "apply_act": 0.14723459999947863,
        "observation_computation": 0.09729769999978544,
        "powerflow_computation": 0.08349230000021635,
        "total": 0.3280245999994804
    },
    "total": 0.6186942000000499
}