{
    "Agent": {
        "total": 0.0008605000330135226
    },
    "Env": {
        "apply_act": 0.0,
        "observation_computation": 0.0,
        "powerflow_computation": 0.0,
        "total": 0.0
    },
    "total": 0.0026326000224798918
}