{
    "Agent": {
        "total": 0.01305899999988469
    },
    "Env": {
        "apply_act": 0.12344460000002755,
        "observation_computation": 0.09280769999975291,
        "powerflow_computation": 0.07594920000009608,
        "total": 0.29220149999987655
    },
    "total": 0.3882516000000038
}