{
    "Agent": {
        "total": 0.28793169999971724
    },
    "Env": {
        "apply_act": 0.8990419999918231,
        "observation_computation": 0.14130009999826143,
        "powerflow_computation": 0.11744429999271233,
        "total": 1.1577863999827969
    },
    "total": 1.576601099999607
}