{
    "Agent": {
        "total": 0.007096200000205499
    },
    "Env": {
        "apply_act": 0.019104299999980867,
        "observation_computation": 0.00445670000044629,
        "powerflow_computation": 0.00439839999967262,
        "total": 0.027959400000099777
    },
    "total": 0.039558400000032634
}