{
    "Agent": {
        "total": 0.04694089922122657
    },
    "Env": {
        "apply_act": 0.10326140013057739,
        "observation_computation": 0.023239199654199183,
        "powerflow_computation": 0.020443999441340566,
        "total": 0.14694459922611713
    },
    "total": 0.21655469993129373
}