{
    "Agent": {
        "total": 0.10974480000095355
    },
    "Env": {
        "apply_act": 0.5164683000029981,
        "observation_computation": 0.09140050000951305,
        "powerflow_computation": 0.07955650000803871,
        "total": 0.6874253000205499
    },
    "total": 0.8789632999996684
}