{
    "Agent": {
        "total": 0.12653949999958058
    },
    "Env": {
        "apply_act": 0.1712938000007398,
        "observation_computation": 0.06453710000141655,
        "powerflow_computation": 0.056767200001104356,
        "total": 0.2925981000032607
    },
    "total": 0.4802839999999833
}