{
    "Agent": {
        "total": 0.20939079994423082
    },
    "Env": {
        "apply_act": 0.6511201998582692,
        "observation_computation": 0.10245469996152679,
        "powerflow_computation": 0.09452349994535325,
        "total": 0.8480983997651492
    },
    "total": 1.1556674000021303
}