{
    "Agent": {
        "total": 0.6536943000000974
    },
    "Env": {
        "apply_act": 1.5696184999969773,
        "observation_computation": 0.21302379998996912,
        "powerflow_computation": 0.17825030000130937,
        "total": 1.9608925999882558
    },
    "total": 2.8248568000008163
}