{
    "Agent": {
        "total": 0.2728372000010495
    },
    "Env": {
        "apply_act": 0.8879412000060256,
        "observation_computation": 0.13582249998944462,
        "powerflow_computation": 0.1379425999975865,
        "total": 1.1617062999930567
    },
    "total": 1.5656989999997677
}