{
    "Agent": {
        "total": 0.049129402032122016
    },
    "Env": {
        "apply_act": 0.17627920070663095,
        "observation_computation": 0.03577039763331413,
        "powerflow_computation": 0.03132470068521798,
        "total": 0.24337429902516305
    },
    "total": 0.32651679986156523
}