{
    "Agent": {
        "total": 0.0019748000001698074
    },
    "Env": {
        "apply_act": 0.024660299999936797,
        "observation_computation": 0.016238400000077036,
        "powerflow_computation": 0.017639399999922034,
        "total": 0.058538099999935866
    },
    "total": 0.0768090999999913
}