{
    "Agent": {
        "total": 0.08663349999937964
    },
    "Env": {
        "apply_act": 0.08928319999813539,
        "observation_computation": 0.045017500001677035,
        "powerflow_computation": 0.04725939999889306,
        "total": 0.18156009999870548
    },
    "total": 0.3093956000000162
}