{
    "Agent": {
        "total": 0.3497546999997212
    },
    "Env": {
        "apply_act": 0.5427631000007977,
        "observation_computation": 0.15212630000041827,
        "powerflow_computation": 0.13266540000086025,
        "total": 0.8275548000020763
    },
    "total": 1.3259656000000177
}