{
    "Agent": {
        "total": 0.8324310999996669
    },
    "Env": {
        "apply_act": 1.4552558999985195,
        "observation_computation": 0.2751924999984112,
        "powerflow_computation": 0.25450519999822063,
        "total": 1.9849535999951513
    },
    "total": 3.0789589999999407
}