{
    "Agent": {
        "total": 0.06231650058180094
    },
    "Env": {
        "apply_act": 0.15337259985972196,
        "observation_computation": 0.02593939972575754,
        "powerflow_computation": 0.022121399408206344,
        "total": 0.20143339899368584
    },
    "total": 0.29057960002683103
}