{
    "Agent": {
        "total": 0.007966299999793591
    },
    "Env": {
        "apply_act": 0.09337730000001443,
        "observation_computation": 0.06619310000013456,
        "powerflow_computation": 0.06094289999975899,
        "total": 0.22051329999990799
    },
    "total": 0.2901486999999747
}