{
    "Agent": {
        "total": 0.06363250105641782
    },
    "Env": {
        "apply_act": 0.20234360126778483,
        "observation_computation": 0.047152699902653694,
        "powerflow_computation": 0.04103970085270703,
        "total": 0.29053600202314556
    },
    "total": 0.39842689991928637
}