{
    "Agent": {
        "total": 0.0007569000590592623
    },
    "Env": {
        "apply_act": 0.0,
        "observation_computation": 0.0,
        "powerflow_computation": 0.0,
        "total": 0.0
    },
    "total": 0.002699499949812889
}