{
    "Agent": {
        "total": 0.16734090086538345
    },
    "Env": {
        "apply_act": 0.5219170995987952,
        "observation_computation": 0.08221499947831035,
        "powerflow_computation": 0.07628480112180114,
        "total": 0.6804169001989067
    },
    "total": 0.9269440999487415
}