{
    "Agent": {
        "total": 0.19701059999874815
    },
    "Env": {
        "apply_act": 0.7394119999996747,
        "observation_computation": 0.13631800000007388,
        "powerflow_computation": 0.12159520000159318,
        "total": 0.9973252000013417
    },
    "total": 1.3248146000000816
}