{
    "Agent": {
        "total": 0.17257240077015013
    },
    "Env": {
        "apply_act": 0.6147259009303525,
        "observation_computation": 0.12021929898764938,
        "powerflow_computation": 0.10273019992746413,
        "total": 0.837675399845466
    },
    "total": 1.1276342999190092
}