{
    "Agent": {
        "total": 0.0031803000000820703
    },
    "Env": {
        "apply_act": 0.035591099999720655,
        "observation_computation": 0.02561580000013919,
        "powerflow_computation": 0.022133499999966944,
        "total": 0.08334039999982679
    },
    "total": 0.11082920000001195
}