{
    "Agent": {
        "total": 0.11794189999972104
    },
    "Env": {
        "apply_act": 0.2549575999997842,
        "observation_computation": 0.04735129999971832,
        "powerflow_computation": 0.04042489999977761,
        "total": 0.3427337999992801
    },
    "total": 0.5072547000000327
}