{
    "Agent": {
        "total": 0.07721740010310896
    },
    "Env": {
        "apply_act": 0.1772643999720458,
        "observation_computation": 0.03295559994876385,
        "powerflow_computation": 0.027240499766776338,
        "total": 0.23746049968758598
    },
    "total": 0.3479509000026155
}