{
    "Agent": {
        "total": 0.04177980002714321
    },
    "Env": {
        "apply_act": 0.14994529998512007,
        "observation_computation": 0.03619830004754476,
        "powerflow_computation": 0.030578200006857514,
        "total": 0.21672180003952235
    },
    "total": 0.2931245000072522
}