{
    "Agent": {
        "total": 0.28611329989507794
    },
    "Env": {
        "apply_act": 0.7706118001442519,
        "observation_computation": 0.139513000009174,
        "powerflow_computation": 0.12821020009141648,
        "total": 1.0383350002448424
    },
    "total": 1.4607829000015045
}