{
    "Agent": {
        "total": 0.0007313999999496446
    },
    "Env": {
        "apply_act": 0.0,
        "observation_computation": 0.0,
        "powerflow_computation": 0.0,
        "total": 0.0
    },
    "total": 0.0017943000002560439
}