{
    "Agent": {
        "total": 0.01231390000009469
    },
    "Env": {
        "apply_act": 0.13300620000023855,
        "observation_computation": 0.0908886999995957,
        "powerflow_computation": 0.07975750000059634,
        "total": 0.3036524000004306
    },
    "total": 0.3999977999999942
}