{
    "Agent": {
        "total": 0.0011076999362558126
    },
    "Env": {
        "apply_act": 0.0,
        "observation_computation": 0.0,
        "powerflow_computation": 0.0,
        "total": 0.0
    },
    "total": 0.00344299990683794
}