{
    "Agent": {
        "total": 0.05639970000083849
    },
    "Env": {
        "apply_act": 0.26593579999644135,
        "observation_computation": 0.05446000000074491,
        "powerflow_computation": 0.051356100001157756,
        "total": 0.371751899998344
    },
    "total": 0.47602750000032756
}