{
    "Agent": {
        "total": 0.12527510011568666
    },
    "Env": {
        "apply_act": 0.2771266997442581,
        "observation_computation": 0.04837649984983727,
        "powerflow_computation": 0.04492669930914417,
        "total": 0.3704298989032395
    },
    "total": 0.5432435999973677
}