{
    "Agent": {
        "total": 0.045585499494336545
    },
    "Env": {
        "apply_act": 0.10011369979474694,
        "observation_computation": 0.017849600641056895,
        "powerflow_computation": 0.016365599120035768,
        "total": 0.1343288995558396
    },
    "total": 0.19800600002054125
}