{
    "Agent": {
        "total": 0.056638100126292557
    },
    "Env": {
        "apply_act": 0.14225410015205853,
        "observation_computation": 0.026143599912757054,
        "powerflow_computation": 0.028401499963365495,
        "total": 0.19679920002818108
    },
    "total": 0.27890529998694547
}