{
    "Agent": {
        "total": 0.08306490047834814
    },
    "Env": {
        "apply_act": 0.16607159993145615,
        "observation_computation": 0.0305956001393497,
        "powerflow_computation": 0.02709320094436407,
        "total": 0.22376040101516992
    },
    "total": 0.33822139992844313
}