{
    "Agent": {
        "total": 0.034628500000735585
    },
    "Env": {
        "apply_act": 0.06080320000023676,
        "observation_computation": 0.014614399999572925,
        "powerflow_computation": 0.01345599999967817,
        "total": 0.08887359999948785
    },
    "total": 0.1381655000000137
}