{
    "Agent": {
        "total": 0.05324779996590223
    },
    "Env": {
        "apply_act": 0.15932339998835232,
        "observation_computation": 0.025769300023966935,
        "powerflow_computation": 0.022346100020513404,
        "total": 0.20743880003283266
    },
    "total": 0.28683550000278046
}