{
    "Agent": {
        "total": 0.042691900744102895
    },
    "Env": {
        "apply_act": 0.1666461993008852,
        "observation_computation": 0.032022799481637776,
        "powerflow_computation": 0.026449100696481764,
        "total": 0.22511809947900474
    },
    "total": 0.29910379997454584
}