{
    "Agent": {
        "total": 0.05481330002658069
    },
    "Env": {
        "apply_act": 0.15897980018053204,
        "observation_computation": 0.025164500577375293,
        "powerflow_computation": 0.021750699961557984,
        "total": 0.20589500071946532
    },
    "total": 0.2859281999990344
}