{
    "Agent": {
        "total": 0.010544100543484092
    },
    "Env": {
        "apply_act": 0.032146600424312055,
        "observation_computation": 0.004588200245052576,
        "powerflow_computation": 0.004617199767380953,
        "total": 0.041352000436745584
    },
    "total": 0.05664439999964088
}