{
    "Agent": {
        "total": 0.022511699964525178
    },
    "Env": {
        "apply_act": 0.048083600093377754,
        "observation_computation": 0.010923899855697528,
        "powerflow_computation": 0.009223299945006147,
        "total": 0.06823079989408143
    },
    "total": 0.10218149999855086
}