{
    "Agent": {
        "total": 0.007656300000121519
    },
    "Env": {
        "apply_act": 0.09012029999973947,
        "observation_computation": 0.06150119999966819,
        "powerflow_computation": 0.055157800000642965,
        "total": 0.20677930000005063
    },
    "total": 0.2713743999999565
}