{
    "Agent": {
        "total": 0.08976910000274074
    },
    "Env": {
        "apply_act": 0.3229763999966053,
        "observation_computation": 0.05201040000156354,
        "powerflow_computation": 0.044366399999944406,
        "total": 0.41935319999811327
    },
    "total": 0.5575309000000743
}