{
    "Agent": {
        "total": 0.03494500054512173
    },
    "Env": {
        "apply_act": 0.11127120023593307,
        "observation_computation": 0.02514210087247193,
        "powerflow_computation": 0.021735599730163813,
        "total": 0.1581489008385688
    },
    "total": 0.2170064999954775
}