{
    "Agent": {
        "total": 0.07106739999949241
    },
    "Env": {
        "apply_act": 0.1755686999988484,
        "observation_computation": 0.04934189999903538,
        "powerflow_computation": 0.04395569999928739,
        "total": 0.26886629999717115
    },
    "total": 0.3834751000001688
}