{
    "Agent": {
        "total": 0.11602209999898605
    },
    "Env": {
        "apply_act": 0.4039196000007905,
        "observation_computation": 0.060754899999551526,
        "powerflow_computation": 0.05044479999935447,
        "total": 0.5151192999996965
    },
    "total": 0.6880648000000065
}