{
    "Agent": {
        "total": 0.09359019831754267
    },
    "Env": {
        "apply_act": 0.18629809911362827,
        "observation_computation": 0.04726869915612042,
        "powerflow_computation": 0.04140610108152032,
        "total": 0.274972899351269
    },
    "total": 0.41430149995721877
}