{
    "Agent": {
        "total": 0.01971809999827201
    },
    "Env": {
        "apply_act": 0.056925199999568576,
        "observation_computation": 0.013712700000723999,
        "powerflow_computation": 0.01170519999982389,
        "total": 0.08234310000011646
    },
    "total": 0.11608509999996386
}