{
    "Agent": {
        "total": 0.2615392999997539
    },
    "Env": {
        "apply_act": 0.825646699999993,
        "observation_computation": 0.13835259999996197,
        "powerflow_computation": 0.13074449999953686,
        "total": 1.0947437999994918
    },
    "total": 1.4865273000000343
}