{
    "Agent": {
        "total": 3.0987303000019892
    },
    "Env": {
        "apply_act": 8.248176299992338,
        "observation_computation": 1.2286182000270855,
        "powerflow_computation": 1.0584586000013587,
        "total": 10.535253100020782
    },
    "total": 14.73067489999994
}