{
    "Agent": {
        "total": 0.020974900001647256
    },
    "Env": {
        "apply_act": 0.06419659999846772,
        "observation_computation": 0.015196199998854354,
        "powerflow_computation": 0.012769899999966583,
        "total": 0.09216269999728866
    },
    "total": 0.1281527000001006
}