{
    "Agent": {
        "total": 0.024747399147599936
    },
    "Env": {
        "apply_act": 0.06933099997695535,
        "observation_computation": 0.010686800233088434,
        "powerflow_computation": 0.009686200181022286,
        "total": 0.08970400039106607
    },
    "total": 0.1248510000295937
}