{
    "Agent": {
        "total": 0.08051079999927424
    },
    "Env": {
        "apply_act": 0.17849169999999503,
        "observation_computation": 0.029343800000560805,
        "powerflow_computation": 0.02558360000080029,
        "total": 0.23341910000135613
    },
    "total": 0.3437667999999121
}