{
    "Agent": {
        "total": 0.10953610035357997
    },
    "Env": {
        "apply_act": 0.6308705997071229,
        "observation_computation": 0.10426650010049343,
        "powerflow_computation": 0.09051379980519414,
        "total": 0.8256508996128105
    },
    "total": 1.0261654000496492
}