{
    "Agent": {
        "total": 0.05575329973362386
    },
    "Env": {
        "apply_act": 0.10696239955723286,
        "observation_computation": 0.02760919858701527,
        "powerflow_computation": 0.023866100935265422,
        "total": 0.15843769907951355
    },
    "total": 0.2406242999713868
}