{
    "Agent": {
        "total": 0.022489400000040405
    },
    "Env": {
        "apply_act": 0.04119690000004539,
        "observation_computation": 0.00846400000000358,
        "powerflow_computation": 0.007008000000155334,
        "total": 0.0566689000002043
    },
    "total": 0.0886572000000001
}