{
    "Agent": {
        "total": 0.02093930000069122
    },
    "Env": {
        "apply_act": 0.01823500000068634,
        "observation_computation": 0.010667799999509953,
        "powerflow_computation": 0.008812999999918247,
        "total": 0.03771580000011454
    },
    "total": 0.0689162999999553
}