{
    "Agent": {
        "total": 0.19750609999755397
    },
    "Env": {
        "apply_act": 0.55269969998335,
        "observation_computation": 0.09779359993262915,
        "powerflow_computation": 0.08528930004831636,
        "total": 0.7357825999642955
    },
    "total": 1.0278523000015412
}