{
    "Agent": {
        "total": 0.03426970075815916
    },
    "Env": {
        "apply_act": 0.07050640019588172,
        "observation_computation": 0.012938700849190354,
        "powerflow_computation": 0.011010900838300586,
        "total": 0.09445600188337266
    },
    "total": 0.14228220004588366
}