{
    "Agent": {
        "total": 0.12441610055975616
    },
    "Env": {
        "apply_act": 0.24305309914052486,
        "observation_computation": 0.06166029768064618,
        "powerflow_computation": 0.061791501473635435,
        "total": 0.3665048982948065
    },
    "total": 0.5494525998365134
}