{
    "Agent": {
        "total": 0.0025671999901533127
    },
    "Env": {
        "apply_act": 0.004472299944609404,
        "observation_computation": 0.0015127998776733875,
        "powerflow_computation": 0.0020819001365453005,
        "total": 0.008066999958828092
    },
    "total": 0.012241699965670705
}