{
    "Agent": {
        "total": 0.05168119995505549
    },
    "Env": {
        "apply_act": 0.12646769994171336,
        "observation_computation": 0.02291600010357797,
        "powerflow_computation": 0.01959430007264018,
        "total": 0.16897800011793151
    },
    "total": 0.24330070000723936
}