{
    "Agent": {
        "total": 0.41138179999938984
    },
    "Env": {
        "apply_act": 0.4592984000003071,
        "observation_computation": 0.26027649999923597,
        "powerflow_computation": 0.2244113999986439,
        "total": 0.943986299998187
    },
    "total": 1.5885588999999527
}