{
    "Agent": {
        "total": 0.11435389914549887
    },
    "Env": {
        "apply_act": 0.17358209914527833,
        "observation_computation": 0.02983770053833723,
        "powerflow_computation": 0.027210500091314316,
        "total": 0.23063029977492988
    },
    "total": 0.37413980008568615
}