{
    "Agent": {
        "total": 0.0692175009753555
    },
    "Env": {
        "apply_act": 0.2131079975515604,
        "observation_computation": 0.04697040095925331,
        "powerflow_computation": 0.04128879774361849,
        "total": 0.3013671962544322
    },
    "total": 0.4151667000260204
}