{
    "Agent": {
        "total": 0.5572163000056207
    },
    "Env": {
        "apply_act": 0.904320300010113,
        "observation_computation": 0.33841480000273805,
        "powerflow_computation": 0.3068638999934592,
        "total": 1.5495990000063102
    },
    "total": 2.4088215000001583
}