{
    "Agent": {
        "total": 0.1099304014351219
    },
    "Env": {
        "apply_act": 0.3725617004092783,
        "observation_computation": 0.07960249984171242,
        "powerflow_computation": 0.06569949933327734,
        "total": 0.517863699584268
    },
    "total": 0.70679890003521
}