{
    "Agent": {
        "total": 0.12011989999928119
    },
    "Env": {
        "apply_act": 0.13557019999961994,
        "observation_computation": 0.08417139999687606,
        "powerflow_computation": 0.06868559999747958,
        "total": 0.2884271999939756
    },
    "total": 0.48214489999986654
}