{
    "Agent": {
        "total": 0.0054641999999915924
    },
    "Env": {
        "apply_act": 0.06578909999996085,
        "observation_computation": 0.04399600000005677,
        "powerflow_computation": 0.0361766000000614,
        "total": 0.14596170000007902
    },
    "total": 0.19280570000000097
}