{
    "Agent": {
        "total": 0.006153499474748969
    },
    "Env": {
        "apply_act": 0.013277599355205894,
        "observation_computation": 0.0026784995570778847,
        "powerflow_computation": 0.0027947998605668545,
        "total": 0.018750898772850633
    },
    "total": 0.027679599821567535
}