{
    "Agent": {
        "total": 0.37407240000038655
    },
    "Env": {
        "apply_act": 0.7610606999983247,
        "observation_computation": 0.26216700000054516,
        "powerflow_computation": 0.22489369999948394,
        "total": 1.2481213999983538
    },
    "total": 1.851642899999888
}