{
    "Agent": {
        "total": 0.026671099999191483
    },
    "Env": {
        "apply_act": 0.3141701999984434,
        "observation_computation": 0.2027142999997409,
        "powerflow_computation": 0.16528239999939842,
        "total": 0.6821668999975827
    },
    "total": 0.8929112000000146
}