{
    "Agent": {
        "total": 0.011179400607943535
    },
    "Env": {
        "apply_act": 0.02822869922965765,
        "observation_computation": 0.005743399728089571,
        "powerflow_computation": 0.005631399806588888,
        "total": 0.03960349876433611
    },
    "total": 0.056537399999797344
}