{
    "Agent": {
        "total": 0.017805699999996705
    },
    "Env": {
        "apply_act": 0.03326829999986103,
        "observation_computation": 0.007492399999819099,
        "powerflow_computation": 0.005633500000044478,
        "total": 0.046394199999724606
    },
    "total": 0.07188750000000255
}