{
    "Agent": {
        "total": 0.058264199178665876
    },
    "Env": {
        "apply_act": 0.11115820007398725,
        "observation_computation": 0.028217100771144032,
        "powerflow_computation": 0.02557779848575592,
        "total": 0.1649530993308872
    },
    "total": 0.25085309986025095
}