{
    "Agent": {
        "total": 0.007467200000064622
    },
    "Env": {
        "apply_act": 0.021904100000028848,
        "observation_computation": 0.00475609999966764,
        "powerflow_computation": 0.004579100000000835,
        "total": 0.031239299999697323
    },
    "total": 0.04352079999989655
}