{
    "Agent": {
        "total": 0.23107379977591336
    },
    "Env": {
        "apply_act": 0.510404800879769,
        "observation_computation": 0.11634419951587915,
        "powerflow_computation": 0.11294100293889642,
        "total": 0.7396900033345446
    },
    "total": 1.0821195000316948
}