{
    "Agent": {
        "total": 0.038352999999787585
    },
    "Env": {
        "apply_act": 0.41933109999986584,
        "observation_computation": 0.29265190000016617,
        "powerflow_computation": 0.23745479999986685,
        "total": 0.9494377999998989
    },
    "total": 1.2520899000000014
}