{
    "Agent": {
        "total": 0.15541239990852773
    },
    "Env": {
        "apply_act": 0.3974171001755167,
        "observation_computation": 0.07146039992221631,
        "powerflow_computation": 0.06308149985852651,
        "total": 0.5319589999562595
    },
    "total": 0.7566416000190657
}