{
    "Agent": {
        "total": 0.07862890069372952
    },
    "Env": {
        "apply_act": 0.17203359986888245,
        "observation_computation": 0.03164219984319061,
        "powerflow_computation": 0.03210929996566847,
        "total": 0.23578509967774153
    },
    "total": 0.34460329997818917
}