{
    "Agent": {
        "total": 0.24420229997485876
    },
    "Env": {
        "apply_act": 0.05292849999386817,
        "observation_computation": 0.02059399988502264,
        "powerflow_computation": 0.02020159992389381,
        "total": 0.09372409980278462
    },
    "total": 0.3612726000137627
}