{
    "Agent": {
        "total": 0.0006962000000498847
    },
    "Env": {
        "apply_act": 0.0,
        "observation_computation": 0.0,
        "powerflow_computation": 0.0,
        "total": 0.0
    },
    "total": 0.0017842999999970743
}