{
    "Agent": {
        "total": 0.10703779920004308
    },
    "Env": {
        "apply_act": 0.4418727995362133,
        "observation_computation": 0.07632040069438517,
        "powerflow_computation": 0.06705049891024828,
        "total": 0.5852436991408467
    },
    "total": 0.7646234999410808
}