{
    "Agent": {
        "total": 0.04628520063124597
    },
    "Env": {
        "apply_act": 0.12210780032910407,
        "observation_computation": 0.01938089996110648,
        "powerflow_computation": 0.017093300819396973,
        "total": 0.15858200110960752
    },
    "total": 0.22358730004634708
}