{
    "Agent": {
        "total": 0.12425450000182536
    },
    "Env": {
        "apply_act": 0.1855635000026723,
        "observation_computation": 0.06590520000031574,
        "powerflow_computation": 0.06070489999956408,
        "total": 0.3121736000025521
    },
    "total": 0.49715710000009494
}