{
    "Agent": {
        "total": 0.5802399999961381
    },
    "Env": {
        "apply_act": 0.6536112000012508,
        "observation_computation": 0.40354430000229513,
        "powerflow_computation": 0.33339730000079726,
        "total": 1.3905528000043432
    },
    "total": 2.331184000000121
}