{
    "Agent": {
        "total": 0.10577879939228296
    },
    "Env": {
        "apply_act": 0.38183289871085435,
        "observation_computation": 0.07609569851774722,
        "powerflow_computation": 0.07211500313133001,
        "total": 0.5300436003599316
    },
    "total": 0.7073688000673428
}