{
    "Agent": {
        "total": 0.0007573999464511871
    },
    "Env": {
        "apply_act": 0.0,
        "observation_computation": 0.0,
        "powerflow_computation": 0.0,
        "total": 0.0
    },
    "total": 0.001973399892449379
}