{
    "Agent": {
        "total": 0.06548369999973147
    },
    "Env": {
        "apply_act": 0.10876769999913449,
        "observation_computation": 0.026075299998410628,
        "powerflow_computation": 0.023003199998811397,
        "total": 0.15784619999635652
    },
    "total": 0.25550169999996797
}