{
    "Agent": {
        "total": 0.03160889999708161
    },
    "Env": {
        "apply_act": 0.11524149998149369,
        "observation_computation": 0.027536399953532964,
        "powerflow_computation": 0.025303400063421577,
        "total": 0.16808129999844823
    },
    "total": 0.22452600000542589
}