{
    "Agent": {
        "total": 0.2873185001881211
    },
    "Env": {
        "apply_act": 0.9539420999353752,
        "observation_computation": 0.14742389997263672,
        "powerflow_computation": 0.1234542999882251,
        "total": 1.224820299896237
    },
    "total": 1.657513199999812
}