{
    "Agent": {
        "total": 0.13806739998835837
    },
    "Env": {
        "apply_act": 0.4460598999976355,
        "observation_computation": 0.06935469999916677,
        "powerflow_computation": 0.05858139999963896,
        "total": 0.5739959999964412
    },
    "total": 0.7784053999994285
}