{
    "Agent": {
        "total": 0.012780800112523139
    },
    "Env": {
        "apply_act": 0.037359500071033835,
        "observation_computation": 0.008777600130997598,
        "powerflow_computation": 0.007559600053355098,
        "total": 0.05369670025538653
    },
    "total": 0.0757535999873653
}