{
    "Agent": {
        "total": 0.06903919999945174
    },
    "Env": {
        "apply_act": 0.13204410000025746,
        "observation_computation": 0.029343500000209133,
        "powerflow_computation": 0.025643800000580086,
        "total": 0.18703140000104668
    },
    "total": 0.283717999999908
}