{
    "Agent": {
        "total": 0.1649972000004709
    },
    "Env": {
        "apply_act": 0.3077775000015208,
        "observation_computation": 0.053234799999700044,
        "powerflow_computation": 0.042556699997021497,
        "total": 0.40356899999824236
    },
    "total": 0.622856899999988
}