{
    "Agent": {
        "total": 0.09136210032738745
    },
    "Env": {
        "apply_act": 0.4249814997892827,
        "observation_computation": 0.06775399972684681,
        "powerflow_computation": 0.06514270137995481,
        "total": 0.5578782008960843
    },
    "total": 0.7135292000602931
}