{
    "Agent": {
        "total": 0.11186449992237613
    },
    "Env": {
        "apply_act": 0.45076380035607144,
        "observation_computation": 0.09937320015160367,
        "powerflow_computation": 0.08708500122884288,
        "total": 0.637222001736518
    },
    "total": 0.8383262000279501
}