{
    "Agent": {
        "total": 0.008114600321277976
    },
    "Env": {
        "apply_act": 0.01596079976297915,
        "observation_computation": 0.0037539000622928143,
        "powerflow_computation": 0.0036907000467181206,
        "total": 0.023405399871990085
    },
    "total": 0.035370499826967716
}