{
    "Agent": {
        "total": 0.03153039957396686
    },
    "Env": {
        "apply_act": 0.08383809914812446,
        "observation_computation": 0.014313601423054934,
        "powerflow_computation": 0.012193301925435662,
        "total": 0.11034500249661505
    },
    "total": 0.1564233999233693
}