{
    "Agent": {
        "total": 0.11673220005468465
    },
    "Env": {
        "apply_act": 0.22893330027000047,
        "observation_computation": 0.04518800007645041,
        "powerflow_computation": 0.04495060001499951,
        "total": 0.3190719003614504
    },
    "total": 0.4789619999937713
}