{
    "Agent": {
        "total": 0.008665800327435136
    },
    "Env": {
        "apply_act": 0.01507289963774383,
        "observation_computation": 0.00368560035713017,
        "powerflow_computation": 0.0037477007135748863,
        "total": 0.022506200708448887
    },
    "total": 0.03545770002529025
}