{
    "Agent": {
        "total": 0.011923500000108334
    },
    "Env": {
        "apply_act": 0.12863310000011552,
        "observation_computation": 0.0932809999999904,
        "powerflow_computation": 0.0762909999999124,
        "total": 0.2982051000000183
    },
    "total": 0.3968112000000019
}