{
    "Agent": {
        "total": 0.11565049990895204
    },
    "Env": {
        "apply_act": 0.289054600027157,
        "observation_computation": 0.05337210008292459,
        "powerflow_computation": 0.048705499968491495,
        "total": 0.3911322000785731
    },
    "total": 0.5577887000108603
}