{
    "Agent": {
        "total": 0.028366099984850734
    },
    "Env": {
        "apply_act": 0.06859209996764548,
        "observation_computation": 0.012553600070532411,
        "powerflow_computation": 0.013385800091782585,
        "total": 0.09453150012996048
    },
    "total": 0.13496029999805614
}