{
    "Agent": {
        "total": 0.593399600002499
    },
    "Env": {
        "apply_act": 2.2242151999984117,
        "observation_computation": 0.41630509999936294,
        "powerflow_computation": 0.35012170000015885,
        "total": 2.9906419999979335
    },
    "total": 3.9522230000000036
}