{
    "Agent": {
        "total": 0.0560805001296103
    },
    "Env": {
        "apply_act": 0.199096200754866,
        "observation_computation": 0.040459400275722146,
        "powerflow_computation": 0.034390201093629,
        "total": 0.27394580212421715
    },
    "total": 0.3685886999592185
}