{
    "Agent": {
        "total": 0.29748629999949117
    },
    "Env": {
        "apply_act": 1.2706873000015548,
        "observation_computation": 0.29832959998930164,
        "powerflow_computation": 0.2717224000020906,
        "total": 1.840739299992947
    },
    "total": 2.4009829000001446
}