{
    "Agent": {
        "total": 0.002984500000366097
    },
    "Env": {
        "apply_act": 0.03728410000024951,
        "observation_computation": 0.025179699999398508,
        "powerflow_computation": 0.022409899999729532,
        "total": 0.08487369999937755
    },
    "total": 0.11101209999998218
}