{
    "Agent": {
        "total": 0.059927500085905194
    },
    "Env": {
        "apply_act": 0.1549022999824956,
        "observation_computation": 0.02423920016735792,
        "powerflow_computation": 0.020483899512328207,
        "total": 0.19962539966218174
    },
    "total": 0.2841192000778392
}