{
    "Agent": {
        "total": 0.8763817994622514
    },
    "Env": {
        "apply_act": 2.4455507999518886,
        "observation_computation": 0.5573895018314943,
        "powerflow_computation": 0.4995966994902119,
        "total": 3.502537001273595
    },
    "total": 4.8700067000463605
}