{
    "Agent": {
        "total": 0.0048634999999706
    },
    "Env": {
        "apply_act": 0.05572629999986134,
        "observation_computation": 0.03883920000004082,
        "powerflow_computation": 0.03534809999987942,
        "total": 0.12991359999978158
    },
    "total": 0.1713929999999948
}