{
    "Agent": {
        "total": 2.6900267000146414
    },
    "Env": {
        "apply_act": 7.898986499983039,
        "observation_computation": 1.5593902999903548,
        "powerflow_computation": 1.3708746000238534,
        "total": 10.829251399997247
    },
    "total": 14.850414699999874
}