{
    "Agent": {
        "total": 0.18497689996729605
    },
    "Env": {
        "apply_act": 0.49574460022267886,
        "observation_computation": 0.08805800040136091,
        "powerflow_computation": 0.07894349977141246,
        "total": 0.6627461003954522
    },
    "total": 0.9345749999920372
}