{
    "Agent": {
        "total": 0.03935560001991689
    },
    "Env": {
        "apply_act": 0.0938234010245651,
        "observation_computation": 0.016368098789826035,
        "powerflow_computation": 0.013952398207038641,
        "total": 0.12414389802142978
    },
    "total": 0.18003689986653626
}