{
    "Agent": {
        "total": 0.00672779930755496
    },
    "Env": {
        "apply_act": 0.015335999894887209,
        "observation_computation": 0.00318390061147511,
        "powerflow_computation": 0.0029123995918780565,
        "total": 0.021432300098240376
    },
    "total": 0.03143800003454089
}