{
    "Agent": {
        "total": 0.4239275999993879
    },
    "Env": {
        "apply_act": 1.8150045999943814,
        "observation_computation": 0.30558499999960986,
        "powerflow_computation": 0.2592940999975326,
        "total": 2.379883699991524
    },
    "total": 3.1007018000000244
}