{
    "Agent": {
        "total": 0.0011249000002635512
    },
    "Env": {
        "apply_act": 0.01285450000017363,
        "observation_computation": 0.007959700000185421,
        "powerflow_computation": 0.007815399999913097,
        "total": 0.02862960000027215
    },
    "total": 0.037594300000023395
}