{
    "Agent": {
        "total": 0.10491269925842062
    },
    "Env": {
        "apply_act": 0.32408290001330897,
        "observation_computation": 0.09486749966163188,
        "powerflow_computation": 0.08432249946054071,
        "total": 0.5032728991354816
    },
    "total": 0.6921685999841429
}