{
    "Agent": {
        "total": 0.009077600000637176
    },
    "Env": {
        "apply_act": 0.03870980000056079,
        "observation_computation": 0.00871129999995901,
        "powerflow_computation": 0.009842899999966903,
        "total": 0.0572640000004867
    },
    "total": 0.07430750000003172
}