{
    "Agent": {
        "total": 0.03820550057571381
    },
    "Env": {
        "apply_act": 0.07692640041932464,
        "observation_computation": 0.017843300360254943,
        "powerflow_computation": 0.017782399780116975,
        "total": 0.11255210055969656
    },
    "total": 0.16877000010572374
}