{
    "Agent": {
        "total": 0.047355299999892964
    },
    "Env": {
        "apply_act": 0.527062600000356,
        "observation_computation": 0.5459415000000334,
        "powerflow_computation": 0.32625169999984394,
        "total": 1.3992558000002333
    },
    "total": 1.7966677000000004
}