{
    "Agent": {
        "total": 0.7386112000037883
    },
    "Env": {
        "apply_act": 0.9796705999924598,
        "observation_computation": 0.346922599999516,
        "powerflow_computation": 0.29986140000073647,
        "total": 1.6264545999927122
    },
    "total": 2.6910073000001375
}