{
    "Agent": {
        "total": 0.4158738002879545
    },
    "Env": {
        "apply_act": 1.1693108992185444,
        "observation_computation": 0.17869469814468175,
        "powerflow_computation": 0.15182490146253258,
        "total": 1.4998304988257587
    },
    "total": 2.0868813999695703
}