{
    "Agent": {
        "total": 0.014907700000264867
    },
    "Env": {
        "apply_act": 0.16673529999985703,
        "observation_computation": 0.12259049999994431,
        "powerflow_computation": 0.10152080000023034,
        "total": 0.3908466000000317
    },
    "total": 0.6780545000000018
}