{
    "Agent": {
        "total": 0.025055199512280524
    },
    "Env": {
        "apply_act": 0.05027090047951788,
        "observation_computation": 0.011362100369296968,
        "powerflow_computation": 0.009771999320946634,
        "total": 0.07140500016976148
    },
    "total": 0.10874309996142983
}