{
    "Agent": {
        "total": 0.026881699999648845
    },
    "Env": {
        "apply_act": 0.3032762000004823,
        "observation_computation": 0.20711889999984123,
        "powerflow_computation": 0.1724379999995449,
        "total": 0.6828330999998684
    },
    "total": 0.8987197000000151
}