{
    "Agent": {
        "total": 0.29631230001268705
    },
    "Env": {
        "apply_act": 0.07074939999984053,
        "observation_computation": 0.04469399999288726,
        "powerflow_computation": 0.03948870000203897,
        "total": 0.15493209999476676
    },
    "total": 0.4943808000007266
}