{
    "Agent": {
        "total": 0.05209870054386556
    },
    "Env": {
        "apply_act": 0.12567460001446307,
        "observation_computation": 0.025419499957934022,
        "powerflow_computation": 0.022263900958932936,
        "total": 0.17335800093133003
    },
    "total": 0.2509697999339551
}