{
    "Agent": {
        "total": 0.03910539999998264
    },
    "Env": {
        "apply_act": 0.09937679999990223,
        "observation_computation": 0.021117599999797676,
        "powerflow_computation": 0.0186637000001042,
        "total": 0.1391580999998041
    },
    "total": 0.19884730000001127
}