{
    "Agent": {
        "total": 0.2719679000008455
    },
    "Env": {
        "apply_act": 0.368191700002626,
        "observation_computation": 0.1739055000020926,
        "powerflow_computation": 0.15536030000225765,
        "total": 0.6974575000069763
    },
    "total": 1.1234227999998438
}