{
    "Agent": {
        "total": 0.044267100282013416
    },
    "Env": {
        "apply_act": 0.11745450203306973,
        "observation_computation": 0.020206799497827888,
        "powerflow_computation": 0.0172133999876678,
        "total": 0.15487470151856542
    },
    "total": 0.21950859995558858
}