{
    "Agent": {
        "total": 0.035945599999934075
    },
    "Env": {
        "apply_act": 0.08282869999987952,
        "observation_computation": 0.015454300000158128,
        "powerflow_computation": 0.013631200000190802,
        "total": 0.11191420000022845
    },
    "total": 0.16305399999998826
}