{
    "Agent": {
        "total": 0.009243299999823762
    },
    "Env": {
        "apply_act": 0.1039341999998129,
        "observation_computation": 0.07395970000010266,
        "powerflow_computation": 0.06433969999991973,
        "total": 0.2422335999998353
    },
    "total": 0.32041490000000294
}