{
    "Agent": {
        "total": 0.09590209985617548
    },
    "Env": {
        "apply_act": 0.24594269960653037,
        "observation_computation": 0.05570349970366806,
        "powerflow_computation": 0.047070100205019116,
        "total": 0.34871629951521754
    },
    "total": 0.4966721999226138
}