{
    "Agent": {
        "total": 0.0010522999999693639
    },
    "Env": {
        "apply_act": 0.0,
        "observation_computation": 0.0,
        "powerflow_computation": 0.0,
        "total": 0.0
    },
    "total": 0.0033516000000872737
}