{
    "Agent": {
        "total": 0.2673660999998333
    },
    "Env": {
        "apply_act": 0.6329454000004375,
        "observation_computation": 0.10904219999997622,
        "powerflow_computation": 0.0939902999995752,
        "total": 0.835977899999989
    },
    "total": 1.2065283000000022
}