{
    "Agent": {
        "total": 0.18297480000126143
    },
    "Env": {
        "apply_act": 0.6315414999986615,
        "observation_computation": 0.0973914000003333,
        "powerflow_computation": 0.09894609999855675,
        "total": 0.8278789999975515
    },
    "total": 1.0999070000000302
}