{
    "Agent": {
        "total": 0.08985020010732114
    },
    "Env": {
        "apply_act": 0.01956299995072186,
        "observation_computation": 0.007336400012718514,
        "powerflow_computation": 0.0073404999857302755,
        "total": 0.03423989994917065
    },
    "total": 0.1321161999949254
}