{
    "Agent": {
        "total": 0.1988383000025351
    },
    "Env": {
        "apply_act": 0.5470591999987846,
        "observation_computation": 0.08660680000684806,
        "powerflow_computation": 0.07662110000819666,
        "total": 0.7102871000138293
    },
    "total": 0.9937866999998732
}