{
    "Agent": {
        "total": 0.053915300290100276
    },
    "Env": {
        "apply_act": 0.14601449901238084,
        "observation_computation": 0.023228899808600545,
        "powerflow_computation": 0.021316599450074136,
        "total": 0.19055999827105552
    },
    "total": 0.2674993999535218
}