{
    "Agent": {
        "total": 0.2151654999998982
    },
    "Env": {
        "apply_act": 0.46985369999993054,
        "observation_computation": 0.09061430000042492,
        "powerflow_computation": 0.07955929999985756,
        "total": 0.640027300000213
    },
    "total": 0.9431351000000063
}