{
    "Agent": {
        "total": 0.2319773000490386
    },
    "Env": {
        "apply_act": 0.6400276000567828,
        "observation_computation": 0.10734690002573188,
        "powerflow_computation": 0.09359490015049232,
        "total": 0.840969400233007
    },
    "total": 1.1773541000002297
}