{
    "Agent": {
        "total": 0.5537163000026339
    },
    "Env": {
        "apply_act": 1.4219788999976117,
        "observation_computation": 0.27333759999373797,
        "powerflow_computation": 0.23309109999854627,
        "total": 1.928407599989896
    },
    "total": 2.7272047999999813
}