{
    "Agent": {
        "total": 0.04552319999979204
    },
    "Env": {
        "apply_act": 0.49614850000077126,
        "observation_computation": 0.36463630000008607,
        "powerflow_computation": 0.3054772999996942,
        "total": 1.1662621000005515
    },
    "total": 1.5503883000000087
}