{
    "Agent": {
        "total": 0.2705770999600645
    },
    "Env": {
        "apply_act": 0.057943400053773075,
        "observation_computation": 0.02303429992753081,
        "powerflow_computation": 0.02303770004073158,
        "total": 0.10401540002203546
    },
    "total": 0.3988781999796629
}