{
    "Agent": {
        "total": 0.04083589999970627
    },
    "Env": {
        "apply_act": 0.08290139999985513,
        "observation_computation": 0.021040399999947113,
        "powerflow_computation": 0.017433700000083263,
        "total": 0.1213754999998855
    },
    "total": 0.18188920000000053
}