{
    "Agent": {
        "total": 0.1817586999386549
    },
    "Env": {
        "apply_act": 0.7080090986564755,
        "observation_computation": 0.1320861972635612,
        "powerflow_computation": 0.1165587023133412,
        "total": 0.9566539982333779
    },
    "total": 1.2653729999437928
}