{
    "Agent": {
        "total": 0.03370359999962602
    },
    "Env": {
        "apply_act": 0.06265660000030948,
        "observation_computation": 0.024525499999981548,
        "powerflow_computation": 0.02319209999927807,
        "total": 0.1103741999995691
    },
    "total": 0.16798130000006495
}