{
    "Agent": {
        "total": 0.0259067999996887
    },
    "Env": {
        "apply_act": 0.3005619000000479,
        "observation_computation": 0.2072258999999974,
        "powerflow_computation": 0.17787229999989052,
        "total": 0.6856600999999358
    },
    "total": 0.9036728999999895
}