{
    "Agent": {
        "total": 0.2777397999943787
    },
    "Env": {
        "apply_act": 0.16016499999204825,
        "observation_computation": 0.09861229999296484,
        "powerflow_computation": 0.09202819999609346,
        "total": 0.35080549998110655
    },
    "total": 0.7265086000006704
}