{
    "Agent": {
        "total": 0.07435070001520216
    },
    "Env": {
        "apply_act": 0.023689699941314757,
        "observation_computation": 0.004758200026117265,
        "powerflow_computation": 0.004585399874486029,
        "total": 0.03303329984191805
    },
    "total": 0.12573500000871718
}