{
    "Agent": {
        "total": 0.020102999755181372
    },
    "Env": {
        "apply_act": 0.04460339993238449,
        "observation_computation": 0.008774700108915567,
        "powerflow_computation": 0.009424500167369843,
        "total": 0.0628026002086699
    },
    "total": 0.09152420004829764
}