{
    "Agent": {
        "total": 0.004654199990909547
    },
    "Env": {
        "apply_act": 0.019190600025467575,
        "observation_computation": 0.003953899999032728,
        "powerflow_computation": 0.005049500003224239,
        "total": 0.02819400002772454
    },
    "total": 0.036825400005909614
}