{
    "Agent": {
        "total": 0.1894233001221437
    },
    "Env": {
        "apply_act": 0.49366109978291206,
        "observation_computation": 0.08640639996156096,
        "powerflow_computation": 0.07625169982202351,
        "total": 0.6563191995664965
    },
    "total": 0.9295831999916118
}