{
    "Agent": {
        "total": 0.0662832999987586
    },
    "Env": {
        "apply_act": 0.19231139999737934,
        "observation_computation": 0.02844269999786775,
        "powerflow_computation": 0.028408400002717826,
        "total": 0.24916249999796491
    },
    "total": 0.34435309999980745
}