{
    "Agent": {
        "total": 0.7378259999977672
    },
    "Env": {
        "apply_act": 1.5056062000048769,
        "observation_computation": 0.2798456000055012,
        "powerflow_computation": 0.23505929999828368,
        "total": 2.0205111000086617
    },
    "total": 3.00196810000034
}