{
    "Agent": {
        "total": 1.2022343000003275
    },
    "Env": {
        "apply_act": 3.3162107000039214,
        "observation_computation": 0.7227344999953402,
        "powerflow_computation": 0.6253830000041489,
        "total": 4.6643282000034105
    },
    "total": 6.510973900000181
}