{
    "Agent": {
        "total": 0.38273750245571136
    },
    "Env": {
        "apply_act": 0.7157066988293082,
        "observation_computation": 0.17674660286866128,
        "powerflow_computation": 0.15680459886789322,
        "total": 1.0492579005658627
    },
    "total": 1.6066626999527216
}