{
    "Agent": {
        "total": 0.13372510000135662
    },
    "Env": {
        "apply_act": 0.45901849999927435,
        "observation_computation": 0.1339754000027824,
        "powerflow_computation": 0.11426559999836172,
        "total": 0.7072595000004185
    },
    "total": 0.9587218000001485
}