{
    "Agent": {
        "total": 0.036785199656151235
    },
    "Env": {
        "apply_act": 0.10476719972211868,
        "observation_computation": 0.015205400413833559,
        "powerflow_computation": 0.013277499820105731,
        "total": 0.13325009995605797
    },
    "total": 0.1852054001064971
}