{
    "Agent": {
        "total": 0.009572100000298178
    },
    "Env": {
        "apply_act": 0.10333490000061829,
        "observation_computation": 0.07579730000065865,
        "powerflow_computation": 0.06179469999960929,
        "total": 0.24092690000088623
    },
    "total": 0.3198719999999753
}