{
    "Agent": {
        "total": 0.06482369999997672
    },
    "Env": {
        "apply_act": 0.14556899999962525,
        "observation_computation": 0.028399999999294323,
        "powerflow_computation": 0.024842299999761508,
        "total": 0.19881129999868108
    },
    "total": 0.2913257000000158
}