{
    "Agent": {
        "total": 0.6144994000001134
    },
    "Env": {
        "apply_act": 0.6962339999959113,
        "observation_computation": 0.43053879999797573,
        "powerflow_computation": 0.35477760000480885,
        "total": 1.4815503999986959
    },
    "total": 2.4725929999999607
}