{
    "Agent": {
        "total": 0.021916099999089056
    },
    "Env": {
        "apply_act": 0.07699780000029932,
        "observation_computation": 0.010703300001750904,
        "powerflow_computation": 0.0126975000002858,
        "total": 0.10039860000233602
    },
    "total": 0.13262759999997797
}