{
    "Agent": {
        "total": 0.12273890018695965
    },
    "Env": {
        "apply_act": 0.6430678000324406,
        "observation_computation": 0.11590189997514244,
        "powerflow_computation": 0.11107529989385512,
        "total": 0.8700449999014381
    },
    "total": 1.0931816999946022
}