{
    "Agent": {
        "total": 0.007265600000209815
    },
    "Env": {
        "apply_act": 0.02378870000029565,
        "observation_computation": 0.005605900000091424,
        "powerflow_computation": 0.00561009999955786,
        "total": 0.03500469999994493
    },
    "total": 0.04767010000000482
}