{
    "Agent": {
        "total": 0.22551100130658597
    },
    "Env": {
        "apply_act": 0.6557622981490567,
        "observation_computation": 0.10614270006772131,
        "powerflow_computation": 0.09267730102874339,
        "total": 0.8545822992455214
    },
    "total": 1.1819799999939278
}