{
    "Agent": {
        "total": 0.029592199999569857
    },
    "Env": {
        "apply_act": 0.02714840000055574,
        "observation_computation": 0.014899499999614818,
        "powerflow_computation": 0.01534579999986363,
        "total": 0.05739370000003419
    },
    "total": 0.10186480000004394
}