{
    "Agent": {
        "total": 0.046654998790472746
    },
    "Env": {
        "apply_act": 0.13238010019995272,
        "observation_computation": 0.029862401075661182,
        "powerflow_computation": 0.02655019983649254,
        "total": 0.18879270111210644
    },
    "total": 0.2621583000291139
}