{
    "Agent": {
        "total": 0.048165499116294086
    },
    "Env": {
        "apply_act": 0.15393770055379719,
        "observation_computation": 0.034146900521591306,
        "powerflow_computation": 0.02931689948309213,
        "total": 0.21740150055848062
    },
    "total": 0.2987203999655321
}