{
    "Agent": {
        "total": 0.7081871999994291
    },
    "Env": {
        "apply_act": 1.4535137000000304,
        "observation_computation": 0.32405459999768027,
        "powerflow_computation": 0.2928269999993063,
        "total": 2.070395299997017
    },
    "total": 3.087516800000003
}