{
    "Agent": {
        "total": 0.3401945999999043
    },
    "Env": {
        "apply_act": 0.39046839999491567,
        "observation_computation": 0.23871559999793135,
        "powerflow_computation": 0.20060520000470206,
        "total": 0.8297891999975491
    },
    "total": 1.3811415000000125
}