{
    "Agent": {
        "total": 0.029662300483323634
    },
    "Env": {
        "apply_act": 0.08550210029352456,
        "observation_computation": 0.019300100742839277,
        "powerflow_computation": 0.017818399239331484,
        "total": 0.12262060027569532
    },
    "total": 0.1724514999659732
}