{
    "Agent": {
        "total": 0.017486999999846375
    },
    "Env": {
        "apply_act": 0.0189473999994334,
        "observation_computation": 0.0109340999995311,
        "powerflow_computation": 0.010419399999591406,
        "total": 0.040300899998555906
    },
    "total": 0.06796609999992143
}