{
    "Agent": {
        "total": 0.001082699978724122
    },
    "Env": {
        "apply_act": 0.0,
        "observation_computation": 0.0,
        "powerflow_computation": 0.0,
        "total": 0.0
    },
    "total": 0.0034349998459219933
}