{
    "Agent": {
        "total": 0.02165849999999736
    },
    "Env": {
        "apply_act": 0.21095209999991837,
        "observation_computation": 0.15278199999999842,
        "powerflow_computation": 0.1246039000000394,
        "total": 0.4883379999999562
    },
    "total": 0.6545072000000012
}