{
    "Agent": {
        "total": 0.04572879977058619
    },
    "Env": {
        "apply_act": 0.10198509995825589,
        "observation_computation": 0.017828199663199484,
        "powerflow_computation": 0.016597100184299052,
        "total": 0.13641039980575442
    },
    "total": 0.19967739994172007
}