{
    "Agent": {
        "total": 0.13147429999298765
    },
    "Env": {
        "apply_act": 0.6266585999910603,
        "observation_computation": 0.1058736000004501,
        "powerflow_computation": 0.09278940000422153,
        "total": 0.825321599995732
    },
    "total": 1.0499085999999807
}