{
    "Agent": {
        "total": 0.053860500000268985
    },
    "Env": {
        "apply_act": 0.5685411999998848,
        "observation_computation": 0.3965035000002217,
        "powerflow_computation": 0.3707531000000017,
        "total": 1.3357978000001083
    },
    "total": 1.764606200000003
}