{
    "Agent": {
        "total": 0.027777097653597593
    },
    "Env": {
        "apply_act": 0.06350549892522395,
        "observation_computation": 0.011518299346789718,
        "powerflow_computation": 0.009952601278200746,
        "total": 0.08497639955021441
    },
    "total": 0.12482750019989908
}