{
    "Agent": {
        "total": 0.31412019999424956
    },
    "Env": {
        "apply_act": 0.8943653000019367,
        "observation_computation": 0.14252089999490636,
        "powerflow_computation": 0.12955410000267875,
        "total": 1.1664402999995218
    },
    "total": 1.6170364999998128
}