{
    "Agent": {
        "total": 0.04634010116569698
    },
    "Env": {
        "apply_act": 0.08988700155168772,
        "observation_computation": 0.023945802124217153,
        "powerflow_computation": 0.020781499799340963,
        "total": 0.13461430347524583
    },
    "total": 0.2037653001025319
}