{
    "Agent": {
        "total": 0.9421860035508871
    },
    "Env": {
        "apply_act": 0.8173127942718565,
        "observation_computation": 0.37212210171855986,
        "powerflow_computation": 0.34273879788815975,
        "total": 1.5321736938785762
    },
    "total": 2.8277479999233037
}