{
    "Agent": {
        "total": 0.33097409999845695
    },
    "Env": {
        "apply_act": 1.0429631999923004,
        "observation_computation": 0.17280339999979333,
        "powerflow_computation": 0.1563513000110106,
        "total": 1.3721179000031043
    },
    "total": 1.8611416000003373
}