{
    "Agent": {
        "total": 0.0011016000000836357
    },
    "Env": {
        "apply_act": 0.0,
        "observation_computation": 0.0,
        "powerflow_computation": 0.0,
        "total": 0.0
    },
    "total": 0.004590899999925568
}