{
    "Agent": {
        "total": 0.07377219999995077
    },
    "Env": {
        "apply_act": 0.16623329999970338,
        "observation_computation": 0.027849999999773445,
        "powerflow_computation": 0.03070359999981065,
        "total": 0.22478689999928747
    },
    "total": 0.3357979999999543
}