{
    "Agent": {
        "total": 0.026003100210800767
    },
    "Env": {
        "apply_act": 0.1281776992836967,
        "observation_computation": 0.02052040002308786,
        "powerflow_computation": 0.018504800158552825,
        "total": 0.1672028994653374
    },
    "total": 0.21297100000083447
}