{
    "Agent": {
        "total": 0.5892063000001144
    },
    "Env": {
        "apply_act": 0.7357749999982843,
        "observation_computation": 0.37784189999592854,
        "powerflow_computation": 0.3270791999998437,
        "total": 1.4406960999940566
    },
    "total": 2.3682440000000042
}