{
    "Agent": {
        "total": 0.05994090004242025
    },
    "Env": {
        "apply_act": 0.19655830002739094,
        "observation_computation": 0.033686099923215806,
        "powerflow_computation": 0.030565200024284422,
        "total": 0.26080959997489117
    },
    "total": 0.3519215999986045
}