{
    "Agent": {
        "total": 0.005264500000293992
    },
    "Env": {
        "apply_act": 0.0059014000000843225,
        "observation_computation": 0.00289509999981874,
        "powerflow_computation": 0.00407630000017889,
        "total": 0.012872800000081952
    },
    "total": 0.021288400000003094
}