{
    "Agent": {
        "total": 0.008381299674510956
    },
    "Env": {
        "apply_act": 0.017644400242716074,
        "observation_computation": 0.004247799748554826,
        "powerflow_computation": 0.004082899773493409,
        "total": 0.02597509976476431
    },
    "total": 0.03866859991103411
}