{
    "Agent": {
        "total": 0.07421489999887854
    },
    "Env": {
        "apply_act": 0.042560900002172275,
        "observation_computation": 0.0277126999990287,
        "powerflow_computation": 0.024390899999161775,
        "total": 0.09466450000036275
    },
    "total": 0.19456290000016452
}