{
    "Agent": {
        "total": 0.03562200000078519
    },
    "Env": {
        "apply_act": 0.03614599999946222,
        "observation_computation": 0.017552599999589802,
        "powerflow_computation": 0.017516200000954996,
        "total": 0.07121480000000702
    },
    "total": 0.12351439999997638
}