{
    "Agent": {
        "total": 0.16508930000327382
    },
    "Env": {
        "apply_act": 0.9704927000029784,
        "observation_computation": 0.16481140000541927,
        "powerflow_computation": 0.1434001999928114,
        "total": 1.278704300001209
    },
    "total": 1.5881492999997135
}