{
    "Agent": {
        "total": 0.10880520000091565
    },
    "Env": {
        "apply_act": 0.37001099999929465,
        "observation_computation": 0.08001180000087516,
        "powerflow_computation": 0.07394389999808482,
        "total": 0.5239666999982546
    },
    "total": 0.7090361999999004
}