{
    "Agent": {
        "total": 0.2562265001470223
    },
    "Env": {
        "apply_act": 0.642039202270098,
        "observation_computation": 0.1706942991586402,
        "powerflow_computation": 0.16527539980597794,
        "total": 0.9780089012347162
    },
    "total": 1.3850036000367254
}