{
    "Agent": {
        "total": 0.051975999999967826
    },
    "Env": {
        "apply_act": 0.10395330000005742,
        "observation_computation": 0.023151800000277944,
        "powerflow_computation": 0.021196899999836205,
        "total": 0.14830200000017157
    },
    "total": 0.2229806999999937
}