{
    "Agent": {
        "total": 0.0007553000468760729
    },
    "Env": {
        "apply_act": 0.0,
        "observation_computation": 0.0,
        "powerflow_computation": 0.0,
        "total": 0.0
    },
    "total": 0.001867000013589859
}