{
    "Agent": {
        "total": 0.06552320113405585
    },
    "Env": {
        "apply_act": 0.14360380044672638,
        "observation_computation": 0.03206429921556264,
        "powerflow_computation": 0.028529900475405157,
        "total": 0.20419800013769418
    },
    "total": 0.30054480000399053
}