{
    "Agent": {
        "total": 0.6599585000035404
    },
    "Env": {
        "apply_act": 1.1843055999977423,
        "observation_computation": 0.4247474999951919,
        "powerflow_computation": 0.37126580000176546,
        "total": 1.9803188999946997
    },
    "total": 3.0161086000000523
}