{
    "Agent": {
        "total": 0.00311130000011417
    },
    "Env": {
        "apply_act": 0.03488760000033153,
        "observation_computation": 0.022868499999788128,
        "powerflow_computation": 0.021829499999796553,
        "total": 0.07958559999991621
    },
    "total": 0.10485890000001064
}