{
    "Agent": {
        "total": 0.07735249999973348
    },
    "Env": {
        "apply_act": 0.16967330000011316,
        "observation_computation": 0.03001709999995228,
        "powerflow_computation": 0.025176200000089466,
        "total": 0.2248666000001549
    },
    "total": 0.3324149000000034
}