{
    "Agent": {
        "total": 0.6635070000018004
    },
    "Env": {
        "apply_act": 0.7243373000001156,
        "observation_computation": 0.44043590000501354,
        "powerflow_computation": 0.380466800000022,
        "total": 1.5452400000051512
    },
    "total": 2.600036399999908
}