{
    "Agent": {
        "total": 0.0029738999999437965
    },
    "Env": {
        "apply_act": 0.03226489999983073,
        "observation_computation": 0.02344299999992927,
        "powerflow_computation": 0.01975849999993784,
        "total": 0.07546639999969784
    },
    "total": 0.1004974999999888
}