{
    "Agent": {
        "total": 0.07227850263006985
    },
    "Env": {
        "apply_act": 0.2485390999354422,
        "observation_computation": 0.05188020062632859,
        "powerflow_computation": 0.04437129944562912,
        "total": 0.3447906000073999
    },
    "total": 0.4673791001550853
}