{
    "Agent": {
        "total": 0.2712873999976182
    },
    "Env": {
        "apply_act": 1.1370308999944427,
        "observation_computation": 0.21403289999625486,
        "powerflow_computation": 0.17838399999823196,
        "total": 1.5294477999889295
    },
    "total": 1.9872953999999936
}