{
    "Agent": {
        "total": 0.03695379989221692
    },
    "Env": {
        "apply_act": 0.07840919971931726,
        "observation_computation": 0.015303099411539733,
        "powerflow_computation": 0.017428399878554046,
        "total": 0.11114069900941104
    },
    "total": 0.16276189999189228
}