{
    "Agent": {
        "total": 0.45949069999460335
    },
    "Env": {
        "apply_act": 1.2168729000031817,
        "observation_computation": 0.21071330000995658,
        "powerflow_computation": 0.18006969999078137,
        "total": 1.6076559000039197
    },
    "total": 2.273358100000223
}