{
    "Agent": {
        "total": 0.3105005000543315
    },
    "Env": {
        "apply_act": 1.2418338999559637,
        "observation_computation": 0.19017210003221408,
        "powerflow_computation": 0.1650093998759985,
        "total": 1.5970153998641763
    },
    "total": 2.0816642999998294
}