{
    "Agent": {
        "total": 0.008171200519427657
    },
    "Env": {
        "apply_act": 0.020017300732433796,
        "observation_computation": 0.00557100004516542,
        "powerflow_computation": 0.004931200062856078,
        "total": 0.030519500840455294
    },
    "total": 0.044745699968189
}