{
    "Agent": {
        "total": 0.05508499953430146
    },
    "Env": {
        "apply_act": 0.13288269890472293,
        "observation_computation": 0.025178500916808844,
        "powerflow_computation": 0.021598800201900303,
        "total": 0.17966000002343208
    },
    "total": 0.26015129999723285
}