{
    "Agent": {
        "total": 0.008532700128853321
    },
    "Env": {
        "apply_act": 0.029405199573375285,
        "observation_computation": 0.005666100420057774,
        "powerflow_computation": 0.0056536998599767685,
        "total": 0.04072499985340983
    },
    "total": 0.05493490002118051
}