{
    "Agent": {
        "total": 0.10587729999497242
    },
    "Env": {
        "apply_act": 0.38212890000386324,
        "observation_computation": 0.06293209999557803,
        "powerflow_computation": 0.0541393000030439,
        "total": 0.49920030000248516
    },
    "total": 0.6650356000000102
}