{
    "Agent": {
        "total": 0.03646449954248965
    },
    "Env": {
        "apply_act": 0.07102570030838251,
        "observation_computation": 0.01787820039317012,
        "powerflow_computation": 0.015993498964235187,
        "total": 0.10489739966578782
    },
    "total": 0.15831019985489547
}