{
    "Agent": {
        "total": 0.03809040039777756
    },
    "Env": {
        "apply_act": 0.10160470032133162,
        "observation_computation": 0.01637810026295483,
        "powerflow_computation": 0.018773899879306555,
        "total": 0.136756700463593
    },
    "total": 0.19136660010553896
}