{
    "Agent": {
        "total": 0.2794817000030889
    },
    "Env": {
        "apply_act": 0.8172110000159591,
        "observation_computation": 0.1376792999508325,
        "powerflow_computation": 0.11940170000161743,
        "total": 1.074291999968409
    },
    "total": 1.4884076999951503
}