{
    "Agent": {
        "total": 0.22937739989720285
    },
    "Env": {
        "apply_act": 0.5454628994339146,
        "observation_computation": 0.09335849905619398,
        "powerflow_computation": 0.0893283998593688,
        "total": 0.7281497983494774
    },
    "total": 1.049346899962984
}