{
    "Agent": {
        "total": 0.10699359999671287
    },
    "Env": {
        "apply_act": 0.22848829999929876,
        "observation_computation": 0.07437059999870144,
        "powerflow_computation": 0.06330049999837684,
        "total": 0.36615939999637703
    },
    "total": 0.5385826000001543
}