{
    "Agent": {
        "total": 0.07631560158915818
    },
    "Env": {
        "apply_act": 0.16894959984347224,
        "observation_computation": 0.03855620010290295,
        "powerflow_computation": 0.03796090115793049,
        "total": 0.24546670110430568
    },
    "total": 0.35883319994900376
}