{
    "Agent": {
        "total": 0.14913549999346287
    },
    "Env": {
        "apply_act": 0.6685938999989958,
        "observation_computation": 0.1445601000004899,
        "powerflow_computation": 0.12279809999290592,
        "total": 0.9359520999923916
    },
    "total": 1.2126315999998951
}