{
    "Agent": {
        "total": 0.04712980000022071
    },
    "Env": {
        "apply_act": 0.03484969999954046,
        "observation_computation": 0.02142160000153126,
        "powerflow_computation": 0.017926300001136042,
        "total": 0.07419760000220776
    },
    "total": 0.14230980000002091
}