{
    "Agent": {
        "total": 0.3580634999971153
    },
    "Env": {
        "apply_act": 0.8134578000044712,
        "observation_computation": 0.12553979999756848,
        "powerflow_computation": 0.10405510000146023,
        "total": 1.0430527000035
    },
    "total": 1.5294254000000365
}