{
    "Agent": {
        "total": 0.11581169889541343
    },
    "Env": {
        "apply_act": 0.22720100003061816,
        "observation_computation": 0.040896000049542636,
        "powerflow_computation": 0.03896269988035783,
        "total": 0.30705969996051863
    },
    "total": 0.4656091000069864
}