{
    "Agent": {
        "total": 0.012552500003948808
    },
    "Env": {
        "apply_act": 0.022433300269767642,
        "observation_computation": 0.004889000440016389,
        "powerflow_computation": 0.004502900410443544,
        "total": 0.031825201120227575
    },
    "total": 0.05005439999513328
}