{
    "Agent": {
        "total": 0.126205900009154
    },
    "Env": {
        "apply_act": 0.6489155999952345,
        "observation_computation": 0.1056103000037183,
        "powerflow_computation": 0.09185110000271379,
        "total": 0.8463770000016666
    },
    "total": 1.065016700000342
}