{
    "Agent": {
        "total": 0.008202400000641319
    },
    "Env": {
        "apply_act": 0.09459579999997914,
        "observation_computation": 0.17295849999982238,
        "powerflow_computation": 0.062319199999592456,
        "total": 0.32987349999939397
    },
    "total": 0.40064769999997907
}