{
    "Agent": {
        "total": 0.10712630000011814
    },
    "Env": {
        "apply_act": 0.2235197000009066,
        "observation_computation": 0.05051639999976487,
        "powerflow_computation": 0.045603700000015124,
        "total": 0.3196398000006866
    },
    "total": 0.4773136000000022
}