{
    "Agent": {
        "total": 0.13896520000002965
    },
    "Env": {
        "apply_act": 0.18146069999852443,
        "observation_computation": 0.06717019999769036,
        "powerflow_computation": 0.056350400003793766,
        "total": 0.30498130000000856
    },
    "total": 0.5071458999998413
}