{
    "Agent": {
        "total": 0.04735649982467294
    },
    "Env": {
        "apply_act": 0.14003369968850166,
        "observation_computation": 0.023630499956198037,
        "powerflow_computation": 0.02043570065870881,
        "total": 0.1840999003034085
    },
    "total": 0.25442539993673563
}