{
    "Agent": {
        "total": 0.1773675000295043
    },
    "Env": {
        "apply_act": 0.3393330001272261,
        "observation_computation": 0.0864113022107631,
        "powerflow_computation": 0.07394300238229334,
        "total": 0.49968730472028255
    },
    "total": 0.7609578999690711
}