{
    "Agent": {
        "total": 0.7821635000068454
    },
    "Env": {
        "apply_act": 0.6340575000076569,
        "observation_computation": 0.39017260000628085,
        "powerflow_computation": 0.32288620000053925,
        "total": 1.347116300014477
    },
    "total": 2.4758403000000726
}