{
    "Agent": {
        "total": 0.3192309003206901
    },
    "Env": {
        "apply_act": 1.3540862007648684,
        "observation_computation": 0.28892470116261393,
        "powerflow_computation": 0.2555308004957624,
        "total": 1.8985417024232447
    },
    "total": 2.4734672000049613
}