{
    "Agent": {
        "total": 0.06181509920861572
    },
    "Env": {
        "apply_act": 0.20707970042712986,
        "observation_computation": 0.04512490041088313,
        "powerflow_computation": 0.04431269993074238,
        "total": 0.2965173007687554
    },
    "total": 0.4014030999969691
}