{
    "Agent": {
        "total": 0.1844718981301412
    },
    "Env": {
        "apply_act": 0.6400872996309772,
        "observation_computation": 0.13815430051181465,
        "powerflow_computation": 0.13050539966206998,
        "total": 0.9087469998048618
    },
    "total": 1.22641429991927
}