{
    "Agent": {
        "total": 0.5510605999950258
    },
    "Env": {
        "apply_act": 0.5664335000028586,
        "observation_computation": 0.2601189000024533,
        "powerflow_computation": 0.2228310000007241,
        "total": 1.049383400006036
    },
    "total": 1.8448294999998325
}