{
    "Agent": {
        "total": 0.07367950000082146
    },
    "Env": {
        "apply_act": 0.158125899999618,
        "observation_computation": 0.03479509999954189,
        "powerflow_computation": 0.03006390000052761,
        "total": 0.2229848999996875
    },
    "total": 0.33081049999998413
}