{
    "Agent": {
        "total": 0.4196480029495433
    },
    "Env": {
        "apply_act": 0.8862434013281018,
        "observation_computation": 0.2026594023918733,
        "powerflow_computation": 0.1737455972470343,
        "total": 1.2626484009670094
    },
    "total": 1.882238700054586
}