{
    "Agent": {
        "total": 0.302902800263837
    },
    "Env": {
        "apply_act": 0.7517368003318552,
        "observation_computation": 0.1387404994748067,
        "powerflow_computation": 0.12255890053347684,
        "total": 1.0130362003401387
    },
    "total": 1.4490709000092465
}