{
    "Agent": {
        "total": 0.019610500894486904
    },
    "Env": {
        "apply_act": 0.041873699985444546,
        "observation_computation": 0.009625299833714962,
        "powerflow_computation": 0.008751500397920609,
        "total": 0.060250500217080116
    },
    "total": 0.08919550012797117
}