{
    "Agent": {
        "total": 0.31024229887407273
    },
    "Env": {
        "apply_act": 0.9058667991776019,
        "observation_computation": 0.21057610178831965,
        "powerflow_computation": 0.19390479987487197,
        "total": 1.3103477008407936
    },
    "total": 1.8077081000665203
}