{
    "Agent": {
        "total": 0.021078400000192232
    },
    "Env": {
        "apply_act": 0.23579249999968965,
        "observation_computation": 0.16640060000008816,
        "powerflow_computation": 0.1434965999993949,
        "total": 0.5456896999991727
    },
    "total": 0.7150083999999879
}