{
    "Agent": {
        "total": 0.0008041999535635114
    },
    "Env": {
        "apply_act": 0.0,
        "observation_computation": 0.0,
        "powerflow_computation": 0.0,
        "total": 0.0
    },
    "total": 0.001892999978736043
}