{
    "Agent": {
        "total": 0.0955436000035661
    },
    "Env": {
        "apply_act": 0.5004211999994368,
        "observation_computation": 0.09231400000589929,
        "powerflow_computation": 0.07872460000226056,
        "total": 0.6714598000075966
    },
    "total": 0.8482371000000057
}