{
    "Agent": {
        "total": 0.08064900000022135
    },
    "Env": {
        "apply_act": 0.21419950000006338,
        "observation_computation": 0.04032460000064475,
        "powerflow_computation": 0.03414620000035029,
        "total": 0.2886703000010584
    },
    "total": 0.4092988999999534
}