{
    "Agent": {
        "total": 0.04686309999982541
    },
    "Env": {
        "apply_act": 0.5193889000001093,
        "observation_computation": 0.3726239000001499,
        "powerflow_computation": 0.4255593000005149,
        "total": 1.317572100000774
    },
    "total": 1.7156936000000087
}