{
    "Agent": {
        "total": 0.02826900000218302
    },
    "Env": {
        "apply_act": 0.0781555000012304,
        "observation_computation": 0.015754300002299715,
        "powerflow_computation": 0.013517599994884222,
        "total": 0.10742739999841433
    },
    "total": 0.1535840000005919
}