{
    "Agent": {
        "total": 0.039659499999743275
    },
    "Env": {
        "apply_act": 0.08089319999874078,
        "observation_computation": 0.01784020000070541,
        "powerflow_computation": 0.01535800000033305,
        "total": 0.11409139999977924
    },
    "total": 0.1711189000000104
}