{
    "Agent": {
        "total": 0.3521915995515883
    },
    "Env": {
        "apply_act": 1.0350583012914285,
        "observation_computation": 0.16956970107275993,
        "powerflow_computation": 0.15044470026623458,
        "total": 1.355072702630423
    },
    "total": 1.870273300097324
}