{
    "Agent": {
        "total": 0.12905439757741988
    },
    "Env": {
        "apply_act": 0.47598260222002864,
        "observation_computation": 0.09373869909904897,
        "powerflow_computation": 0.08476130082271993,
        "total": 0.6544826021417975
    },
    "total": 0.8714844998903573
}