{
    "Agent": {
        "total": 0.0476403000000758
    },
    "Env": {
        "apply_act": 0.5297935999999908,
        "observation_computation": 0.47723360000014026,
        "powerflow_computation": 0.3287619000000177,
        "total": 1.3357891000001487
    },
    "total": 1.7402269000000032
}