{
    "Agent": {
        "total": 0.015541699999886305
    },
    "Env": {
        "apply_act": 0.17399340000005736,
        "observation_computation": 0.12825800000001664,
        "powerflow_computation": 0.10440950000007376,
        "total": 0.40666090000014776
    },
    "total": 0.5405433000000102
}