{
    "Agent": {
        "total": 0.165721100049268
    },
    "Env": {
        "apply_act": 0.5508601999899838,
        "observation_computation": 0.08014310002909042,
        "powerflow_computation": 0.07119069994951133,
        "total": 0.7021939999685856
    },
    "total": 0.9469060999981593
}