{
    "Agent": {
        "total": 0.0008821999654173851
    },
    "Env": {
        "apply_act": 0.0,
        "observation_computation": 0.0,
        "powerflow_computation": 0.0,
        "total": 0.0
    },
    "total": 0.002264200011268258
}