{
    "Agent": {
        "total": 0.01786660007201135
    },
    "Env": {
        "apply_act": 0.04458020022138953,
        "observation_computation": 0.009426099481061101,
        "powerflow_computation": 0.009510600240901113,
        "total": 0.06351689994335175
    },
    "total": 0.0903251999989152
}