{
    "Agent": {
        "total": 0.013005899993004277
    },
    "Env": {
        "apply_act": 0.034683799982303753,
        "observation_computation": 0.006743700068909675,
        "powerflow_computation": 0.007481200009351596,
        "total": 0.048908700060565025
    },
    "total": 0.0686277000058908
}