{
    "Agent": {
        "total": 0.17565640073735267
    },
    "Env": {
        "apply_act": 0.49053010111674666,
        "observation_computation": 0.08284499892033637,
        "powerflow_computation": 0.07186080003157258,
        "total": 0.6452359000686556
    },
    "total": 0.9018658000277355
}