{
    "Agent": {
        "total": 0.2857546002487652
    },
    "Env": {
        "apply_act": 1.197667099913815,
        "observation_computation": 0.17399900007876568,
        "powerflow_computation": 0.15105999977095053,
        "total": 1.5227260997635312
    },
    "total": 1.963660000008531
}