{
    "Agent": {
        "total": 0.013357500000211076
    },
    "Env": {
        "apply_act": 0.03807660000006763,
        "observation_computation": 0.00921230000039941,
        "powerflow_computation": 0.008232399999542395,
        "total": 0.05552130000000943
    },
    "total": 0.07781070000010004
}