{
    "Agent": {
        "total": 0.060177899998734574
    },
    "Env": {
        "apply_act": 0.10596670000040831,
        "observation_computation": 0.024489899999935005,
        "powerflow_computation": 0.0230282000011357,
        "total": 0.15348480000147902
    },
    "total": 0.2403618999999253
}