{
    "Agent": {
        "total": 0.0007377999999675922
    },
    "Env": {
        "apply_act": 0.00859070000009865,
        "observation_computation": 0.00635740000004148,
        "powerflow_computation": 0.006403100000028417,
        "total": 0.021351200000168546
    },
    "total": 0.027936699999997927
}