{
    "Agent": {
        "total": 0.04773210000166728
    },
    "Env": {
        "apply_act": 0.2731063999995058,
        "observation_computation": 0.04709769999635682,
        "powerflow_computation": 0.040124200003447186,
        "total": 0.3603282999993098
    },
    "total": 0.4493358999998236
}