{
    "Agent": {
        "total": 0.07319639960769564
    },
    "Env": {
        "apply_act": 0.18932839977787808,
        "observation_computation": 0.033406399947125465,
        "powerflow_computation": 0.029234199784696102,
        "total": 0.25196899950969964
    },
    "total": 0.3593258000037167
}