{
    "Agent": {
        "total": 0.0786793000003172
    },
    "Env": {
        "apply_act": 0.16311459999963063,
        "observation_computation": 0.028231599998548518,
        "powerflow_computation": 0.025605600000062623,
        "total": 0.21695179999824177
    },
    "total": 0.326253999999949
}