{
    "Agent": {
        "total": 0.12894409999921663
    },
    "Env": {
        "apply_act": 0.23889739999822268,
        "observation_computation": 0.08833310000068195,
        "powerflow_computation": 0.07347990000084792,
        "total": 0.40071039999975255
    },
    "total": 0.6078190999999151
}