{
    "Agent": {
        "total": 0.059097499964991584
    },
    "Env": {
        "apply_act": 0.17498769995290786,
        "observation_computation": 0.027825500146718696,
        "powerflow_computation": 0.026563799910945818,
        "total": 0.22937700001057237
    },
    "total": 0.3159474999993108
}