{
    "Agent": {
        "total": 0.09495020008762367
    },
    "Env": {
        "apply_act": 0.34905589997651987,
        "observation_computation": 0.05938739993143827,
        "powerflow_computation": 0.05631149993860163,
        "total": 0.46475479984655976
    },
    "total": 0.6144539999950211
}