{
    "Agent": {
        "total": 0.4057033017743379
    },
    "Env": {
        "apply_act": 1.5248173004947603,
        "observation_computation": 0.28434410016052425,
        "powerflow_computation": 0.25577619881369174,
        "total": 2.0649375994689763
    },
    "total": 2.7448579999618232
}