{
    "Agent": {
        "total": 0.3714104999993424
    },
    "Env": {
        "apply_act": 0.8416753999985076,
        "observation_computation": 0.18227160000321874,
        "powerflow_computation": 0.16354750000141394,
        "total": 1.1874945000031403
    },
    "total": 1.727534799999944
}