{
    "Agent": {
        "total": 0.0025378999999929874
    },
    "Env": {
        "apply_act": 0.003896100000019942,
        "observation_computation": 0.0008659999999736101,
        "powerflow_computation": 0.0009111000000530112,
        "total": 0.005673200000046563
    },
    "total": 0.011260300000003554
}