{
    "Agent": {
        "total": 0.07798700011335313
    },
    "Env": {
        "apply_act": 0.17834259988740087,
        "observation_computation": 0.03961659874767065,
        "powerflow_computation": 0.043816000572405756,
        "total": 0.26177519920747727
    },
    "total": 0.3782932999311015
}