{
    "Agent": {
        "total": 0.041206599678844213
    },
    "Env": {
        "apply_act": 0.1278466994408518,
        "observation_computation": 0.02742800023406744,
        "powerflow_computation": 0.023920502047985792,
        "total": 0.17919520172290504
    },
    "total": 0.24682069988921285
}