{
    "Agent": {
        "total": 0.044043301371857524
    },
    "Env": {
        "apply_act": 0.11011979985050857,
        "observation_computation": 0.0204888004809618,
        "powerflow_computation": 0.016880100592970848,
        "total": 0.14748870092444122
    },
    "total": 0.21158449980430305
}