{
    "Agent": {
        "total": 0.00961920000054306
    },
    "Env": {
        "apply_act": 0.02832929999976841,
        "observation_computation": 0.006269900000233974,
        "powerflow_computation": 0.00588900000002468,
        "total": 0.040488200000027064
    },
    "total": 0.05639629999996032
}