{
    "Agent": {
        "total": 0.20609219919424504
    },
    "Env": {
        "apply_act": 0.575556899420917,
        "observation_computation": 0.09147859935183078,
        "powerflow_computation": 0.0782132000895217,
        "total": 0.7452486988622695
    },
    "total": 1.0381109000882134
}