{
    "Agent": {
        "total": 0.1583180000025095
    },
    "Env": {
        "apply_act": 0.3120166000012432,
        "observation_computation": 0.051356600001327024,
        "powerflow_computation": 0.05412759999899208,
        "total": 0.4175008000015623
    },
    "total": 0.6264965000000302
}