{
    "Agent": {
        "total": 0.020218999999883636
    },
    "Env": {
        "apply_act": 0.04156019999959426,
        "observation_computation": 0.008464300000014191,
        "powerflow_computation": 0.007096199999750752,
        "total": 0.057120699999359204
    },
    "total": 0.08652989999995953
}