{
    "Agent": {
        "total": 0.047575699999924836
    },
    "Env": {
        "apply_act": 0.15899040000158493,
        "observation_computation": 0.03354399999852831,
        "powerflow_computation": 0.030079100001103143,
        "total": 0.22261350000121638
    },
    "total": 0.30349599999999555
}