{
    "Agent": {
        "total": 0.03950929993879981
    },
    "Env": {
        "apply_act": 0.1622776000003796,
        "observation_computation": 0.022890700085554272,
        "powerflow_computation": 0.021488900034455582,
        "total": 0.20665720012038946
    },
    "total": 0.2663415999850258
}