{
    "Agent": {
        "total": 0.08017949999975826
    },
    "Env": {
        "apply_act": 0.15883989999969117,
        "observation_computation": 0.03450820000011845,
        "powerflow_computation": 0.023945800000205963,
        "total": 0.21729390000001558
    },
    "total": 0.33028090000004795
}