{
    "Agent": {
        "total": 0.05273159999978816
    },
    "Env": {
        "apply_act": 0.18747689999804606,
        "observation_computation": 0.03832530000136103,
        "powerflow_computation": 0.034600900000214097,
        "total": 0.2604030999996212
    },
    "total": 0.34928400000012516
}