{
    "Agent": {
        "total": 0.008674899999562058
    },
    "Env": {
        "apply_act": 0.09385020000007671,
        "observation_computation": 0.06730080000019711,
        "powerflow_computation": 0.05841330000006906,
        "total": 0.21956430000034288
    },
    "total": 0.2901852999999903
}