{
    "Agent": {
        "total": 0.007135300198569894
    },
    "Env": {
        "apply_act": 0.01563939987681806,
        "observation_computation": 0.0032417995389550924,
        "powerflow_computation": 0.0033530995715409517,
        "total": 0.022234298987314105
    },
    "total": 0.03272869996726513
}