{
    "Agent": {
        "total": 0.30877980042714626
    },
    "Env": {
        "apply_act": 0.7211848993320018,
        "observation_computation": 0.1255965003510937,
        "powerflow_computation": 0.10908019950147718,
        "total": 0.9558615991845727
    },
    "total": 1.3850975000532344
}