{
    "Agent": {
        "total": 0.08532430000059321
    },
    "Env": {
        "apply_act": 0.08469019999859029,
        "observation_computation": 0.04480370000032963,
        "powerflow_computation": 0.038853900000958674,
        "total": 0.1683477999998786
    },
    "total": 0.2943986999999879
}