{
    "Agent": {
        "total": 0.015222800000174175
    },
    "Env": {
        "apply_act": 0.051692199999706645,
        "observation_computation": 0.008324700000230223,
        "powerflow_computation": 0.00819249999949534,
        "total": 0.06820939999943221
    },
    "total": 0.0915832999999111
}