{
    "Agent": {
        "total": 0.0252359000000979
    },
    "Env": {
        "apply_act": 0.07773820000011256,
        "observation_computation": 0.018056300000807823,
        "powerflow_computation": 0.0156652999992275,
        "total": 0.11145980000014788
    },
    "total": 0.1541435999999976
}