{
    "Agent": {
        "total": 0.04042260046117008
    },
    "Env": {
        "apply_act": 0.14725059806369245,
        "observation_computation": 0.029198301024734974,
        "powerflow_computation": 0.03213929943740368,
        "total": 0.2085881985258311
    },
    "total": 0.276897800154984
}