{
    "Agent": {
        "total": 0.022024000000214983
    },
    "Env": {
        "apply_act": 0.055670800000029885,
        "observation_computation": 0.010704200000191122,
        "powerflow_computation": 0.00912670000025173,
        "total": 0.07550170000047274
    },
    "total": 0.1095189999999775
}