{
    "Agent": {
        "total": 0.25913949991809204
    },
    "Env": {
        "apply_act": 0.6983499999478227,
        "observation_computation": 0.12223160000576172,
        "powerflow_computation": 0.1141044001415139,
        "total": 0.9346860000950983
    },
    "total": 1.3104446999932406
}