{
    "Agent": {
        "total": 0.03185180004220456
    },
    "Env": {
        "apply_act": 0.08654099993873388,
        "observation_computation": 0.02942420041654259,
        "powerflow_computation": 0.026560000202152878,
        "total": 0.14252520055742934
    },
    "total": 0.20004000002518296
}