{
    "Agent": {
        "total": 0.01076659999966978
    },
    "Env": {
        "apply_act": 0.009076700000150595,
        "observation_computation": 0.004779499999585823,
        "powerflow_computation": 0.005106799999566647,
        "total": 0.018962999999303065
    },
    "total": 0.03454510000005939
}