{
    "Agent": {
        "total": 0.02998049941379577
    },
    "Env": {
        "apply_act": 0.08949820010457188,
        "observation_computation": 0.012989999842830002,
        "powerflow_computation": 0.01280899962875992,
        "total": 0.1152971995761618
    },
    "total": 0.15838189993519336
}