{
    "Agent": {
        "total": 0.011638999999775024
    },
    "Env": {
        "apply_act": 0.14243049999998902,
        "observation_computation": 0.08804100000014614,
        "powerflow_computation": 0.08992410000013251,
        "total": 0.3203956000002677
    },
    "total": 0.4136128999999755
}