{
    "Agent": {
        "total": 0.3701930999936849
    },
    "Env": {
        "apply_act": 0.3812092000089251,
        "observation_computation": 0.23365539998849272,
        "powerflow_computation": 0.1976628000056735,
        "total": 0.8125274000030913
    },
    "total": 1.3912679999998545
}