{
    "Agent": {
        "total": 0.025700200349092484
    },
    "Env": {
        "apply_act": 0.053622599807567894,
        "observation_computation": 0.012352200457826257,
        "powerflow_computation": 0.01081450015772134,
        "total": 0.07678930042311549
    },
    "total": 0.11433229991234839
}