{
    "Agent": {
        "total": 0.09687590000006452
    },
    "Env": {
        "apply_act": 1.0425368999998952,
        "observation_computation": 0.857195200000092,
        "powerflow_computation": 0.5856752000001464,
        "total": 2.4854073000001335
    },
    "total": 3.2363368000000037
}