{
    "Agent": {
        "total": 0.1225512000009985
    },
    "Env": {
        "apply_act": 0.13739969999960522,
        "observation_computation": 0.08561410000538672,
        "powerflow_computation": 0.07292639999877792,
        "total": 0.29594020000376986
    },
    "total": 0.49358829999982845
}