{
    "Agent": {
        "total": 0.06723140000025296
    },
    "Env": {
        "apply_act": 0.14903100000009317,
        "observation_computation": 0.02628459999982624,
        "powerflow_computation": 0.02333819999972775,
        "total": 0.19865379999964716
    },
    "total": 0.2932354999999802
}