{
    "Agent": {
        "total": 0.03534950000243953
    },
    "Env": {
        "apply_act": 0.10911930000179382,
        "observation_computation": 0.024715700000115248,
        "powerflow_computation": 0.02315970000086054,
        "total": 0.1569947000027696
    },
    "total": 0.21611369999982344
}