{
    "Agent": {
        "total": 0.05877590000136479
    },
    "Env": {
        "apply_act": 0.25823619999846414,
        "observation_computation": 0.059787799998048285,
        "powerflow_computation": 0.05768990000251506,
        "total": 0.3757138999990275
    },
    "total": 0.4866132000001926
}