{
    "Agent": {
        "total": 0.03799529999993467
    },
    "Env": {
        "apply_act": 0.4253574000006495,
        "observation_computation": 0.2922417000003463,
        "powerflow_computation": 0.24237459999993405,
        "total": 0.9599737000009299
    },
    "total": 1.2643635999999958
}