{
    "Agent": {
        "total": 0.04303540010005236
    },
    "Env": {
        "apply_act": 0.08697160019073635,
        "observation_computation": 0.017835399718023837,
        "powerflow_computation": 0.01605859969276935,
        "total": 0.12086559960152954
    },
    "total": 0.18258160003460944
}