{
    "Agent": {
        "total": 0.04448520054575056
    },
    "Env": {
        "apply_act": 0.28156080027110875,
        "observation_computation": 0.020423500100150704,
        "powerflow_computation": 0.017649999586865306,
        "total": 0.31963429995812476
    },
    "total": 0.38406299997586757
}