{
    "Agent": {
        "total": 0.23732670163735747
    },
    "Env": {
        "apply_act": 0.8873379996512085,
        "observation_computation": 0.17785290046595037,
        "powerflow_computation": 0.15184800105635077,
        "total": 1.2170389011735097
    },
    "total": 1.6232094999868423
}