{
    "Agent": {
        "total": 0.10211829980835319
    },
    "Env": {
        "apply_act": 0.42695810011355206,
        "observation_computation": 0.0934321001986973,
        "powerflow_computation": 0.09665769949788228,
        "total": 0.6170478998101316
    },
    "total": 0.8014485000167042
}