{
    "Agent": {
        "total": 0.028823599917814136
    },
    "Env": {
        "apply_act": 0.059322900022380054,
        "observation_computation": 0.012565599754452705,
        "powerflow_computation": 0.011141500202938914,
        "total": 0.08302999997977167
    },
    "total": 0.12449189997278154
}