{
    "Agent": {
        "total": 0.04176939930766821
    },
    "Env": {
        "apply_act": 0.1387279008049518,
        "observation_computation": 0.027404499938711524,
        "powerflow_computation": 0.023799299960955977,
        "total": 0.1899317007046193
    },
    "total": 0.2586282000411302
}