{
    "Agent": {
        "total": 0.04907839989755303
    },
    "Env": {
        "apply_act": 0.1647973997751251,
        "observation_computation": 0.03348340094089508,
        "powerflow_computation": 0.029194899718277156,
        "total": 0.22747570043429732
    },
    "total": 0.30889069999102503
}