{
    "Agent": {
        "total": 0.14340329999993173
    },
    "Env": {
        "apply_act": 0.12724680000019362,
        "observation_computation": 0.07414250000033462,
        "powerflow_computation": 0.07496310000090034,
        "total": 0.2763524000014286
    },
    "total": 0.49015780000001996
}