{
    "Agent": {
        "total": 0.004425000000097157
    },
    "Env": {
        "apply_act": 0.046247000000036564,
        "observation_computation": 0.03407420000013417,
        "powerflow_computation": 0.028985100000141983,
        "total": 0.10930630000031272
    },
    "total": 0.14625890000000652
}