{
    "Agent": {
        "total": 0.10102879942860454
    },
    "Env": {
        "apply_act": 0.19606290152296424,
        "observation_computation": 0.04596099955961108,
        "powerflow_computation": 0.04048379964660853,
        "total": 0.28250770072918385
    },
    "total": 0.42940360005013645
}