{
    "Agent": {
        "total": 0.06856110000023818
    },
    "Env": {
        "apply_act": 0.14729579999982434,
        "observation_computation": 0.029054299999700106,
        "powerflow_computation": 0.024115099999846734,
        "total": 0.20046519999937118
    },
    "total": 0.29604779999999664
}