{
    "Agent": {
        "total": 0.1969677000961383
    },
    "Env": {
        "apply_act": 0.5463816000046791,
        "observation_computation": 0.09450689997174777,
        "powerflow_computation": 0.08228700001200195,
        "total": 0.7231754999884288
    },
    "total": 1.013438900001347
}