{
    "Agent": {
        "total": 0.05336050014011562
    },
    "Env": {
        "apply_act": 0.17757020064163953,
        "observation_computation": 0.03590600041206926,
        "powerflow_computation": 0.03992659866344184,
        "total": 0.25340279971715063
    },
    "total": 0.34201470005791634
}