{
    "Agent": {
        "total": 0.02661400055512786
    },
    "Env": {
        "apply_act": 0.05833799950778484,
        "observation_computation": 0.013764100265689194,
        "powerflow_computation": 0.012076200218871236,
        "total": 0.08417829999234527
    },
    "total": 0.12403209996409714
}