{
    "Agent": {
        "total": 0.3753023999997822
    },
    "Env": {
        "apply_act": 2.0762789000082194,
        "observation_computation": 0.3791464000105407,
        "powerflow_computation": 0.34642079999730413,
        "total": 2.801846100016064
    },
    "total": 3.5059909999999945
}