{
    "Agent": {
        "total": 0.002326999999979762
    },
    "Env": {
        "apply_act": 0.02734579999997777,
        "observation_computation": 0.019427300000018022,
        "powerflow_computation": 0.01657099999994216,
        "total": 0.06334409999993795
    },
    "total": 0.08339879999999766
}