{
    "Agent": {
        "total": 0.0048646000000189815
    },
    "Env": {
        "apply_act": 0.005528899999717396,
        "observation_computation": 0.002665299999534909,
        "powerflow_computation": 0.00326080000058937,
        "total": 0.011454999999841675
    },
    "total": 0.019188499999927444
}