{
    "Agent": {
        "total": 0.17508920000636863
    },
    "Env": {
        "apply_act": 1.4227884999977505,
        "observation_computation": 0.17079380000586752,
        "powerflow_computation": 0.1547778999943148,
        "total": 1.7483601999979328
    },
    "total": 2.07251129999986
}