{
    "Agent": {
        "total": 0.9514484000026187
    },
    "Env": {
        "apply_act": 1.3580789999998615,
        "observation_computation": 0.4466434000021309,
        "powerflow_computation": 0.39148000000022876,
        "total": 2.196202400002221
    },
    "total": 3.581116800000018
}