{
    "Agent": {
        "total": 0.002556699999843204
    },
    "Env": {
        "apply_act": 0.02768789999981891,
        "observation_computation": 0.019280599999945025,
        "powerflow_computation": 0.017483300000009194,
        "total": 0.06445179999977313
    },
    "total": 0.08519460000002255
}