{
    "Agent": {
        "total": 0.1795355003559962
    },
    "Env": {
        "apply_act": 0.45399340067524463,
        "observation_computation": 0.07432580017484725,
        "powerflow_computation": 0.06688499904703349,
        "total": 0.5952041998971254
    },
    "total": 0.8421484000282362
}