{
    "Agent": {
        "total": 0.0010430000256747007
    },
    "Env": {
        "apply_act": 0.0,
        "observation_computation": 0.0,
        "powerflow_computation": 0.0,
        "total": 0.0
    },
    "total": 0.003353700041770935
}