{
    "Agent": {
        "total": 0.0400507999996762
    },
    "Env": {
        "apply_act": 0.035991400000739304,
        "observation_computation": 0.020221299998979703,
        "powerflow_computation": 0.020934599998781778,
        "total": 0.07714729999850078
    },
    "total": 0.13652200000001358
}