{
    "Agent": {
        "total": 0.014575800000784511
    },
    "Env": {
        "apply_act": 0.05063539999900968,
        "observation_computation": 0.008118899998862616,
        "powerflow_computation": 0.007819400001153554,
        "total": 0.06657369999902585
    },
    "total": 0.08888530000012906
}