{
    "Agent": {
        "total": 0.07484649890102446
    },
    "Env": {
        "apply_act": 0.3154385983943939,
        "observation_computation": 0.053808900294825435,
        "powerflow_computation": 0.04681079927831888,
        "total": 0.41605829796753824
    },
    "total": 0.5415378999896348
}