{
    "Agent": {
        "total": 0.19240180000269902
    },
    "Env": {
        "apply_act": 0.6376262000021597,
        "observation_computation": 0.10599090000278011,
        "powerflow_computation": 0.09425300000157222,
        "total": 0.8378701000065121
    },
    "total": 1.1277102999997624
}