{
    "Agent": {
        "total": 0.022686799999974028
    },
    "Env": {
        "apply_act": 0.0536102000005485,
        "observation_computation": 0.022091899998031295,
        "powerflow_computation": 0.022456599999259197,
        "total": 0.098158699997839
    },
    "total": 0.14055300000018178
}