{
    "Agent": {
        "total": 0.08936789999688699
    },
    "Env": {
        "apply_act": 0.32909759999847665,
        "observation_computation": 0.05319520000102784,
        "powerflow_computation": 0.053648400000383845,
        "total": 0.43594119999988834
    },
    "total": 0.5739870000002156
}