{
    "Agent": {
        "total": 0.08812959999340819
    },
    "Env": {
        "apply_act": 0.4774782999988929,
        "observation_computation": 0.09043850000034581,
        "powerflow_computation": 0.0906129999989389,
        "total": 0.6585297999981776
    },
    "total": 0.8253310999998575
}