{
    "Agent": {
        "total": 0.020567199999845798
    },
    "Env": {
        "apply_act": 0.21569199999936473,
        "observation_computation": 0.1520781000011766,
        "powerflow_computation": 0.12541320000087808,
        "total": 0.4931833000014194
    },
    "total": 0.6518111999999974
}