{
    "Agent": {
        "total": 0.06834709993563592
    },
    "Env": {
        "apply_act": 0.24162850016728044,
        "observation_computation": 0.061974800075404346,
        "powerflow_computation": 0.05716809997102246,
        "total": 0.36077140021370724
    },
    "total": 0.4844277999945916
}