{
    "Agent": {
        "total": 0.19353439868427813
    },
    "Env": {
        "apply_act": 0.39047270081937313,
        "observation_computation": 0.09252170065883547,
        "powerflow_computation": 0.08535359997767955,
        "total": 0.5683480014558882
    },
    "total": 0.851643499918282
}