{
    "Agent": {
        "total": 0.17232759999933478
    },
    "Env": {
        "apply_act": 0.33088280000265513,
        "observation_computation": 0.052200699997229094,
        "powerflow_computation": 0.04301980000309413,
        "total": 0.42610330000297836
    },
    "total": 0.6526662000005672
}