{
    "Agent": {
        "total": 0.048659800086170435
    },
    "Env": {
        "apply_act": 0.2063773989211768,
        "observation_computation": 0.036582599161192775,
        "powerflow_computation": 0.032164199044927955,
        "total": 0.2751241971272975
    },
    "total": 0.3577066999860108
}