{
    "Agent": {
        "total": 0.03816769947297871
    },
    "Env": {
        "apply_act": 0.11497049999888986,
        "observation_computation": 0.02499089960474521,
        "powerflow_computation": 0.022445900249294937,
        "total": 0.16240729985293
    },
    "total": 0.22465690004173666
}