{
    "Agent": {
        "total": 0.11674769999967793
    },
    "Env": {
        "apply_act": 0.33199460000037107,
        "observation_computation": 0.06295809999960511,
        "powerflow_computation": 0.05698210000002746,
        "total": 0.45193480000000363
    },
    "total": 0.6260105999999723
}