{
    "Agent": {
        "total": 0.15725740000561927
    },
    "Env": {
        "apply_act": 0.26627889999690524,
        "observation_computation": 0.05229709999912302,
        "powerflow_computation": 0.04955810000319616,
        "total": 0.3681340999992244
    },
    "total": 0.575920700000097
}