{
    "Agent": {
        "total": 0.0009286999999744694
    },
    "Env": {
        "apply_act": 0.0,
        "observation_computation": 0.0,
        "powerflow_computation": 0.0,
        "total": 0.0
    },
    "total": 0.002025399999979527
}