{
    "Agent": {
        "total": 0.3543345000024374
    },
    "Env": {
        "apply_act": 0.6857781000003342,
        "observation_computation": 0.1600598000007949,
        "powerflow_computation": 0.13897510000117563,
        "total": 0.9848130000023048
    },
    "total": 1.4959281000000146
}