{
    "Agent": {
        "total": 0.06140099999993254
    },
    "Env": {
        "apply_act": 0.35463369999570205,
        "observation_computation": 0.06124529999897277,
        "powerflow_computation": 0.05612329999485155,
        "total": 0.47200229998952636
    },
    "total": 0.5873105000000578
}