{
    "Agent": {
        "total": 0.03185160000043652
    },
    "Env": {
        "apply_act": 0.06935249999969528,
        "observation_computation": 0.014527700000371624,
        "powerflow_computation": 0.011410599999976512,
        "total": 0.09529080000004342
    },
    "total": 0.14124770000000808
}