{
    "Agent": {
        "total": 0.12619589999849268
    },
    "Env": {
        "apply_act": 0.06838429999334039,
        "observation_computation": 0.04219010000088019,
        "powerflow_computation": 0.04272730000229785,
        "total": 0.15330169999651844
    },
    "total": 0.3214619999998831
}