{
    "Agent": {
        "total": 0.07557529999894541
    },
    "Env": {
        "apply_act": 0.21020229999885487,
        "observation_computation": 0.03223340000340613,
        "powerflow_computation": 0.027867699996477313,
        "total": 0.2703033999987383
    },
    "total": 0.3785624000001917
}