{
    "Agent": {
        "total": 0.17274769999960427
    },
    "Env": {
        "apply_act": 0.3505900000004658,
        "observation_computation": 0.07779180000034103,
        "powerflow_computation": 0.06696010000132446,
        "total": 0.4953419000021313
    },
    "total": 0.743077900000003
}