{
    "Agent": {
        "total": 0.06822399934753776
    },
    "Env": {
        "apply_act": 0.21794339828193188,
        "observation_computation": 0.05093010002747178,
        "powerflow_computation": 0.05078769847750664,
        "total": 0.3196611967869103
    },
    "total": 0.4357447999063879
}