{
    "Agent": {
        "total": 0.0007512999999335079
    },
    "Env": {
        "apply_act": 0.0,
        "observation_computation": 0.0,
        "powerflow_computation": 0.0,
        "total": 0.0
    },
    "total": 0.0020510000000513173
}