{
    "Agent": {
        "total": 0.005906799999955581
    },
    "Env": {
        "apply_act": 0.06723240000005859,
        "observation_computation": 0.04569119999997895,
        "powerflow_computation": 0.044901000000002966,
        "total": 0.1578246000000405
    },
    "total": 0.20863870000000162
}