{
    "Agent": {
        "total": 0.03434969999875648
    },
    "Env": {
        "apply_act": 0.10925730000121803,
        "observation_computation": 0.023950299998432456,
        "powerflow_computation": 0.0248199000011482,
        "total": 0.15802750000079868
    },
    "total": 0.21531549999986055
}