{
    "Agent": {
        "total": 0.21808619999956136
    },
    "Env": {
        "apply_act": 0.38266710000107196,
        "observation_computation": 0.07697559999996884,
        "powerflow_computation": 0.06112939999866285,
        "total": 0.5207720999997036
    },
    "total": 0.8108085999997456
}