{
    "Agent": {
        "total": 0.11688379999949916
    },
    "Env": {
        "apply_act": 1.2967883999995706,
        "observation_computation": 0.8765032999998255,
        "powerflow_computation": 0.8684007000000236,
        "total": 3.0416923999994196
    },
    "total": 3.9691853999999864
}