{
    "Agent": {
        "total": 0.08675600087735802
    },
    "Env": {
        "apply_act": 0.15760679973755032,
        "observation_computation": 0.02660850004758686,
        "powerflow_computation": 0.022267500404268503,
        "total": 0.20648280018940568
    },
    "total": 0.3191637999843806
}