{
    "Agent": {
        "total": 0.2480159000006097
    },
    "Env": {
        "apply_act": 0.568317299999535,
        "observation_computation": 0.12250490000008085,
        "powerflow_computation": 0.11583330000087244,
        "total": 0.8066555000004882
    },
    "total": 1.1707680000000664
}