{
    "Agent": {
        "total": 0.05001840000022639
    },
    "Env": {
        "apply_act": 0.15323499999885826,
        "observation_computation": 0.021331899998585868,
        "powerflow_computation": 0.019789300001320953,
        "total": 0.19435619999876508
    },
    "total": 0.2655862999999954
}