{
    "Agent": {
        "total": 0.06733889924362302
    },
    "Env": {
        "apply_act": 0.24406219786033034,
        "observation_computation": 0.05088810250163078,
        "powerflow_computation": 0.04606549930758774,
        "total": 0.34101579966954887
    },
    "total": 0.45664520002901554
}