{
    "Agent": {
        "total": 0.4085369994863868
    },
    "Env": {
        "apply_act": 0.8892507993732579,
        "observation_computation": 0.16460890043526888,
        "powerflow_computation": 0.14432570029748604,
        "total": 1.1981854001060128
    },
    "total": 1.7673045999836177
}