{
    "Agent": {
        "total": 0.018298799986951053
    },
    "Env": {
        "apply_act": 0.05456999980378896,
        "observation_computation": 0.013146100100129843,
        "powerflow_computation": 0.011304100160486996,
        "total": 0.0790202000644058
    },
    "total": 0.11068599997088313
}