{
    "Agent": {
        "total": 0.3508985999969809
    },
    "Env": {
        "apply_act": 0.7777744999939387,
        "observation_computation": 0.1595432000008259,
        "powerflow_computation": 0.13772550000066985,
        "total": 1.0750431999954344
    },
    "total": 1.562100499999815
}