{
    "Agent": {
        "total": 0.019507099990732968
    },
    "Env": {
        "apply_act": 0.05879899929277599,
        "observation_computation": 0.008987099980004132,
        "powerflow_computation": 0.008301400113850832,
        "total": 0.07608749938663095
    },
    "total": 0.1042864000191912
}