{
    "Agent": {
        "total": 0.0008011000463739038
    },
    "Env": {
        "apply_act": 0.0,
        "observation_computation": 0.0,
        "powerflow_computation": 0.0,
        "total": 0.0
    },
    "total": 0.001895399997010827
}