{
    "Agent": {
        "total": 0.34584400022868067
    },
    "Env": {
        "apply_act": 0.6901889037108049,
        "observation_computation": 0.17239990166854113,
        "powerflow_computation": 0.1518652990926057,
        "total": 1.0144541044719517
    },
    "total": 1.5278681999770924
}