{
    "Agent": {
        "total": 0.07070150000055264
    },
    "Env": {
        "apply_act": 0.16664999999994734,
        "observation_computation": 0.03012490000003254,
        "powerflow_computation": 0.025807699999688793,
        "total": 0.22258259999966867
    },
    "total": 0.32359340000004977
}