{
    "Agent": {
        "total": 0.0018180000000143082
    },
    "Env": {
        "apply_act": 0.021418199999970966,
        "observation_computation": 0.014141300000204637,
        "powerflow_computation": 0.014342200000157845,
        "total": 0.04990170000033345
    },
    "total": 0.06606210000001056
}