{
    "Agent": {
        "total": 0.11390789994038641
    },
    "Env": {
        "apply_act": 0.4573216000862885,
        "observation_computation": 0.06981769984122366,
        "powerflow_computation": 0.06626119973952882,
        "total": 0.593400499667041
    },
    "total": 0.7710158999834675
}