{
    "Agent": {
        "total": 0.41175200000361656
    },
    "Env": {
        "apply_act": 1.0600170999969123,
        "observation_computation": 0.1485214999966047,
        "powerflow_computation": 0.133678899996994,
        "total": 1.342217499990511
    },
    "total": 1.8878856000001178
}