{
    "Agent": {
        "total": 0.23026090092025697
    },
    "Env": {
        "apply_act": 0.47213220107369125,
        "observation_computation": 0.11720199976116419,
        "powerflow_computation": 0.10638049943372607,
        "total": 0.6957147002685815
    },
    "total": 1.0372189001645893
}