{
    "Agent": {
        "total": 0.008191500000034324
    },
    "Env": {
        "apply_act": 0.09772260000004351,
        "observation_computation": 0.0670173000000247,
        "powerflow_computation": 0.06313409999996367,
        "total": 0.22787400000003188
    },
    "total": 0.2985975000000032
}