{
    "Agent": {
        "total": 0.036468400000217116
    },
    "Env": {
        "apply_act": 0.07569359999990866,
        "observation_computation": 0.01687789999971301,
        "powerflow_computation": 0.01479649999942012,
        "total": 0.10736799999904179
    },
    "total": 0.16025139999999283
}