{
    "Agent": {
        "total": 0.36653460000206906
    },
    "Env": {
        "apply_act": 0.37371260000043094,
        "observation_computation": 0.16746340000076998,
        "powerflow_computation": 0.14498630000161938,
        "total": 0.6861623000028203
    },
    "total": 1.2123675999999932
}