{
    "Agent": {
        "total": 0.036190001061186194
    },
    "Env": {
        "apply_act": 0.12059319950640202,
        "observation_computation": 0.02743660076521337,
        "powerflow_computation": 0.02432960062287748,
        "total": 0.17235940089449286
    },
    "total": 0.2341284998692572
}