{
    "Agent": {
        "total": 0.027650300646200776
    },
    "Env": {
        "apply_act": 0.27383610093966126,
        "observation_computation": 0.019086800515651703,
        "powerflow_computation": 0.01694850018247962,
        "total": 0.3098714016377926
    },
    "total": 0.3561916998587549
}