{
    "Agent": {
        "total": 0.31497180000133085
    },
    "Env": {
        "apply_act": 0.37944010000319395,
        "observation_computation": 0.20220240000799095,
        "powerflow_computation": 0.16939010000305643,
        "total": 0.7510326000142413
    },
    "total": 1.246664299999793
}