{
    "Agent": {
        "total": 0.06153010000161885
    },
    "Env": {
        "apply_act": 0.17325760000221635,
        "observation_computation": 0.02695910000056756,
        "powerflow_computation": 0.02284700000018347,
        "total": 0.22306370000296738
    },
    "total": 0.31237789999977394
}