{
    "Agent": {
        "total": 0.019454500000847474
    },
    "Env": {
        "apply_act": 0.06145589999960066,
        "observation_computation": 0.01439030000051389,
        "powerflow_computation": 0.011949900002036884,
        "total": 0.08779610000215143
    },
    "total": 0.12200639999991836
}