{
    "Agent": {
        "total": 1.5593808997655287
    },
    "Env": {
        "apply_act": 0.43833370052743703,
        "observation_computation": 0.0865013999864459,
        "powerflow_computation": 0.08136129926424474,
        "total": 0.6061963997781277
    },
    "total": 2.269155199988745
}