{
    "Agent": {
        "total": 0.04092129995115101
    },
    "Env": {
        "apply_act": 0.10075279988814145,
        "observation_computation": 0.01573719980660826,
        "powerflow_computation": 0.01343730022199452,
        "total": 0.12992729991674423
    },
    "total": 0.18766239995602518
}