{
    "Agent": {
        "total": 0.10680860000007897
    },
    "Env": {
        "apply_act": 0.3124508999999307,
        "observation_computation": 0.056653399999731846,
        "powerflow_computation": 0.05766769999979715,
        "total": 0.4267719999994597
    },
    "total": 0.5859540999999808
}