{
    "Agent": {
        "total": 0.21843720015021972
    },
    "Env": {
        "apply_act": 0.5755166003655177,
        "observation_computation": 0.09998180030379444,
        "powerflow_computation": 0.0867445001786109,
        "total": 0.762242900847923
    },
    "total": 1.0785449999966659
}