{
    "Agent": {
        "total": 0.19193629873916507
    },
    "Env": {
        "apply_act": 0.49959230166859925,
        "observation_computation": 0.1110350004164502,
        "powerflow_computation": 0.09388989920262247,
        "total": 0.7045172012876719
    },
    "total": 0.9946883000666276
}