{
    "Agent": {
        "total": 0.07690450000040983
    },
    "Env": {
        "apply_act": 0.16241820000038842,
        "observation_computation": 0.02739769999948294,
        "powerflow_computation": 0.028868100000636332,
        "total": 0.2186840000005077
    },
    "total": 0.3250306999999566
}