{
    "Agent": {
        "total": 0.09149409912060946
    },
    "Env": {
        "apply_act": 0.38206940062809736,
        "observation_computation": 0.037237700540572405,
        "powerflow_computation": 0.03833579923957586,
        "total": 0.4576429004082456
    },
    "total": 0.586116399965249
}