{
    "Agent": {
        "total": 0.06755449999957364
    },
    "Env": {
        "apply_act": 0.14700240000036047,
        "observation_computation": 0.02687309999998888,
        "powerflow_computation": 0.025580900000022666,
        "total": 0.19945640000037201
    },
    "total": 0.297095000000013
}