{
    "Agent": {
        "total": 0.31389319978188723
    },
    "Env": {
        "apply_act": 0.8915613010758534,
        "observation_computation": 0.13794260274153203,
        "powerflow_computation": 0.12641219911165535,
        "total": 1.1559161029290408
    },
    "total": 1.6024704999290407
}