{
    "Agent": {
        "total": 0.03627590159885585
    },
    "Env": {
        "apply_act": 0.11679879971779883,
        "observation_computation": 0.027145401807501912,
        "powerflow_computation": 0.02357119950465858,
        "total": 0.16751540102995932
    },
    "total": 0.23051919997669756
}