{
    "Agent": {
        "total": 0.027074199868366122
    },
    "Env": {
        "apply_act": 0.05995599995367229,
        "observation_computation": 0.014307900215499103,
        "powerflow_computation": 0.01196199981495738,
        "total": 0.08622589998412877
    },
    "total": 0.1267014000331983
}