{
    "Agent": {
        "total": 0.013534199999980956
    },
    "Env": {
        "apply_act": 0.028604300000097282,
        "observation_computation": 0.005815699999914159,
        "powerflow_computation": 0.004959899999846584,
        "total": 0.039379899999858026
    },
    "total": 0.059518599999989874
}