{
    "Agent": {
        "total": 0.4953808000000208
    },
    "Env": {
        "apply_act": 1.3541750999993383,
        "observation_computation": 0.27335069999662664,
        "powerflow_computation": 0.22290900000325564,
        "total": 1.8504347999992206
    },
    "total": 2.5628013999998984
}