{
    "Agent": {
        "total": 0.13819809999904464
    },
    "Env": {
        "apply_act": 0.3384700000024168,
        "observation_computation": 0.09565460000089843,
        "powerflow_computation": 0.08317529999908402,
        "total": 0.5172999000023992
    },
    "total": 0.739569500000016
}