{
    "Agent": {
        "total": 0.06985509989317507
    },
    "Env": {
        "apply_act": 0.15583519998472184,
        "observation_computation": 0.029246798949316144,
        "powerflow_computation": 0.02435340022202581,
        "total": 0.2094353991560638
    },
    "total": 0.30841569998301566
}