{
    "Agent": {
        "total": 0.0038936000000546755
    },
    "Env": {
        "apply_act": 0.03905129999989754,
        "observation_computation": 0.02756779999998571,
        "powerflow_computation": 0.024019199999912644,
        "total": 0.09063829999979589
    },
    "total": 0.12166439999998602
}