{
    "Agent": {
        "total": 0.017999900970607996
    },
    "Env": {
        "apply_act": 0.04389099986292422,
        "observation_computation": 0.013156300410628319,
        "powerflow_computation": 0.01115899975411594,
        "total": 0.06820630002766848
    },
    "total": 0.09967510006390512
}