{
    "Agent": {
        "total": 0.07354360000010729
    },
    "Env": {
        "apply_act": 0.15566640000054122,
        "observation_computation": 0.035317100000042956,
        "powerflow_computation": 0.02957830000013928,
        "total": 0.22056180000072345
    },
    "total": 0.32667720000006284
}