{
    "Agent": {
        "total": 0.11209560092538595
    },
    "Env": {
        "apply_act": 0.2894595009274781,
        "observation_computation": 0.06489479774609208,
        "powerflow_computation": 0.06319690053351223,
        "total": 0.4175511992070824
    },
    "total": 0.5877706999890506
}