{
    "Agent": {
        "total": 0.04453419963829219
    },
    "Env": {
        "apply_act": 0.11637919954955578,
        "observation_computation": 0.030982000287622213,
        "powerflow_computation": 0.029370200354605913,
        "total": 0.1767314001917839
    },
    "total": 0.2518711000448093
}