{
    "Agent": {
        "total": 0.01725410000000238
    },
    "Env": {
        "apply_act": 0.04683639999990419,
        "observation_computation": 0.007180399999981546,
        "powerflow_computation": 0.005488599999978305,
        "total": 0.05950539999986404
    },
    "total": 0.08364599999998745
}