{
    "Agent": {
        "total": 0.13445389922708273
    },
    "Env": {
        "apply_act": 0.1756747995968908,
        "observation_computation": 0.08771209965925664,
        "powerflow_computation": 0.07504159992095083,
        "total": 0.3384284991770983
    },
    "total": 0.5514200999168679
}