{
    "Agent": {
        "total": 0.08554979914333671
    },
    "Env": {
        "apply_act": 0.407086399034597,
        "observation_computation": 0.06242839910555631,
        "powerflow_computation": 0.053897600970231,
        "total": 0.5234123991103843
    },
    "total": 0.6686402000486851
}