{
    "Agent": {
        "total": 0.04091469999988817
    },
    "Env": {
        "apply_act": 0.4523278999999576,
        "observation_computation": 0.3103260000000745,
        "powerflow_computation": 0.24899149999997405,
        "total": 1.0116454000000061
    },
    "total": 1.3307511000000005
}