{
    "Agent": {
        "total": 0.4378448015777394
    },
    "Env": {
        "apply_act": 1.2579886009916663,
        "observation_computation": 0.2139687006128952,
        "powerflow_computation": 0.19556959974579513,
        "total": 1.6675269013503566
    },
    "total": 2.30734359996859
}