{
    "Agent": {
        "total": 0.009160600000015506
    },
    "Env": {
        "apply_act": 0.1056052000001273,
        "observation_computation": 0.07533299999973053,
        "powerflow_computation": 0.06087449999991179,
        "total": 0.24181269999976962
    },
    "total": 0.3248490000000004
}