{
    "Agent": {
        "total": 0.20591359999968972
    },
    "Env": {
        "apply_act": 0.328219800000511,
        "observation_computation": 0.10226750000015272,
        "powerflow_computation": 0.08745320000161882,
        "total": 0.5179405000022825
    },
    "total": 0.8211287000000311
}