{
    "Agent": {
        "total": 0.0021394999999877484
    },
    "Env": {
        "apply_act": 0.0233536999999977,
        "observation_computation": 0.01665240000003365,
        "powerflow_computation": 0.015211499999981726,
        "total": 0.05521760000001308
    },
    "total": 0.07335860000000238
}