{
    "Agent": {
        "total": 0.14680340000063552
    },
    "Env": {
        "apply_act": 0.30155129999957353,
        "observation_computation": 0.09374720000050729,
        "powerflow_computation": 0.08470450000027085,
        "total": 0.4800030000003517
    },
    "total": 0.7101348000001053
}