{
    "Agent": {
        "total": 0.11219140025787055
    },
    "Env": {
        "apply_act": 0.6163779990747571,
        "observation_computation": 0.06613129994366318,
        "powerflow_computation": 0.05768289929255843,
        "total": 0.7401921983109787
    },
    "total": 0.9107175000244752
}