{
    "Agent": {
        "total": 0.04130499926395714
    },
    "Env": {
        "apply_act": 0.10171159985475242,
        "observation_computation": 0.017936100717633963,
        "powerflow_computation": 0.015057499054819345,
        "total": 0.13470519962720573
    },
    "total": 0.1939314000774175
}