{
    "Agent": {
        "total": 0.006612799999629715
    },
    "Env": {
        "apply_act": 0.020142500000019936,
        "observation_computation": 0.004972899999984293,
        "powerflow_computation": 0.0044018999997206265,
        "total": 0.029517299999724855
    },
    "total": 0.040778199999977005
}