{
    "Agent": {
        "total": 0.0378268004860729
    },
    "Env": {
        "apply_act": 0.0775178000330925,
        "observation_computation": 0.015172300860285759,
        "powerflow_computation": 0.015025501372292638,
        "total": 0.1077156022656709
    },
    "total": 0.1611184999346733
}