{
    "Agent": {
        "total": 0.0024270999999203013
    },
    "Env": {
        "apply_act": 0.03005990000002612,
        "observation_computation": 0.019992500000029167,
        "powerflow_computation": 0.016877699999980678,
        "total": 0.06693010000003596
    },
    "total": 0.08797099999998181
}