{
    "Agent": {
        "total": 0.2715146999985336
    },
    "Env": {
        "apply_act": 0.4975805999995373,
        "observation_computation": 0.12497880000023542,
        "powerflow_computation": 0.11956489999943187,
        "total": 0.7421242999992046
    },
    "total": 1.1350530000001982
}