{
    "Agent": {
        "total": 0.4282677008304745
    },
    "Env": {
        "apply_act": 1.262670099036768,
        "observation_computation": 0.26539129950106144,
        "powerflow_computation": 0.24796240031719208,
        "total": 1.7760237988550216
    },
    "total": 2.4419774999842048
}