{
    "Agent": {
        "total": 0.03871149802580476
    },
    "Env": {
        "apply_act": 0.1427498017437756,
        "observation_computation": 0.028136299923062325,
        "powerflow_computation": 0.024413499981164932,
        "total": 0.19529960164800286
    },
    "total": 0.26162560004740953
}