{
    "Agent": {
        "total": 0.6345246000007592
    },
    "Env": {
        "apply_act": 0.6247054000027674,
        "observation_computation": 0.3390891000009333,
        "powerflow_computation": 0.2923456000024771,
        "total": 1.2561401000061778
    },
    "total": 2.2101325999999517
}