{
    "Agent": {
        "total": 0.07053120000136914
    },
    "Env": {
        "apply_act": 0.14083630000072844,
        "observation_computation": 0.033339199999659286,
        "powerflow_computation": 0.028043499999625965,
        "total": 0.2022190000000137
    },
    "total": 0.3031416999999692
}