{
    "Agent": {
        "total": 0.0178610000016306
    },
    "Env": {
        "apply_act": 0.06652929999927437,
        "observation_computation": 0.0101715000000695,
        "powerflow_computation": 0.009646299997712049,
        "total": 0.08634709999705592
    },
    "total": 0.11402429999998276
}