{
    "Agent": {
        "total": 0.08831819999932122
    },
    "Env": {
        "apply_act": 0.10239790000014182,
        "observation_computation": 0.056138900000405556,
        "powerflow_computation": 0.04831670000021404,
        "total": 0.20685350000076141
    },
    "total": 0.3461662999998225
}