{
    "Agent": {
        "total": 0.014676999999551299
    },
    "Env": {
        "apply_act": 0.1605130999992639,
        "observation_computation": 0.11342419999988351,
        "powerflow_computation": 0.0910606999991046,
        "total": 0.364997999998252
    },
    "total": 0.4806219000000169
}