{
    "Agent": {
        "total": 0.05746739999949568
    },
    "Env": {
        "apply_act": 0.13343509999981507,
        "observation_computation": 0.023693900000353096,
        "powerflow_computation": 0.020728399999825342,
        "total": 0.1778573999999935
    },
    "total": 0.2611460000000534
}