{
    "Agent": {
        "total": 0.1362702006008476
    },
    "Env": {
        "apply_act": 0.3069058996043168,
        "observation_computation": 0.052508100285194814,
        "powerflow_computation": 0.04602830024668947,
        "total": 0.4054423001362011
    },
    "total": 0.5920873999712057
}