{
    "Agent": {
        "total": 0.5202286003623158
    },
    "Env": {
        "apply_act": 0.9535679025575519,
        "observation_computation": 0.3428942007012665,
        "powerflow_computation": 0.30286490241996944,
        "total": 1.5993270056787878
    },
    "total": 2.420297499978915
}