{
    "Agent": {
        "total": 0.2457804000005126
    },
    "Env": {
        "apply_act": 0.5263765000854619,
        "observation_computation": 0.10137190023669973,
        "powerflow_computation": 0.09461019927402958,
        "total": 0.7223585995961912
    },
    "total": 1.072282399982214
}