{
    "Agent": {
        "total": 0.007042099999665652
    },
    "Env": {
        "apply_act": 0.07955969999960644,
        "observation_computation": 0.05896309999963023,
        "powerflow_computation": 0.04966409999997268,
        "total": 0.18818689999920934
    },
    "total": 0.24982729999999265
}