{
    "Agent": {
        "total": 0.029958100000015975
    },
    "Env": {
        "apply_act": 0.3190705000009473,
        "observation_computation": 0.23465689999997608,
        "powerflow_computation": 0.29092580000099133,
        "total": 0.8446532000019147
    },
    "total": 1.0948970000000031
}